ligand,receptor,combo,mean_score,median_score,max_score,sum_score,sd_score,ligand_mean_expr,receptor_mean_expr
COL1A1__Stroma,CD74__Malignant,COL1A1__Stroma|CD74__Malignant,25.76682836987357,6.721137322677279,410.08506719435576,50064.94752266434,37.13143390752041,5.237722766420791,15.490595249308564
COL1A1__Stroma,CD74__Macrophage,COL1A1__Stroma|CD74__Macrophage,17.476511065768175,0,353.4477473131448,33956.86100078757,51.57307694307675,5.237722766420791,9.72582635166531
COL1A1__Stroma,BAMBI__Malignant,COL1A1__Stroma|BAMBI__Malignant,11.997129026316461,2.1594712469007797,129.69012468281258,23310.421698132886,17.955254226720985,5.237722766420791,8.88075762492193
COL1A1__Stroma,CD63__Malignant,COL1A1__Stroma|CD63__Malignant,10.871954833668104,5.8362379674385645,87.69208022819824,21124.208241817127,14.068682934256342,5.237722766420791,6.629101709661513
COL1A1__Stroma,CD81__Malignant,COL1A1__Stroma|CD81__Malignant,10.244606349728137,5.532785355372791,86.22766146557909,19905.27013752177,13.017827110822605,5.237722766420791,6.300005025529065
MDK__Malignant,CD74__Macrophage,MDK__Malignant|CD74__Macrophage,8.761730703350622,0,264.28454306251416,17024.04275661026,27.14062890120009,2.4788277005539365,9.72582635166531
COL1A1__Stroma,CD9__Malignant,COL1A1__Stroma|CD9__Malignant,8.365550710759639,4.485353408916738,65.50590532163586,16254.265031005976,10.317127019973535,5.237722766420791,5.406350750027007
COL1A1__Stroma,ENO1__Malignant,COL1A1__Stroma|ENO1__Malignant,6.512583553002843,1.6937049542898905,76.33798655648454,12653.949843484525,10.245447296354731,5.237722766420791,3.7224766847350357
COL1A1__Stroma,GFRA1__Malignant,COL1A1__Stroma|GFRA1__Malignant,5.7017732332917825,0,67.90323277278561,11078.545392285932,10.601713519813067,5.237722766420791,3.031979008876576
COL1A1__Stroma,CD151__Malignant,COL1A1__Stroma|CD151__Malignant,5.604229523898467,1.3105223623718407,43.16374025502078,10889.017964934721,8.09117957491829,5.237722766420791,3.3087370689838584
COL1A1__Stroma,IL6ST__Malignant,COL1A1__Stroma|IL6ST__Malignant,4.148185279012646,0,38.49823419390416,8059.92399712157,5.4491605867321,5.237722766420791,3.0822598068550318
COL1A1__Stroma,ERBB2__Malignant,COL1A1__Stroma|ERBB2__Malignant,4.089240843522193,1.269021302960951,36.05735759555412,7945.394958963621,5.325933943493547,5.237722766420791,2.6920046126759245
COL1A1__Stroma,CDH1__Malignant,COL1A1__Stroma|CDH1__Malignant,3.941460940436012,0.7849976319075788,40.558356719800734,7658.258607267171,5.340753710754366,5.237722766420791,2.6343324248695374
COL1A1__Stroma,SDC4__Malignant,COL1A1__Stroma|SDC4__Malignant,3.8653630537706194,1.1021122478340706,30.545575951242526,7510.400413476314,5.02110367862191,5.237722766420791,2.5159964237727026
COL1A1__Stroma,SDC1__Malignant,COL1A1__Stroma|SDC1__Malignant,3.748765988781826,0,54.817643578928184,7283.852316203088,6.151660225649046,5.237722766420791,2.138768692077997
COL6A3__Stroma,CD74__Malignant,COL6A3__Stroma|CD74__Malignant,3.6471836151009187,0.9825912337978073,60.14511646587689,7086.477764141085,5.191232589938291,0.7635988755172406,15.490595249308564
COL1A1__Stroma,LAMP1__Malignant,COL1A1__Stroma|LAMP1__Malignant,3.380057937911738,0.9494226603622542,34.93991095930134,6567.452573362506,4.552017141367315,5.237722766420791,2.1836714469895835
COL9A2__Malignant,CD74__Macrophage,COL9A2__Malignant|CD74__Macrophage,3.369340042439546,0,86.48395530998899,6546.627702460038,10.075915598734275,0.978525938559893,9.72582635166531
COL1A1__Stroma,FLOT1__Malignant,COL1A1__Stroma|FLOT1__Malignant,3.136116730204927,0.8604960331173305,26.424994205814148,6093.474806788173,4.095957885352172,5.237722766420791,2.0956379384472172
COL1A1__Stroma,PLXNB2__Malignant,COL1A1__Stroma|PLXNB2__Malignant,3.10196749399494,0,34.35885716186765,6027.122840832169,4.506261421982386,5.237722766420791,1.9270096496730231
SERPING1__Macrophage,CD74__Malignant,SERPING1__Macrophage|CD74__Malignant,2.974081745964598,0.6933526688761776,47.50168874568166,5778.6408324092145,4.728446467135648,0.51007968409777,15.490595249308564
COL1A1__Stroma,CD99__Malignant,COL1A1__Stroma|CD99__Malignant,2.8126761967888347,0,40.43265809202475,5465.0298503607055,4.339114715322874,5.237722766420791,1.6885594579570298
COL1A1__Stroma,TYROBP__Macrophage,COL1A1__Stroma|TYROBP__Macrophage,2.614795224671768,0,71.21124448195258,5080.547121537245,7.743697666279573,5.237722766420791,1.481490261432842
COL1A1__Stroma,CD55__Malignant,COL1A1__Stroma|CD55__Malignant,2.5830965216156607,0,27.95932625361081,5018.9565414992285,3.7283720166106535,5.237722766420791,1.6377735679933618
COL1A1__Stroma,PTPRF__Malignant,COL1A1__Stroma|PTPRF__Malignant,2.5556534711428087,0,33.723531003468445,4965.634694430477,3.987642264696222,5.237722766420791,1.546105650020893
COL1A1__Stroma,ATP6AP2__Malignant,COL1A1__Stroma|ATP6AP2__Malignant,2.5504470821472176,0,18.195376386224552,4955.518680612044,3.444967739003334,5.237722766420791,1.7326990345240978
COL1A1__Stroma,ERBB3__Malignant,COL1A1__Stroma|ERBB3__Malignant,2.5446326982227854,0,23.63687699368941,4944.221332646872,3.792830515017338,5.237722766420791,1.5674687034496217
COL6A3__Stroma,CD74__Macrophage,COL6A3__Stroma|CD74__Macrophage,2.511714225787039,0,53.95707315909551,4880.260740704216,7.381068238087084,0.7635988755172406,9.72582635166531
COL1A1__Stroma,DAG1__Malignant,COL1A1__Stroma|DAG1__Malignant,2.4404177737774493,0,28.188188214325034,4741.731734449584,3.3967290487132478,5.237722766420791,1.5639052434775542
COL1A1__Stroma,APLP2__Malignant,COL1A1__Stroma|APLP2__Malignant,2.374289494320345,0,19.885855026286965,4613.244487464431,3.3720632408871904,5.237722766420791,1.504709795908961
THY1__Stroma,CD74__Malignant,THY1__Stroma|CD74__Malignant,2.2785520001124238,0.6797895446435054,34.65628266976587,4427.22653621844,3.1961396594867733,0.45897216136018176,15.490595249308564
COL1A1__Stroma,ITGB1__Malignant,COL1A1__Stroma|ITGB1__Malignant,2.2568780229103376,0,25.156379808691785,4385.113998514786,3.1114099160177395,5.237722766420791,1.4501081159741187
COL1A1__Stroma,APP__Malignant,COL1A1__Stroma|APP__Malignant,2.184162515393247,0,28.292556930023387,4243.827767409079,3.2359245463675093,5.237722766420791,1.4289138225487616
MMP9__Stroma,CD74__Malignant,MMP9__Stroma|CD74__Malignant,2.0214247064763717,0.6559436884912346,28.7538131742766,3927.6282046835904,2.940396738067818,0.41756978849036436,15.490595249308564
COL1A1__Stroma,RAMP1__Malignant,COL1A1__Stroma|RAMP1__Malignant,1.9574457943803507,0,21.762099689254374,3803.317178481021,3.2649708678137577,5.237722766420791,1.2193225078028083
COL1A1__Stroma,CD74__Endothelial,COL1A1__Stroma|CD74__Endothelial,1.9465273877923666,0,140.58548856246685,3782.1027144805685,10.08098352872093,5.237722766420791,1.3838703192911708
COL1A1__Stroma,CD81__Macrophage,COL1A1__Stroma|CD81__Macrophage,1.9456512736434637,0,47.04746464758918,3780.40042468925,5.981640572431648,5.237722766420791,1.0784718234125414
COL1A1__Stroma,AMFR__Malignant,COL1A1__Stroma|AMFR__Malignant,1.9232195508126912,0,18.227207307148447,3736.8155872290595,2.852813934903337,5.237722766420791,1.3603338857474554
COL1A1__Stroma,CD74__Bcell,COL1A1__Stroma|CD74__Bcell,1.7320780895355423,0,141.19673447497868,3365.427727967559,10.598231485950606,5.237722766420791,1.2132883299562962
COL6A3__Stroma,BAMBI__Malignant,COL6A3__Stroma|BAMBI__Malignant,1.7314787070906537,0.30058024244003295,18.417379371373674,3364.26312787714,2.589600269054691,0.7635988755172406,8.88075762492193
COL4A1__Stroma,CD74__Malignant,COL4A1__Stroma|CD74__Malignant,1.6475122029340228,0.5101422783657599,24.67837032614235,3201.1162103008064,2.318023151576498,0.32799611785313787,15.490595249308564
THY1__Stroma,CD74__Macrophage,THY1__Stroma|CD74__Macrophage,1.629091915328775,0,31.44619713306542,3165.3255914838096,4.759253823968712,0.45897216136018176,9.72582635166531
COL4A2__Stroma,CD74__Malignant,COL4A2__Stroma|CD74__Malignant,1.5720265224922914,0.4833760428045617,24.294143568222992,3054.4475332025218,2.2158172867791337,0.3113495933476895,15.490595249308564
COL6A3__Stroma,CD63__Malignant,COL6A3__Stroma|CD63__Malignant,1.5401851349427242,0.8521792589820983,11.223508043653244,2992.579717193713,1.9539814153441772,0.7635988755172406,6.629101709661513
SEMA3C__Malignant,CD74__Macrophage,SEMA3C__Malignant|CD74__Macrophage,1.5101464696861193,0,35.449801082747385,2934.21459060013,4.377477058823072,0.5410702603549594,9.72582635166531
COL1A1__Stroma,PRLR__Malignant,COL1A1__Stroma|PRLR__Malignant,1.4647947856680985,0,18.677201668480198,2846.0962685531154,2.3077460811218287,5.237722766420791,1.0867500600279012
COL6A3__Stroma,CD81__Malignant,COL6A3__Stroma|CD81__Malignant,1.4519468943816563,0.8158495120414931,11.036080447925533,2821.1328157835583,1.8083528360012742,0.7635988755172406,6.300005025529065
SERPING1__Macrophage,BAMBI__Malignant,SERPING1__Macrophage|BAMBI__Malignant,1.4291082249856428,0.1951252429806025,17.499214998705984,2776.7572811471036,2.245080624109003,0.51007968409777,8.88075762492193
VWF__Endothelial,CD74__Malignant,VWF__Endothelial|CD74__Malignant,1.4220994863135703,0.48085604094461293,12.998799155460468,2763.139301907267,1.9584921915824882,0.31127046622292953,15.490595249308564
COL1A1__Stroma,CD44__Malignant,COL1A1__Stroma|CD44__Malignant,1.3634755664625366,0,13.321623585616392,2649.2330256367086,2.2300178300719624,5.237722766420791,0.9919777787887728
COL1A1__Stroma,ALCAM__Malignant,COL1A1__Stroma|ALCAM__Malignant,1.3472481389092763,0,18.77467915241047,2617.7031339007235,2.2983062449744645,5.237722766420791,0.9551546679616035
MDK__Malignant,TYROBP__Macrophage,MDK__Malignant|TYROBP__Macrophage,1.3092993109141802,0,45.58797212762695,2543.9685611062523,3.9955088833627754,2.4788277005539365,1.481490261432842
MMP9__Stroma,BAMBI__Malignant,MMP9__Stroma|BAMBI__Malignant,1.280613262687512,0.14224006348503523,41.47181804995959,2488.2315694018357,2.8763391546286416,0.41756978849036436,8.88075762492193
LGALS9__Macrophage,CD74__Malignant,LGALS9__Macrophage|CD74__Malignant,1.2705008323666978,0.29219627939433085,20.159466869933297,2468.5831172884937,2.0310471255905465,0.21626567559697818,15.490595249308564
MMP9__Stroma,CD74__Macrophage,MMP9__Stroma|CD74__Macrophage,1.2084649496517406,0,24.380060118457045,2348.047397173332,3.455665038880815,0.41756978849036436,9.72582635166531
COL6A3__Stroma,CD9__Malignant,COL6A3__Stroma|CD9__Malignant,1.1905690764686827,0.6535506910634246,9.281004339918118,2313.2757155786508,1.4503500753096017,0.7635988755172406,5.406350750027007
SERPING1__Macrophage,CD63__Malignant,SERPING1__Macrophage|CD63__Malignant,1.1713105949370208,0.6484479468815955,9.61157336088424,2275.8564859626313,1.4841805631017102,0.51007968409777,6.629101709661513
COL1A1__Stroma,NPTN__Malignant,COL1A1__Stroma|NPTN__Malignant,1.1511970155055289,0,15.295390959015165,2236.7758011272426,1.9130856641357594,5.237722766420791,0.7683042186134074
THY1__Stroma,BAMBI__Malignant,THY1__Stroma|BAMBI__Malignant,1.1506031440989077,0.18171389189966652,13.087246280524067,2235.621908984178,1.7942847278458192,0.45897216136018176,8.88075762492193
COL4A1__Stroma,CD74__Macrophage,COL4A1__Stroma|CD74__Macrophage,1.141305506328883,0,22.25220997734394,2217.55659879702,3.3345709404781108,0.32799611785313787,9.72582635166531
SERPING1__Macrophage,CD81__Malignant,SERPING1__Macrophage|CD81__Malignant,1.1309549380238404,0.5828225574262265,10.54867143559148,2197.445444580322,1.459985166075593,0.51007968409777,6.300005025529065
VWF__Endothelial,CD74__Macrophage,VWF__Endothelial|CD74__Macrophage,1.1267263043352869,0,24.839120862544746,2189.2292093234623,3.1940853812399403,0.31127046622292953,9.72582635166531
COL4A2__Stroma,CD74__Macrophage,COL4A2__Stroma|CD74__Macrophage,1.1206007118944696,0,23.43284127400535,2177.3271832109544,3.3177304788964017,0.3113495933476895,9.72582635166531
COL1A1__Stroma,CD74__Tcell,COL1A1__Stroma|CD74__Tcell,1.0794263187547009,0,209.037701143108,2097.3253373403836,8.223474676189676,5.237722766420791,0.7355650099637262
MDK__Malignant,CD74__Endothelial,MDK__Malignant|CD74__Endothelial,1.0030056813841743,0,85.13300154295095,1948.8400389294507,5.381740079147135,2.4788277005539365,1.3838703192911708
MDK__Malignant,CD81__Macrophage,MDK__Malignant|CD81__Macrophage,0.9695278785677379,0,32.80045888170917,1883.7926680571147,3.0750965213405768,2.4788277005539365,1.0784718234125414
THY1__Stroma,CD63__Malignant,THY1__Stroma|CD63__Malignant,0.9538632681168185,0.597915307312787,6.309297508876702,1853.3563299509783,1.1566498466163009,0.45897216136018176,6.629101709661513
CXCL12__Macrophage,CD74__Malignant,CXCL12__Macrophage|CD74__Malignant,0.9486775922039086,0.23887755462698967,14.798907193511296,1843.2805616521944,1.4518098737076046,0.1685874206065707,15.490595249308564
MDK__Malignant,CD81__Stroma,MDK__Malignant|CD81__Stroma,0.9435513969164399,0,22.439087479048457,1833.3203642086426,2.5785193595757807,2.4788277005539365,1.1506572560566608
SERPING1__Macrophage,CD9__Malignant,SERPING1__Macrophage|CD9__Malignant,0.9295482846139221,0.49029320014614425,7.45681612785846,1806.1123170048509,1.1730618996592699,0.51007968409777,5.406350750027007
COL6A3__Stroma,ENO1__Malignant,COL6A3__Stroma|ENO1__Malignant,0.9204035902847442,0.26119787687547313,10.846197596914426,1788.3441759232578,1.4271231177976036,0.7635988755172406,3.7224766847350357
COL4A1__Stroma,BAMBI__Malignant,COL4A1__Stroma|BAMBI__Malignant,0.9068459362409172,0.12151472842790352,19.271527467984743,1762.0016541161024,1.663682279831945,0.32799611785313787,8.88075762492193
THY1__Stroma,CD81__Malignant,THY1__Stroma|CD81__Malignant,0.9033680829823115,0.5298649909814646,6.203935044821774,1755.2441852346312,1.0841067942354177,0.45897216136018176,6.300005025529065
VWF__Endothelial,BAMBI__Malignant,VWF__Endothelial|BAMBI__Malignant,0.8875347256364873,0.08539995044519111,10.85191414835869,1724.4799719116947,1.5082740876237783,0.31127046622292953,8.88075762492193
MMP9__Stroma,CD63__Malignant,MMP9__Stroma|CD63__Malignant,0.8847907535834133,0.493628511396474,18.343303433788524,1719.148434212572,1.2441580843691515,0.41756978849036436,6.629101709661513
MDK__Malignant,CD74__Bcell,MDK__Malignant|CD74__Bcell,0.8669073610643958,0,58.961392251708645,1684.4010025481211,5.094811982980131,2.4788277005539365,1.2132883299562962
MMP9__Stroma,CD81__Malignant,MMP9__Stroma|CD81__Malignant,0.8280334941518728,0.4424259700723874,13.284963484197524,1608.8690791370886,1.1112476126046558,0.41756978849036436,6.300005025529065
COL4A2__Stroma,BAMBI__Malignant,COL4A2__Stroma|BAMBI__Malignant,0.8202047881118434,0.12184321572093838,12.654124265051731,1593.6579033013118,1.3741850698679774,0.3113495933476895,8.88075762492193
COL6A3__Stroma,GFRA1__Malignant,COL6A3__Stroma|GFRA1__Malignant,0.7987352592684663,0,9.35281391485942,1551.94260875863,1.4630929946892528,0.7635988755172406,3.031979008876576
GAS6__Macrophage,CD74__Malignant,GAS6__Macrophage|CD74__Malignant,0.7972876158658196,0.18836712778646958,12.904414139824414,1549.1298376272875,1.2635438443646796,0.1370780960112151,15.490595249308564
COL6A3__Stroma,CD151__Malignant,COL6A3__Stroma|CD151__Malignant,0.792027671432487,0.1936939433182659,6.204007538152829,1538.9097655933222,1.123031585399257,0.7635988755172406,3.3087370689838584
THY1__Stroma,CD9__Malignant,THY1__Stroma|CD9__Malignant,0.7490935535200942,0.4246534888122558,5.340758991124072,1455.488774489543,0.8966980272126227,0.45897216136018176,5.406350750027007
MMP9__Stroma,CD9__Malignant,MMP9__Stroma|CD9__Malignant,0.7231574067925278,0.3506434422772391,13.270339713146083,1405.0948413978815,1.1176822463739542,0.41756978849036436,5.406350750027007
COL4A1__Stroma,CD63__Malignant,COL4A1__Stroma|CD63__Malignant,0.6969441993810785,0.42375039877523446,5.6390468802785865,1354.1625793974356,0.8591322444120386,0.32799611785313787,6.629101709661513
PVR__Malignant,CD74__Macrophage,PVR__Malignant|CD74__Macrophage,0.6892813014841233,0,18.348564683314798,1339.2735687836514,2.060769854010976,0.20899106977704993,9.72582635166531
COL4A2__Stroma,CD63__Malignant,COL4A2__Stroma|CD63__Malignant,0.6622318449867345,0.39015811608019507,4.571746892267123,1286.7164748092252,0.8154480798716108,0.3113495933476895,6.629101709661513
COL4A1__Stroma,CD81__Malignant,COL4A1__Stroma|CD81__Malignant,0.6587902098927098,0.3748715459103774,5.579995998909392,1280.029377821535,0.8036741873170458,0.32799611785313787,6.300005025529065
SERPING1__Macrophage,ENO1__Malignant,SERPING1__Macrophage|ENO1__Malignant,0.6502487951854298,0.2040128694604763,4.550614467167006,1263.4334090452899,0.8549595692996836,0.51007968409777,3.7224766847350357
HLA-F__Tcell,CD74__Malignant,HLA-F__Tcell|CD74__Malignant,0.6410588225843189,0.19201812250230446,11.19843466953565,1245.5772922813317,0.9385148082254368,0.12414956750703407,15.490595249308564
COL4A2__Stroma,CD81__Malignant,COL4A2__Stroma|CD81__Malignant,0.6254134031241574,0.35123503373236215,4.036131967214764,1215.1782422702377,0.7590130698563263,0.3113495933476895,6.300005025529065
LGALS9__Macrophage,BAMBI__Malignant,LGALS9__Macrophage|BAMBI__Malignant,0.6070529695784375,0.08235065674138808,7.274206062225944,1179.503919890904,0.9493482385259414,0.21626567559697818,8.88075762492193
VWF__Endothelial,CD63__Malignant,VWF__Endothelial|CD63__Malignant,0.6019287127444565,0.4089736211307827,6.058301602215804,1169.547488862479,0.7525641345599391,0.31127046622292953,6.629101709661513
COL6A3__Stroma,IL6ST__Malignant,COL6A3__Stroma|IL6ST__Malignant,0.5981574445781396,0,5.29373281293851,1162.2199148153252,0.7892247095158477,0.7635988755172406,3.0822598068550318
SERPING1__Macrophage,GFRA1__Malignant,SERPING1__Macrophage|GFRA1__Malignant,0.5885785791699313,0,8.25788623189241,1143.6081793271765,1.090424380303547,0.51007968409777,3.031979008876576
SERPING1__Macrophage,CD151__Malignant,SERPING1__Macrophage|CD151__Malignant,0.5863264192218914,0.1673411144377351,4.408459435923367,1139.232232548135,0.8107138510424832,0.51007968409777,3.3087370689838584
COL6A3__Stroma,ERBB2__Malignant,COL6A3__Stroma|ERBB2__Malignant,0.582772589759605,0.18102279250368852,5.3036692384154565,1132.3271419029124,0.75262742953474,0.7635988755172406,2.6920046126759245
VWF__Endothelial,CD81__Malignant,VWF__Endothelial|CD81__Malignant,0.5759006559648447,0.34897371684741024,4.616226449412482,1118.9749745396932,0.7087684026372744,0.31127046622292953,6.300005025529065
COL6A3__Stroma,CDH1__Malignant,COL6A3__Stroma|CDH1__Malignant,0.562209607490041,0.11971392060771809,5.157992812557131,1092.3732673531497,0.7513475646592349,0.7635988755172406,2.6343324248695374
MDK__Malignant,CD74__Tcell,MDK__Malignant|CD74__Tcell,0.5581182927930242,0,104.126882043079,1084.4238428968458,4.15455149678663,2.4788277005539365,0.7355650099637262
THY1__Stroma,ENO1__Malignant,THY1__Stroma|ENO1__Malignant,0.5572225008446353,0.16766530817361325,5.2617560091506865,1082.6833191411263,0.7907270164175407,0.45897216136018176,3.7224766847350357
COL4A1__Stroma,CD9__Malignant,COL4A1__Stroma|CD9__Malignant,0.5550981864338074,0.30080976423392153,6.019234152986447,1078.5557762408878,0.7053009216307174,0.32799611785313787,5.406350750027007
COL6A3__Stroma,SDC4__Malignant,COL6A3__Stroma|SDC4__Malignant,0.5514031484419613,0.16004758829698257,3.8320375724501696,1071.3763174227308,0.7100716873394164,0.7635988755172406,2.5159964237727026
COL6A3__Stroma,SDC1__Malignant,COL6A3__Stroma|SDC1__Malignant,0.5274175976409156,0,6.9958995904886345,1024.7723922162988,0.8449690072633363,0.7635988755172406,2.138768692077997
MMP9__Stroma,ENO1__Malignant,MMP9__Stroma|ENO1__Malignant,0.5238563275882516,0.14606032823986131,13.23576543707695,1017.852844503973,0.8732230659615193,0.41756978849036436,3.7224766847350357
COL4A2__Stroma,CD9__Malignant,COL4A2__Stroma|CD9__Malignant,0.5223293595677022,0.2870253038941518,3.994887874585106,1014.8859456400453,0.64320130669337094,0.3113495933476895,5.406350750027007
COL9A2__Malignant,TYROBP__Macrophage,COL9A2__Malignant|TYROBP__Macrophage,0.5069575461592565,0,14.918118549317198,985.0185121874354,1.4940207992188064,0.978525938559893,1.481490261432842
LGALS9__Macrophage,CD63__Malignant,LGALS9__Macrophage|CD63__Malignant,0.500405547152319,0.27548803087565565,4.271477823908675,972.2879781169557,0.6357318126506445,0.21626567559697818,6.629101709661513
VWF__Endothelial,CD9__Malignant,VWF__Endothelial|CD9__Malignant,0.4965107263538152,0.253292665308521,4.952198933933247,964.720341305463,0.643197599404698,0.31127046622292953,5.406350750027007
SERPING1__Macrophage,IL6ST__Malignant,SERPING1__Macrophage|IL6ST__Malignant,0.48541895240474253,0,7.304019714273721,943.1690245224148,0.6875065273993908,0.51007968409777,3.0822598068550318
THY1__Stroma,CD151__Malignant,THY1__Stroma|CD151__Malignant,0.4836114841797964,0.1287214024985957,3.2427867013930034,939.6571137613444,0.647967953315901,0.45897216136018176,3.3087370689838584
LGALS9__Macrophage,CD81__Malignant,LGALS9__Macrophage|CD81__Malignant,0.48237924025909723,0.24724267158353888,4.46974484673425,937.262863823426,0.6236726219373975,0.21626567559697818,6.300005025529065
LAMA4__Stroma,CD74__Malignant,LAMA4__Stroma|CD74__Malignant,0.48146601271483486,0.15533601191859306,6.862608341936762,935.4884627049241,0.6652636355965277,0.0967677320684205,15.490595249308564
COL6A3__Stroma,LAMP1__Malignant,COL6A3__Stroma|LAMP1__Malignant,0.48077771210145015,0.14231115126681942,4.600906956157711,934.1510946131177,0.6385704410708702,0.7635988755172406,2.1836714469895835
CXCL12__Macrophage,BAMBI__Malignant,CXCL12__Macrophage|BAMBI__Malignant,0.4741782914658155,0.061657818032039444,5.266669206113995,921.3284203180796,0.7391951977974666,0.1685874206065707,8.88075762492193
THY1__Stroma,GFRA1__Malignant,THY1__Stroma|GFRA1__Malignant,0.4711603368251144,0,5.786491932679535,915.4645344511972,0.8297698416264092,0.45897216136018176,3.031979008876576
HLA-F__Tcell,CD74__Macrophage,HLA-F__Tcell|CD74__Macrophage,0.467020616645629,0,15.797535597438607,907.4210581424571,1.4238098731233195,0.12414956750703407,9.72582635166531
C3__Tcell,CD81__Malignant,C3__Tcell|CD81__Malignant,0.4646575371414335,0.22714306824971883,6.020395894385882,902.8295946658052,0.6415009057216466,0.24350018848503735,6.300005025529065
SERPING1__Macrophage,ERBB2__Malignant,SERPING1__Macrophage|ERBB2__Malignant,0.46279872288484514,0.11503112307898451,4.803759873482687,899.2179185652541,0.6243974286193897,0.51007968409777,2.6920046126759245
COL6A3__Stroma,FLOT1__Malignant,COL6A3__Stroma|FLOT1__Malignant,0.44841651907213126,0.13031268781154415,3.7445998962716316,871.2732965571511,0.5825565132399388,0.7635988755172406,2.0956379384472172
COL6A3__Stroma,PLXNB2__Malignant,COL6A3__Stroma|PLXNB2__Malignant,0.4411995195143454,0,4.81633085137343,857.2506664163731,0.6326373231253922,0.7635988755172406,1.9270096496730231
SERPING1__Macrophage,CDH1__Malignant,SERPING1__Macrophage|CDH1__Malignant,0.4358556076660452,0.08939903191852465,6.237425537541145,846.8674456951258,0.6070462771854429,0.51007968409777,2.6343324248695374
MMP9__Stroma,CD151__Malignant,MMP9__Stroma|CD151__Malignant,0.4345680164987268,0.10804337832682312,5.889834109318765,844.3656560570262,0.6243600865589776,0.41756978849036436,3.3087370689838584
SERPING1__Macrophage,SDC4__Malignant,SERPING1__Macrophage|SDC4__Malignant,0.4309055609479243,0.12249849021605067,3.748759866650336,837.249504921817,0.5760899830345296,0.51007968409777,2.5159964237727026
CDH3__Malignant,CD74__Macrophage,CDH3__Malignant|CD74__Macrophage,0.43023902861937674,0,11.547192496933162,835.954432607449,1.2796505273340757,0.12751020310330502,9.72582635166531
COL9A2__Malignant,CD74__Endothelial,COL9A2__Malignant|CD74__Endothelial,0.4175546185240859,0,32.057113591827836,811.3086237922988,2.1705455018978537,0.978525938559893,1.3838703192911708
COL4A1__Stroma,ENO1__Malignant,COL4A1__Stroma|ENO1__Malignant,0.40644770823749143,0.11610275520734446,4.039932401778278,789.7278971054459,0.5779550083989671,0.32799611785313787,3.7224766847350357
COL6A3__Stroma,CD99__Malignant,COL6A3__Stroma|CD99__Malignant,0.39792056587512065,0,5.656930951666261,773.1596594953594,0.6039232687673985,0.7635988755172406,1.6885594579570298
LGALS9__Macrophage,CD9__Malignant,LGALS9__Macrophage|CD9__Malignant,0.39550029066137476,0.1998714360130644,3.012737316572887,768.4570647550512,0.4964593687898896,0.21626567559697818,5.406350750027007
THY1__Stroma,IL6ST__Malignant,THY1__Stroma|IL6ST__Malignant,0.39035780143934434,0,3.5710078083068053,758.465208196646,0.5320854338374088,0.45897216136018176,3.0822598068550318
MMP9__Stroma,IL6ST__Malignant,MMP9__Stroma|IL6ST__Malignant,0.3902765836987415,0,10.367952926506089,758.3074021266548,0.6869089568609624,0.41756978849036436,3.0822598068550318
GAS6__Macrophage,BAMBI__Malignant,GAS6__Macrophage|BAMBI__Malignant,0.387687643028822,0.05152209779373413,4.613799830002843,753.2770904050012,0.6079414396286331,0.1370780960112151,8.88075762492193
COL4A2__Stroma,ENO1__Malignant,COL4A2__Stroma|ENO1__Malignant,0.3874540850153233,0.10756839632640212,3.8794109428923047,752.8232871847731,0.5552548972033343,0.3113495933476895,3.7224766847350357
SERPING1__Macrophage,SDC1__Malignant,SERPING1__Macrophage|SDC1__Malignant,0.38443368558718577,0,3.837456367623082,746.954651095902,0.5743219555925417,0.51007968409777,2.138768692077997
HLA-F__Tcell,BAMBI__Malignant,HLA-F__Tcell|BAMBI__Malignant,0.381606032120989,0.03692814218044185,5.255718597113284,741.4605204110816,0.6483324231218232,0.12414956750703407,8.88075762492193
CXCL12__Macrophage,CD63__Malignant,CXCL12__Macrophage|CD63__Malignant,0.37694771544839434,0.22357652403743558,2.878257359277603,732.4094111162302,0.4609543190119199,0.1685874206065707,6.629101709661513
MMP9__Stroma,GFRA1__Malignant,MMP9__Stroma|GFRA1__Malignant,0.3768831686018995,0,4.922751370381127,732.2839965934908,0.6404740661373344,0.41756978849036436,3.031979008876576
COL6A3__Stroma,TYROBP__Macrophage,COL6A3__Stroma|TYROBP__Macrophage,0.37686702800166805,0,10.45588494757075,732.252635407241,1.1148277535380693,0.7635988755172406,1.481490261432842
COL9A2__Malignant,CD81__Macrophage,COL9A2__Malignant|CD81__Macrophage,0.3734164398332872,0,10.733557805542443,725.548142596077,1.1488454036865912,0.978525938559893,1.0784718234125414
SERPING1__Macrophage,LAMP1__Malignant,SERPING1__Macrophage|LAMP1__Malignant,0.3714908306011725,0.1007613782657939,3.117285395533714,721.8066838580781,0.4988330675606088,0.51007968409777,2.1836714469895835
COL9A2__Malignant,CD74__Bcell,COL9A2__Malignant|CD74__Bcell,0.37135460358416533,0,26.54967505651438,721.5419947640332,2.1859075843318414,0.978525938559893,1.2132883299562962
THY1__Stroma,ERBB2__Malignant,THY1__Stroma|ERBB2__Malignant,0.3682447603325368,0.1207428298796526,2.9758212066545537,715.499569326119,0.4724824170422179,0.45897216136018176,2.6920046126759245
COL6A3__Stroma,CD55__Malignant,COL6A3__Stroma|CD55__Malignant,0.3678609113116489,0,3.8801953055217546,714.7537506785338,0.5254356996778281,0.7635988755172406,1.6377735679933618
ICOSLG__Malignant,CD74__Macrophage,ICOSLG__Malignant|CD74__Macrophage,0.36693069813400914,0,11.413402630792014,712.9463464743798,1.170052240300085,0.10017840678839164,9.72582635166531
COL6A3__Stroma,ATP6AP2__Malignant,COL6A3__Stroma|ATP6AP2__Malignant,0.36547943335596633,0,2.695910541202311,710.1265390106425,0.49223874398086775,0.7635988755172406,1.7326990345240978
CXCL12__Macrophage,CD81__Malignant,CXCL12__Macrophage|CD81__Malignant,0.3636764283685274,0.2016681564269043,3.040958466222561,706.6233003200488,0.45264038974264037,0.1685874206065707,6.300005025529065
COL6A3__Stroma,PTPRF__Malignant,COL6A3__Stroma|PTPRF__Malignant,0.36191506159952314,0,4.303841269596007,703.2009646878735,0.5540173495028433,0.7635988755172406,1.546105650020893
COL6A3__Stroma,ERBB3__Malignant,COL6A3__Stroma|ERBB3__Malignant,0.3611638108624608,0,3.46776682985943,701.7412845057613,0.532032954447776,0.7635988755172406,1.5674687034496217
THY1__Stroma,CDH1__Malignant,THY1__Stroma|CDH1__Malignant,0.3559201533008391,0.07943715391733902,3.041415933391589,691.5528578635303,0.4701002745120686,0.45897216136018176,2.6343324248695374
SERPING1__Macrophage,FLOT1__Malignant,SERPING1__Macrophage|FLOT1__Malignant,0.35319152578052526,0.09231401710975412,3.1690128875825354,686.2511345915606,0.4731218018834474,0.51007968409777,2.0956379384472172
COL4A1__Stroma,CD151__Malignant,COL4A1__Stroma|CD151__Malignant,0.34867280071196416,0.09496250461310347,2.845625447730816,677.4712517833464,0.46490550236346667,0.32799611785313787,3.3087370689838584
THY1__Stroma,SDC4__Malignant,THY1__Stroma|SDC4__Malignant,0.34809620650544937,0.10826862667592657,2.3889736788920204,676.3509292400881,0.4466687927050712,0.45897216136018176,2.5159964237727026
COL6A3__Stroma,DAG1__Malignant,COL6A3__Stroma|DAG1__Malignant,0.3480158094285717,0,3.911956768495532,676.1947177197148,0.4807613155251546,0.7635988755172406,1.5639052434775542
MMP9__Stroma,ERBB2__Malignant,MMP9__Stroma|ERBB2__Malignant,0.3477212539415333,0.10711707547546119,5.174177566479778,675.6223964083991,0.5148935497587054,0.41756978849036436,2.6920046126759245
COL9A2__Malignant,CD81__Stroma,COL9A2__Malignant|CD81__Stroma,0.3425578433559024,0,7.353349318899118,665.5898896405183,0.908683999001601,0.978525938559893,1.1506572560566608
MMP9__Stroma,CDH1__Malignant,MMP9__Stroma|CDH1__Malignant,0.34247637601054887,0.06562587667046307,5.433778221399859,665.4315985884965,0.5376983559849754,0.41756978849036436,2.6343324248695374
COL6A3__Stroma,APLP2__Malignant,COL6A3__Stroma|APLP2__Malignant,0.33754713938029807,0,2.9925518858989304,655.8540918159191,0.4744651229463253,0.7635988755172406,1.504709795908961
MMP9__Stroma,SDC4__Malignant,MMP9__Stroma|SDC4__Malignant,0.3353069033177543,0.08710686300493593,8.956265461631261,651.5013131463967,0.5615982955866778,0.41756978849036436,2.5159964237727026
LAMA4__Stroma,CD74__Macrophage,LAMA4__Stroma|CD74__Macrophage,0.33523626778136284,0,6.734123662663186,651.364068299188,0.9735054179384733,0.0967677320684205,9.72582635166531
COL4A2__Stroma,CD151__Malignant,COL4A2__Stroma|CD151__Malignant,0.33297492472745893,0.09050522694685806,2.097365333879077,646.9702787454528,0.4464614253957266,0.3113495933476895,3.3087370689838584
SERPING1__Macrophage,PLXNB2__Malignant,SERPING1__Macrophage|PLXNB2__Malignant,0.3300576521632332,0,2.959064489091824,641.3020181531621,0.4610811726145074,0.51007968409777,1.9270096496730231
VWF__Endothelial,ENO1__Malignant,VWF__Endothelial|ENO1__Malignant,0.3299495114897449,0.130393200844744,3.239174468113949,641.0919008245744,0.43420085825034926,0.31127046622292953,3.7224766847350357
COL4A1__Stroma,GFRA1__Malignant,COL4A1__Stroma|GFRA1__Malignant,0.32741673484482725,0,4.335863924841658,636.1707158034993,0.569828906442702,0.32799611785313787,3.031979008876576
COL6A3__Stroma,ITGB1__Malignant,COL6A3__Stroma|ITGB1__Malignant,0.3215379595760963,0,3.184200665525818,624.7482554563551,0.43882279932398227,0.7635988755172406,1.4501081159741187
COL4A2__Stroma,GFRA1__Malignant,COL4A2__Stroma|GFRA1__Malignant,0.32104308377011215,0,4.624709411803868,623.7867117653279,0.5697408379369704,0.3113495933476895,3.031979008876576
THY1__Stroma,SDC1__Malignant,THY1__Stroma|SDC1__Malignant,0.3195288888011373,0,3.806123495389677,620.8446309406097,0.48080689935546017,0.45897216136018176,2.138768692077997
GAS6__Macrophage,CD63__Malignant,GAS6__Macrophage|CD63__Malignant,0.3154792110818801,0.17535019824024187,2.6706478160354297,612.976107132093,0.3999455973915171,0.1370780960112151,6.629101709661513
LAMA3__Malignant,CD74__Macrophage,LAMA3__Malignant|CD74__Macrophage,0.31421382761682726,0,8.154246069141518,610.5174670594954,0.9219720007749577,0.0980495478143499,9.72582635166531
COL6A3__Stroma,APP__Malignant,COL6A3__Stroma|APP__Malignant,0.31179396047670194,0,3.610733233281697,605.8156652062319,0.4579840967410056,0.7635988755172406,1.4289138225487616
SERPING1__Macrophage,CD99__Malignant,SERPING1__Macrophage|CD99__Malignant,0.3105040536683311,0,4.149343979433597,603.3093762775674,0.4918875689680426,0.51007968409777,1.6885594579570298
GAS6__Macrophage,CD81__Malignant,GAS6__Macrophage|CD81__Malignant,0.3044185399828666,0.15689968289772255,2.9127024133350434,591.4852231867098,0.393108620823593,0.1370780960112151,6.300005025529065
THY1__Stroma,LAMP1__Malignant,THY1__Stroma|LAMP1__Malignant,0.3027415641727978,0.09216019080664874,2.4172352247436666,588.2268591877462,0.39506412112587536,0.45897216136018176,2.1836714469895835
MMP9__Stroma,LAMP1__Malignant,MMP9__Stroma|LAMP1__Malignant,0.30193193881702973,0.0708660670588775,8.772883154833528,586.6537571214889,0.5431280523831,0.41756978849036436,2.1836714469895835
CXCL12__Macrophage,CD9__Malignant,CXCL12__Macrophage|CD9__Malignant,0.3013933671807569,0.1666973373699758,2.2463315043773973,585.6073124322106,0.37220125858725067,0.1685874206065707,5.406350750027007
VWF__Endothelial,IL6ST__Malignant,VWF__Endothelial|IL6ST__Malignant,0.2945519570899506,0,3.154398376051226,572.3144526257739,0.4644815366500462,0.31127046622292953,3.0822598068550318
SERPING1__Macrophage,ATP6AP2__Malignant,SERPING1__Macrophage|ATP6AP2__Malignant,0.2925849517994715,0,2.7910762356919854,568.4925613463731,0.4175730781371229,0.51007968409777,1.7326990345240978
COL4A1__Stroma,IL6ST__Malignant,COL4A1__Stroma|IL6ST__Malignant,0.2907224890632506,0,3.1872870018273636,564.8737962498959,0.41411394119192935,0.32799611785313787,3.0822598068550318
VWF__Endothelial,CD151__Malignant,VWF__Endothelial|CD151__Malignant,0.2902048049422509,0.09848770782409721,2.686446034547175,563.8679360027936,0.3746780820071196,0.31127046622292953,3.3087370689838584
THY1__Stroma,FLOT1__Malignant,THY1__Stroma|FLOT1__Malignant,0.2873446096223409,0.08578831429735756,2.0385467687257557,558.3105764962083,0.37748829722894073,0.45897216136018176,2.0956379384472172
COL6A3__Stroma,CD74__Endothelial,COL6A3__Stroma|CD74__Endothelial,0.28646396872578883,0,18.606764301251854,556.5994912342077,1.457029751918762,0.7635988755172406,1.3838703192911708
SERPING1__Macrophage,CD74__Endothelial,SERPING1__Macrophage|CD74__Endothelial,0.2859629598202191,0,32.52657291322258,555.6260309306857,1.785995246503412,0.51007968409777,1.3838703192911708
MMP9__Stroma,FLOT1__Malignant,MMP9__Stroma|FLOT1__Malignant,0.28541389753700913,0.07482182690914588,5.582743660699209,554.5592029144087,0.4820121920185664,0.41756978849036436,2.0956379384472172
MMP9__Stroma,SDC1__Malignant,MMP9__Stroma|SDC1__Malignant,0.2813669784513757,0,3.9876743223893145,546.696039131023,0.4263693242460859,0.41756978849036436,2.138768692077997
COL6A3__Stroma,CD81__Macrophage,COL6A3__Stroma|CD81__Macrophage,0.2795790860743012,0,7.047008798952512,543.2221642423673,0.8561746711099444,0.7635988755172406,1.0784718234125414
COL6A3__Stroma,RAMP1__Malignant,COL6A3__Stroma|RAMP1__Malignant,0.27819554019808584,0,3.2447242970272505,540.5339346048808,0.45998049131914054,0.7635988755172406,1.2193225078028083
LGALS9__Macrophage,ENO1__Malignant,LGALS9__Macrophage|ENO1__Malignant,0.2778601476723312,0.08776895761669377,1.966117640086185,539.8822669273395,0.36596092922630524,0.21626567559697818,3.7224766847350357
COL6A3__Stroma,AMFR__Malignant,COL6A3__Stroma|AMFR__Malignant,0.2762450899508536,0,2.756394356776457,536.7442097745086,0.4098941322661886,0.7635988755172406,1.3603338857474554
SERPING1__Macrophage,CD55__Malignant,SERPING1__Macrophage|CD55__Malignant,0.275759766185356,0,2.437675922943241,535.8012256981467,0.3909963559178689,0.51007968409777,1.6377735679933618
SERPING1__Macrophage,ERBB3__Malignant,SERPING1__Macrophage|ERBB3__Malignant,0.2740987653884892,0,3.1270765223150883,532.5739011498346,0.4025729682327446,0.51007968409777,1.5674687034496217
THY1__Stroma,PLXNB2__Malignant,THY1__Stroma|PLXNB2__Malignant,0.2728841659662137,0,2.3452024082214273,530.2139344723532,0.3746173211581355,0.45897216136018176,1.9270096496730231
COL4A1__Stroma,ERBB2__Malignant,COL4A1__Stroma|ERBB2__Malignant,0.2710433211474274,0.08653813777148082,2.1295131937698875,526.6371729894514,0.3566451395452654,0.32799611785313787,2.6920046126759245
COL4A2__Stroma,IL6ST__Malignant,COL4A2__Stroma|IL6ST__Malignant,0.27034399987288216,0,2.4701714956215985,525.27839175301,0.37344716902347275,0.3113495933476895,3.0822598068550318
SERPING1__Macrophage,DAG1__Malignant,SERPING1__Macrophage|DAG1__Malignant,0.27026917516482646,0,2.247200897810893,525.1330073452577,0.3797719935361783,0.51007968409777,1.5639052434775542
SERPING1__Macrophage,PTPRF__Malignant,SERPING1__Macrophage|PTPRF__Malignant,0.26773546831163686,0,2.8322804468545035,520.2100149295104,0.39042712861739326,0.51007968409777,1.546105650020893
LAMA4__Stroma,BAMBI__Malignant,LAMA4__Stroma|BAMBI__Malignant,0.2648915344495397,0.0358767430662594,3.772497995646708,514.6842514354557,0.445103211245176,0.0967677320684205,8.88075762492193
HLA-F__Tcell,CD63__Malignant,HLA-F__Tcell|CD63__Malignant,0.2626321086291407,0.1668015605363016,2.221087144190339,510.2941870664204,0.3222142875326202,0.12414956750703407,6.629101709661513
COL4A1__Stroma,CDH1__Malignant,COL4A1__Stroma|CDH1__Malignant,0.26263182007748614,0.05509641623383044,2.2310860298018746,510.29362641055565,0.3575715679441906,0.32799611785313787,2.6343324248695374
SERPING1__Macrophage,APLP2__Malignant,SERPING1__Macrophage|APLP2__Malignant,0.26017205403490157,0,2.9365922931256487,505.51430098981376,0.3746653039008764,0.51007968409777,1.504709795908961
COL4A1__Stroma,SDC4__Malignant,COL4A1__Stroma|SDC4__Malignant,0.2580379800690032,0.08093439079623238,3.4948917994400652,501.3677952740732,0.35511829835565023,0.32799611785313787,2.5159964237727026
COL4A2__Stroma,ERBB2__Malignant,COL4A2__Stroma|ERBB2__Malignant,0.2554015335305413,0.08129219096278906,1.962497024879631,496.24517964984176,0.33060490702303214,0.3113495933476895,2.6920046126759245
COL6A3__Stroma,CD74__Bcell,COL6A3__Stroma|CD74__Bcell,0.25474686317265466,0,21.800286001763425,494.97315514446797,1.5515380166360218,0.7635988755172406,1.2132883299562962
HLA-F__Tcell,CD81__Malignant,HLA-F__Tcell|CD81__Malignant,0.2542593481546593,0.1341867320448717,2.4217596869766265,494.02591346450293,0.316654483903199,0.12414956750703407,6.300005025529065
LGALS9__Macrophage,GFRA1__Malignant,LGALS9__Macrophage|GFRA1__Malignant,0.2514763958519651,0,3.556339352355057,488.61863714036815,0.46676653410742514,0.21626567559697818,3.031979008876576
MMP9__Stroma,PLXNB2__Malignant,MMP9__Stroma|PLXNB2__Malignant,0.2508478982783032,0,4.749443753930398,487.39746635474313,0.38125806493322184,0.41756978849036436,1.9270096496730231
GAS6__Macrophage,CD9__Malignant,GAS6__Macrophage|CD9__Malignant,0.2507027957710957,0.12849921942635525,1.9552334650593775,487.115532183239,0.3160173428106226,0.1370780960112151,5.406350750027007
LGALS9__Macrophage,CD151__Malignant,LGALS9__Macrophage|CD151__Malignant,0.2505047497054242,0.07174061167617583,1.897016710465969,486.7307286776392,0.3464680806118627,0.21626567559697818,3.3087370689838584
VWF__Endothelial,ERBB2__Malignant,VWF__Endothelial|ERBB2__Malignant,0.24688914896279607,0.06388576074375113,2.2420275188154686,479.7056164347128,0.3421426332737342,0.31127046622292953,2.6920046126759245
VWF__Endothelial,GFRA1__Malignant,VWF__Endothelial|GFRA1__Malignant,0.24688539709135446,0,2.704484395879401,479.6983265485017,0.40293029276846815,0.31127046622292953,3.031979008876576
COL4A2__Stroma,CDH1__Malignant,COL4A2__Stroma|CDH1__Malignant,0.24686815297971706,0.05164947748184753,2.0550646433294326,479.66482123959025,0.32952856895599253,0.3113495933476895,2.6343324248695374
THY1__Stroma,CD99__Malignant,THY1__Stroma|CD99__Malignant,0.2464912338634759,0,3.6411844135006373,478.93246739673367,0.36522852255213284,0.45897216136018176,1.6885594579570298
SERPING1__Macrophage,ITGB1__Malignant,SERPING1__Macrophage|ITGB1__Malignant,0.24630911339092604,0,1.9758010250818694,478.57860731856925,0.33788476768570647,0.51007968409777,1.4501081159741187
THY1__Stroma,TYROBP__Macrophage,THY1__Stroma|TYROBP__Macrophage,0.244705275017274,0,6.5048887043161665,475.46234935856336,0.7169059574697867,0.45897216136018176,1.481490261432842
VWF__Endothelial,CDH1__Malignant,VWF__Endothelial|CDH1__Malignant,0.24407217814228507,0.04809059680508699,2.643484066394526,474.2322421304599,0.358588679987406,0.31127046622292953,2.6343324248695374
COL4A2__Stroma,SDC4__Malignant,COL4A2__Stroma|SDC4__Malignant,0.24211486078497968,0.07709605575131709,2.4512729896202936,470.42917450521554,0.31870623227191697,0.3113495933476895,2.5159964237727026
SERPING1__Macrophage,APP__Malignant,SERPING1__Macrophage|APP__Malignant,0.23907468435491191,0,2.138691285562192,464.5221117015939,0.35395140095371186,0.51007968409777,1.4289138225487616
THY1__Stroma,ATP6AP2__Malignant,THY1__Stroma|ATP6AP2__Malignant,0.23443601174330544,0,2.0779750434150914,455.5091708172425,0.31962736123319047,0.45897216136018176,1.7326990345240978
COL9A2__Malignant,CD74__Tcell,COL9A2__Malignant|CD74__Tcell,0.23442993525767022,0,38.531225429482475,455.49736420565324,1.701750100051572,0.978525938559893,0.7355650099637262
VWF__Endothelial,SDC4__Malignant,VWF__Endothelial|SDC4__Malignant,0.2336476933358515,0.07369299530782505,2.5575346556002265,453.9774681515595,0.3339358339124388,0.31127046622292953,2.5159964237727026
MMP9__Stroma,ATP6AP2__Malignant,MMP9__Stroma|ATP6AP2__Malignant,0.23355105568432658,0,4.7852083906204985,453.7897011946465,0.411265217651326,0.41756978849036436,1.7326990345240978
THY1__Stroma,CD55__Malignant,THY1__Stroma|CD55__Malignant,0.23277961886986012,0,1.933599272397102,452.2907994641382,0.33001745532853816,0.45897216136018176,1.6377735679933618
MMP9__Stroma,CD55__Malignant,MMP9__Stroma|CD55__Malignant,0.23109241953681336,0,4.785208612920457,449.01257116002836,0.40817637516847216,0.41756978849036436,1.6377735679933618
SEMA3C__Malignant,TYROBP__Macrophage,SEMA3C__Malignant|TYROBP__Macrophage,0.2310351406667236,0,6.114941588952241,448.90127831544396,0.6646878644862992,0.5410702603549594,1.481490261432842
COL4A1__Stroma,LAMP1__Malignant,COL4A1__Stroma|LAMP1__Malignant,0.22734468021245005,0.06232354379173223,3.2982390547171696,441.7307136527904,0.3237929613636868,0.32799611785313787,2.1836714469895835
COL4A1__Stroma,SDC1__Malignant,COL4A1__Stroma|SDC1__Malignant,0.22731882686817426,0,2.320448824586757,441.6804806048626,0.33064481974662346,0.32799611785313787,2.138768692077997
SEMA3C__Malignant,CD74__Endothelial,SEMA3C__Malignant|CD74__Endothelial,0.2272271632255601,0,13.58914151184952,441.5023781472633,1.1247264822315417,0.5410702603549594,1.3838703192911708
MMP9__Stroma,CD99__Malignant,MMP9__Stroma|CD99__Malignant,0.22695087920197438,0,3.894412072802372,440.9655582894362,0.36806951253959364,0.41756978849036436,1.6885594579570298
SERPING1__Macrophage,RAMP1__Malignant,SERPING1__Macrophage|RAMP1__Malignant,0.2231325554012516,0,2.945794475960421,433.54655514463184,0.38666501584128493,0.51007968409777,1.2193225078028083
THY1__Stroma,ERBB3__Malignant,THY1__Stroma|ERBB3__Malignant,0.2225674014672541,0,2.134327008794683,432.4484610508747,0.3147919539281901,0.45897216136018176,1.5674687034496217
THY1__Stroma,PTPRF__Malignant,THY1__Stroma|PTPRF__Malignant,0.22212342726877726,0,2.4714241036007367,431.5858191832342,0.3224510629612361,0.45897216136018176,1.546105650020893
SERPING1__Macrophage,CD74__Bcell,SERPING1__Macrophage|CD74__Bcell,0.22203291888310114,0,23.65002667924645,431.4099613898655,1.4350019218351626,0.51007968409777,1.2132883299562962
SERPING1__Macrophage,AMFR__Malignant,SERPING1__Macrophage|AMFR__Malignant,0.22186619738279903,0,2.373948338825151,431.0860215147785,0.3438677994328161,0.51007968409777,1.3603338857474554
COL4A2__Stroma,SDC1__Malignant,COL4A2__Stroma|SDC1__Malignant,0.21962435849922476,0,2.4382499117937324,426.7301285639937,0.32846714757586715,0.3113495933476895,2.138768692077997
THY1__Stroma,DAG1__Malignant,THY1__Stroma|DAG1__Malignant,0.2191172797413249,0,1.8342838295044508,425.74487453739425,0.2970966706525643,0.45897216136018176,1.5639052434775542
SEMA3C__Malignant,CD74__Bcell,SEMA3C__Malignant|CD74__Bcell,0.21805310557355748,0,14.871396402173401,423.6771841294222,1.254777583410826,0.5410702603549594,1.2132883299562962
HLA-F__Tcell,CD9__Malignant,HLA-F__Tcell|CD9__Malignant,0.2172030736533967,0.10769918856065636,1.9920907167114936,422.02557210854974,0.2834682394032949,0.12414956750703407,5.406350750027007
COL4A1__Stroma,FLOT1__Malignant,COL4A1__Stroma|FLOT1__Malignant,0.21479799311965106,0.06015546232590037,2.5757561609804625,417.352500631482,0.3007863363117269,0.32799611785313787,2.0956379384472172
THY1__Stroma,APLP2__Malignant,THY1__Stroma|APLP2__Malignant,0.21341117031109433,0,2.3365836730105896,414.65790391445626,0.29772873986932236,0.45897216136018176,1.504709795908961
COL4A2__Stroma,LAMP1__Malignant,COL4A2__Stroma|LAMP1__Malignant,0.21244200427549717,0.06111266994250359,2.1656989526944983,412.774814307291,0.28884755782715626,0.3113495933476895,2.1836714469895835
COL6A3__Stroma,PRLR__Malignant,COL6A3__Stroma|PRLR__Malignant,0.21091562957115265,0,2.6423451412275702,409.8090682567496,0.3315892205777804,0.7635988755172406,1.0867500600279012
MMP9__Stroma,APLP2__Malignant,MMP9__Stroma|APLP2__Malignant,0.20922618773016774,0,5.582743339726626,406.5264827597159,0.37210628740490886,0.41756978849036436,1.504709795908961
CXCL12__Macrophage,ENO1__Malignant,CXCL12__Macrophage|ENO1__Malignant,0.20883915662261643,0.07246595032724729,1.4414813399187965,405.7744813177437,0.2670271187068975,0.1685874206065707,3.7224766847350357
LGALS9__Macrophage,IL6ST__Malignant,LGALS9__Macrophage|IL6ST__Malignant,0.20691402389406133,0,2.9963821450085777,402.03394842616115,0.292687476145304,0.21626567559697818,3.0822598068550318
MMP9__Stroma,DAG1__Malignant,MMP9__Stroma|DAG1__Malignant,0.20583445364570832,0,3.2830287176751263,399.9363434336113,0.3205765172472147,0.41756978849036436,1.5639052434775542
MMP9__Stroma,APP__Malignant,MMP9__Stroma|APP__Malignant,0.20451000305977252,0,6.961501548832446,397.362935945138,0.4064881624192451,0.41756978849036436,1.4289138225487616
MMP9__Stroma,PTPRF__Malignant,MMP9__Stroma|PTPRF__Malignant,0.20418126464234893,0,4.489131425687443,396.724197200084,0.3394180292503388,0.41756978849036436,1.546105650020893
THY1__Stroma,ITGB1__Malignant,THY1__Stroma|ITGB1__Malignant,0.20222907647713326,0,1.7874411106318824,392.9310955950699,0.2707792145122237,0.45897216136018176,1.4501081159741187
VWF__Endothelial,FLOT1__Malignant,VWF__Endothelial|FLOT1__Malignant,0.20212067244193696,0.047497602209528506,2.6425115016044938,392.7204665546835,0.30307680337529624,0.31127046622292953,2.0956379384472172
LAMA4__Stroma,CD63__Malignant,LAMA4__Stroma|CD63__Malignant,0.20130018227892585,0.12764142995870956,1.3427654653111503,391.12625416795294,0.24070158876233774,0.0967677320684205,6.629101709661513
COL4A2__Stroma,FLOT1__Malignant,COL4A2__Stroma|FLOT1__Malignant,0.20051524853481642,0.057554989233607794,1.7138339965230638,389.60112790314827,0.2698361645203287,0.3113495933476895,2.0956379384472172
VWF__Endothelial,LAMP1__Malignant,VWF__Endothelial|LAMP1__Malignant,0.20042240949159482,0.050100323155669375,1.8188857646433814,389.42074164216876,0.2773828686826975,0.31127046622292953,2.1836714469895835
THY1__Stroma,APP__Malignant,THY1__Stroma|APP__Malignant,0.20007824091545842,0,1.9644216468546996,388.75202209873567,0.29826174232039177,0.45897216136018176,1.4289138225487616
THY1__Stroma,CD74__Endothelial,THY1__Stroma|CD74__Endothelial,0.20006782201115575,0,14.689479166996701,388.7317781676756,1.0239019363576403,0.45897216136018176,1.3838703192911708
MMP9__Stroma,ERBB3__Malignant,MMP9__Stroma|ERBB3__Malignant,0.19873394433251165,0,3.1901394029230485,386.1400538380701,0.2998272442457114,0.41756978849036436,1.5674687034496217
COL4A1__Stroma,PLXNB2__Malignant,COL4A1__Stroma|PLXNB2__Malignant,0.19818638960877633,0,1.8300401632734868,385.0761550098524,0.2733551656976627,0.32799611785313787,1.9270096496730231
LGALS9__Macrophage,ERBB2__Malignant,LGALS9__Macrophage|ERBB2__Malignant,0.1970202506004949,0.05210133129698681,1.9614073096372369,382.8103469167616,0.2655198153572615,0.21626567559697818,2.6920046126759245
MMP9__Stroma,ITGB1__Malignant,MMP9__Stroma|ITGB1__Malignant,0.19692999363427804,0,4.711577400790988,382.6349776314022,0.3427700566642013,0.41756978849036436,1.4501081159741187
SERPING1__Macrophage,CD81__Stroma,SERPING1__Macrophage|CD81__Stroma,0.19608471622727588,0,5.131921003623188,380.99260362959706,0.5404369082575197,0.51007968409777,1.1506572560566608
COL6A3__Stroma,CD44__Malignant,COL6A3__Stroma|CD44__Malignant,0.195614318931647,0,1.9899272376155148,380.07862168419007,0.32021768175656184,0.7635988755172406,0.9919777787887728
COL6A3__Stroma,ALCAM__Malignant,COL6A3__Stroma|ALCAM__Malignant,0.1936251469628881,0,2.605549978174174,376.21366054889154,0.32923890052834,0.7635988755172406,0.9551546679616035
LAMA4__Stroma,CD81__Malignant,LAMA4__Stroma|CD81__Malignant,0.19120514841406305,0.11327180617148079,1.322857490386311,371.5116033685245,0.2265596555066896,0.0967677320684205,6.300005025529065
COL4A2__Stroma,PLXNB2__Malignant,COL4A2__Stroma|PLXNB2__Malignant,0.1883369353916662,0,1.8070752392237397,365.9386654660075,0.26010786750977993,0.3113495933476895,1.9270096496730231
CXCL12__Macrophage,CD151__Malignant,CXCL12__Macrophage|CD151__Malignant,0.18802600862459748,0.05459105179094071,1.314801697463209,365.3345347575929,0.25106401493954233,0.1685874206065707,3.3087370689838584
VWF__Endothelial,SDC1__Malignant,VWF__Endothelial|SDC1__Malignant,0.18751525527416069,0,2.446848839528014,364.3421409976942,0.2659301690600279,0.31127046622292953,2.138768692077997
MMP9__Stroma,AMFR__Malignant,MMP9__Stroma|AMFR__Malignant,0.18678592930983123,0,4.81409880601107,362.9250606490021,0.37115564040557775,0.41756978849036436,1.3603338857474554
LGALS9__Macrophage,CDH1__Malignant,LGALS9__Macrophage|CDH1__Malignant,0.18577627047714101,0.038650806471630536,2.5467825963127346,360.963293537085,0.25672832068267115,0.21626567559697818,2.6343324248695374
CXCL12__Macrophage,GFRA1__Malignant,CXCL12__Macrophage|GFRA1__Malignant,0.18525322304594732,0,2.4897786825268082,359.94701237827564,0.33426093843705523,0.1685874206065707,3.031979008876576
MMP9__Stroma,TYROBP__Macrophage,MMP9__Stroma|TYROBP__Macrophage,0.18431438056135374,0,4.595322659305732,358.1228414307103,0.5288477766836713,0.41756978849036436,1.481490261432842
LGALS9__Macrophage,SDC4__Malignant,LGALS9__Macrophage|SDC4__Malignant,0.18366637795051077,0.051989472156199354,1.533037499593996,356.8637723578424,0.24472300015721757,0.21626567559697818,2.5159964237727026
THY1__Stroma,CD81__Macrophage,THY1__Stroma|CD81__Macrophage,0.18100972620846195,0,4.108892068908683,351.7018980230416,0.550212184159569,0.45897216136018176,1.0784718234125414
COL4A1__Stroma,CD99__Malignant,COL4A1__Stroma|CD99__Malignant,0.18089541782184407,0,2.5956343688199346,351.479796827843,0.27333345250757213,0.32799611785313787,1.6885594579570298
THY1__Stroma,CD74__Bcell,THY1__Stroma|CD74__Bcell,0.1806402983531625,0,13.832538678399038,350.98409970019475,1.0978332531032,0.45897216136018176,1.2132883299562962
THY1__Stroma,AMFR__Malignant,THY1__Stroma|AMFR__Malignant,0.1801091295538385,0,2.0422772154045488,349.9520387231082,0.2744486094368411,0.45897216136018176,1.3603338857474554
VWF__Endothelial,CD74__Bcell,VWF__Endothelial|CD74__Bcell,0.1778205287583897,0,12.056646633571752,345.50528737755116,1.0356852105162089,0.31127046622292953,1.2132883299562962
COL4A1__Stroma,ATP6AP2__Malignant,COL4A1__Stroma|ATP6AP2__Malignant,0.1762223695566705,0,1.7785294150417774,342.40006404861083,0.2563880633585067,0.32799611785313787,1.7326990345240978
MMP9__Stroma,CD74__Endothelial,MMP9__Stroma|CD74__Endothelial,0.1755107888545566,0,8.749500619301067,341.0174627444035,0.8466480899558321,0.41756978849036436,1.3838703192911708
GAS6__Macrophage,ENO1__Malignant,GAS6__Macrophage|ENO1__Malignant,0.17470001133953475,0.05621139290379653,1.2327435909113538,339.44212203271604,0.2292481659192988,0.1370780960112151,3.7224766847350357
COL4A1__Stroma,CD55__Malignant,COL4A1__Stroma|CD55__Malignant,0.17418120267062576,0,1.7779001746038234,338.4340767890258,0.2594151726410859,0.32799611785313787,1.6377735679933618
VWF__Endothelial,TYROBP__Macrophage,VWF__Endothelial|TYROBP__Macrophage,0.17316454723728145,0,3.488734666935816,336.4587152820379,0.48790009887999347,0.31127046622292953,1.481490261432842
VWF__Endothelial,PLXNB2__Malignant,VWF__Endothelial|PLXNB2__Malignant,0.17304242532263922,0,2.2705518009303733,336.221432401888,0.24536362208246726,0.31127046622292953,1.9270096496730231
THY1__Stroma,RAMP1__Malignant,THY1__Stroma|RAMP1__Malignant,0.17227273122637474,0,2.6620333468141526,334.7259167728461,0.28058508585762515,0.45897216136018176,1.2193225078028083
COL4A1__Stroma,TYROBP__Macrophage,COL4A1__Stroma|TYROBP__Macrophage,0.17186378401271216,0,4.591386226515306,333.9313323366997,0.5030473813007696,0.32799611785313787,1.481490261432842
COL4A2__Stroma,CD99__Malignant,COL4A2__Stroma|CD99__Malignant,0.17169712327134098,0,2.7467577319463516,333.60751051621554,0.25925811550324657,0.3113495933476895,1.6885594579570298
SERPING1__Macrophage,PRLR__Malignant,SERPING1__Macrophage|PRLR__Malignant,0.1679317809235107,0,2.1751928660103896,326.29145033438124,0.2739571184960887,0.51007968409777,1.0867500600279012
COL4A2__Stroma,TYROBP__Macrophage,COL4A2__Stroma|TYROBP__Macrophage,0.1678942249100227,0,4.888430022909318,326.2184790001741,0.4980259914618896,0.3113495933476895,1.481490261432842
SEMA3C__Malignant,CD81__Macrophage,SEMA3C__Malignant|CD81__Macrophage,0.1678663858780831,0,4.399688794907623,326.1643877611155,0.5040920655434581,0.5410702603549594,1.0784718234125414
VWF__Endothelial,ATP6AP2__Malignant,VWF__Endothelial|ATP6AP2__Malignant,0.16649724515066971,0,2.626375422569185,323.50414732775124,0.2585273138830203,0.31127046622292953,1.7326990345240978
MMP9__Stroma,CD74__Bcell,MMP9__Stroma|CD74__Bcell,0.1662722680248778,0,11.431318175975873,323.0670167723375,0.9802772012926058,0.41756978849036436,1.2132883299562962
COL6A3__Stroma,NPTN__Malignant,COL6A3__Stroma|NPTN__Malignant,0.16456116870084628,0,1.9360335009072365,319.7423507857443,0.27148832137569523,0.7635988755172406,0.7683042186134074
LGALS9__Macrophage,SDC1__Malignant,LGALS9__Macrophage|SDC1__Malignant,0.16422318250712534,0,1.6301217489302238,319.08564361134455,0.24542453219471427,0.21626567559697818,2.138768692077997
COL4A2__Stroma,ATP6AP2__Malignant,COL4A2__Stroma|ATP6AP2__Malignant,0.16401602474475419,0,1.5032717822698538,318.6831360790574,0.22925560538510695,0.3113495933476895,1.7326990345240978
SEMA3C__Malignant,CD81__Stroma,SEMA3C__Malignant|CD81__Stroma,0.1628293287011942,0,5.301788886629659,316.37738566642037,0.44621531121640023,0.5410702603549594,1.1506572560566608
COL4A2__Stroma,CD55__Malignant,COL4A2__Stroma|CD55__Malignant,0.16280981366035568,0,1.5160744832127264,316.3394679420711,0.23626666586215453,0.3113495933476895,1.6377735679933618
LAMA4__Stroma,CD9__Malignant,LAMA4__Stroma|CD9__Malignant,0.16155490047547488,0.08974009133364232,1.3511424054968915,313.9011716238477,0.19841886989596177,0.0967677320684205,5.406350750027007
COL4A1__Stroma,PTPRF__Malignant,COL4A1__Stroma|PTPRF__Malignant,0.16103895212375777,0,1.6284746565827033,312.8986839764613,0.23482975835976896,0.32799611785313787,1.546105650020893
COL4A1__Stroma,DAG1__Malignant,COL4A1__Stroma|DAG1__Malignant,0.16047801093982564,0,2.289341929156645,311.8087752560812,0.22380677515796246,0.32799611785313787,1.5639052434775542
CXCL12__Macrophage,IL6ST__Malignant,CXCL12__Macrophage|IL6ST__Malignant,0.16032419125009864,0,2.2174286902648066,311.50990359894166,0.22533081498541485,0.1685874206065707,3.0822598068550318
COL4A1__Stroma,ERBB3__Malignant,COL4A1__Stroma|ERBB3__Malignant,0.1596057150527347,0,1.3538202081916306,310.1139043474635,0.22377965927384816,0.32799611785313787,1.5674687034496217
COL4A1__Stroma,APLP2__Malignant,COL4A1__Stroma|APLP2__Malignant,0.1595703942238007,0,2.2702992890104863,310.0452759768448,0.2373011559861428,0.32799611785313787,1.504709795908961
LGALS9__Macrophage,LAMP1__Malignant,LGALS9__Macrophage|LAMP1__Malignant,0.1581119594775106,0.043333826876499955,1.4122132775535374,307.21153726480316,0.2118443616436632,0.21626567559697818,2.1836714469895835
GAS6__Macrophage,CD151__Malignant,GAS6__Macrophage|CD151__Malignant,0.15749143029007842,0.044200592375573985,1.2110510069698135,306.00584905362234,0.2174128361536739,0.1370780960112151,3.3087370689838584
SERPING1__Macrophage,CD44__Malignant,SERPING1__Macrophage|CD44__Malignant,0.15745104002831678,0,1.810509324236352,305.9273707750195,0.26559075202716975,0.51007968409777,0.9919777787887728
GAS6__Macrophage,GFRA1__Malignant,GAS6__Macrophage|GFRA1__Malignant,0.1573180824398964,0,2.2784464380677285,305.6690341807187,0.29306221086021067,0.1370780960112151,3.031979008876576
COL6A3__Stroma,CD74__Tcell,COL6A3__Stroma|CD74__Tcell,0.15698685049564165,0,29.64973809134493,305.02545051303173,1.1894429053286772,0.7635988755172406,0.7355650099637262
VWF__Endothelial,CD55__Malignant,VWF__Endothelial|CD55__Malignant,0.1546362909242753,0,2.303599897021625,300.4583132658669,0.24253515406090015,0.31127046622292953,1.6377735679933618
COL4A2__Stroma,PTPRF__Malignant,COL4A2__Stroma|PTPRF__Malignant,0.15373403327591795,0,1.677575824567877,298.70522665510856,0.22610731193955433,0.3113495933476895,1.546105650020893
COL4A2__Stroma,ERBB3__Malignant,COL4A2__Stroma|ERBB3__Malignant,0.1531687670928105,0,1.3310351338794257,297.6069144613308,0.21743721076829994,0.3113495933476895,1.5674687034496217
VWF__Endothelial,CD99__Malignant,VWF__Endothelial|CD99__Malignant,0.15294586502109178,0,2.690072481877596,297.17381573598135,0.2259529962638241,0.31127046622292953,1.6885594579570298
COL4A2__Stroma,DAG1__Malignant,COL4A2__Stroma|DAG1__Malignant,0.15165828897540676,0,1.5032341004037104,294.6720554792153,0.20824469291207676,0.3113495933476895,1.5639052434775542
COL4A1__Stroma,APP__Malignant,COL4A1__Stroma|APP__Malignant,0.15119115802713784,0,2.7164999495640796,293.7644200467288,0.24448610979262594,0.32799611785313787,1.4289138225487616
LGALS9__Macrophage,FLOT1__Malignant,LGALS9__Macrophage|FLOT1__Malignant,0.1505692451391668,0.03914964188123378,1.2944746679477503,292.5560433054011,0.2014767479826948,0.21626567559697818,2.0956379384472172
COL4A1__Stroma,ITGB1__Malignant,COL4A1__Stroma|ITGB1__Malignant,0.15040437168528012,0,1.9381160115081828,292.23569418449927,0.21490991002460746,0.32799611785313787,1.4501081159741187
CXCL12__Macrophage,ERBB2__Malignant,CXCL12__Macrophage|ERBB2__Malignant,0.1500269149668929,0.042136393816620765,1.4710280659647965,291.5022957806729,0.19853467307846323,0.1685874206065707,2.6920046126759245
MMP9__Stroma,PRLR__Malignant,MMP9__Stroma|PRLR__Malignant,0.14959129955998485,0,8.77288213484784,290.65589504505056,0.38894207439316897,0.41756978849036436,1.0867500600279012
COL4A2__Stroma,APLP2__Malignant,COL4A2__Stroma|APLP2__Malignant,0.14943423533278288,0,1.5854545052639557,290.3507192515971,0.21442412609275247,0.3113495933476895,1.504709795908961
SERPING1__Macrophage,ALCAM__Malignant,SERPING1__Macrophage|ALCAM__Malignant,0.14894542215885045,0,1.663574030621356,289.4009552546464,0.2526531613172322,0.51007968409777,0.9551546679616035
VWF__Endothelial,DAG1__Malignant,VWF__Endothelial|DAG1__Malignant,0.14623189187686803,0,1.6633810274814158,284.1285659167546,0.21506761020357412,0.31127046622292953,1.5639052434775542
MMP9__Stroma,RAMP1__Malignant,MMP9__Stroma|RAMP1__Malignant,0.14558321798545534,0,2.8624383492484897,282.8681925457397,0.23475675755880748,0.41756978849036436,1.2193225078028083
SERPING1__Macrophage,CD74__Tcell,SERPING1__Macrophage|CD74__Tcell,0.14407004148156538,0,33.45765010509895,279.92809059868154,1.1467411393989704,0.51007968409777,0.7355650099637262
HLA-F__Tcell,ENO1__Malignant,HLA-F__Tcell|ENO1__Malignant,0.1437660515996097,0.049526629320605746,1.1586576855478925,279.33743825804163,0.1842856981869908,0.12414956750703407,3.7224766847350357
VWF__Endothelial,APLP2__Malignant,VWF__Endothelial|APLP2__Malignant,0.14265473620292635,0,2.511601301130245,277.1781524422859,0.22289696957201616,0.31127046622292953,1.504709795908961
CXCL12__Macrophage,CDH1__Malignant,CXCL12__Macrophage|CDH1__Malignant,0.1420363657328434,0.030681817470378257,1.910051348681688,275.97665861891477,0.19339028656208213,0.1685874206065707,2.6343324248695374
COL4A2__Stroma,ITGB1__Malignant,COL4A2__Stroma|ITGB1__Malignant,0.1410884858966826,0,1.4321106657923484,274.1349280972543,0.19423069454515723,0.3113495933476895,1.4501081159741187
LGALS9__Macrophage,PLXNB2__Malignant,LGALS9__Macrophage|PLXNB2__Malignant,0.14094743031370116,0,1.2701072556011297,273.86085709952135,0.19756393991141927,0.21626567559697818,1.9270096496730231
COL4A2__Stroma,APP__Malignant,COL4A2__Stroma|APP__Malignant,0.14037770479551911,0,1.905318772311684,272.75388041769367,0.21586541359067438,0.3113495933476895,1.4289138225487616
VWF__Endothelial,APP__Malignant,VWF__Endothelial|APP__Malignant,0.140043921851367,0,2.352765572398619,272.1053401572061,0.24061481327243242,0.31127046622292953,1.4289138225487616
CXCL12__Macrophage,SDC4__Malignant,CXCL12__Macrophage|SDC4__Malignant,0.1400259769282538,0.04110686540536919,1.1850263853812402,272.0704731715971,0.1843603993342536,0.1685874206065707,2.5159964237727026
COL4A1__Stroma,CD74__Endothelial,COL4A1__Stroma|CD74__Endothelial,0.13986941649867995,0,9.008502983243284,271.76627625693516,0.6986420463300428,0.32799611785313787,1.3838703192911708
VWF__Endothelial,ERBB3__Malignant,VWF__Endothelial|ERBB3__Malignant,0.1392878276962419,0,1.9934600771117914,270.636249213798,0.20201526632110178,0.31127046622292953,1.5674687034496217
THY1__Stroma,PRLR__Malignant,THY1__Stroma|PRLR__Malignant,0.13819635323912943,0,2.0181395033200444,268.5155143436285,0.22401998225359654,0.45897216136018176,1.0867500600279012
COL4A1__Stroma,AMFR__Malignant,COL4A1__Stroma|AMFR__Malignant,0.13690732741643497,0,1.9446631606654892,266.01093717013316,0.22446131064975675,0.32799611785313787,1.3603338857474554
VWF__Endothelial,PTPRF__Malignant,VWF__Endothelial|PTPRF__Malignant,0.1360809279164871,0,1.5048641971469738,264.40524294173446,0.19364022101384554,0.31127046622292953,1.546105650020893
MMP9__Stroma,ALCAM__Malignant,MMP9__Stroma|ALCAM__Malignant,0.13481952860495108,0,4.483963423199154,261.9543440794199,0.3276718910708524,0.41756978849036436,0.9551546679616035
VWF__Endothelial,ITGB1__Malignant,VWF__Endothelial|ITGB1__Malignant,0.13418718938884328,0,1.4225376044075135,260.72570898252246,0.19664543490558606,0.31127046622292953,1.4501081159741187
MMP9__Stroma,CD81__Macrophage,MMP9__Stroma|CD81__Macrophage,0.13397885692991024,0,2.8746677881562213,260.3209190148156,0.3974942148038501,0.41756978849036436,1.0784718234125414
VWF__Endothelial,AMFR__Malignant,VWF__Endothelial|AMFR__Malignant,0.13326550274881666,0,2.6473471759221323,258.93487184095073,0.23236816501283689,0.31127046622292953,1.3603338857474554
COL4A2__Stroma,CD74__Endothelial,COL4A2__Stroma|CD74__Endothelial,0.1331368433753966,0,9.761687334332153,258.6848866783956,0.6781747471957097,0.3113495933476895,1.3838703192911708
MMP9__Stroma,CD44__Malignant,MMP9__Stroma|CD44__Malignant,0.1326507324862928,0,3.9876719141778283,257.74037322086696,0.2855091261969674,0.41756978849036436,0.9919777787887728
LGALS9__Macrophage,CD99__Malignant,LGALS9__Macrophage|CD99__Malignant,0.13256353300514434,0,1.7730356946971477,257.5709446289955,0.2106389400087703,0.21626567559697818,1.6885594579570298
GAS6__Macrophage,IL6ST__Malignant,GAS6__Macrophage|IL6ST__Malignant,0.13111712113025453,0,1.9741809487919635,254.76056635608455,0.18498188932767853,0.1370780960112151,3.0822598068550318
THY1__Stroma,CD44__Malignant,THY1__Stroma|CD44__Malignant,0.12822517433917824,0,1.521006136715161,249.1415137410233,0.21688121209524322,0.45897216136018176,0.9919777787887728
COL4A1__Stroma,CD81__Macrophage,COL4A1__Stroma|CD81__Macrophage,0.12699644311918823,0,2.8366262492392824,246.75408898058274,0.38582812026414454,0.32799611785313787,1.0784718234125414
SERPING1__Macrophage,NPTN__Malignant,SERPING1__Macrophage|NPTN__Malignant,0.12650505847761806,0,1.7888026474138152,245.7993286220119,0.21310068466929175,0.51007968409777,0.7683042186134074
COL4A2__Stroma,AMFR__Malignant,COL4A2__Stroma|AMFR__Malignant,0.1263549355767231,0,1.4855799330476906,245.50763982557294,0.19781511749755223,0.3113495933476895,1.3603338857474554
HLA-F__Tcell,CD151__Malignant,HLA-F__Tcell|CD151__Malignant,0.12626189772680488,0.04158477532449245,0.8523280402172804,245.32686728318185,0.16110858372247186,0.12414956750703407,3.3087370689838584
HSPG2__Endothelial,SDC1__Malignant,HSPG2__Endothelial|SDC1__Malignant,0.12602772702409046,0,1.436228705017456,244.87187360780777,0.176364698702141,0.20643867387275688,2.138768692077997
THY1__Stroma,ALCAM__Malignant,THY1__Stroma|ALCAM__Malignant,0.1252629662939581,0,1.68201406645322,243.38594350916063,0.2168983669361076,0.45897216136018176,0.9551546679616035
COL4A2__Stroma,CD81__Macrophage,COL4A2__Stroma|CD81__Macrophage,0.12491002024292644,0,3.065872050257918,242.70016933200608,0.3858243472347303,0.3113495933476895,1.0784718234125414
LGALS9__Macrophage,ATP6AP2__Malignant,LGALS9__Macrophage|ATP6AP2__Malignant,0.12471576500774002,0,1.1383558962120668,242.32273141003887,0.17760475489067518,0.21626567559697818,1.7326990345240978
GAS6__Macrophage,ERBB2__Malignant,GAS6__Macrophage|ERBB2__Malignant,0.1244877952180513,0.032406989861645245,1.305839248118165,241.87978610867367,0.1671079427147202,0.1370780960112151,2.6920046126759245
VWF__Endothelial,CD81__Macrophage,VWF__Endothelial|CD81__Macrophage,0.12434589600997074,0,2.8112444464232693,241.60407594737316,0.36325299184703835,0.31127046622292953,1.0784718234125414
HLA-F__Tcell,IL6ST__Malignant,HLA-F__Tcell|IL6ST__Malignant,0.124331619410999,0,1.186677931003535,241.57633651557106,0.18895853758182343,0.12414956750703407,3.0822598068550318
COL4A1__Stroma,CD74__Bcell,COL4A1__Stroma|CD74__Bcell,0.12431066017209517,0,8.585769600759702,241.53561271438093,0.732876193662559,0.32799611785313787,1.2132883299562962
CXCL12__Macrophage,SDC1__Malignant,CXCL12__Macrophage|SDC1__Malignant,0.12273816118160084,0,1.072433040144645,238.48024717585045,0.17745853996274577,0.1685874206065707,2.138768692077997
LGALS9__Macrophage,CD74__Endothelial,LGALS9__Macrophage|CD74__Endothelial,0.12210765159767538,0,12.812187301589914,237.25516705428325,0.7439579417173429,0.21626567559697818,1.3838703192911708
COL4A1__Stroma,RAMP1__Malignant,COL4A1__Stroma|RAMP1__Malignant,0.12147926357767148,0,1.912796886481006,236.0342091314157,0.19535847433372694,0.32799611785313787,1.2193225078028083
SEMA3C__Malignant,CD74__Tcell,SEMA3C__Malignant|CD74__Tcell,0.1210634952803781,0,15.887235065367747,235.22637132977465,0.8565533918803899,0.5410702603549594,0.7355650099637262
CXCL12__Macrophage,LAMP1__Malignant,CXCL12__Macrophage|LAMP1__Malignant,0.12050865279425287,0.03374636583947073,0.8979982797626374,234.14831237923332,0.1584019801322862,0.1685874206065707,2.1836714469895835
LGALS9__Macrophage,CD55__Malignant,LGALS9__Macrophage|CD55__Malignant,0.11802322192542729,0,1.014490020015504,229.31912020110522,0.16785486491536025,0.21626567559697818,1.6377735679933618
COL4A2__Stroma,CD74__Bcell,COL4A2__Stroma|CD74__Bcell,0.11796615805482051,0,8.330863566352432,229.20824510051625,0.7071694836086853,0.3113495933476895,1.2132883299562962
GAS6__Macrophage,CDH1__Malignant,GAS6__Macrophage|CDH1__Malignant,0.11738269249479528,0.024637514130200343,1.6955624945155006,228.07457151738726,0.16259080969291623,0.1370780960112151,2.6343324248695374
COL4A2__Stroma,RAMP1__Malignant,COL4A2__Stroma|RAMP1__Malignant,0.11717973424473106,0,1.7567389346635773,227.68022363751246,0.19032459271928334,0.3113495933476895,1.2193225078028083
LGALS9__Macrophage,ERBB3__Malignant,LGALS9__Macrophage|ERBB3__Malignant,0.1168173309767686,0,1.2706020313720623,226.97607408786138,0.1713316351818451,0.21626567559697818,1.5674687034496217
LAMA4__Stroma,ENO1__Malignant,LAMA4__Stroma|ENO1__Malignant,0.11623713112637514,0.03737342162748026,1.1388291914273716,225.8487457785469,0.15947028672599906,0.0967677320684205,3.7224766847350357
GAS6__Macrophage,SDC4__Malignant,GAS6__Macrophage|SDC4__Malignant,0.11603787441825163,0.034182680393013753,1.0352795263422643,225.4615899946629,0.15474005196367444,0.1370780960112151,2.5159964237727026
CXCL12__Macrophage,FLOT1__Malignant,CXCL12__Macrophage|FLOT1__Malignant,0.11566458978305225,0.03215833583919283,0.9628714838638951,224.73629794847054,0.15410065357206112,0.1685874206065707,2.0956379384472172
LGALS9__Macrophage,DAG1__Malignant,LGALS9__Macrophage|DAG1__Malignant,0.11512906480179391,0,0.9923412097534713,223.69577290988556,0.16154023287011923,0.21626567559697818,1.5639052434775542
LGALS9__Macrophage,PTPRF__Malignant,LGALS9__Macrophage|PTPRF__Malignant,0.11423348595892335,0,1.2197492345139962,221.95566321818808,0.16655320577599655,0.21626567559697818,1.546105650020893
MMP9__Stroma,NPTN__Malignant,MMP9__Stroma|NPTN__Malignant,0.11151254276899093,0,3.9218653300311237,216.66887060014938,0.2509051001160705,0.41756978849036436,0.7683042186134074
LGALS9__Macrophage,APLP2__Malignant,LGALS9__Macrophage|APLP2__Malignant,0.11143431613734966,0,1.2831534663643744,216.5168762548704,0.16093474953361367,0.21626567559697818,1.504709795908961
HLA-F__Tcell,GFRA1__Malignant,HLA-F__Tcell|GFRA1__Malignant,0.10981964374563476,0,1.126248272198668,213.37956779776835,0.18218676232545034,0.12414956750703407,3.031979008876576
VWF__Endothelial,RAMP1__Malignant,VWF__Endothelial|RAMP1__Malignant,0.10931694946208333,0,2.4838915045576613,212.4028328048279,0.18533051422396765,0.31127046622292953,1.2193225078028083
HLA-F__Tcell,ERBB2__Malignant,HLA-F__Tcell|ERBB2__Malignant,0.1079884365462073,0.025184394150405215,1.4297911960312097,209.82153220928078,0.15202808396985593,0.12414956750703407,2.6920046126759245
THY1__Stroma,CD74__Tcell,THY1__Stroma|CD74__Tcell,0.10746858275714755,0,18.064623966433924,208.81145629713768,0.7945673939299679,0.45897216136018176,0.7355650099637262
CXCL12__Macrophage,PLXNB2__Malignant,CXCL12__Macrophage|PLXNB2__Malignant,0.10689663244169512,0,0.897855813791323,207.70015683421363,0.146262693220151,0.1685874206065707,1.9270096496730231
COL4A1__Stroma,PRLR__Malignant,COL4A1__Stroma|PRLR__Malignant,0.10666268981124088,0,2.69693481395723,207.24560630324103,0.19714953357812368,0.32799611785313787,1.0867500600279012
THY1__Stroma,NPTN__Malignant,THY1__Stroma|NPTN__Malignant,0.10550892579492248,0,1.2477319402342977,205.00384281953438,0.17555671520137536,0.45897216136018176,0.7683042186134074
LGALS9__Macrophage,ITGB1__Malignant,LGALS9__Macrophage|ITGB1__Malignant,0.10503467816757427,0,0.8474248075139472,204.08237967959678,0.14409612658071946,0.21626567559697818,1.4501081159741187
VWF__Endothelial,CD81__Stroma,VWF__Endothelial|CD81__Stroma,0.10501687565100322,0,3.1290520104576593,204.04778938989926,0.2790311998098184,0.31127046622292953,1.1506572560566608
PVR__Malignant,TYROBP__Macrophage,PVR__Malignant|TYROBP__Macrophage,0.10397379561282001,0,3.165050235900685,202.02108487570928,0.30574407283759025,0.20899106977704993,1.481490261432842
HLA-F__Tcell,CDH1__Malignant,HLA-F__Tcell|CDH1__Malignant,0.10371368913114846,0.01820280462911293,1.3153704254725835,201.51569798182146,0.1483871053206836,0.12414956750703407,2.6343324248695374
GAS6__Macrophage,SDC1__Malignant,GAS6__Macrophage|SDC1__Malignant,0.10326353717672625,0,0.9430117566927424,200.64105273437912,0.15372853245748586,0.1370780960112151,2.138768692077997
VWF__Endothelial,PRLR__Malignant,VWF__Endothelial|PRLR__Malignant,0.10303229329408667,0,1.9565299403011347,200.19174587041041,0.18299574661268833,0.31127046622292953,1.0867500600279012
VWF__Endothelial,CD74__Tcell,VWF__Endothelial|CD74__Tcell,0.10298645171206583,0,11.406966892693768,200.1026756765439,0.736655358741518,0.31127046622292953,0.7355650099637262
LGALS9__Macrophage,APP__Malignant,LGALS9__Macrophage|APP__Malignant,0.10236895557905971,0,0.8812603674413593,198.90288069011302,0.15153643363137034,0.21626567559697818,1.4289138225487616
C3__Tcell,IFITM1__Malignant,C3__Tcell|IFITM1__Malignant,0.10059740880630734,0,1.831165311433745,195.46076531065518,0.17422302028356704,0.24350018848503735,1.3463070441017675
GAS6__Macrophage,LAMP1__Malignant,GAS6__Macrophage|LAMP1__Malignant,0.10023492650430178,0.02715520792819093,0.8152883755651279,194.75646219785838,0.13445606301413646,0.1370780960112151,2.1836714469895835
LAMA4__Stroma,CD151__Malignant,LAMA4__Stroma|CD151__Malignant,0.10014308689117675,0.03091767180838787,0.7093664031102449,194.57801782955642,0.1295393964991105,0.0967677320684205,3.3087370689838584
HLA-F__Tcell,SDC4__Malignant,HLA-F__Tcell|SDC4__Malignant,0.09982005799459084,0.02905058940880193,0.8741623278936361,193.95037268349,0.136086799554268,0.12414956750703407,2.5159964237727026
CXCL12__Macrophage,CD99__Malignant,CXCL12__Macrophage|CD99__Malignant,0.09937402997084221,0,1.1961754005636547,193.08374023334642,0.15168920563096308,0.1685874206065707,1.6885594579570298
MMP9__Stroma,CD74__Tcell,MMP9__Stroma|CD74__Tcell,0.09916394646769656,0,12.188728490559244,192.67554798673441,0.7308311799037486,0.41756978849036436,0.7355650099637262
C3__Macrophage,CD81__Endothelial,C3__Macrophage|CD81__Endothelial,0.09869526966651725,0,9.95472477273375,191.764908962043,0.5978802189613832,1.041184155996476,0.24044622926616155
COL4A2__Stroma,PRLR__Malignant,COL4A2__Stroma|PRLR__Malignant,0.0975488095972469,0,2.0703943680421903,189.53733704745073,0.16807197735261614,0.3113495933476895,1.0867500600279012
COL4A1__Stroma,ALCAM__Malignant,COL4A1__Stroma|ALCAM__Malignant,0.09725975425778055,0,2.7976020441909686,188.97570252286764,0.19480714900013674,0.32799611785313787,0.9551546679616035
COL4A1__Stroma,CD44__Malignant,COL4A1__Stroma|CD44__Malignant,0.09723284660980955,0,1.3969854990332031,188.92342096285995,0.17365561049792022,0.32799611785313787,0.9919777787887728
CXCL12__Macrophage,CD74__Endothelial,CXCL12__Macrophage|CD74__Endothelial,0.09718187453629652,0,10.638880117188526,188.82438222402413,0.5902221244142271,0.1685874206065707,1.3838703192911708
LGALS9__Macrophage,CD74__Bcell,LGALS9__Macrophage|CD74__Bcell,0.09664044482399854,0,9.848972760722036,187.77238429302915,0.6167805081892097,0.21626567559697818,1.2132883299562962
VWF__Endothelial,CD44__Malignant,VWF__Endothelial|CD44__Malignant,0.09639512016770793,0,1.8092604922688302,187.2957184858565,0.19148834903144155,0.31127046622292953,0.9919777787887728
CXCL12__Macrophage,ATP6AP2__Malignant,CXCL12__Macrophage|ATP6AP2__Malignant,0.09578803958028655,0,0.8746531299522068,186.11616090449675,0.135495655310963,0.1685874206065707,1.7326990345240978
GAS6__Macrophage,FLOT1__Malignant,GAS6__Macrophage|FLOT1__Malignant,0.0954432089328171,0.024953634641154784,0.8499507263105752,185.44615495646363,0.12790348139915242,0.1370780960112151,2.0956379384472172
LGALS9__Macrophage,RAMP1__Malignant,LGALS9__Macrophage|RAMP1__Malignant,0.09478918250281865,0,1.2014585871414183,184.17538160297661,0.16455699673155788,0.21626567559697818,1.2193225078028083
LGALS9__Macrophage,AMFR__Malignant,LGALS9__Macrophage|AMFR__Malignant,0.09455604311349597,0,1.0428938933400802,183.72239176952266,0.14677644651984498,0.21626567559697818,1.3603338857474554
LAMA4__Stroma,GFRA1__Malignant,LAMA4__Stroma|GFRA1__Malignant,0.09354497254919504,0,1.1943638648633432,181.75788166308595,0.1611188137373958,0.0967677320684205,3.031979008876576
VWF__Endothelial,ALCAM__Malignant,VWF__Endothelial|ALCAM__Malignant,0.0901444021512559,0,1.7783130803385867,175.1505733798902,0.17368729466211877,0.31127046622292953,0.9551546679616035
COL4A2__Stroma,CD44__Malignant,COL4A2__Stroma|CD44__Malignant,0.08989301609699443,0,1.1131891721377078,174.6621302764602,0.15487969715569797,0.3113495933476895,0.9919777787887728
CXCL12__Macrophage,CD55__Malignant,CXCL12__Macrophage|CD55__Malignant,0.08987092321410252,0,0.7423094999792744,174.61920380500118,0.12577192267924964,0.1685874206065707,1.6377735679933618
HSPG2__Endothelial,ITGB1__Malignant,HSPG2__Endothelial|ITGB1__Malignant,0.08970177383954628,0,0.8212841176913854,174.29054657023843,0.1295417743179934,0.20643867387275688,1.4501081159741187
COL4A2__Stroma,ALCAM__Malignant,COL4A2__Stroma|ALCAM__Malignant,0.08889761216006609,0,1.8369692786503977,172.72806042700842,0.1642625087598157,0.3113495933476895,0.9551546679616035
PVR__Malignant,CD74__Endothelial,PVR__Malignant|CD74__Endothelial,0.08885380044747204,0,6.837552520971663,172.64293426943817,0.45941426030743754,0.20899106977704993,1.3838703192911708
GAS6__Macrophage,PLXNB2__Malignant,GAS6__Macrophage|PLXNB2__Malignant,0.08870156567230468,0,0.8257799306319121,172.347142101288,0.12358060194876584,0.1370780960112151,1.9270096496730231
HLA-F__Tcell,FLOT1__Malignant,HLA-F__Tcell|FLOT1__Malignant,0.08816543372990195,0.017821962995895165,1.253892496615617,171.3054377371995,0.1332562986742629,0.12414956750703407,2.0956379384472172
CXCL12__Macrophage,ERBB3__Malignant,CXCL12__Macrophage|ERBB3__Malignant,0.08816263854099902,0,0.9298736902782815,171.30000668516112,0.12595899808886304,0.1685874206065707,1.5674687034496217
HLA-F__Tcell,LAMP1__Malignant,HLA-F__Tcell|LAMP1__Malignant,0.08814186572124443,0.020870483621877475,0.9921469767141956,171.2596450963779,0.1237174164971751,0.12414956750703407,2.1836714469895835
CXCL12__Macrophage,DAG1__Malignant,CXCL12__Macrophage|DAG1__Malignant,0.08775782061344478,0,0.7191659675357518,170.5134454519232,0.12126004957116873,0.1685874206065707,1.5639052434775542
LAMA4__Stroma,IL6ST__Malignant,LAMA4__Stroma|IL6ST__Malignant,0.08657564370895075,0,0.7589543064549708,168.21647572649132,0.12222748013705882,0.0967677320684205,3.0822598068550318
CXCL12__Macrophage,PTPRF__Malignant,CXCL12__Macrophage|PTPRF__Malignant,0.08631357001615549,0,0.8539414665561259,167.7072665413901,0.12239022655581026,0.1685874206065707,1.546105650020893
LGALS9__Macrophage,CD81__Stroma,LGALS9__Macrophage|CD81__Stroma,0.08509031408814016,0,2.2033582571824932,165.33048027325634,0.2339267267623701,0.21626567559697818,1.1506572560566608
CXCL12__Macrophage,APLP2__Malignant,CXCL12__Macrophage|APLP2__Malignant,0.08434313909609888,0,0.877305527684337,163.87871926372011,0.1184385198814881,0.1685874206065707,1.504709795908961
GAS6__Macrophage,CD99__Malignant,GAS6__Macrophage|CD99__Malignant,0.08356772788316996,0,1.1667132382830891,162.37209527699923,0.13257871925527087,0.1370780960112151,1.6885594579570298
HLA-F__Tcell,SDC1__Malignant,HLA-F__Tcell|SDC1__Malignant,0.08312194029342464,0,0.7903401420586482,161.5059299901241,0.11961259580395503,0.12414956750703407,2.138768692077997
COL4A1__Stroma,NPTN__Malignant,COL4A1__Stroma|NPTN__Malignant,0.08087615483252908,0,1.3402890424787752,157.14236883960402,0.14660338950735818,0.32799611785313787,0.7683042186134074
CXCL12__Macrophage,ITGB1__Malignant,CXCL12__Macrophage|ITGB1__Malignant,0.0799714605300419,0,0.5995777754804614,155.3845478098714,0.10759746934494911,0.1685874206065707,1.4501081159741187
PVR__Malignant,CD74__Bcell,PVR__Malignant|CD74__Bcell,0.07930528571169954,0,5.497045055347258,154.0901701378322,0.4616597829939192,0.20899106977704993,1.2132883299562962
LAMA4__Stroma,ERBB2__Malignant,LAMA4__Stroma|ERBB2__Malignant,0.07930298445576642,0.02630909704928874,0.6195124782970551,154.08569879755416,0.10297652053771685,0.0967677320684205,2.6920046126759245
GAS6__Macrophage,ATP6AP2__Malignant,GAS6__Macrophage|ATP6AP2__Malignant,0.07916442396018049,0,0.7690026795786433,153.8164757546307,0.1132579709883129,0.1370780960112151,1.7326990345240978
GAS6__Macrophage,CD74__Endothelial,GAS6__Macrophage|CD74__Endothelial,0.0791050022462294,0,9.217378971919201,153.70101936442373,0.49833631640937864,0.1370780960112151,1.3838703192911708
COL4A1__Stroma,CD74__Tcell,COL4A1__Stroma|CD74__Tcell,0.07849095161566938,0,13.133014255538251,152.5079189892456,0.5854003956519227,0.32799611785313787,0.7355650099637262
CXCL12__Macrophage,APP__Malignant,CXCL12__Macrophage|APP__Malignant,0.07837564605949733,0,0.6907330390729056,152.28388029360332,0.11518915889620664,0.1685874206065707,1.4289138225487616
COL1A1__Stroma,ITGB1__Tcell,COL1A1__Stroma|ITGB1__Tcell,0.07830554671572346,0,10.650753904488738,152.14767726865068,0.5518620698092561,5.237722766420791,0.052995401581928225
LAMA4__Stroma,CDH1__Malignant,LAMA4__Stroma|CDH1__Malignant,0.07670367675168781,0.01707662912593008,0.6059014585296785,149.0352439285294,0.10205545731694245,0.0967677320684205,2.6343324248695374
PVR__Malignant,CD81__Macrophage,PVR__Malignant|CD81__Macrophage,0.07653134873238487,0,2.2772476001030744,148.7004105870238,0.23590000649750803,0.20899106977704993,1.0784718234125414
C3__Tcell,CD81__Stroma,C3__Tcell|CD81__Stroma,0.0759410163185742,0,2.702364554547016,147.55339470698968,0.2193699939399325,0.24350018848503735,1.1506572560566608
LAMA4__Stroma,SDC4__Malignant,LAMA4__Stroma|SDC4__Malignant,0.07493261488329557,0.023252199024670614,0.7013000247121395,145.5940707182433,0.0987558403778177,0.0967677320684205,2.5159964237727026
HLA-F__Tcell,PLXNB2__Malignant,HLA-F__Tcell|PLXNB2__Malignant,0.0748890965383651,0,1.4479817700088873,145.50951457404338,0.1068964063763266,0.12414956750703407,1.9270096496730231
CXCL12__Macrophage,CD74__Bcell,CXCL12__Macrophage|CD74__Bcell,0.07452942260923837,0,6.857910602601332,144.81066812975016,0.4655193258685486,0.1685874206065707,1.2132883299562962
COL4A2__Stroma,NPTN__Malignant,COL4A2__Stroma|NPTN__Malignant,0.07452560823463551,0,1.0164856639549662,144.80325679989681,0.12860923225789875,0.3113495933476895,0.7683042186134074
GAS6__Macrophage,CD55__Malignant,GAS6__Macrophage|CD55__Malignant,0.07443428789208341,0,0.6589519953775677,144.62582137431806,0.10545497286098737,0.1370780960112151,1.6377735679933618
VWF__Endothelial,NPTN__Malignant,VWF__Endothelial|NPTN__Malignant,0.07382377865379945,0,1.1039191652252325,143.43960192433235,0.13708231673275229,0.31127046622292953,0.7683042186134074
COL4A2__Stroma,CD74__Tcell,COL4A2__Stroma|CD74__Tcell,0.07368530531118446,0,13.349667586358615,143.1705482196314,0.5557779298599886,0.3113495933476895,0.7355650099637262
GAS6__Macrophage,ERBB3__Malignant,GAS6__Macrophage|ERBB3__Malignant,0.07354434026712561,0,0.8128209617850565,142.89665313902506,0.10756688570187616,0.1370780960112151,1.5674687034496217
CXCL12__Macrophage,AMFR__Malignant,CXCL12__Macrophage|AMFR__Malignant,0.07315167284830768,0,0.750720137611187,142.13370034426183,0.11301585866307268,0.1685874206065707,1.3603338857474554
GAS6__Macrophage,DAG1__Malignant,GAS6__Macrophage|DAG1__Malignant,0.07276046249275638,0,0.5970765178705454,141.37357862342566,0.10189333865857979,0.1370780960112151,1.5639052434775542
HLA-F__Tcell,ATP6AP2__Malignant,HLA-F__Tcell|ATP6AP2__Malignant,0.07223430652380496,0,0.7985398628431907,140.35125757575304,0.11093644893989883,0.12414956750703407,1.7326990345240978
GAS6__Macrophage,PTPRF__Malignant,GAS6__Macrophage|PTPRF__Malignant,0.07187895723654743,0,0.7814589732202786,139.66081391061167,0.10441253473749346,0.1370780960112151,1.546105650020893
CXCL12__Macrophage,RAMP1__Malignant,CXCL12__Macrophage|RAMP1__Malignant,0.07166168423790377,0,0.9231379371319484,139.23865247424703,0.12182584952274038,0.1685874206065707,1.2193225078028083
HLA-F__Tcell,TYROBP__Macrophage,HLA-F__Tcell|TYROBP__Macrophage,0.07160943714762383,0,2.796518610910484,139.13713637783312,0.2210642423440252,0.12414956750703407,1.481490261432842
HLA-F__Tcell,CD74__Endothelial,HLA-F__Tcell|CD74__Endothelial,0.07150633628395354,0,6.855517860018238,138.93681139972176,0.3737081914249085,0.12414956750703407,1.3838703192911708
LGALS9__Macrophage,PRLR__Malignant,LGALS9__Macrophage|PRLR__Malignant,0.07145181540480866,0,0.8841660223044623,138.83087733154323,0.11592293989204672,0.21626567559697818,1.0867500600279012
PVR__Malignant,CD81__Stroma,PVR__Malignant|CD81__Stroma,0.07090417854850141,0,1.5502660098363796,137.76681891973823,0.18965630839224185,0.20899106977704993,1.1506572560566608
GAS6__Macrophage,APLP2__Malignant,GAS6__Macrophage|APLP2__Malignant,0.07030807151177519,0,0.826493073969902,136.6085829473792,0.10127482593010455,0.1370780960112151,1.504709795908961
HLA-F__Tcell,CD99__Malignant,HLA-F__Tcell|CD99__Malignant,0.06758796314004972,0,1.0491269507237335,131.3234123811166,0.10078165991349526,0.12414956750703407,1.6885594579570298
LGALS9__Macrophage,CD44__Malignant,LGALS9__Macrophage|CD44__Malignant,0.06732396879137885,0,0.7162534554676374,130.81047136164912,0.11400062955818786,0.21626567559697818,0.9919777787887728
HLA-F__Tcell,CD55__Malignant,HLA-F__Tcell|CD55__Malignant,0.06662031195997678,0,1.134838986572706,129.4432661382349,0.10258768389963419,0.12414956750703407,1.6377735679933618
GAS6__Macrophage,ITGB1__Malignant,GAS6__Macrophage|ITGB1__Malignant,0.0663082836204628,0,0.508849636281863,128.8369950745592,0.09078366048238615,0.1370780960112151,1.4501081159741187
LAMA4__Stroma,SDC1__Malignant,LAMA4__Stroma|SDC1__Malignant,0.0660607758173973,0,0.6681555010779134,128.35608741320297,0.09548121533192257,0.0967677320684205,2.138768692077997
LAMA4__Stroma,LAMP1__Malignant,LAMA4__Stroma|LAMP1__Malignant,0.06566284339536427,0.01824162718988111,0.676487494631783,127.58290471719278,0.08862865882529009,0.0967677320684205,2.1836714469895835
GAS6__Macrophage,APP__Malignant,GAS6__Macrophage|APP__Malignant,0.06476225471780982,0,0.593353380175933,125.83306091670448,0.09586280794606274,0.1370780960112151,1.4289138225487616
CDH3__Malignant,TYROBP__Macrophage,CDH3__Malignant|TYROBP__Macrophage,0.06460747636957327,0,1.9918421395458363,125.53232658608087,0.18968716349718973,0.12751020310330502,1.481490261432842
FN1__Stroma,ITGB1__Tcell,FN1__Stroma|ITGB1__Tcell,0.06425156711871173,0,8.931376416118928,124.84079491165689,0.45424626430430676,4.9623990178513955,0.052995401581928225
CXCL12__Macrophage,CD81__Stroma,CXCL12__Macrophage|CD81__Stroma,0.06419355085872842,0,2.0327358257266583,124.72806931850933,0.17684033254238932,0.1685874206065707,1.1506572560566608
HLA-F__Tcell,DAG1__Malignant,HLA-F__Tcell|DAG1__Malignant,0.06385260021397442,0,0.6730055376412071,124.0656022157523,0.09368131480473431,0.12414956750703407,1.5639052434775542
LGALS9__Macrophage,ALCAM__Malignant,LGALS9__Macrophage|ALCAM__Malignant,0.06352865848252355,0,0.6677377851144134,123.43618343154327,0.10783619740556304,0.21626567559697818,0.9551546679616035
LAMA4__Stroma,FLOT1__Malignant,LAMA4__Stroma|FLOT1__Malignant,0.06299666821839228,0.018485849067026983,0.498893226531445,122.4025263483362,0.08611211479350112,0.0967677320684205,2.0956379384472172
MDK__Malignant,NOTCH2__Stroma,MDK__Malignant|NOTCH2__Stroma,0.06266350458263256,0,2.476740789383988,121.75518940405506,0.2510849366050819,2.4788277005539365,0.0778491171834821
HLA-F__Tcell,CD74__Bcell,HLA-F__Tcell|CD74__Bcell,0.062355700393135476,0,5.260131705838271,121.15712586386223,0.38037912268984514,0.12414956750703407,1.2132883299562962
HLA-F__Tcell,APLP2__Malignant,HLA-F__Tcell|APLP2__Malignant,0.06137059838192216,0,0.7087467595018354,119.24307265607474,0.0916334978212621,0.12414956750703407,1.504709795908961
C3__Stroma,ITGB2__Tcell,C3__Stroma|ITGB2__Tcell,0.06135291197570468,0,5.575223748191555,119.2087079687942,0.3798864089328541,1.03691250552144,0.14339311290711937
LGALS9__Macrophage,CD74__Tcell,LGALS9__Macrophage|CD74__Tcell,0.0611047785444254,0,13.604676286241839,118.72658471181855,0.48373248373305905,0.21626567559697818,0.7355650099637262
HLA-F__Tcell,ERBB3__Malignant,HLA-F__Tcell|ERBB3__Malignant,0.0609210812523243,0,0.8065558334486249,118.36966087326613,0.08791717089848393,0.12414956750703407,1.5674687034496217
GAS6__Macrophage,AMFR__Malignant,GAS6__Macrophage|AMFR__Malignant,0.06017353616037883,0,0.6392218082750265,116.91718075961606,0.09349098642712275,0.1370780960112151,1.3603338857474554
HLA-F__Tcell,APP__Malignant,HLA-F__Tcell|APP__Malignant,0.06007436312045916,0,0.8297783748825758,116.72448754305215,0.10060601704926599,0.12414956750703407,1.4289138225487616
GAS6__Macrophage,RAMP1__Malignant,GAS6__Macrophage|RAMP1__Malignant,0.0599071680650193,0,0.8116309459887944,116.3996275503325,0.10398641223914701,0.1370780960112151,1.2193225078028083
COL1A2__Stroma,ITGB1__Tcell,COL1A2__Stroma|ITGB1__Tcell,0.059358192900040005,0,7.798756831483569,115.33296880477772,0.4154969864770852,4.104821538519638,0.052995401581928225
HLA-F__Tcell,PTPRF__Malignant,HLA-F__Tcell|PTPRF__Malignant,0.059087272145981154,0,0.551711476499119,114.80656977964138,0.08286879252647346,0.12414956750703407,1.546105650020893
GAS6__Macrophage,CD74__Bcell,GAS6__Macrophage|CD74__Bcell,0.058788746094274195,0,5.0304845042073385,114.22653366117477,0.3715451592671334,0.1370780960112151,1.2132883299562962
HLA-F__Tcell,ITGB1__Malignant,HLA-F__Tcell|ITGB1__Malignant,0.058395302763986995,0,0.613472460759461,113.46207327042673,0.08491187599245725,0.12414956750703407,1.4501081159741187
C3__Stroma,CD81__Tcell,C3__Stroma|CD81__Tcell,0.058068910314519655,0,6.134794683623451,112.8278927411117,0.3715412172266524,1.03691250552144,0.140289460775183
HLA-F__Tcell,AMFR__Malignant,HLA-F__Tcell|AMFR__Malignant,0.057634572154894446,0,0.9705671927093663,111.98397369695991,0.0995410250602986,0.12414956750703407,1.3603338857474554
UBA52__Malignant,NOTCH1__Stroma,UBA52__Malignant|NOTCH1__Stroma,0.057621550001938894,0,5.70158117178112,111.95867165376727,0.3398418561005584,8.812024827702817,0.02120937790176539
LAMA4__Stroma,PLXNB2__Malignant,LAMA4__Stroma|PLXNB2__Malignant,0.057597438477878606,0,0.5761166121882424,111.91182296251813,0.07821301991235341,0.0967677320684205,1.9270096496730231
CXCL12__Macrophage,PRLR__Malignant,CXCL12__Macrophage|PRLR__Malignant,0.05558380541199084,0,0.6546591538890688,107.9993339154982,0.08986768667554823,0.1685874206065707,1.0867500600279012
ICOSLG__Malignant,TYROBP__Macrophage,ICOSLG__Malignant|TYROBP__Macrophage,0.05462838837247017,0,1.9687639503414118,106.14295860770955,0.1721460345310612,0.10017840678839164,1.481490261432842
LGALS9__Macrophage,NPTN__Malignant,LGALS9__Macrophage|NPTN__Malignant,0.05401127113891908,0,0.7719208490291128,104.94389982291978,0.0910943817862016,0.21626567559697818,0.7683042186134074
CDH3__Malignant,CD74__Endothelial,CDH3__Malignant|CD74__Endothelial,0.05297001605695503,0,3.888155020869143,102.92074119866363,0.27336943768486455,0.12751020310330502,1.3838703192911708
HLA-F__Tcell,CD81__Macrophage,HLA-F__Tcell|CD81__Macrophage,0.052750927071575505,0,2.10711552996904,102.49505130007121,0.17178825838096135,0.12414956750703407,1.0784718234125414
GAS6__Macrophage,CD81__Stroma,GAS6__Macrophage|CD81__Stroma,0.05202230108681019,0,1.4929129588299017,101.07933101167221,0.14327847663601773,0.1370780960112151,1.1506572560566608
LAMA4__Stroma,CD99__Malignant,LAMA4__Stroma|CD99__Malignant,0.052001037207310995,0,0.7587848843901499,101.03801529380526,0.07639279083462261,0.0967677320684205,1.6885594579570298
CXCL12__Macrophage,CD44__Malignant,CXCL12__Macrophage|CD44__Malignant,0.05197442094276374,0,0.536547870162805,100.98629989178995,0.08756339282647657,0.1685874206065707,0.9919777787887728
LAMA4__Stroma,ATP6AP2__Malignant,LAMA4__Stroma|ATP6AP2__Malignant,0.05147174761906834,0,0.4774025489403357,100.0096056238498,0.07270068685726536,0.0967677320684205,1.7326990345240978
LAMA4__Stroma,TYROBP__Macrophage,LAMA4__Stroma|TYROBP__Macrophage,0.050631342430986256,0,1.3754837192168543,98.3766983434063,0.14757094166208984,0.0967677320684205,1.481490261432842
LAMA4__Stroma,CD55__Malignant,LAMA4__Stroma|CD55__Malignant,0.050170675231743816,0,0.44203481344210516,97.48162197527823,0.07217314021429505,0.0967677320684205,1.6377735679933618
PVR__Malignant,CD74__Tcell,PVR__Malignant|CD74__Tcell,0.05001411533911914,0,8.273143935251587,97.17742610390849,0.36567048673421154,0.20899106977704993,0.7355650099637262
CXCL12__Macrophage,ALCAM__Malignant,CXCL12__Macrophage|ALCAM__Malignant,0.04920926839957407,0,0.4975848793487367,95.61360850037242,0.08315708533868299,0.1685874206065707,0.9551546679616035
HLA-F__Tcell,RAMP1__Malignant,HLA-F__Tcell|RAMP1__Malignant,0.04887574051243845,0,0.7236287207659363,94.9655638156679,0.08391486295169484,0.12414956750703407,1.2193225078028083
CXCL12__Macrophage,CD74__Tcell,CXCL12__Macrophage|CD74__Tcell,0.04794423653218879,0,9.890719321944054,93.15565158204282,0.3641723137118607,0.1685874206065707,0.7355650099637262
CDH3__Malignant,CD81__Macrophage,CDH3__Malignant|CD81__Macrophage,0.04779517044940904,0,1.4331266153739686,92.86601618320176,0.14687862348536837,0.12751020310330502,1.0784718234125414
CDH3__Malignant,CD81__Stroma,CDH3__Malignant|CD81__Stroma,0.047643779385378664,0,0.9806818855543764,92.57186334579075,0.12806585927937938,0.12751020310330502,1.1506572560566608
LAMA3__Malignant,TYROBP__Macrophage,LAMA3__Malignant|TYROBP__Macrophage,0.047602696367739596,0,1.4065731510976196,92.49203904251804,0.13804977854365622,0.0980495478143499,1.481490261432842
CDH3__Malignant,CD74__Bcell,CDH3__Malignant|CD74__Bcell,0.047564338049312836,0,3.3416155268978307,92.41750882981484,0.27677387650184854,0.12751020310330502,1.2132883299562962
LAMA4__Stroma,DAG1__Malignant,LAMA4__Stroma|DAG1__Malignant,0.047067243268301195,0,0.41979264394565413,91.45165367030923,0.06434667592194347,0.0967677320684205,1.5639052434775542
LAMA4__Stroma,ERBB3__Malignant,LAMA4__Stroma|ERBB3__Malignant,0.04663388859519481,0,0.4443285140108306,90.60964554046352,0.06482949832421542,0.0967677320684205,1.5674687034496217
LAMA4__Stroma,PTPRF__Malignant,LAMA4__Stroma|PTPRF__Malignant,0.046576113633446,0,0.46452799665759953,90.49738878978557,0.06646933082190054,0.0967677320684205,1.546105650020893
LAMA4__Stroma,APLP2__Malignant,LAMA4__Stroma|APLP2__Malignant,0.04599081462919385,0,0.4787367727242524,89.36015282452365,0.06533405880269634,0.0967677320684205,1.504709795908961
GAS6__Macrophage,PRLR__Malignant,GAS6__Macrophage|PRLR__Malignant,0.045451899667996946,0,0.5735059816205617,88.31304105491806,0.07375831718585785,0.1370780960112151,1.0867500600279012
LAMA4__Stroma,CD74__Endothelial,LAMA4__Stroma|CD74__Endothelial,0.04527316220878832,0,2.6963812518626935,87.96575417167571,0.22375625478461897,0.0967677320684205,1.3838703192911708
LAMA3__Malignant,CD74__Endothelial,LAMA3__Malignant|CD74__Endothelial,0.04383989735289322,0,2.756921636609912,85.18092055667151,0.2180612765152436,0.0980495478143499,1.3838703192911708
LGALS1__Stroma,PTPRC__Tcell,LGALS1__Stroma|PTPRC__Tcell,0.0437998742394654,0,4.531303459076827,85.10315564728127,0.2872393387504803,2.1793838461884762,0.07146806003824005
HLA-F__Tcell,PRLR__Malignant,HLA-F__Tcell|PRLR__Malignant,0.04377036196157951,0,0.5948757884157774,85.04581329134899,0.07666281168203282,0.12414956750703407,1.0867500600279012
LAMA4__Stroma,APP__Malignant,LAMA4__Stroma|APP__Malignant,0.0437071719249456,0,0.5451045672043516,84.9230350501693,0.06740655337974612,0.0967677320684205,1.4289138225487616
LAMA4__Stroma,ITGB1__Malignant,LAMA4__Stroma|ITGB1__Malignant,0.043539149335684854,0,0.48683291399813816,84.59656715923566,0.059793568489446176,0.0967677320684205,1.4501081159741187
GAS6__Macrophage,CD44__Malignant,GAS6__Macrophage|CD44__Malignant,0.04268392967915434,0,0.4594010616408311,82.93487536659688,0.07181516120815443,0.1370780960112151,0.9919777787887728
HLA-F__Tcell,CD81__Stroma,HLA-F__Tcell|CD81__Stroma,0.041678062563496696,0,1.2769044810551824,80.98047556087408,0.11336270966729907,0.12414956750703407,1.1506572560566608
CXCL12__Macrophage,NPTN__Malignant,CXCL12__Macrophage|NPTN__Malignant,0.041379200388215444,0,0.5968789590917645,80.3997863543026,0.06900310442284996,0.1685874206065707,0.7683042186134074
HLA-F__Tcell,CD44__Malignant,HLA-F__Tcell|CD44__Malignant,0.04070833745610158,0,0.7760489505755874,79.09629967720537,0.07634260369561308,0.12414956750703407,0.9919777787887728
ICOSLG__Malignant,CD81__Macrophage,ICOSLG__Malignant|CD81__Macrophage,0.040592023850105324,0,1.4165219023162168,78.87030234075465,0.1323538610019858,0.10017840678839164,1.0784718234125414
LAMA4__Stroma,AMFR__Malignant,LAMA4__Stroma|AMFR__Malignant,0.04034189420838828,0,0.4764442709879449,78.38430044689844,0.0644910547092447,0.0967677320684205,1.3603338857474554
GAS6__Macrophage,ALCAM__Malignant,GAS6__Macrophage|ALCAM__Malignant,0.040230690398063186,0,0.428438405316929,78.16823144343677,0.06817689883167712,0.1370780960112151,0.9551546679616035
LAMA4__Stroma,CD74__Bcell,LAMA4__Stroma|CD74__Bcell,0.04017536185224304,0,2.8907642699951355,78.06072807890823,0.2432425147011717,0.0967677320684205,1.2132883299562962
COL3A1__Stroma,ITGB1__Tcell,COL3A1__Stroma|ITGB1__Tcell,0.040165335381678685,0,5.6955955995511856,78.04124664660168,0.28436990693005487,2.8728693969111556,0.052995401581928225
LAMA3__Malignant,CD74__Bcell,LAMA3__Malignant|CD74__Bcell,0.0393405677629094,0,2.4705841285668053,76.43872316333297,0.2266521917742454,0.0980495478143499,1.2132883299562962
ICOSLG__Malignant,CD74__Endothelial,ICOSLG__Malignant|CD74__Endothelial,0.03923720929514546,0,3.6019729082651586,76.23789766046762,0.21485316688762837,0.10017840678839164,1.3838703192911708
ICOSLG__Malignant,CD81__Stroma,ICOSLG__Malignant|CD81__Stroma,0.038815652130550424,0,0.9180937898643446,75.41881208965947,0.1071431324230988,0.10017840678839164,1.1506572560566608
GAS6__Macrophage,CD74__Tcell,GAS6__Macrophage|CD74__Tcell,0.03853901783788525,0,8.538214054843781,74.88131165901103,0.29955350360718946,0.1370780960112151,0.7355650099637262
HLA-F__Tcell,ALCAM__Malignant,HLA-F__Tcell|ALCAM__Malignant,0.037995881426193166,0,0.6723459755549681,73.82599761109333,0.07071902836458328,0.12414956750703407,0.9551546679616035
LAMA4__Stroma,CD81__Macrophage,LAMA4__Stroma|CD81__Macrophage,0.0373287052308399,0,0.8802482514160329,72.52967426352193,0.11338682459829734,0.0967677320684205,1.0784718234125414
LAMA4__Stroma,RAMP1__Malignant,LAMA4__Stroma|RAMP1__Malignant,0.036174361567661635,0,0.49253166264472115,70.28678452596655,0.058515569669693575,0.0967677320684205,1.2193225078028083
LAMA3__Malignant,CD81__Macrophage,LAMA3__Malignant|CD81__Macrophage,0.03484449533522964,0,1.012026695934877,67.70285443635119,0.10539479119691988,0.0980495478143499,1.0784718234125414
LAMA3__Malignant,CD81__Stroma,LAMA3__Malignant|CD81__Stroma,0.034262963877137224,0,0.9724564515495026,66.57293881327763,0.09290434802338696,0.0980495478143499,1.1506572560566608
GAS6__Macrophage,NPTN__Malignant,GAS6__Macrophage|NPTN__Malignant,0.03419011012312107,0,0.5007219642990516,66.43138396922424,0.05758052732458068,0.1370780960112151,0.7683042186134074
APP__Malignant,NCSTN__Stroma,APP__Malignant|NCSTN__Stroma,0.03385862018825558,0,2.256776898668519,65.78729902578058,0.13377419890326764,1.4289138225487616,0.08053830240855842
LGALS1__Stroma,ITGB1__Tcell,LGALS1__Stroma|ITGB1__Tcell,0.03372989536910683,0,4.136398086176855,65.53718670217457,0.23492429588220295,2.1793838461884762,0.052995401581928225
ICOSLG__Malignant,CD74__Bcell,ICOSLG__Malignant|CD74__Bcell,0.03308873190976183,0,2.3488116960724468,64.29140610066723,0.19550443123681238,0.10017840678839164,1.2132883299562962
VWF__Endothelial,ITGAV__Malignant,VWF__Endothelial|ITGAV__Malignant,0.03289428159992929,0,0.643666910189206,63.91358914866261,0.0704451664776106,0.31127046622292953,0.34047994632525697
HLA-F__Tcell,NPTN__Malignant,HLA-F__Tcell|NPTN__Malignant,0.032245762194402484,0,0.5464303381945973,62.65351594372403,0.06084082716506279,0.12414956750703407,0.7683042186134074
LAMA4__Stroma,PRLR__Malignant,LAMA4__Stroma|PRLR__Malignant,0.031124315035459066,0,0.6848503237318783,60.47454411389696,0.05430741743313604,0.0967677320684205,1.0867500600279012
CXCL12__Endothelial,SDC4__Malignant,CXCL12__Endothelial|SDC4__Malignant,0.0309161236768598,0.009702554340781206,0.37870481013517215,60.07002830413859,0.04527953011019021,0.0404026276138562,2.5159964237727026
PSEN1__Malignant,NOTCH3__Stroma,PSEN1__Malignant|NOTCH3__Stroma,0.02945278981790785,0,1.824788364048972,57.22677061619495,0.12415994233722867,0.4802832399662151,0.1982939942328522
CDH3__Malignant,CD74__Tcell,CDH3__Malignant|CD74__Tcell,0.028934552291177657,0,5.06533545419743,56.219835101758186,0.21165287967004182,0.12751020310330502,0.7355650099637262
FBLN1__Tcell,ITGB1__Malignant,FBLN1__Tcell|ITGB1__Malignant,0.028829894267154082,0,0.3037218390137971,56.016484561080375,0.04388376232627102,0.06115795572125951,1.4501081159741187
COL1A1__Stroma,ITGA5__Tcell,COL1A1__Stroma|ITGA5__Tcell,0.02863804973208317,0,3.607449626685168,55.6437306294376,0.22911627918518016,5.237722766420791,0.020745189513129852
LAMA4__Stroma,CD44__Malignant,LAMA4__Stroma|CD44__Malignant,0.028313173293115116,0,0.3683599754252103,55.01249570852267,0.04909381469086474,0.0967677320684205,0.9919777787887728
LAMA4__Stroma,ALCAM__Malignant,LAMA4__Stroma|ALCAM__Malignant,0.027894154094856446,0,0.5129914163898301,54.19834140630607,0.051110940265342186,0.0967677320684205,0.9551546679616035
LTB__Tcell,LTBR__Malignant,LTB__Tcell|LTBR__Malignant,0.027143372420201383,0,0.3479563232630655,52.73957261245129,0.04551676473296386,0.12018677935397201,0.7016604720457518
FN1__Stroma,ITGB7__Tcell,FN1__Stroma|ITGB7__Tcell,0.02696640967487048,0,4.0898300577305005,52.39573399827334,0.23047561984933332,4.9623990178513955,0.02198402739245909
MDK__Malignant,SDC3__Stroma,MDK__Malignant|SDC3__Stroma,0.026334180665517095,0,1.7114842042977745,51.16731303309972,0.14808100415324324,2.4788277005539365,0.03405416989637283
LTB__Tcell,TNFRSF1A__Malignant,LTB__Tcell|TNFRSF1A__Malignant,0.025895270417069995,0,0.35511869471001545,50.314510420367,0.043797876530190294,0.12018677935397201,0.6635801288261558
LAMA4__Stroma,CD74__Tcell,LAMA4__Stroma|CD74__Tcell,0.025445530185806788,0,3.8508197942466444,49.440665151022586,0.1895504825180573,0.0967677320684205,0.7355650099637262
COL6A2__Stroma,ITGB1__Tcell,COL6A2__Stroma|ITGB1__Tcell,0.025294195976932058,0,2.9823940290647064,49.14662278317899,0.17401983536493412,1.5300498140955021,0.052995401581928225
LAMA3__Malignant,CD74__Tcell,LAMA3__Malignant|CD74__Tcell,0.02490494172463005,0,3.5391137305075393,48.390301770956185,0.17996275502198503,0.0980495478143499,0.7355650099637262
LAMA4__Stroma,NPTN__Malignant,LAMA4__Stroma|NPTN__Malignant,0.02342226643012796,0,0.3435222627010814,45.50946367373863,0.04123956306870668,0.0967677320684205,0.7683042186134074
FN1__Stroma,ITGA5__Tcell,FN1__Stroma|ITGA5__Tcell,0.023388977509655767,0,3.1385573623756335,45.444783301261154,0.18846673776545247,4.9623990178513955,0.020745189513129852
GRN__Macrophage,TNFRSF1A__Endothelial,GRN__Macrophage|TNFRSF1A__Endothelial,0.02321326732612435,0,2.7927401970219567,45.10337841465961,0.16627310863347874,1.093477965655005,0.05439289885774591
HSPG2__Endothelial,ITGB1__Stroma,HSPG2__Endothelial|ITGB1__Stroma,0.02294964185630406,0,1.9583319387852407,44.591154126798784,0.08027344272900083,0.20643867387275688,0.39328820770100364
ICOSLG__Malignant,CD74__Tcell,ICOSLG__Malignant|CD74__Tcell,0.022066283112946734,0,4.720446379061101,42.8747880884555,0.17068232807657785,0.10017840678839164,0.7355650099637262
COL1A1__Stroma,SDC1__Tcell,COL1A1__Stroma|SDC1__Tcell,0.02112633083984732,0,7.607854383609369,41.04846082182334,0.2565834043178011,5.237722766420791,0.01198769827866188
THY1__Stroma,ITGB2__Tcell,THY1__Stroma|ITGB2__Tcell,0.020607031552322286,0,1.582317019188248,40.0394623061622,0.12518555192635755,0.45897216136018176,0.14339311290711937
TNXB__Endothelial,SDC4__Malignant,TNXB__Endothelial|SDC4__Malignant,0.019786086043401666,0.006571413126292239,0.1825191010811621,38.444365182329435,0.028161305744732714,0.026585579543747975,2.5159964237727026
LAMB1__Endothelial,ITGB1__Malignant,LAMB1__Endothelial|ITGB1__Malignant,0.019056608873255425,0,0.17092207026432535,37.02699104073529,0.026578574981830024,0.04411778370339891,1.4501081159741187
MMP9__Stroma,ITGB2__Tcell,MMP9__Stroma|ITGB2__Tcell,0.018698442059159708,0,1.4182937235066202,36.33107292094731,0.11386040113275492,0.41756978849036436,0.14339311290711937
HSPG2__Endothelial,SDC1__Stroma,HSPG2__Endothelial|SDC1__Stroma,0.018273014134986332,0,0.5516780135975402,35.504466464278444,0.057275932841631655,0.20643867387275688,0.3386594771140244
COL1A1__Stroma,ITGAV__Tcell,COL1A1__Stroma|ITGAV__Tcell,0.0179135072400968,0,2.9883319537960897,34.80594456750808,0.1572328483892049,5.237722766420791,0.013420419158059905
FN1__Stroma,SDC1__Tcell,FN1__Stroma|SDC1__Tcell,0.017712816782587466,0,6.173033038507698,34.41600300856745,0.2131115251583822,4.9623990178513955,0.01198769827866188
CXCL12__Endothelial,ITGB1__Malignant,CXCL12__Endothelial|ITGB1__Malignant,0.017583332396167113,0,0.17070167638669653,34.1644148457527,0.025761757773920754,0.0404026276138562,1.4501081159741187
JAG2__Malignant,NOTCH3__Stroma,JAG2__Malignant|NOTCH3__Stroma,0.017379760061883024,0,0.8528297697363312,33.768873800238715,0.07017319229258538,0.286544264083078,0.1982939942328522
C3__Macrophage,IFITM1__Endothelial,C3__Macrophage|IFITM1__Endothelial,0.017069893121779065,0,3.229838445923209,33.16680233561672,0.12997088083012107,1.041184155996476,0.040686594649179154
FN1__Stroma,CD79A__Tcell,FN1__Stroma|CD79A__Tcell,0.017067958527788384,0,5.1676256104959855,33.16304341949283,0.20635143808926942,4.9623990178513955,0.013497248419780077
TFPI__Endothelial,SDC4__Malignant,TFPI__Endothelial|SDC4__Malignant,0.01641471440789198,0.004589363365372285,0.16765999227844147,31.89379009453412,0.023689765424014936,0.022122275003691648,2.5159964237727026
COL1A2__Stroma,SDC1__Tcell,COL1A2__Stroma|SDC1__Tcell,0.015898192193376296,0,5.731509898691734,30.89018743173014,0.19257899302304324,4.104821538519638,0.01198769827866188
TNXB__Endothelial,SDC1__Malignant,TNXB__Endothelial|SDC1__Malignant,0.015774779754395143,0,0.18625333704610356,30.650397062789764,0.02180333762641601,0.026585579543747975,2.138768692077997
COL6A1__Stroma,ITGB1__Tcell,COL6A1__Stroma|ITGB1__Tcell,0.015052464122734966,0,1.7737541399616004,29.24693779047404,0.10302042471378765,0.8968441217473748,0.052995401581928225
FN1__Stroma,ITGAV__Tcell,FN1__Stroma|ITGAV__Tcell,0.014936723323905103,0,2.6311135398360785,29.022053418347614,0.13254867606199724,4.9623990178513955,0.013420419158059905
LGALS9__Endothelial,CD44__Malignant,LGALS9__Endothelial|CD44__Malignant,0.014891775147361369,0,0.2551531686742752,28.93471911132314,0.02877917415803435,0.04742560862701709,0.9919777787887728
LAMA4__Endothelial,ITGB1__Malignant,LAMA4__Endothelial|ITGB1__Malignant,0.014787012898234819,0,0.12466016875352864,28.73116606127025,0.020586331277724055,0.03338461883513336,1.4501081159741187
C3__Stroma,IFITM1__Tcell,C3__Stroma|IFITM1__Tcell,0.014571164075431613,0,2.001540099481783,28.311771798563626,0.10787586340517791,1.03691250552144,0.037079567769554796
COL1A2__Stroma,ITGAV__Tcell,COL1A2__Stroma|ITGAV__Tcell,0.01364492491141455,0,2.224431855755454,26.51208910287847,0.11962258571694936,4.104821538519638,0.013420419158059905
LAMB1__Endothelial,CD44__Malignant,LAMB1__Endothelial|CD44__Malignant,0.013375727705484225,0,0.20158273033551835,25.98903893175585,0.024882269338208095,0.04411778370339891,0.9919777787887728
LAMC1__Endothelial,ITGB1__Malignant,LAMC1__Endothelial|ITGB1__Malignant,0.013017615349569306,0,0.1413143300617658,25.293226624213162,0.019441333621227415,0.029810471099212144,1.4501081159741187
LGALS9__Macrophage,CD44__Stroma,LGALS9__Macrophage|CD44__Stroma,0.011925534603899918,0,0.4642059506811278,23.17131373537754,0.040702595464163105,0.21626567559697818,0.1618967150270619
VWF__Endothelial,ITGAV__Stroma,VWF__Endothelial|ITGAV__Stroma,0.011872785097689617,0,0.781865827014202,23.06882144481093,0.0525851683955633,0.31127046622292953,0.11563985834516288
GNAI2__Endothelial,IGF1R__Malignant,GNAI2__Endothelial|IGF1R__Malignant,0.01164786132294847,0,0.3011083060767406,22.631794550488877,0.02796867685360751,0.10403045913940143,0.3548468605555846
COL6A3__Stroma,ITGB1__Tcell,COL6A3__Stroma|ITGB1__Tcell,0.011368064462053577,0,1.5541516420877823,22.088149249770098,0.07947140153462098,0.7635988755172406,0.052995401581928225
LGALS9__Bcell,CD44__Malignant,LGALS9__Bcell|CD44__Malignant,0.011361052406366262,0,0.1789096006828885,22.074524825569647,0.02294594768977958,0.03384175535629995,0.9919777787887728
PSEN1__Malignant,NCSTN__Stroma,PSEN1__Malignant|NCSTN__Stroma,0.01134226955278363,0,0.6289938238674803,22.038029741058594,0.04458887681970762,0.4802832399662151,0.08053830240855842
COL1A1__Stroma,ITGA1__Tcell,COL1A1__Stroma|ITGA1__Tcell,0.011244698057420177,0,3.9347851172212778,21.848448325567407,0.14618748997210076,5.237722766420791,0.007965408740116852
TNXB__Endothelial,ITGB1__Malignant,TNXB__Endothelial|ITGB1__Malignant,0.011230983581075838,0,0.11312952153489356,21.821801098030356,0.01596324410381982,0.026585579543747975,1.4501081159741187
PSEN1__Malignant,NOTCH2__Stroma,PSEN1__Malignant|NOTCH2__Stroma,0.011022068049608431,0,0.5213677713793193,21.41587822038918,0.04440578312554514,0.4802832399662151,0.0778491171834821
COL18A1__Stroma,ITGB1__Tcell,COL18A1__Stroma|ITGB1__Tcell,0.010804111992380077,0,1.2078238853451582,20.992389601194493,0.0736571725834355,0.5878958153249646,0.052995401581928225
C3__Tcell,IFITM1__Stroma,C3__Tcell|IFITM1__Stroma,0.01054279821325283,0,0.604826115639591,20.484656928350248,0.03931884117286206,0.24350018848503735,0.1756068891322049
LAMA4__Endothelial,CD44__Malignant,LAMA4__Endothelial|CD44__Malignant,0.010280256274271754,0,0.16986696729957618,19.974537940910018,0.01915379782300812,0.03338461883513336,0.9919777787887728
NID1__Endothelial,PTPRF__Malignant,NID1__Endothelial|PTPRF__Malignant,0.009612310520913991,0,0.10203226074110186,18.676719342135886,0.01345084138706932,0.021711560706612947,1.546105650020893
NID1__Endothelial,ITGB1__Malignant,NID1__Endothelial|ITGB1__Malignant,0.009398413462834146,0,0.07962792627287578,18.261117358286747,0.013380318962129831,0.021711560706612947,1.4501081159741187
TNXB__Tcell,SDC1__Malignant,TNXB__Tcell|SDC1__Malignant,0.009355872298896908,0,0.16618907789781776,18.178459876756694,0.014514296835930638,0.014114094034467084,2.138768692077997
LAMC1__Endothelial,CD44__Malignant,LAMC1__Endothelial|CD44__Malignant,0.00933772287632934,0,0.18044980581544873,18.143195548707908,0.018670454487953028,0.029810471099212144,0.9919777787887728
NAMPT__Endothelial,ITGB1__Malignant,NAMPT__Endothelial|ITGB1__Malignant,0.009161539558815728,0,0.07563035841169752,17.80087136277896,0.012603285737216778,0.020468137346452833,1.4501081159741187
CXCL12__Tcell,ITGB1__Malignant,CXCL12__Tcell|ITGB1__Malignant,0.009145388617216336,0,0.12687145003889153,17.76949008325134,0.013975225351287082,0.019949375715058535,1.4501081159741187
C3__Tcell,ITGB2__Stroma,C3__Tcell|ITGB2__Stroma,0.009115447043203452,0,1.0498580988556065,17.711313604944305,0.04803151136686743,0.24350018848503735,0.12407467180885462
COMP__Stroma,ITGB1__Tcell,COMP__Stroma|ITGB1__Tcell,0.008961486776773567,0,1.4726386202282966,17.41216880727104,0.06666906099084517,0.6920022511676684,0.052995401581928225
VCAN__Macrophage,CD44__Stroma,VCAN__Macrophage|CD44__Stroma,0.00871763374398264,0,0.3114682987548686,16.93836236455827,0.029551485099850804,0.16017456298618002,0.1618967150270619
SEMA4D__Bcell,ERBB2__Malignant,SEMA4D__Bcell|ERBB2__Malignant,0.008656626562929303,0.001979508390477872,0.08824226975856252,16.819825411771635,0.012720776380772979,0.010495343322213283,2.6920046126759245
COL1A2__Stroma,ITGA1__Tcell,COL1A2__Stroma|ITGA1__Tcell,0.008532608107248082,0,3.000004535604034,16.578857552383024,0.11110554610890801,4.104821538519638,0.007965408740116852
TIMP2__Stroma,ITGB1__Tcell,TIMP2__Stroma|ITGB1__Tcell,0.008300243834702162,0,1.0315093768828758,16.1273737708263,0.057463383015720806,0.4935251854950325,0.052995401581928225
GRN__Macrophage,TNFRSF1B__Endothelial,GRN__Macrophage|TNFRSF1B__Endothelial,0.008237912394158074,0,1.29973600438874,16.00626378184914,0.07107377441215286,1.093477965655005,0.020194979432760305
SPON2__Stroma,ITGB2__Tcell,SPON2__Stroma|ITGB2__Tcell,0.007735092050696024,0,0.7942124315607267,15.029283854502374,0.04767374553274636,0.1668331013942694,0.14339311290711937
HSPG2__Stroma,ITGB1__Tcell,HSPG2__Stroma|ITGB1__Tcell,0.007085226771648931,0,0.784881650168735,13.766595617313873,0.04861596730015476,0.4183378904186485,0.052995401581928225
JAG2__Malignant,NOTCH2__Stroma,JAG2__Malignant|NOTCH2__Stroma,0.006784296173496594,0,0.2687775713021437,13.181887465103882,0.0271253799043572,0.286544264083078,0.0778491171834821
FBLN1__Tcell,ITGB1__Stroma,FBLN1__Tcell|ITGB1__Stroma,0.0067108493841415776,0,0.6316511118269833,13.039180353387085,0.025406737330283823,0.06115795572125951,0.39328820770100364
TNXB__Tcell,ITGB1__Malignant,TNXB__Tcell|ITGB1__Malignant,0.00667187544333977,0,0.09535578181350743,12.963453986409174,0.010590954157686759,0.014114094034467084,1.4501081159741187
GNAI2__Endothelial,UNC5B__Malignant,GNAI2__Endothelial|UNC5B__Malignant,0.006654586898474289,0,0.15694573900242006,12.929862343735543,0.01713770555360951,0.10403045913940143,0.21851874520519393
TGFB1__Tcell,ENG__Malignant,TGFB1__Tcell|ENG__Malignant,0.006622337943901876,0,0.12552862119155972,12.867202625001344,0.013505900433397586,0.03340104903538341,0.5762389068180553
COL6A2__Stroma,SDC1__Tcell,COL6A2__Stroma|SDC1__Tcell,0.006484015917440608,0,2.594179188805771,12.598442927587103,0.08079303556234954,1.5300498140955021,0.01198769827866188
TNFSF13__Macrophage,SDC2__Malignant,TNFSF13__Macrophage|SDC2__Malignant,0.006430894136506692,0,0.3454726579513588,12.495227307232502,0.020295790155553762,0.12791672953208497,0.15343724353751104
JAM2__Endothelial,ITGB1__Malignant,JAM2__Endothelial|ITGB1__Malignant,0.006373181848220645,0,0.050863435008521925,12.383092331092714,0.008946486817484098,0.014096161353952518,1.4501081159741187
COL5A2__Stroma,ITGB1__Tcell,COL5A2__Stroma|ITGB1__Tcell,0.006139470426499215,0,0.8293570085735167,11.928991038687974,0.04294170143675502,0.4284756960429275,0.052995401581928225
EFNB1__Endothelial,ERBB2__Malignant,EFNB1__Endothelial|ERBB2__Malignant,0.006039562076704385,0.001498151922000453,0.08845509653423123,11.734869115036622,0.008811088005747706,0.007448687332475162,2.6920046126759245
SEMA4D__Bcell,PLXNB2__Malignant,SEMA4D__Bcell|PLXNB2__Malignant,0.005992121276785202,0,0.08936493545999985,11.642691640793647,0.008971506037220408,0.010495343322213283,1.9270096496730231
C3__Tcell,NRP1__Stroma,C3__Tcell|NRP1__Stroma,0.005941970597701651,0,0.88096038577660285,11.545248871334307,0.033742279147938946,0.24350018848503735,0.0758156683700155
COL6A2__Stroma,ITGAV__Tcell,COL6A2__Stroma|ITGAV__Tcell,0.005918110823861177,0,1.1617850847960418,11.498889330762267,0.05341082459387558,1.5300498140955021,0.013420419158059905
FBLN1__Stroma,ITGB1__Tcell,FBLN1__Stroma|ITGB1__Tcell,0.005907071147499435,0,0.7444147257399532,11.477439239591403,0.04051869546417218,0.2823802440500754,0.052995401581928225
COL5A1__Stroma,ITGB1__Tcell,COL5A1__Stroma|ITGB1__Tcell,0.005889421719158866,0,0.8019777202683709,11.443146400325677,0.04152332825956526,0.41917726122560656,0.052995401581928225
CDH1__Malignant,KLRG1__Tcell,CDH1__Malignant|KLRG1__Tcell,0.005872386048037284,0,1.8113712773188804,11.410046091336442,0.08384550997645437,2.6343324248695374,0.007138493233002854
VCAM1__Endothelial,ITGB1__Malignant,VCAM1__Endothelial|ITGB1__Malignant,0.005865915491235273,0,0.05334024954322302,11.397473799470136,0.008215549575506869,0.013205881207899567,1.4501081159741187
COL4A1__Stroma,ITGB1__Tcell,COL4A1__Stroma|ITGB1__Tcell,0.005660846320830579,0,0.6467154831224958,10.999024401373815,0.03871368637806522,0.32799611785313787,0.052995401581928225
ICAM3__Bcell,ITGB2__Malignant,ICAM3__Bcell|ITGB2__Malignant,0.005658931863350793,0,0.3152556870805441,10.995304610490589,0.013652913276828516,0.02584154977463137,0.7082838955253974
COL4A2__Stroma,ITGB1__Tcell,COL4A2__Stroma|ITGB1__Tcell,0.005331495928904089,0,0.6687420158241593,10.359096589860647,0.036829420330721147,0.3113495933476895,0.052995401581928225
SELE__Endothelial,CD44__Malignant,SELE__Endothelial|CD44__Malignant,0.005306143285178499,0,0.10994552524909182,10.309836403101823,0.010972471190287304,0.016982623000633617,0.9919777787887728
THBS1__Stroma,ITGB1__Tcell,THBS1__Stroma|ITGB1__Tcell,0.005208713246710278,0,0.6719283713311853,10.12052983835807,0.03648257264481749,0.3362292961086521,0.052995401581928225
THBS2__Stroma,ITGB1__Tcell,THBS2__Stroma|ITGB1__Tcell,0.0052037075285675145,0,0.694749834317037,10.11080372800668,0.036900089513180856,0.38171234100689666,0.052995401581928225
ICAM2__Endothelial,ITGB2__Malignant,ICAM2__Endothelial|ITGB2__Malignant,0.005069817814620361,0,0.22089085334709266,9.850656013807361,0.011192429873788693,0.023073763447056608,0.7082838955253974
FN1__Stroma,ITGA6__Tcell,FN1__Stroma|ITGA6__Tcell,0.005017319305343415,0,1.5717838951335912,9.748651410282255,0.07232375101014803,4.9623990178513955,0.0038603724665089954
LAMB1__Endothelial,ITGB1__Stroma,LAMB1__Endothelial|ITGB1__Stroma,0.0048548028751922625,0,0.38138272916216076,9.432881986498566,0.016739627084425612,0.04411778370339891,0.39328820770100364
LYZ__Macrophage,ITGAL__Endothelial,LYZ__Macrophage|ITGAL__Endothelial,0.004814285899919371,0,3.2621054307354225,9.35415750354334,0.09244911874092478,2.2226506004165927,0.004817550705229482
LTB__Tcell,LTBR__Stroma,LTB__Tcell|LTBR__Stroma,0.004719126523292805,0,0.18747663550935278,9.169262834757918,0.015470199339932602,0.12018677935397201,0.13954901060632577
LAMB1__Endothelial,ITGAV__Malignant,LAMB1__Endothelial|ITGAV__Malignant,0.004626524217622465,0,0.09558735376922772,8.989336554840449,0.009588246119569177,0.04411778370339891,0.34047994632525697
C3__Tcell,NRP1__Macrophage,C3__Tcell|NRP1__Macrophage,0.004601849531305893,0,0.539164836363032,8.94139363932735,0.02594589714402643,0.24350018848503735,0.0612230040125446
PLAU__Stroma,ITGB2__Tcell,PLAU__Stroma|ITGB2__Tcell,0.004545008326285723,0,0.3519209235025901,8.830951177973159,0.02774703020184049,0.12818153185409442,0.14339311290711937
CXCL12__Stroma,CXCR4__Tcell,CXCL12__Stroma|CXCR4__Tcell,0.004509936252678935,0,0.5611481151120391,8.76280613895517,0.031477968074072465,0.18515225437385138,0.06510286066596972
JAG1__Endothelial,NOTCH3__Malignant,JAG1__Endothelial|NOTCH3__Malignant,0.004481811242103408,0,0.10367986861894694,8.708159243406921,0.00869795273976782,0.027494680864623526,0.553657767963646
CXCL12__Endothelial,ITGB1__Stroma,CXCL12__Endothelial|ITGB1__Stroma,0.004459714685711705,0,0.39914758082405827,8.665225634337842,0.015758740809220736,0.0404026276138562,0.39328820770100364
CXCL12__Endothelial,ITGAV__Malignant,CXCL12__Endothelial|ITGAV__Malignant,0.004319896257236293,0,0.09716169439580177,8.393558427810117,0.0093243782530847,0.0404026276138562,0.34047994632525697
VCAM1__Tcell,ITGB1__Malignant,VCAM1__Tcell|ITGB1__Malignant,0.004308147701218159,0,0.05904229139768937,8.370730983466883,0.006256949398581322,0.0095567177885316,1.4501081159741187
EBI3__Bcell,IL6ST__Malignant,EBI3__Bcell|IL6ST__Malignant,0.004278585440987211,0,0.08319880937926781,8.313291511838152,0.007137310045368346,0.004429425961744565,3.0822598068550318
ICAM3__Bcell,ITGB2__Macrophage,ICAM3__Bcell|ITGB2__Macrophage,0.004254157682425777,0,0.27990883090875346,8.265828376953285,0.015045535835650353,0.02584154977463137,0.47201279147374947
ANGPTL2__Endothelial,ITGB1__Malignant,ANGPTL2__Endothelial|ITGB1__Malignant,0.0041944800208965705,0,0.03654471623062472,8.149874680602036,0.005953603208553126,0.010081943410925368,1.4501081159741187
COL18A1__Stroma,ITGA5__Tcell,COL18A1__Stroma|ITGA5__Tcell,0.003987382744669589,0,0.44425344010459505,7.747484672893012,0.0322288384768219,0.5878958153249646,0.020745189513129852
POSTN__Stroma,ITGB5__Tcell,POSTN__Stroma|ITGB5__Tcell,0.003943285265938478,0,0.6836559028934254,7.661803271718463,0.036530493168617846,0.8983081423842777,0.01776694617367144
CXCL12__Stroma,ITGB1__Tcell,CXCL12__Stroma|ITGB1__Tcell,0.003919550385391889,0,0.4255741452618093,7.615686398816441,0.026469451873254467,0.18515225437385138,0.052995401581928225
LAMA4__Endothelial,ITGB1__Stroma,LAMA4__Endothelial|ITGB1__Stroma,0.00387777492959002,0,0.24405206231545892,7.534516688193409,0.012804048875907607,0.03338461883513336,0.39328820770100364
VCAN__Stroma,ITGB1__Tcell,VCAN__Stroma|ITGB1__Tcell,0.0037896478522085313,0,0.4707364831922181,7.363285776841176,0.02665490927759793,0.2128455496940547,0.052995401581928225
COL6A1__Stroma,SDC1__Tcell,COL6A1__Stroma|SDC1__Tcell,0.0037783194739452724,0,1.3501745747228258,7.341274737875664,0.045294313160238735,0.8968441217473748,0.01198769827866188
COL6A2__Stroma,ITGA1__Tcell,COL6A2__Stroma|ITGA1__Tcell,0.003653560452608244,0,1.1543013751993487,7.0988679594178175,0.046618635001928865,1.5300498140955021,0.007965408740116852
LAMB1__Endothelial,ITGB4__Malignant,LAMB1__Endothelial|ITGB4__Malignant,0.003634312672848729,0,0.10141857020561688,7.061469523345081,0.009144499123320651,0.04411778370339891,0.274556204396678
LAMA4__Endothelial,ITGAV__Malignant,LAMA4__Endothelial|ITGAV__Malignant,0.0036084207817122823,0,0.06006339677729976,7.011161578866965,0.007471466644951116,0.03338461883513336,0.34047994632525697
COL6A1__Stroma,ITGAV__Tcell,COL6A1__Stroma|ITGAV__Tcell,0.0035061482251573907,0,0.6624359372507233,6.812446001480811,0.031384999376160634,0.8968441217473748,0.013420419158059905
SEMA4A__Bcell,PLXNB2__Malignant,SEMA4A__Bcell|PLXNB2__Malignant,0.0034167764093527356,0,0.06476897713628776,6.638796563372365,0.0058026594456577485,0.005867680179458925,1.9270096496730231
ADAM17__Endothelial,ITGB1__Malignant,ADAM17__Endothelial|ITGB1__Malignant,0.003380693517646866,0,0.05109535401694828,6.568687504787861,0.005476083302844492,0.007923079432293378,1.4501081159741187
FBN1__Stroma,ITGB1__Tcell,FBN1__Stroma|ITGB1__Tcell,0.003285717500232475,0,0.4788193178767989,6.384149102951699,0.02352634581741703,0.2162688524618463,0.052995401581928225
TGFB1__Macrophage,SDC2__Malignant,TGFB1__Macrophage|SDC2__Malignant,0.003283071671059543,0,0.17564699612289317,6.379008256868691,0.010325896938137354,0.06678136499271425,0.15343724353751104
LAMC1__Endothelial,ITGB1__Stroma,LAMC1__Endothelial|ITGB1__Stroma,0.0032190188946218967,0,0.23987240803245372,6.254553712250345,0.01129341690281342,0.029810471099212144,0.39328820770100364
CXCL12__Macrophage,ITGA5__Endothelial,CXCL12__Macrophage|ITGA5__Endothelial,0.0032128793200780527,0,0.5707221386053647,6.242624518911656,0.02621482558191589,0.1685874206065707,0.047342716511981485
GAS6__Tcell,AXL__Malignant,GAS6__Tcell|AXL__Malignant,0.003195751145093097,0,0.09067251009171966,6.209344474915888,0.009000662321816037,0.04947622970635011,0.19601024261614702
LAMC1__Endothelial,ITGAV__Malignant,LAMC1__Endothelial|ITGAV__Malignant,0.003189754178437363,0,0.06204225280814002,6.197692368703796,0.006829100110232766,0.029810471099212144,0.34047994632525697
COMP__Stroma,ITGA5__Tcell,COMP__Stroma|ITGA5__Tcell,0.003171851341104938,0,0.4970417271211629,6.162907155766894,0.02594159395631228,0.6920022511676684,0.020745189513129852
PSEN1__Malignant,NOTCH1__Stroma,PSEN1__Malignant|NOTCH1__Stroma,0.003157184263867318,0,0.4106320890062044,6.1344090246941985,0.019354993851127086,0.4802832399662151,0.02120937790176539
POSTN__Stroma,ITGAV__Tcell,POSTN__Stroma|ITGAV__Tcell,0.0031074074698631197,0,0.5363611282917387,6.0376927139440415,0.02752397303354198,0.8983081423842777,0.013420419158059905
JAG1__Endothelial,NOTCH2__Malignant,JAG1__Endothelial|NOTCH2__Malignant,0.0030842038268417775,0,0.07239442601160277,5.992608035553574,0.006725273749057997,0.027494680864623526,0.3804956838682088
COL6A3__Stroma,SDC1__Tcell,COL6A3__Stroma|SDC1__Tcell,0.0030188048861813695,0,0.9981310068833399,5.865537893850401,0.035823430161380426,0.7635988755172406,0.01198769827866188
VCAM1__Endothelial,ITGB2__Malignant,VCAM1__Endothelial|ITGB2__Malignant,0.0029958445496827764,0,0.0891826946094389,5.820925960033634,0.006307697437052044,0.013205881207899567,0.7082838955253974
CXCL12__Endothelial,CXCR4__Malignant,CXCL12__Endothelial|CXCR4__Malignant,0.002936725595428997,0,0.0853578066241122,5.7060578319185415,0.007673408433970755,0.0404026276138562,0.24073524315156472
SPON2__Stroma,ITGB1__Tcell,SPON2__Stroma|ITGB1__Tcell,0.002935699719278421,0,0.34316788924671765,5.704064554557972,0.020002548257327127,0.1668331013942694,0.052995401581928225
CXCL12__Endothelial,ITGA5__Malignant,CXCL12__Endothelial|ITGA5__Malignant,0.0028733473930559025,0,0.14009461999192083,5.582913984707619,0.008508673967967879,0.0404026276138562,0.2359686165762192
CLCF1__Tcell,IL6ST__Malignant,CLCF1__Tcell|IL6ST__Malignant,0.0028613861415255383,0,0.03617938836369031,5.559673272984121,0.004368484047606837,0.0029256831485462275,3.0822598068550318
JAG2__Endothelial,NOTCH3__Malignant,JAG2__Endothelial|NOTCH3__Malignant,0.002858563090176039,0,0.057565573679848096,5.554188084212044,0.0054017929272432135,0.016964774527952375,0.553657767963646
TNXB__Endothelial,ITGB1__Stroma,TNXB__Endothelial|ITGB1__Stroma,0.002836273569881295,0,0.22515199211164055,5.510879546279356,0.00959109058459093,0.026585579543747975,0.39328820770100364
LAMA4__Endothelial,ITGB4__Malignant,LAMA4__Endothelial|ITGB4__Malignant,0.002826097827301122,0,0.08696929822003462,5.49110807844608,0.007146544068368046,0.03338461883513336,0.274556204396678
COL11A1__Stroma,ITGB1__Tcell,COL11A1__Stroma|ITGB1__Tcell,0.00278306605284469,0,0.44944761549890355,5.407497340677232,0.020598517606556194,0.24807922114788997,0.052995401581928225
CXCL12__Stroma,CD4__Tcell,CXCL12__Stroma|CD4__Tcell,0.0027731757392552145,0,0.23338004718920793,5.388280461372882,0.019404667596550483,0.18515225437385138,0.03905065279942624
TGFB3__Tcell,ENG__Malignant,TGFB3__Tcell|ENG__Malignant,0.0027698023068787204,0,0.04949622097270035,5.381725882265354,0.005689580588478474,0.014434846616906643,0.5762389068180553
TNXB__Endothelial,ITGAV__Malignant,TNXB__Endothelial|ITGAV__Malignant,0.0027259739735826676,0,0.0582961611321027,5.296567430671123,0.005761300005052736,0.026585579543747975,0.34047994632525697
TNFSF13__Macrophage,TNFRSF1A__Endothelial,TNFSF13__Macrophage|TNFRSF1A__Endothelial,0.002687580608536041,0,0.2995826647325852,5.221969122385528,0.01888771807607146,0.12791672953208497,0.05439289885774591
COMP__Stroma,SDC1__Tcell,COMP__Stroma|SDC1__Tcell,0.002667830939196016,0,0.8678169399748801,5.183595514857859,0.0320302378998715,0.6920022511676684,0.01198769827866188
TGFB1__Tcell,ENG__Stroma,TGFB1__Tcell|ENG__Stroma,0.002635338729722625,0,0.1081148259181841,5.120463151851061,0.008818505430997159,0.03340104903538341,0.22622622153896152
COL6A3__Stroma,ITGAV__Tcell,COL6A3__Stroma|ITGAV__Tcell,0.002631646219363135,0,0.45644382994669747,5.1132886042225705,0.02331741900657843,0.7635988755172406,0.013420419158059905
LGALS9__Endothelial,CD44__Stroma,LGALS9__Endothelial|CD44__Stroma,0.0024973200687403597,0,0.1641678459019538,4.852292893562519,0.009512833249599003,0.04742560862701709,0.1618967150270619
SEMA4D__Bcell,PLXNB1__Malignant,SEMA4D__Bcell|PLXNB1__Malignant,0.0024793172761925267,0,0.046595154889522025,4.81731346764208,0.004106025509010775,0.010495343322213283,0.881937442349036
LAMC1__Endothelial,ITGB4__Malignant,LAMC1__Endothelial|ITGB4__Malignant,0.0024583103394128733,0,0.07982080062230897,4.776496989479213,0.006457366140181823,0.029810471099212144,0.274556204396678
TGFB1__Bcell,ENG__Malignant,TGFB1__Bcell|ENG__Malignant,0.002402237241591791,0,0.09992000525756559,4.66754696041285,0.005464677798292572,0.013308873016596329,0.5762389068180553
NAMPT__Endothelial,ITGB1__Stroma,NAMPT__Endothelial|ITGB1__Stroma,0.002397607307769557,0,0.15249075836904993,4.658550998996249,0.007992062820886174,0.020468137346452833,0.39328820770100364
PLEKHO2__Endothelial,PDGFRB__Malignant,PLEKHO2__Endothelial|PDGFRB__Malignant,0.002396268318670303,0,0.057115964648596904,4.655949343176398,0.005985474015941233,0.027321977048653277,0.29100935600144984
NID1__Endothelial,ITGB1__Stroma,NID1__Endothelial|ITGB1__Stroma,0.0023849009733115305,0,0.1963856889401073,4.633862591144303,0.0083564315572591,0.021711560706612947,0.39328820770100364
NAMPT__Endothelial,INSR__Malignant,NAMPT__Endothelial|INSR__Malignant,0.002381078934146332,0,0.04156242932340617,4.626436369046322,0.004837052873603644,0.020468137346452833,0.3812419890309437
IL6__Tcell,IL6ST__Malignant,IL6__Tcell|IL6ST__Malignant,0.002352624820507236,0,0.049044088020536655,4.57115002624556,0.004769736484368044,0.0022083622741426766,3.0822598068550318
LAMB1__Endothelial,CD44__Stroma,LAMB1__Endothelial|CD44__Stroma,0.0023461980949455088,0,0.14554735432932675,4.558662898479124,0.008636882987085391,0.04411778370339891,0.1618967150270619
VCAM1__Stroma,ITGB2__Tcell,VCAM1__Stroma|ITGB2__Tcell,0.002334203216409779,0,0.20110711350416682,4.5353568494842005,0.01436758030503,0.04511556370294015,0.14339311290711937
NID1__Endothelial,ITGAV__Malignant,NID1__Endothelial|ITGAV__Malignant,0.00229164672325118,0,0.04846454267988464,4.452669583277043,0.0048253457620399415,0.021711560706612947,0.34047994632525697
CLEC11A__Stroma,ITGB1__Tcell,CLEC11A__Stroma|ITGB1__Tcell,0.0022910984972033203,0,0.26360209398522155,4.451604380066051,0.01564019640670067,0.146111096794933,0.052995401581928225
TNXB__Endothelial,SDC1__Stroma,TNXB__Endothelial|SDC1__Stroma,0.002263244495894916,0,0.07042240062122257,4.397484055523822,0.007055980343414407,0.026585579543747975,0.3386594771140244
ICAM2__Bcell,ITGB2__Malignant,ICAM2__Bcell|ITGB2__Malignant,0.00216828488329948,0,0.08353157953630504,4.21297752825089,0.004891402579919944,0.009812832783226004,0.7082838955253974
LGALS9__Bcell,CD44__Macrophage,LGALS9__Bcell|CD44__Macrophage,0.0021410535415637313,0,0.11500060086503303,4.16006703125833,0.00796860017607622,0.03384175535629995,0.19731214416601128
COL6A1__Stroma,ITGA1__Tcell,COL6A1__Stroma|ITGA1__Tcell,0.002137471357370753,0,0.6763624451141105,4.153106847371373,0.027172865168237376,0.8968441217473748,0.007965408740116852
SEMA4D__Tcell,PLXNB2__Stroma,SEMA4D__Tcell|PLXNB2__Stroma,0.0020622514465924954,0,0.07902950864941963,4.006954560729219,0.006080425294556685,0.02362252381981245,0.3081241514349616
COMP__Stroma,ITGAV__Tcell,COMP__Stroma|ITGAV__Tcell,0.002022363345457204,0,0.2928368151944734,3.929451980223348,0.017679467432481426,0.6920022511676684,0.013420419158059905
MFNG__Endothelial,NOTCH2__Malignant,MFNG__Endothelial|NOTCH2__Malignant,0.0020081840957031417,0,0.036163050311030065,3.9019016979512045,0.004208962558541244,0.01775970329910064,0.3804956838682088
EBI3__Tcell,IL6ST__Malignant,EBI3__Tcell|IL6ST__Malignant,0.0019851400690122627,0,0.051574555916962604,3.857127154090827,0.0040208812302428495,0.0018853839497959266,3.0822598068550318
LAMB1__Stroma,ITGB1__Tcell,LAMB1__Stroma|ITGB1__Tcell,0.0019818057726709,0,0.2470153968429681,3.8506486162995586,0.01369566273366224,0.11486313448451917,0.052995401581928225
JAG2__Endothelial,NOTCH2__Malignant,JAG2__Endothelial|NOTCH2__Malignant,0.0019774432646162622,0,0.03790599287252553,3.8421722631493975,0.00416791380228686,0.016964774527952375,0.3804956838682088
JAG1__Endothelial,NOTCH3__Stroma,JAG1__Endothelial|NOTCH3__Stroma,0.0019684890051171185,0,0.24371262501156826,3.8247741369425614,0.010494613042863038,0.027494680864623526,0.1982939942328522
CXCL12__Tcell,ITGB1__Stroma,CXCL12__Tcell|ITGB1__Stroma,0.001933443229573923,0,0.14711982964925543,3.756680195062132,0.00692875675429623,0.019949375715058535,0.39328820770100364
LGALS9__Bcell,PTPRC__Malignant,LGALS9__Bcell|PTPRC__Malignant,0.0019086198111145567,0,0.13538214559039627,3.708448292995584,0.0063328884507717065,0.03384175535629995,0.17425624285195615
JAG2__Malignant,NOTCH1__Stroma,JAG2__Malignant|NOTCH1__Stroma,0.0019046236379136618,0,0.19191226599914443,3.700683728466245,0.01127137975888867,0.286544264083078,0.02120937790176539
LAMA4__Stroma,ITGB1__Tcell,LAMA4__Stroma|ITGB1__Tcell,0.0018424061510361126,0,0.19206725259708565,3.5797951514631667,0.01257323119595133,0.0967677320684205,0.052995401581928225
LAMA4__Endothelial,CD44__Stroma,LAMA4__Endothelial|CD44__Stroma,0.0018420680276224819,0,0.09313775709420692,3.5791381776704823,0.00646965350189564,0.03338461883513336,0.1618967150270619
THY1__Stroma,ITGAV__Tcell,THY1__Stroma|ITGAV__Tcell,0.0018283505493761122,0,0.3447677428094265,3.552485117437786,0.016334546435172497,0.45897216136018176,0.013420419158059905
SLIT2__Bcell,SDC1__Malignant,SLIT2__Bcell|SDC1__Malignant,0.0018089836578827024,0,0.02827423686094052,3.514855247266091,0.002719799423996373,0.0029082786653497005,2.138768692077997
HSPG2__Stroma,SDC1__Tcell,HSPG2__Stroma|SDC1__Tcell,0.0017862299896636432,0,0.6827144980510179,3.470644869916459,0.021885908159965585,0.4183378904186485,0.01198769827866188
PLAU__Stroma,ITGB1__Tcell,PLAU__Stroma|ITGB1__Tcell,0.0017520452884760098,0,0.23922825974277845,3.404223995508887,0.012532735804188368,0.12818153185409442,0.052995401581928225
LAMB1__Endothelial,ITGAV__Stroma,LAMB1__Endothelial|ITGAV__Stroma,0.0016463996109898145,0,0.11806917146327259,3.1989544441532094,0.007342886266411635,0.04411778370339891,0.11563985834516288
ICAM3__Tcell,ITGAL__Malignant,ICAM3__Tcell|ITGAL__Malignant,0.0016444417055905655,0,0.0656664375115892,3.195150233962469,0.00544263515212126,0.036374428186906414,0.13047751654196582
CXCL12__Endothelial,ITGA5__Stroma,CXCL12__Endothelial|ITGA5__Stroma,0.0016439150221696619,0,0.1364188290207185,3.1941268880756533,0.006811550318768574,0.0404026276138562,0.1401206062884482
JAG1__Endothelial,NOTCH1__Malignant,JAG1__Endothelial|NOTCH1__Malignant,0.0016431857034849662,0,0.03784799214213812,3.192709821871289,0.004164179297749511,0.027494680864623526,0.21779874614970743
GAS6__Tcell,AXL__Stroma,GAS6__Tcell|AXL__Stroma,0.0016185194801023658,0,0.09959280741480533,3.1447833498388964,0.006943989891371912,0.04947622970635011,0.09931160409307083
ITGAV__Stroma,THY1__Tcell,ITGAV__Stroma|THY1__Tcell,0.001610890359839204,0,0.2269703352662448,3.1299599691675737,0.013177245520665674,0.11563985834516288,0.04249930223834294
COL6A3__Stroma,ITGA1__Tcell,COL6A3__Stroma|ITGA1__Tcell,0.0016100905097105262,0,0.5685507039004266,3.1284058603675526,0.020953639715764055,0.7635988755172406,0.007965408740116852
SEMA4D__Tcell,ERBB2__Stroma,SEMA4D__Tcell|ERBB2__Stroma,0.0016089531937787554,0,0.08864193939071012,3.1261960555121218,0.0052125884855881216,0.02362252381981245,0.23099680036119483
LGALS9__Bcell,PTPRC__Macrophage,LGALS9__Bcell|PTPRC__Macrophage,0.0016014262849795608,0,0.1043820857449583,3.111571271715287,0.006565171523889463,0.03384175535629995,0.14475941240345047
TGFB1__Tcell,SDC2__Malignant,TGFB1__Tcell|SDC2__Malignant,0.0015900683741443304,0,0.06072943536865583,3.089502850962434,0.004808065335343801,0.03340104903538341,0.15343724353751104
LAMC1__Endothelial,CD44__Stroma,LAMC1__Endothelial|CD44__Stroma,0.0015859741027794102,0,0.09154267274353621,3.081547681700394,0.0060282193382270866,0.029810471099212144,0.1618967150270619
SEMA7A__Bcell,ITGB1__Malignant,SEMA7A__Bcell|ITGB1__Malignant,0.0015749686057639262,0,0.02957489690667157,3.0601640009993085,0.002484669200552303,0.0035055494452470824,1.4501081159741187
JAM2__Endothelial,ITGB1__Stroma,JAM2__Endothelial|ITGB1__Stroma,0.0015586133013078774,0,0.11451423143612793,3.028385644441206,0.005212324250876063,0.014096161353952518,0.39328820770100364
JAM2__Endothelial,ITGAV__Malignant,JAM2__Endothelial|ITGAV__Malignant,0.001554327498911048,0,0.02691363396442884,3.020058330384166,0.003204302293548681,0.014096161353952518,0.34047994632525697
SELPLG__Tcell,ITGB2__Stroma,SELPLG__Tcell|ITGB2__Stroma,0.001550975059237454,0,0.19506796121322992,3.0135445400983727,0.008034964403464913,0.03746551062766253,0.12407467180885462
TNXB__Tcell,ITGB1__Stroma,TNXB__Tcell|ITGB1__Stroma,0.0015408491309512266,0,0.1893826254056389,2.9938698614382333,0.006382958860747929,0.014114094034467084,0.39328820770100364
C3__Stroma,ITGAM__Tcell,C3__Stroma|ITGAM__Tcell,0.0015329629453482154,0,0.5681834900187287,2.9785470028115824,0.023057517625689816,1.03691250552144,0.0033649474544272134
CXCL12__Endothelial,ITGAV__Stroma,CXCL12__Endothelial|ITGAV__Stroma,0.0015320992203340968,0,0.12204629179752431,2.9768687851091498,0.0069649479631181,0.0404026276138562,0.11563985834516288
LAMC1__Stroma,ITGB1__Tcell,LAMC1__Stroma|ITGB1__Tcell,0.0015316727313260876,0,0.17915915622097928,2.976040116966588,0.010430911964889988,0.09133008230378381,0.052995401581928225
TGFB1__Bcell,ENG__Endothelial,TGFB1__Bcell|ENG__Endothelial,0.0015298253495322303,0,0.15112940123791757,2.9724506541411233,0.008228058477269993,0.013308873016596329,0.2589720440184267
PLAU__Macrophage,ITGA5__Endothelial,PLAU__Macrophage|ITGA5__Endothelial,0.0015026421383010262,0,0.28773940179187585,2.919633674718894,0.013038187188510113,0.08346426839491324,0.047342716511981485
ICAM2__Bcell,ITGB2__Macrophage,ICAM2__Bcell|ITGB2__Macrophage,0.0014976639469155624,0,0.09137467681266566,2.909961048856938,0.005272395894471196,0.009812832783226004,0.47201279147374947
TGFB1__Stroma,CXCR4__Tcell,TGFB1__Stroma|CXCR4__Tcell,0.0014971497885069992,0,0.1770850543364296,2.9089620390690993,0.010452993406489591,0.07365889415561483,0.06510286066596972
TGFB1__Bcell,ITGAV__Malignant,TGFB1__Bcell|ITGAV__Malignant,0.0014873745930846839,0,0.032781726590942716,2.8899688343635406,0.0033773605085438345,0.013308873016596329,0.34047994632525697
NAMPT__Endothelial,ITGA5__Malignant,NAMPT__Endothelial|ITGA5__Malignant,0.0014872625378219353,0,0.05038619419033523,2.8897511109880205,0.003942662022207039,0.020468137346452833,0.2359686165762192
LAMB1__Endothelial,ITGA6__Malignant,LAMB1__Endothelial|ITGA6__Malignant,0.0014853702481039891,0,0.05414858547088449,2.886074392066051,0.004667240125974323,0.04411778370339891,0.10899828253514668
CXCL12__Stroma,ITGA5__Tcell,CXCL12__Stroma|ITGA5__Tcell,0.0014798412856841224,0,0.18689693545633834,2.8753316180842496,0.012100631745087354,0.18515225437385138,0.020745189513129852
VCAM1__Endothelial,ITGB1__Stroma,VCAM1__Endothelial|ITGB1__Stroma,0.001465852522300996,0,0.1067745160774058,2.848151450830835,0.004874462166235156,0.013205881207899567,0.39328820770100364
ICAM3__Tcell,ITGB2__Stroma,ICAM3__Tcell|ITGB2__Stroma,0.0014655130151092787,0,0.14919722025425883,2.8474917883573285,0.007013214725793254,0.036374428186906414,0.12407467180885462
THBS2__Stroma,SDC1__Tcell,THBS2__Stroma|SDC1__Tcell,0.0014392899048463728,0,0.6043150382032942,2.796540285116502,0.01843004859231963,0.38171234100689666,0.01198769827866188
CXCL12__Tcell,ITGA5__Malignant,CXCL12__Tcell|ITGA5__Malignant,0.0014360703440274446,0,0.08047478661680081,2.790284678445325,0.00424945945029571,0.019949375715058535,0.2359686165762192
SLIT2__Tcell,SDC1__Malignant,SLIT2__Tcell|SDC1__Malignant,0.001433740706576959,0,0.014586374833430997,2.7857581928790314,0.0020503731697271185,0.0021644484782424203,2.138768692077997
COL4A1__Stroma,SDC1__Tcell,COL4A1__Stroma|SDC1__Tcell,0.0013992200832104297,0,0.4950099366209328,2.718684621677865,0.01666177815081364,0.32799611785313787,0.01198769827866188
PLEKHO2__Tcell,PDGFRB__Stroma,PLEKHO2__Tcell|PDGFRB__Stroma,0.00139420689816542,0,0.081607889063481,2.708944003135411,0.005350942186765877,0.019097223631122713,0.22070775448426103
CD40LG__Tcell,ITGB1__Malignant,CD40LG__Tcell|ITGB1__Malignant,0.0013877425174561682,0,0.022383625835746,2.696383711417335,0.002216061846837254,0.003085707211256262,1.4501081159741187
THBS1__Stroma,SDC1__Tcell,THBS1__Stroma|SDC1__Tcell,0.0013829621503099758,0,0.5844642191099622,2.687095458052283,0.017694000613911364,0.3362292961086521,0.01198769827866188
COL4A2__Stroma,SDC1__Tcell,COL4A2__Stroma|SDC1__Tcell,0.0013595946557267027,0,0.465127186981787,2.6416924160769835,0.016163896523644347,0.3113495933476895,0.01198769827866188
IL16__Tcell,CD4__Malignant,IL16__Tcell|CD4__Malignant,0.0013574267867199408,0,0.06167987128734823,2.6374802465968448,0.004545646808197572,0.030503692960344664,0.13867329038817686
TNFSF13__Macrophage,TNFRSF14__Endothelial,TNFSF13__Macrophage|TNFRSF14__Endothelial,0.0013505755978839532,0,0.19976626911244677,2.624168386688521,0.009944787578424165,0.12791672953208497,0.028635553026183185
TNXB__Stroma,ITGB1__Tcell,TNXB__Stroma|ITGB1__Tcell,0.0013424029331086744,0,0.1357404528704589,2.6082888990301543,0.009330492805985453,0.050532808409550024,0.052995401581928225
TNC__Stroma,ITGB1__Tcell,TNC__Stroma|ITGB1__Tcell,0.001338440668172921,0,0.15975042647235152,2.6005902182599856,0.009244222230722222,0.06631817823523847,0.052995401581928225
SLIT2__Bcell,APP__Malignant,SLIT2__Bcell|APP__Malignant,0.0013363590381558078,0,0.02828231916667284,2.596545611136735,0.0023306656407469993,0.0029082786653497005,1.4289138225487616
COL4A1__Stroma,ITGAV__Tcell,COL4A1__Stroma|ITGAV__Tcell,0.0013334377977640894,0,0.2551144192030834,2.590869641055626,0.011973448192778546,0.32799611785313787,0.013420419158059905
SEMA4A__Bcell,PLXNB1__Malignant,SEMA4A__Bcell|PLXNB1__Malignant,0.0013328144212045269,0,0.027058978035871897,2.589658420400396,0.0022778159952991524,0.005867680179458925,0.881937442349036
LAMA4__Endothelial,ITGAV__Stroma,LAMA4__Endothelial|ITGAV__Stroma,0.0013287817377555856,0,0.07672757856727977,2.5818229164591027,0.005748619338545532,0.03338461883513336,0.11563985834516288
TGFB1__Tcell,ITGAV__Stroma,TGFB1__Tcell|ITGAV__Stroma,0.0013262964221265007,0,0.07779001998656593,2.576993948191791,0.005787097144566326,0.03340104903538341,0.11563985834516288
JAG2__Endothelial,NOTCH3__Stroma,JAG2__Endothelial|NOTCH3__Stroma,0.001296240493959023,0,0.14949799760213395,2.5185952797623816,0.006483968393105001,0.016964774527952375,0.1982939942328522
COL4A2__Stroma,ITGAV__Tcell,COL4A2__Stroma|ITGAV__Tcell,0.001247039887474029,0,0.24035373708528684,2.4229985013620383,0.011170790308038471,0.3113495933476895,0.013420419158059905
TGFB1__Stroma,ENG__Tcell,TGFB1__Stroma|ENG__Tcell,0.0012403203513442268,0,0.2079638810441592,2.4099424426618326,0.010714687557248056,0.07365889415561483,0.05379174347607776
TNXB__Tcell,SDC1__Stroma,TNXB__Tcell|SDC1__Stroma,0.001233025579020865,0,0.04605147091434447,2.3957687000375407,0.004117506021616471,0.014114094034467084,0.3386594771140244
NPNT__Stroma,ITGB1__Tcell,NPNT__Stroma|ITGB1__Tcell,0.0012116358689713861,0,0.16451847555952093,2.354208493411403,0.008622047248660742,0.10683904934486474,0.052995401581928225
THBS2__Stroma,ITGAV__Tcell,THBS2__Stroma|ITGAV__Tcell,0.0012071048464916186,0,0.20965438928822241,2.3454047167332153,0.010720032573792589,0.38171234100689666,0.013420419158059905
THBS1__Stroma,ITGAV__Tcell,THBS1__Stroma|ITGAV__Tcell,0.0012047878139839344,0,0.23179669022804902,2.340902722570785,0.010833495230420282,0.3362292961086521,0.013420419158059905
PLA2G2A__Bcell,ITGB1__Malignant,PLA2G2A__Bcell|ITGB1__Malignant,0.001203296095401316,0,0.013941351031585421,2.3380043133647566,0.00185799276620054,0.0029083525112388814,1.4501081159741187
LAMA2__Bcell,ITGB1__Malignant,LAMA2__Bcell|ITGB1__Malignant,0.001201981541428562,0,0.021005669284905226,2.3354501349956958,0.002137330476162401,0.0027337744662035385,1.4501081159741187
FBN1__Stroma,ITGA5__Tcell,FBN1__Stroma|ITGA5__Tcell,0.0011914973064557333,0,0.145145833441828,2.31507926644349,0.009522782360050634,0.2162688524618463,0.020745189513129852
TGFB1__Bcell,ENG__Macrophage,TGFB1__Bcell|ENG__Macrophage,0.001182358834618059,0,0.12006525794384061,2.297323215662889,0.0051755903536433966,0.013308873016596329,0.2350483049921682
LAMA4__Endothelial,ITGA6__Malignant,LAMA4__Endothelial|ITGA6__Malignant,0.0011796505024483151,0,0.041763064830557944,2.292060926257076,0.003734584243874421,0.03338461883513336,0.10899828253514668
LAMA2__Tcell,ITGB1__Malignant,LAMA2__Tcell|ITGB1__Malignant,0.001179062372989012,0,0.021804567394599347,2.2909181907176506,0.0019443307376977286,0.002450952621024184,1.4501081159741187
NID1__Stroma,ITGB1__Tcell,NID1__Stroma|ITGB1__Tcell,0.0011702246072147003,0,0.13060550607440774,2.2737464118181627,0.008001433906820269,0.07139683234371068,0.052995401581928225
LTB__Tcell,CD40__Stroma,LTB__Tcell|CD40__Stroma,0.0011494611306866304,0,0.07966480308860041,2.233402976924123,0.006517287126014291,0.12018677935397201,0.029350024251570496
LAMC1__Endothelial,ITGAV__Stroma,LAMC1__Endothelial|ITGAV__Stroma,0.001149396206885554,0,0.0630657933872486,2.2332768299786316,0.0050959049753422575,0.029810471099212144,0.11563985834516288
CXCL12__Tcell,SDC4__Stroma,CXCL12__Tcell|SDC4__Stroma,0.0011459035244034005,0,0.07867394221838955,2.226490547915807,0.00421192141250146,0.019949375715058535,0.2027901188096092
ICAM3__Bcell,ITGB2__Stroma,ICAM3__Bcell|ITGB2__Stroma,0.0011028427897025492,0,0.12486010292365245,2.142823540392053,0.005270581692028539,0.02584154977463137,0.12407467180885462
C3__Stroma,NRP1__Tcell,C3__Stroma|NRP1__Tcell,0.0011018901782721207,0,0.38633009338732827,2.1409726163827303,0.015722970127568243,1.03691250552144,0.0027296962593847634
TGFB3__Tcell,ENG__Stroma,TGFB3__Tcell|ENG__Stroma,0.0011014472260476038,0,0.059787866899446394,2.1401119602104943,0.003785312674760315,0.014434846616906643,0.22622622153896152
MFNG__Endothelial,NOTCH1__Malignant,MFNG__Endothelial|NOTCH1__Malignant,0.0011008878573606272,0,0.02509717402075702,2.1390251068516988,0.0027742433636090517,0.01775970329910064,0.21779874614970743
COL6A1__Stroma,ITGA6__Tcell,COL6A1__Stroma|ITGA6__Tcell,0.0010929228479210089,0,0.31519350406802576,2.1235490935105203,0.01508808826182035,0.8968441217473748,0.0038603724665089954
SPON2__Stroma,ITGA5__Tcell,SPON2__Stroma|ITGA5__Tcell,0.0010861422627619034,0,0.11844009499102716,2.110374416546378,0.008723956735983604,0.1668331013942694,0.020745189513129852
TNFSF14__Tcell,LTBR__Malignant,TNFSF14__Tcell|LTBR__Malignant,0.0010796542657449844,0,0.016161875863009257,2.0977682383425047,0.0019215578820624634,0.0044650773727968746,0.7016604720457518
IL16__Bcell,CD4__Macrophage,IL16__Bcell|CD4__Macrophage,0.0010789647202712933,0,0.09436070795631768,2.096428451487123,0.004373189880659725,0.01960921723678463,0.14713994376794853
JAG2__Endothelial,NOTCH1__Malignant,JAG2__Endothelial|NOTCH1__Malignant,0.0010752088344171786,0,0.02337010752269727,2.089130765272578,0.0027061221545537062,0.016964774527952375,0.21779874614970743
VEGFC__Endothelial,ITGB1__Malignant,VEGFC__Endothelial|ITGB1__Malignant,0.0010740376003771533,0,0.015324324695217,2.0868550575328086,0.0016746508134249547,0.0025247784942877627,1.4501081159741187
LAMC1__Endothelial,ITGA6__Malignant,LAMC1__Endothelial|ITGA6__Malignant,0.0010687428657415326,0,0.04347692244104614,2.076567388135798,0.0035351934611662634,0.029810471099212144,0.10899828253514668
ICAM3__Bcell,ITGAL__Malignant,ICAM3__Bcell|ITGAL__Malignant,0.0010655145073464756,0,0.043805063445181605,2.070294687774202,0.0035985494633554824,0.02584154977463137,0.13047751654196582
ANGPTL2__Endothelial,ITGB1__Stroma,ANGPTL2__Endothelial|ITGB1__Stroma,0.001063739181050209,0,0.0849426606094606,2.066845228780556,0.003708608936293405,0.010081943410925368,0.39328820770100364
ADAM12__Stroma,ITGB1__Tcell,ADAM12__Stroma|ITGB1__Tcell,0.0010460219910649288,0,0.12366518106908361,2.0324207286391567,0.007210221712718669,0.06288101758614487,0.052995401581928225
VEGFB__Bcell,RET__Malignant,VEGFB__Bcell|RET__Malignant,0.001043144512347351,0,0.04970626605631595,2.0268297874909025,0.003148038957256215,0.014069968870627236,0.2586407843540243
F13A1__Stroma,ITGB1__Tcell,F13A1__Stroma|ITGB1__Tcell,0.001041075754571643,0,0.10759372881711997,2.0228101911327028,0.006971448398693235,0.057513153323992976,0.052995401581928225
BGN__Stroma,LY96__Tcell,BGN__Stroma|LY96__Tcell,0.0010328822341284167,0,0.400783172840275,2.0068901809115136,0.013255908128942924,0.9064413532076719,0.004275526261958868
MFGE8__Stroma,ITGAV__Tcell,MFGE8__Stroma|ITGAV__Tcell,0.0010297020906995526,0,0.20948636774196053,2.000711162229231,0.00942726330945064,0.2461913766678755,0.013420419158059905
GNAI2__Endothelial,IGF1R__Stroma,GNAI2__Endothelial|IGF1R__Stroma,0.0010169961224279693,0,0.1135425233346536,1.9760234658775444,0.006631494005750946,0.10403045913940143,0.027914379089465546
CX3CL1__Endothelial,ITGAV__Malignant,CX3CL1__Endothelial|ITGAV__Malignant,0.001015266155003194,0,0.01923288323887489,1.972662139171206,0.0021496208641651826,0.009262609934508882,0.34047994632525697
TNXB__Endothelial,ITGAV__Stroma,TNXB__Endothelial|ITGAV__Stroma,9.97066237920588e-4,0,0.08397629144617155,1.9372997002797023,0.004461973894121412,0.026585579543747975,0.11563985834516288
ANGPTL4__Macrophage,SDC2__Malignant,ANGPTL4__Macrophage|SDC2__Malignant,9.921268991920306e-4,0,0.07032914009922557,1.9277025651301154,0.0034642412450575843,0.01886186456802958,0.15343724353751104
TNN__Bcell,SDC4__Malignant,TNN__Bcell|SDC4__Malignant,9.80577094196799e-4,2.120947482779389e-4,0.035121651218401675,1.9052612940243807,0.0021268358135308604,0.001230724133743673,2.5159964237727026
INHBA__Stroma,ENG__Tcell,INHBA__Stroma|ENG__Tcell,9.74331238830803e-4,0,0.1390686368915355,1.8931255970482501,0.008077218627695806,0.07067394448627892,0.05379174347607776
SLIT2__Tcell,APP__Malignant,SLIT2__Tcell|APP__Malignant,9.734352670551342e-4,0,0.013827323838785535,1.8913847238881258,0.0015666564949311272,0.0021644484782424203,1.4289138225487616
TGFB1__Bcell,CXCR4__Malignant,TGFB1__Bcell|CXCR4__Malignant,9.704781398446574e-4,0,0.03008886904603921,1.8856390257181694,0.0026020270257691045,0.013308873016596329,0.24073524315156472
SELE__Bcell,CD44__Malignant,SELE__Bcell|CD44__Malignant,0.00096456790575423165,0,0.035731588148529,1.8741554408804721,0.002655234677887908,0.002460415137313105,0.9919777787887728
CSPG4__Stroma,ITGB1__Tcell,CSPG4__Stroma|ITGB1__Tcell,9.56053754846927e-4,0,0.10864781291429676,1.857612445667579,0.006443571796219615,0.051482698845411914,0.052995401581928225
ANGPTL2__Stroma,ITGB1__Tcell,ANGPTL2__Stroma|ITGB1__Tcell,9.460875168140032e-4,0,0.11972373781626706,1.8382480451696082,0.006610273175726502,0.06296215533843931,0.052995401581928225
ICAM2__Endothelial,ITGB2__Stroma,ICAM2__Endothelial|ITGB2__Stroma,9.432873913062655e-4,0,0.08566768166988004,1.8328074013080737,0.004185656220728177,0.023073763447056608,0.12407467180885462
ICAM2__Endothelial,ITGAL__Malignant,ICAM2__Endothelial|ITGAL__Malignant,9.335829774654724e-4,0,0.04093489843530424,1.8139517252154127,0.0030723245372739345,0.023073763447056608,0.13047751654196582
CXCL12__Stroma,ITGAV__Tcell,CXCL12__Stroma|ITGAV__Tcell,9.270416768866559e-4,0,0.18254142890158606,1.8012419781907723,0.008571403144881588,0.18515225437385138,0.013420419158059905
TNXB__Tcell,SDC4__Stroma,TNXB__Tcell|SDC4__Stroma,9.254028197788396e-4,0,0.07505732004793354,1.7980576788302853,0.0036860827278204895,0.014114094034467084,0.2027901188096092
VCAM1__Stroma,ITGB1__Tcell,VCAM1__Stroma|ITGB1__Tcell,9.130741987754019e-4,0,0.1182087152076477,1.7741031682206059,0.0064452886512255895,0.04511556370294015,0.052995401581928225
TGFB3__Stroma,ENG__Tcell,TGFB3__Stroma|ENG__Tcell,9.070802363076438e-4,0,0.13997052679827232,1.7624568991457519,0.007813064786877181,0.049226521257953966,0.05379174347607776
LAMA2__Bcell,CD44__Malignant,LAMA2__Bcell|CD44__Malignant,9.037703775360055e-4,0,0.026743686034138254,1.7560258435524587,0.0021827711945634283,0.0027337744662035385,0.9919777787887728
VCAM1__Tcell,ITGB1__Stroma,VCAM1__Tcell|ITGB1__Stroma,8.967223505684363e-4,0,0.06317471688774187,1.742331527154472,0.003061152854444752,0.0095567177885316,0.39328820770100364
SELE__Endothelial,CD44__Stroma,SELE__Endothelial|CD44__Stroma,8.964475503529126e-4,0,0.054581031074299416,1.7417975903357092,0.0033660413414459364,0.016982623000633617,0.1618967150270619
CXCL12__Tcell,CD4__Malignant,CXCL12__Tcell|CD4__Malignant,8.948099874912543e-4,0,0.04657319265320269,1.7386158056955072,0.003041276937811064,0.019949375715058535,0.13867329038817686
COL7A1__Stroma,ITGB1__Tcell,COL7A1__Stroma|ITGB1__Tcell,8.93577657409138e-4,0,0.086087172673708,1.7362213883459552,0.00603664136345633,0.05046371596579183,0.052995401581928225
ITGAL__Bcell,ICAM1__Malignant,ITGAL__Bcell|ICAM1__Malignant,8.871878846432213e-4,0,0.1893138943622557,1.723806059861779,0.005131636917145671,0.011649537249880545,0.21037012279678957
COL5A2__Stroma,ITGA1__Tcell,COL5A2__Stroma|ITGA1__Tcell,8.866835675779429e-4,0,0.3162775297854579,1.722826171803943,0.01158087633858093,0.4284756960429275,0.007965408740116852
SEMA4D__Bcell,PLXNB2__Stroma,SEMA4D__Bcell|PLXNB2__Stroma,8.861447491633403e-4,0,0.04963779694447874,1.72177924762437,0.0026662419863367672,0.010495343322213283,0.3081241514349616
ITGAL__Tcell,ICAM1__Stroma,ITGAL__Tcell|ICAM1__Stroma,8.682391414339055e-4,0,0.099948635142576,1.6869886518060784,0.004911586050399465,0.05325190477216975,0.04853453727479767
ADAM17__Endothelial,ITGB1__Stroma,ADAM17__Endothelial|ITGB1__Stroma,8.588633835560812e-4,0,0.0815202846790309,1.6687715542494657,0.0031961072021955902,0.007923079432293378,0.39328820770100364
COL5A1__Stroma,ITGA1__Tcell,COL5A1__Stroma|ITGA1__Tcell,8.514312923566975e-4,0,0.3139977728901411,1.6543310010490633,0.011229119005028243,0.41917726122560656,0.007965408740116852
NAMPT__Endothelial,ITGA5__Stroma,NAMPT__Endothelial|ITGA5__Stroma,8.428904404199943e-4,0,0.05084608154159666,1.637736125736049,0.003272032318708048,0.020468137346452833,0.1401206062884482
ANGPTL4__Stroma,ITGB1__Tcell,ANGPTL4__Stroma|ITGB1__Tcell,8.4135486980386e-4,0,0.0910751164280117,1.6347525120289,0.005720268956375314,0.058635681992163534,0.052995401581928225
IL16__Bcell,CD4__Malignant,IL16__Bcell|CD4__Malignant,8.394441463259682e-4,0,0.05318655105199825,1.6310399763113563,0.0028900726874474775,0.01960921723678463,0.13867329038817686
ICAM2__Tcell,ITGAL__Malignant,ICAM2__Tcell|ITGAL__Malignant,8.292487015604192e-4,0,0.03010017239162475,1.6112302271318946,0.002701199545514758,0.018514221673739045,0.13047751654196582
ADAM17__Malignant,NOTCH1__Stroma,ADAM17__Malignant|NOTCH1__Stroma,8.235136430354167e-4,0,0.0784688992194438,1.6000870084178147,0.004832748716393699,0.12721881287981635,0.02120937790176539
NID1__Endothelial,ITGAV__Stroma,NID1__Endothelial|ITGAV__Stroma,8.184626502412521e-4,0,0.058706234270504386,1.5902729294187528,0.003651902037464786,0.021711560706612947,0.11563985834516288
COL4A1__Stroma,ITGA1__Tcell,COL4A1__Stroma|ITGA1__Tcell,8.149166831180934e-4,0,0.2568520521443025,1.5833831152984554,0.010304111255850833,0.32799611785313787,0.007965408740116852
LIF__Tcell,IL6ST__Malignant,LIF__Tcell|IL6ST__Malignant,7.976327173992795e-4,0,0.016386664489166026,1.5498003699068,0.0014076684890632258,7.920565506072566e-4,3.0822598068550318
LAMB1__Endothelial,ITGA1__Stroma,LAMB1__Endothelial|ITGA1__Stroma,7.862504760162986e-4,0,0.094724716600255,1.5276846748996682,0.0052455983528650425,0.04411778370339891,0.05242443771135602
DCN__Stroma,TLR2__Tcell,DCN__Stroma|TLR2__Tcell,7.742258013274492e-4,0,0.3823048365851933,1.5043207319792338,0.01315259618494804,0.9096783273696445,0.0029681452885436097
COL4A2__Stroma,ITGA1__Tcell,COL4A2__Stroma|ITGA1__Tcell,7.736225558274611e-4,0,0.26557151981123345,1.503148625972757,0.009956219036796833,0.3113495933476895,0.007965408740116852
SEMA4D__Bcell,PLXNB2__Macrophage,SEMA4D__Bcell|PLXNB2__Macrophage,7.600305112570315e-4,0,0.0337427863640439,1.476739283372412,0.0027150258984472075,0.010495343322213283,0.22998088526099292
ICAM2__Tcell,ITGB2__Stroma,ICAM2__Tcell|ITGB2__Stroma,7.590583943219762e-4,0,0.07844885066392705,1.4748504601675998,0.0037565392159599914,0.018514221673739045,0.12407467180885462
DLL4__Endothelial,NOTCH3__Malignant,DLL4__Endothelial|NOTCH3__Malignant,7.587040460117952e-4,0,0.021958595847742624,1.474161961400918,0.0016610197566010389,0.005092430950947915,0.553657767963646
TNN__Bcell,SDC1__Malignant,TNN__Bcell|SDC1__Malignant,7.444642507053844e-4,0,0.018602080333178887,1.4464940391205618,0.0013889692828825168,0.001230724133743673,2.138768692077997
FBN1__Stroma,ITGAV__Tcell,FBN1__Stroma|ITGAV__Tcell,7.433303791821573e-4,0,0.11605339551492176,1.4442909267509316,0.0064910461582555114,0.2162688524618463,0.013420419158059905
BGN__Stroma,TLR2__Tcell,BGN__Stroma|TLR2__Tcell,7.409633143411132e-4,0,0.38791699381881417,1.439691719764783,0.012692544737565245,0.9064413532076719,0.0029681452885436097
PLAU__Stroma,MRC2__Tcell,PLAU__Stroma|MRC2__Tcell,7.382773456401831e-4,0,0.08911573178085194,1.4344728825788757,0.005693944319789095,0.12818153185409442,0.022399803834988522
TNFSF14__Tcell,TNFRSF14__Malignant,TNFSF14__Tcell|TNFRSF14__Malignant,7.273385617785655e-4,0,0.01376919379134287,1.413218825535753,0.0015447789428405816,0.0044650773727968746,0.4739756567179953
SEMA4D__Bcell,ERBB2__Stroma,SEMA4D__Bcell|ERBB2__Stroma,7.220538168622764e-4,0,0.047360168704214,1.402950566163403,0.002460052031279949,0.010495343322213283,0.23099680036119483
CD48__Bcell,CD2__Malignant,CD48__Bcell|CD2__Malignant,7.159505882931604e-4,0,0.03677580976299059,1.3910919930536108,0.002728527760402672,0.021473692924587357,0.10766431258848908
CXCL12__Tcell,ITGAV__Stroma,CXCL12__Tcell|ITGAV__Stroma,6.945628257016076e-4,0,0.03866777366314103,1.3495355703382235,0.003128242916922289,0.019949375715058535,0.11563985834516288
LTA__Bcell,LTBR__Malignant,LTA__Bcell|LTBR__Malignant,6.939293991665838e-4,0,0.015768564413675537,1.3483048225806724,0.0013105577446248875,0.003086394165703576,0.7016604720457518
IGF1__Bcell,IGF1R__Malignant,IGF1__Bcell|IGF1R__Malignant,6.934296609530673e-4,0,0.022557665453541115,1.3473338312318097,0.0017927638768778663,0.005687489205329196,0.3548468605555846
ANGPTL2__Endothelial,ITGA5__Malignant,ANGPTL2__Endothelial|ITGA5__Malignant,6.899464642373581e-4,0,0.029889265114947595,1.3405659800131866,0.00191294471125312,0.010081943410925368,0.2359686165762192
HGF__Macrophage,CD44__Stroma,HGF__Macrophage|CD44__Stroma,6.853042517772548e-4,0,0.03240399611025595,1.3315461612032062,0.002460005627971702,0.01203103988462649,0.1618967150270619
IGF1__Bcell,INSR__Malignant,IGF1__Bcell|INSR__Malignant,6.794875101291945e-4,0,0.01780946916406319,1.3202442321810248,0.0016212116084079104,0.005687489205329196,0.3812419890309437
PROS1__Endothelial,AXL__Malignant,PROS1__Endothelial|AXL__Malignant,6.774451560250271e-4,0,0.019333537853978205,1.3162759381566276,0.0019077779732664486,0.011052945221036435,0.19601024261614702
TGFB1__Tcell,SDC2__Stroma,TGFB1__Tcell|SDC2__Stroma,6.657984196174082e-4,0,0.08940238398748594,1.293646329316624,0.00421088030887978,0.03340104903538341,0.05878690507600499
CXCL12__Tcell,ITGA5__Stroma,CXCL12__Tcell|ITGA5__Stroma,6.654333800737195e-4,0,0.04633790329460377,1.2929370574832368,0.0026533282079130097,0.019949375715058535,0.1401206062884482
VEGFB__Bcell,NRP1__Malignant,VEGFB__Bcell|NRP1__Malignant,6.636666632591304e-4,0,0.018425398152445448,1.2895043267124904,0.0019400129646117796,0.014069968870627236,0.168070160472211
LTA__Bcell,TNFRSF1A__Malignant,LTA__Bcell|TNFRSF1A__Malignant,6.595659868165626e-4,0,0.01161878993950291,1.2815367123845811,0.0012251761343891445,0.003086394165703576,0.6635801288261558
PLA2G2A__Tcell,ITGB1__Malignant,PLA2G2A__Tcell|ITGB1__Malignant,6.490460295259554e-4,0,0.016316678805706586,1.2610964353689313,0.0011436329273804922,0.001353371146705354,1.4501081159741187
IGF1__Bcell,ITGAV__Malignant,IGF1__Bcell|ITGAV__Malignant,6.408843796759387e-4,0,0.01858953651653899,1.245238349710349,0.001545079284882678,0.005687489205329196,0.34047994632525697
JAG1__Endothelial,NOTCH2__Stroma,JAG1__Endothelial|NOTCH2__Stroma,6.395604543209133e-4,0,0.045346488373366294,1.2426659627455345,0.00277936050251954,0.027494680864623526,0.0778491171834821
TGFB1__Stroma,TGFBR2__Tcell,TGFB1__Stroma|TGFBR2__Tcell,6.337040482525524e-4,0,0.09938171656502985,1.2312869657547092,0.005178956675723472,0.07365889415561483,0.025917440501988836
LAMA4__Endothelial,ITGA1__Stroma,LAMA4__Endothelial|ITGA1__Stroma,6.3144837238019e-4,0,0.07620124084507898,1.2269041875347093,0.0041763367578234924,0.03338461883513336,0.05242443771135602
TGFB1__Bcell,SDC2__Malignant,TGFB1__Bcell|SDC2__Malignant,6.2796805023872e-4,0,0.02611700459004335,1.220141921613833,0.0020025417014474024,0.013308873016596329,0.15343724353751104
PLAU__Stroma,ITGA5__Tcell,PLAU__Stroma|ITGA5__Tcell,6.256320605722611e-4,0,0.0824806994686649,1.2156030936919033,0.005025717993033685,0.12818153185409442,0.020745189513129852
FGF7__Endothelial,FGFR1__Malignant,FGF7__Endothelial|FGFR1__Malignant,6.224619769980496e-4,0,0.012469168192279953,1.2094436213072104,0.0011566731546342318,0.0031720167366673588,0.7048358626128085
THBS4__Stroma,ITGB1__Tcell,THBS4__Stroma|ITGB1__Tcell,6.197547611312405e-4,0,0.08286350242734017,1.2041835008780004,0.004349371334958749,0.042630464569400055,0.052995401581928225
FCER2__Bcell,ITGB2__Malignant,FCER2__Bcell|ITGB2__Malignant,6.179242223313531e-4,0,0.01532679502883317,1.2006267639898192,0.001303737764644199,0.003056159835866804,0.7082838955253974
HGF__Macrophage,SDC2__Malignant,HGF__Macrophage|SDC2__Malignant,6.084687156259376e-4,0,0.03808524027890602,1.1822547144611968,0.0020219188017001175,0.01203103988462649,0.15343724353751104
LTA__Tcell,LTBR__Malignant,LTA__Tcell|LTBR__Malignant,5.837868340857196e-4,0,0.01515253557975815,1.1342978186285533,0.0012415402208985301,0.002476547977636805,0.7016604720457518
LAMA2__Macrophage,CD44__Stroma,LAMA2__Macrophage|CD44__Stroma,5.766916588985759e-4,0,0.022465699185906175,1.120511893239933,0.0019297774754991046,0.01092119453957756,0.1618967150270619
CD38__Bcell,PECAM1__Malignant,CD38__Bcell|PECAM1__Malignant,5.735873732051162e-4,0,0.01440965752572329,1.1144802661375408,0.0015088477643567318,0.007439507583327347,0.262323419789976
TNXB__Tcell,ITGAV__Stroma,TNXB__Tcell|ITGAV__Stroma,5.707366095481819e-4,0,0.0497757814998512,1.1089412323521173,0.0027344704592314013,0.014114094034467084,0.11563985834516288
TNN__Bcell,ITGB1__Malignant,TNN__Bcell|ITGB1__Malignant,5.678525640356701e-4,0,0.017324182122191868,1.103337531921307,0.0012114799081403792,0.001230724133743673,1.4501081159741187
COL4A3__Tcell,SDC1__Malignant,COL4A3__Tcell|SDC1__Malignant,5.67184348793107e-4,0,0.011718532102557178,1.102039189705007,9.445177569656446e-4,7.714415121230939e-4,2.138768692077997
LTA__Tcell,TNFRSF1A__Malignant,LTA__Tcell|TNFRSF1A__Malignant,5.564648004500729e-4,0,0.013996346385425257,1.0812111072744917,0.0011686218234095553,0.002476547977636805,0.6635801288261558
ADAM17__Endothelial,ITGA5__Malignant,ADAM17__Endothelial|ITGA5__Malignant,5.499807594481891e-4,0,0.02936282297586299,1.0686126156078315,0.001768755933453869,0.007923079432293378,0.2359686165762192
TGFB1__Bcell,ITGAV__Stroma,TGFB1__Bcell|ITGAV__Stroma,5.430758170644091e-4,0,0.03222682877175692,1.055196312556147,0.0024932187943835734,0.013308873016596329,0.11563985834516288
LAMC1__Endothelial,ITGA1__Stroma,LAMC1__Endothelial|ITGA1__Stroma,5.417725105777663e-4,0,0.08326290881755934,1.0526639880525999,0.0038459593260641595,0.029810471099212144,0.05242443771135602
SERPINE1__Stroma,ITGB5__Tcell,SERPINE1__Stroma|ITGB5__Tcell,5.412483912063859e-4,0,0.09607236749780991,1.0516456241140077,0.005118202201033557,0.09760501839489882,0.01776694617367144
JAM2__Endothelial,ITGAV__Stroma,JAM2__Endothelial|ITGAV__Stroma,5.328852844262128e-4,0,0.03009798470360827,1.0353961076401315,0.0023146910059833868,0.014096161353952518,0.11563985834516288
HBEGF__Macrophage,CD44__Stroma,HBEGF__Macrophage|CD44__Stroma,5.30284486906474e-4,0,0.03298224825240458,1.030342758059279,0.0019210234816964726,0.010201483932763473,0.1618967150270619
ICAM3__Bcell,ITGAL__Macrophage,ICAM3__Bcell|ITGAL__Macrophage,5.263883477363159e-4,0,0.05079678264137806,1.0227725596516617,0.0027562097752049297,0.02584154977463137,0.06042616504266577
THY1__Stroma,ITGAM__Tcell,THY1__Stroma|ITGAM__Tcell,5.25838182331562e-4,0,0.17017221111212408,1.021703588270225,0.007811400007680682,0.45897216136018176,0.0033649474544272134
VCAM1__Endothelial,ITGB2__Stroma,VCAM1__Endothelial|ITGB2__Stroma,5.192876126286621e-4,0,0.038814420229803914,1.0089758313374906,0.0022339641595638857,0.013205881207899567,0.12407467180885462
CSF1__Tcell,CSF1R__Stroma,CSF1__Tcell|CSF1R__Stroma,5.169064967795967e-4,0,0.06660072264747395,1.0043493232427563,0.003168462988152084,0.023158804617407137,0.06141094392742858
SEMA4A__Bcell,PLXNA3__Malignant,SEMA4A__Bcell|PLXNA3__Malignant,5.127074413103734e-4,0,0.011716766864642226,0.9961905584660555,0.0011754504645488505,0.005867680179458925,0.327636806446442
DLL4__Endothelial,NOTCH2__Malignant,DLL4__Endothelial|NOTCH2__Malignant,5.073112873294234e-4,0,0.014818822320242129,0.9857058312810697,0.0012395113985938383,0.005092430950947915,0.3804956838682088
PLAU__Stroma,ITGB5__Tcell,PLAU__Stroma|ITGB5__Tcell,4.988394329085094e-4,0,0.09089876668095674,0.9692450181412339,0.004595445047397347,0.12818153185409442,0.01776694617367144
MMP9__Stroma,ITGAM__Tcell,MMP9__Stroma|ITGAM__Tcell,4.90624770683169e-4,0,0.19231071539721675,0.9532839294373975,0.007465445142333314,0.41756978849036436,0.0033649474544272134
SEMA4A__Bcell,PLXNA1__Malignant,SEMA4A__Bcell|PLXNA1__Malignant,4.860335134386754e-4,0,0.016095083579241626,0.9443631166113463,0.00113183249842211,0.005867680179458925,0.29878352413100234
IGF1__Bcell,ITGB4__Malignant,IGF1__Bcell|ITGB4__Malignant,4.8461426376497104e-4,0,0.017514216811325926,0.9416055144953387,0.0013526894011665507,0.005687489205329196,0.274556204396678
JAM2__Stroma,ITGB1__Tcell,JAM2__Stroma|ITGB1__Tcell,4.8138179362563295e-4,0,0.05230102307295778,0.9353248250146049,0.003341226047753921,0.024783481423067834,0.052995401581928225
EFNB1__Endothelial,ERBB2__Stroma,EFNB1__Endothelial|ERBB2__Stroma,4.7564766384328866e-4,0,0.032859996513514164,0.9241834108475099,0.0016299821562623367,0.007448687332475162,0.23099680036119483
LGALS9__Bcell,HAVCR2__Macrophage,LGALS9__Bcell|HAVCR2__Macrophage,4.7124739972665097e-4,0,0.061695575640476584,0.9156336976688828,0.0030291044636509097,0.03384175535629995,0.042040620750456045
LAMA2__Stroma,ITGB1__Tcell,LAMA2__Stroma|ITGB1__Tcell,4.705096235136648e-4,0,0.03918397747648353,0.9142001984870506,0.0031199206959313876,0.021901728299050058,0.052995401581928225
CD48__Tcell,CD2__Stroma,CD48__Tcell|CD2__Stroma,4.6774175470397204e-4,0,0.060534150964814126,0.9088222293898176,0.003387122824164989,0.056179185766951745,0.02157220344707651
SEMA7A__Bcell,ITGB1__Stroma,SEMA7A__Bcell|ITGB1__Stroma,4.630921738245673e-4,0,0.019286574163723664,0.8997880937411342,0.0015546728414059612,0.0035055494452470824,0.39328820770100364
PTPRC__Bcell,MRC1__Macrophage,PTPRC__Bcell|MRC1__Macrophage,4.6293231490984727e-4,0,0.04126577271789534,0.8994774878698333,0.002412695848976159,0.026214092453480893,0.05389819053175311
LTA__Bcell,TNFRSF14__Malignant,LTA__Bcell|TNFRSF14__Malignant,4.619219085392917e-4,0,0.02146764727670002,0.8975142682918438,0.0010665246793851947,0.003086394165703576,0.4739756567179953
TGFB1__Bcell,CXCR4__Macrophage,TGFB1__Bcell|CXCR4__Macrophage,4.609663885307706e-4,0,0.03191242432136462,0.8956576929152872,0.0020345910138379014,0.013308873016596329,0.09336876312723333
FCER2__Bcell,ITGB2__Macrophage,FCER2__Bcell|ITGB2__Macrophage,4.606593496969713e-4,0,0.047439006322006684,0.8950611164612152,0.0018891102724682071,0.003056159835866804,0.47201279147374947
MFNG__Endothelial,NOTCH2__Stroma,MFNG__Endothelial|NOTCH2__Stroma,4.5861866178539313e-4,0,0.023707056319996783,0.8910960598490189,0.0019160454850025085,0.01775970329910064,0.0778491171834821
ADAM17__Endothelial,NOTCH1__Malignant,ADAM17__Endothelial|NOTCH1__Malignant,4.5688214507057473e-4,0,0.011603760138531108,0.8877220078721267,0.0012164891155290178,0.007923079432293378,0.21779874614970743
ANGPTL2__Macrophage,ITGA5__Endothelial,ANGPTL2__Macrophage|ITGA5__Endothelial,4.5389783625099275e-4,0,0.15038166928728391,0.8819234958356789,0.004665351049836469,0.02347618588121007,0.047342716511981485
PTN__Malignant,SDC3__Stroma,PTN__Malignant|SDC3__Stroma,4.5255939598136494e-4,0,0.035942135458844345,0.879322906391792,0.0025972280652592837,0.04459413521531327,0.03405416989637283
TGFB3__Stroma,TGFBR2__Tcell,TGFB3__Stroma|TGFBR2__Tcell,4.506967190104833e-4,0,0.06688907300575933,0.875703725037369,0.003598615908366799,0.049226521257953966,0.025917440501988836
LAMB1__Stroma,ITGAV__Tcell,LAMB1__Stroma|ITGAV__Tcell,4.4765084566200387e-4,0,0.0746338361530314,0.8697855931212735,0.003913471729039364,0.11486313448451917,0.013420419158059905
PGF__Endothelial,NRP1__Malignant,PGF__Endothelial|NRP1__Malignant,4.4011784755785974e-4,0,0.012855150701524747,0.8551489778049215,0.0012621862086731822,0.008543990546479816,0.168070160472211
HLA-DOA__Bcell,CD4__Macrophage,HLA-DOA__Bcell|CD4__Macrophage,4.3883173022535576e-4,0,0.056534601073014314,0.8526500518278662,0.0020421198951175086,0.008940201715681119,0.14713994376794853
JAG2__Endothelial,NOTCH2__Stroma,JAG2__Endothelial|NOTCH2__Stroma,4.3784499429523426e-4,0,0.029714116100454643,0.8507328239156401,0.0018812772238544684,0.016964774527952375,0.0778491171834821
SEMA4A__Bcell,PLXNB2__Stroma,SEMA4A__Bcell|PLXNB2__Stroma,4.3431530058356043e-4,0,0.030827897614448905,0.843874629033858,0.0014059294028880395,0.005867680179458925,0.3081241514349616
TGFB1__Bcell,CAV1__Stroma,TGFB1__Bcell|CAV1__Stroma,4.314173405830226e-4,0,0.04394110297550982,0.8382438927528129,0.0022276851242606713,0.013308873016596329,0.07507517239795647
CX3CL1__Bcell,ITGAV__Malignant,CX3CL1__Bcell|ITGAV__Malignant,4.307792500543031e-4,0,0.008543598008661118,0.837004082855511,9.389738406457312e-4,0.003866842624172156,0.34047994632525697
PAPLN__Tcell,SIRPA__Malignant,PAPLN__Tcell|SIRPA__Malignant,4.30479271309083e-4,0,0.013815202447064606,0.8364212241535482,0.0011721891020742442,0.006045723680986829,0.2144877558119669
SERPINE1__Stroma,ITGAV__Tcell,SERPINE1__Stroma|ITGAV__Tcell,4.277076054867217e-4,0,0.11891891063980496,0.8310358774607002,0.004233068134836074,0.09760501839489882,0.013420419158059905
HGF__Bcell,SDC1__Malignant,HGF__Bcell|SDC1__Malignant,4.2551729973747744e-4,0,0.022724275823815036,0.8267801133899186,0.0010281094546292318,7.959665660009781e-4,2.138768692077997
CD48__Bcell,CD2__Macrophage,CD48__Bcell|CD2__Macrophage,4.2279026142974394e-4,0,0.05787765914244976,0.8214814779579925,0.0025651608793694157,0.021473692924587357,0.0573204417409153
LAMA4__Stroma,ITGAV__Tcell,LAMA4__Stroma|ITGAV__Tcell,4.2174936394880763e-4,0,0.07408116329043528,0.8194590141525333,0.0037587350531622034,0.0967677320684205,0.013420419158059905
IL16__Tcell,CD4__Stroma,IL16__Tcell|CD4__Stroma,4.183040636534221e-4,0,0.06001055152244597,0.812764795678599,0.002953495409402156,0.030503692960344664,0.03052483051242903
ICAM2__Bcell,ITGAL__Malignant,ICAM2__Bcell|ITGAL__Malignant,4.1430458337462654e-4,0,0.021004089417672928,0.8049938054968994,0.001427823608746048,0.009812832783226004,0.13047751654196582
SEMA4D__Tcell,PLXNB1__Stroma,SEMA4D__Tcell|PLXNB1__Stroma,4.087702522722321e-4,0,0.039068674320369624,0.7942406001649469,0.002088873536973557,0.02362252381981245,0.057961692547121677
ITGAM__Bcell,ICAM1__Malignant,ITGAM__Bcell|ICAM1__Malignant,4.0753379896921074e-4,0,0.09766779827859362,0.7918381713971765,0.0026728833663873216,0.005083493770165844,0.21037012279678957
PLAU__Macrophage,ITGB5__Endothelial,PLAU__Macrophage|ITGB5__Endothelial,4.051874557583623e-4,0,0.11679488612646412,0.787279226538498,0.00471726177633188,0.08346426839491324,0.012193031699759844
TIGIT__Bcell,PVR__Malignant,TIGIT__Bcell|PVR__Malignant,4.045875141053405e-4,0,0.01045478903226663,0.7861135399066765,0.001063567133797779,0.006709048168086051,0.20899106977704993
SEMA4A__Bcell,PLXNB2__Macrophage,SEMA4A__Bcell|PLXNB2__Macrophage,4.038071505866075e-4,0,0.02382270389201161,0.7845972935897783,0.0015380574486132106,0.005867680179458925,0.22998088526099292
IL34__Bcell,CSF1R__Macrophage,IL34__Bcell|CSF1R__Macrophage,4.024230557200989e-4,0,0.027182704311313716,0.7819079972641522,0.0016796375150677691,0.0038038665722907156,0.2922039488957602
VEGFC__Stroma,ITGB1__Tcell,VEGFC__Stroma|ITGB1__Tcell,4.020955055304234e-4,0,0.047026906579919286,0.7812715672456128,0.0027632661826238114,0.02025392503520933,0.052995401581928225
PLAU__Stroma,ITGAV__Tcell,PLAU__Stroma|ITGAV__Tcell,3.9710451987286097e-4,0,0.07193440938196194,0.7715740821129689,0.0035155366197606145,0.12818153185409442,0.013420419158059905
GZMA__Tcell,F2RL2__Stroma,GZMA__Tcell|F2RL2__Stroma,3.8796632898788306e-4,0,0.06139779368800069,0.7538185772234568,0.00293118845317929,0.035978624134221204,0.027787722126752352
THBS2__Stroma,ITGA6__Tcell,THBS2__Stroma|ITGA6__Tcell,3.872759245599511e-4,0,0.12341831959854456,0.7524771214199849,0.005463675426725088,0.38171234100689666,0.0038603724665089954
COL4A3__Tcell,ITGB1__Malignant,COL4A3__Tcell|ITGB1__Malignant,3.849782153346646e-4,0,0.00942523693713184,0.7480126723952534,6.5987397847165e-4,7.714415121230939e-4,1.4501081159741187
VCAM1__Stroma,ITGB7__Tcell,VCAM1__Stroma|ITGB7__Tcell,3.823400546780829e-4,0,0.05502390345443383,0.7428867262395151,0.003221911882761513,0.04511556370294015,0.02198402739245909
ITGB7__Tcell,VCAM1__Stroma,ITGB7__Tcell|VCAM1__Stroma,3.8234005467808286e-4,0,0.027948398867496164,0.742886726239515,0.0022179362078711745,0.02198402739245909,0.04511556370294015
ANGPTL2__Endothelial,ITGA5__Stroma,ANGPTL2__Endothelial|ITGA5__Stroma,3.8214469115625685e-4,0,0.02863326225684862,0.742507134916607,0.0015146886306246718,0.010081943410925368,0.1401206062884482
LTA__Tcell,TNFRSF14__Malignant,LTA__Tcell|TNFRSF14__Malignant,3.8186845910554855e-4,0,0.011935655220512795,0.7419704160420808,8.974699729294417e-4,0.002476547977636805,0.4739756567179953
HLA-DOA__Bcell,CD4__Malignant,HLA-DOA__Bcell|CD4__Malignant,3.7777424858491675e-4,0,0.023930382351227752,0.7340153650004932,0.001370689956834088,0.008940201715681119,0.13867329038817686
IL34__Bcell,CSF1R__Malignant,IL34__Bcell|CSF1R__Malignant,3.768639042748592e-4,0,0.01824371284906394,0.7322465660060514,0.0010340959901161055,0.0038038665722907156,0.3085251338526384
THBS1__Stroma,ITGA6__Tcell,THBS1__Stroma|ITGA6__Tcell,3.7595432872167126e-4,0,0.10926197500766148,0.7304792607062072,0.005233916582248209,0.3362292961086521,0.0038603724665089954
ITGA4__Tcell,VCAM1__Stroma,ITGA4__Tcell|VCAM1__Stroma,3.731311012152437e-4,0,0.032111617498858144,0.7249937296612186,0.002165284448483892,0.024738347110618494,0.04511556370294015
ICAM2__Bcell,ITGB2__Stroma,ICAM2__Bcell|ITGB2__Stroma,3.699365931729948e-4,0,0.036242272195105986,0.7187868005351289,0.001742167461706242,0.009812832783226004,0.12407467180885462
DLL4__Endothelial,NOTCH3__Stroma,DLL4__Endothelial|NOTCH3__Stroma,3.687909387096344e-4,0,0.048443981332539875,0.7165607939128197,0.0020084148421917526,0.005092430950947915,0.1982939942328522
LAMC1__Stroma,ITGAV__Tcell,LAMC1__Stroma|ITGAV__Tcell,3.6375442743854743e-4,0,0.0706511467918991,0.7067748525130977,0.0032592661333186246,0.09133008230378381,0.013420419158059905
EBI3__Bcell,IL6ST__Stroma,EBI3__Bcell|IL6ST__Stroma,3.624973292577481e-4,0,0.0252175346703511,0.7043323107478046,0.001322378473147771,0.004429425961744565,0.2249783332630924
CX3CL1__Endothelial,ITGAV__Stroma,CX3CL1__Endothelial|ITGAV__Stroma,3.611789332679964e-4,0,0.024361667072055632,0.7017706673397169,0.0015870805196140066,0.009262609934508882,0.11563985834516288
HLA-DOB__Bcell,CD4__Macrophage,HLA-DOB__Bcell|CD4__Macrophage,3.584927843762954e-4,0,0.04915583336553274,0.6965514800431419,0.001760949954544714,0.006145106362693147,0.14713994376794853
CD22__Bcell,PTPRC__Malignant,CD22__Bcell|PTPRC__Malignant,3.5772501815101426e-4,0,0.014844541321723099,0.6950597102674207,0.0011076617426694772,0.0066868702693983475,0.17425624285195615
CD22__Bcell,PTPRC__Macrophage,CD22__Bcell|PTPRC__Macrophage,3.5762790619310434e-4,0,0.03855777451768775,0.6948710217332017,0.0016451685671297236,0.0066868702693983475,0.14475941240345047
ANGPTL4__Macrophage,ITGA5__Endothelial,ANGPTL4__Macrophage|ITGA5__Endothelial,3.505348844138078e-4,0,0.07350886762895897,0.6810892804160286,0.00307891003939599,0.01886186456802958,0.047342716511981485
ANGPTL2__Stroma,ITGA5__Tcell,ANGPTL2__Stroma|ITGA5__Tcell,3.4846038066516593e-4,0,0.037264040724663994,0.6770585196324175,0.0027737466360118713,0.06296215533843931,0.020745189513129852
VEGFB__Bcell,NRP1__Stroma,VEGFB__Bcell|NRP1__Stroma,3.4562831603213807e-4,0,0.035485238794044985,0.6715558180504443,0.0017551554455118902,0.014069968870627236,0.0758156683700155
TGFB1__Bcell,TGFBR2__Endothelial,TGFB1__Bcell|TGFBR2__Endothelial,3.407378585269106e-4,0,0.04437594311978302,0.6620536591177874,0.002399744772404739,0.013308873016596329,0.05974272015334147
CADM1__Bcell,CADM1__Malignant,CADM1__Bcell|CADM1__Malignant,3.392825106807163e-4,0,0.014201892069929332,0.6592259182526318,0.0010223520330131233,0.0058920027963940596,0.17308548414070768
TGFB1__Bcell,ITGAV__Macrophage,TGFB1__Bcell|ITGAV__Macrophage,3.3186249790820543e-4,0,0.03177750084379746,0.6448088334356432,0.0016915420067529956,0.013308873016596329,0.07614452753170428
CD40LG__Tcell,ITGB1__Stroma,CD40LG__Tcell|ITGB1__Stroma,3.3169788613008396e-4,0,0.016489553797965562,0.6444889927507532,0.0011450403661878408,0.003085707211256262,0.39328820770100364
TGFB1__Bcell,TGFBR2__Macrophage,TGFB1__Bcell|TGFBR2__Macrophage,3.2862236808946726e-4,0,0.036965910917086627,0.6385132611978349,0.0018213182061841075,0.013308873016596329,0.06484878655834833
VCAM1__Tcell,ITGB2__Stroma,VCAM1__Tcell|ITGB2__Stroma,3.263374492791283e-4,0,0.030899039009028344,0.6340736639493463,0.0015392801974281854,0.0095567177885316,0.12407467180885462
TNXB__Stroma,ITGAV__Tcell,TNXB__Stroma|ITGAV__Tcell,3.212125661718074e-4,0,0.06379492424491368,0.6241160160718218,0.0031354337094359947,0.050532808409550024,0.013420419158059905
TNC__Stroma,ITGAV__Tcell,TNC__Stroma|ITGAV__Tcell,3.206097735598204e-4,0,0.08752893947000398,0.622944790026731,0.003188589777575397,0.06631817823523847,0.013420419158059905
ADAM17__Endothelial,ITGA5__Stroma,ADAM17__Endothelial|ITGA5__Stroma,3.1603384654897265e-4,0,0.031804976026327945,0.6140537638446539,0.001371929541169695,0.007923079432293378,0.1401206062884482
PLA2G2A__Stroma,ITGB1__Tcell,PLA2G2A__Stroma|ITGB1__Tcell,3.150664864258261e-4,0,0.03060810592863107,0.6121741831253801,0.0021713385312795448,0.01186230978498723,0.052995401581928225
FCER2__Bcell,ITGAV__Malignant,FCER2__Bcell|ITGAV__Malignant,3.1459797888937636e-4,0,0.006786916399977279,0.6112638729820583,6.854221924392557e-4,0.003056159835866804,0.34047994632525697
ANGPTL4__Stroma,ITGA5__Tcell,ANGPTL4__Stroma|ITGA5__Tcell,3.139783852169324e-4,0,0.0377196962901747,0.6100600024764996,0.0025031914152507883,0.058635681992163534,0.020745189513129852
PDCD1LG2__Tcell,RGMB__Malignant,PDCD1LG2__Tcell|RGMB__Malignant,3.0879537042276695e-4,0,0.0072038610712531976,0.5999894047314361,8.459793468879692e-4,0.006104275328976837,0.1797589876766341
SEMA7A__Stroma,ITGB1__Tcell,SEMA7A__Stroma|ITGB1__Tcell,3.0519695959765485e-4,0,0.034486914129603176,0.5929976924982433,0.002047809622649833,0.018348067852641477,0.052995401581928225
LAMA2__Bcell,ITGAV__Malignant,LAMA2__Bcell|ITGAV__Malignant,3.034258614115172e-4,0,0.007991434842121939,0.589556448722578,7.728438618044049e-4,0.0027337744662035385,0.34047994632525697
PLA2G2A__Bcell,ITGAV__Malignant,PLA2G2A__Bcell|ITGAV__Malignant,3.0256798994182475e-4,0,0.008504719858105279,0.5878896044569655,7.009651940007117e-4,0.0029083525112388814,0.34047994632525697
FGF7__Bcell,FGFR1__Malignant,FGF7__Bcell|FGFR1__Malignant,3.012533410196581e-4,0,0.00598214261293963,0.5853352416011958,5.720756146198229e-4,0.0014241812816737822,0.7048358626128085
ITGAL__Bcell,ICAM1__Macrophage,ITGAL__Bcell|ICAM1__Macrophage,2.976615309923069e-4,0,0.11290234409191882,0.5783563547180524,0.0028412322447372695,0.011649537249880545,0.06890212232596615
TNC__Stroma,SDC1__Tcell,TNC__Stroma|SDC1__Tcell,2.9581662244169033e-4,0,0.1389558950690984,0.5747716974042043,0.003955838928222414,0.06631817823523847,0.01198769827866188
PLA2G2A__Bcell,ITGB1__Stroma,PLA2G2A__Bcell|ITGB1__Stroma,2.931999517995893e-4,0,0.033644141436119136,0.569687506346602,0.0012132315710048883,0.0029083525112388814,0.39328820770100364
VEGFB__Bcell,NRP1__Macrophage,VEGFB__Bcell|NRP1__Macrophage,2.925121304103234e-4,0,0.03642971741029669,0.5683510693872583,0.0016674449659726334,0.014069968870627236,0.0612230040125446
TGFB1__Stroma,ITGAV__Tcell,TGFB1__Stroma|ITGAV__Tcell,2.900471129201972e-4,0,0.05690687308615027,0.5635615404039432,0.0025988634656170994,0.07365889415561483,0.013420419158059905
MRC1__Bcell,PTPRC__Malignant,MRC1__Bcell|PTPRC__Malignant,2.881467149402884e-4,0,0.029146722047206888,0.5598690671289804,0.0011000099176868027,0.00512705764959961,0.17425624285195615
GAS6__Stroma,AXL__Tcell,GAS6__Stroma|AXL__Tcell,2.8716553218798496e-4,0,0.07949460070774977,0.5579626290412547,0.0035718161827770186,0.24515471387235568,0.0035795438583141096
LAMB1__Endothelial,ITGB4__Stroma,LAMB1__Endothelial|ITGB4__Stroma,2.869417043946082e-4,0,0.04683730976774238,0.5575277316387237,0.0022353849601611576,0.04411778370339891,0.01917442577930789
LAMB1__Stroma,ITGA1__Tcell,LAMB1__Stroma|ITGA1__Tcell,2.82110560800309e-4,0,0.09250346268698935,0.5481408196350004,0.0036086930014815432,0.11486313448451917,0.007965408740116852
TGFB1__Bcell,SDC2__Stroma,TGFB1__Bcell|SDC2__Stroma,2.784988800529131e-4,0,0.03517363267433099,0.5411233239428102,0.0018120872026900908,0.013308873016596329,0.05878690507600499
CD38__Bcell,PECAM1__Macrophage,CD38__Bcell|PECAM1__Macrophage,2.774310925316761e-4,0,0.028504702014554146,0.5390486127890466,0.0013614787505092194,0.007439507583327347,0.0999601461145364
LAMA2__Bcell,ITGB1__Stroma,LAMA2__Bcell|ITGB1__Stroma,2.7496039786902325e-4,0,0.03605875107408356,0.5342480530595122,0.0012628881769230183,0.0027337744662035385,0.39328820770100364
SEMA4A__Bcell,NRP1__Malignant,SEMA4A__Bcell|NRP1__Malignant,2.7390104268932127e-4,0,0.008066925823392825,0.5321897259453512,8.10931158553766e-4,0.005867680179458925,0.168070160472211
HLA-DOB__Bcell,CD4__Malignant,HLA-DOB__Bcell|CD4__Malignant,2.736723771101007e-4,0,0.022411669088881092,0.5317454287249257,9.860382094040688e-4,0.006145106362693147,0.13867329038817686
NID1__Stroma,ITGAV__Tcell,NID1__Stroma|ITGAV__Tcell,2.724562743422305e-4,0,0.05139121758357656,0.5293825410469538,0.0024427787343518506,0.07139683234371068,0.013420419158059905
HGF__Bcell,CD44__Malignant,HGF__Bcell|CD44__Malignant,2.6552985654477724e-4,0,0.013854232091470832,0.5159245112665022,8.715166181490079e-4,7.959665660009781e-4,0.9919777787887728
DLL4__Endothelial,NOTCH1__Malignant,DLL4__Endothelial|NOTCH1__Malignant,2.6532061085899055e-4,0,0.007589014825246443,0.5155179468990186,7.381643238382292e-4,0.005092430950947915,0.21779874614970743
CD96__Bcell,PVR__Malignant,CD96__Bcell|PVR__Malignant,2.6340420204052484e-4,0,0.0068555077852155335,0.5117943645647398,6.850668964709619e-4,0.004081927613070907,0.20899106977704993
LAMA4__Stroma,ITGA1__Tcell,LAMA4__Stroma|ITGA1__Tcell,2.5857533767641454e-4,0,0.076776877976204,0.5024118811052735,0.0032672568654127415,0.0967677320684205,0.007965408740116852
BTLA__Bcell,TNFRSF14__Malignant,BTLA__Bcell|TNFRSF14__Malignant,2.5378150415691144e-4,0,0.013008508031271961,0.4930974625768789,6.42325826272902e-4,0.0019330618307953362,0.4739756567179953
VEGFC__Endothelial,ITGB1__Stroma,VEGFC__Endothelial|ITGB1__Stroma,2.4971404041251535e-4,0,0.021385863446365692,0.48519438052151737,9.363486703250922e-4,0.0025247784942877627,0.39328820770100364
SLIT2__Bcell,SDC1__Stroma,SLIT2__Bcell|SDC1__Stroma,2.4859817953095997e-4,0,0.010791548714121097,0.4830262628286552,8.299732297325131e-4,0.0029082786653497005,0.3386594771140244
TGFB1__Tcell,ACVR1__Stroma,TGFB1__Tcell|ACVR1__Stroma,2.47002072076804e-4,0,0.03168641594609862,0.47992502604523024,0.0018111327043398482,0.03340104903538341,0.022748771595429238
TNXB__Stroma,SDC1__Tcell,TNXB__Stroma|SDC1__Tcell,2.4619694295031273e-4,0,0.11294647783147073,0.47836066015245765,0.0032466908746820204,0.050532808409550024,0.01198769827866188
MRC1__Bcell,PTPRC__Macrophage,MRC1__Bcell|PTPRC__Macrophage,2.4530823611069216e-4,0,0.016507291203577402,0.4766339027630749,0.0010782013257832385,0.00512705764959961,0.14475941240345047
LAMA2__Tcell,ITGB1__Stroma,LAMA2__Tcell|ITGB1__Stroma,2.385939283118976e-4,0,0.012221824036479544,0.463588002710017,8.312881745082756e-4,0.002450952621024184,0.39328820770100364
SIRPG__Tcell,CD47__Stroma,SIRPG__Tcell|CD47__Stroma,2.357720386943068e-4,0,0.018815576190475122,0.45810507118303806,0.001027713068724137,0.008647311411594598,0.08819416090524852
CXCL12__Tcell,CD4__Stroma,CXCL12__Tcell|CD4__Stroma,2.3483451969173123e-4,0,0.03251338432490222,0.4562834717610338,0.0016229946898540168,0.019949375715058535,0.03052483051242903
LPL__Stroma,SDC1__Tcell,LPL__Stroma|SDC1__Tcell,2.3286146570118e-4,0,0.08943207867242844,0.45244982785739274,0.002940852487438044,0.04963181257752909,0.01198769827866188
LAMA2__Bcell,ITGB4__Malignant,LAMA2__Bcell|ITGB4__Malignant,2.3156474221574426e-4,0,0.01275204497242422,0.4499302941251911,7.189617285075379e-4,0.0027337744662035385,0.274556204396678
LAMA4__Endothelial,ITGB4__Stroma,LAMA4__Endothelial|ITGB4__Stroma,2.302390890060493e-4,0,0.038352423150054035,0.4473545499387538,0.0018182420524966336,0.03338461883513336,0.01917442577930789
TIGIT__Tcell,PVR__Stroma,TIGIT__Tcell|PVR__Stroma,2.2970156471378514e-4,0,0.025452008830525872,0.4463101402388845,0.0014986284796974598,0.03417634434427342,0.02499972946775263
COL8A1__Stroma,ITGA1__Tcell,COL8A1__Stroma|ITGA1__Tcell,2.2916471071203695e-4,0,0.07690388021513583,0.4452670329134878,0.0029642434257115473,0.10881607839985813,0.007965408740116852
JAM3__Tcell,ITGB2__Stroma,JAM3__Tcell|ITGB2__Stroma,2.2765840267098967e-4,0,0.029345361569212792,0.4423402763897329,0.0012299271452377895,0.005842801116146387,0.12407467180885462
LAMA2__Tcell,ITGB4__Malignant,LAMA2__Tcell|ITGB4__Malignant,2.2441850981823897e-4,0,0.0094566683418532,0.43604516457683834,6.439571541649687e-4,0.002450952621024184,0.274556204396678
IGF1__Bcell,ITGAV__Stroma,IGF1__Bcell|ITGAV__Stroma,2.213814719683202e-4,0,0.019171243151745,0.43014420003444614,0.0010557830148111766,0.005687489205329196,0.11563985834516288
CD40LG__Tcell,ITGA5__Malignant,CD40LG__Tcell|ITGA5__Malignant,2.1783013282398894e-4,0,0.007687443187429092,0.42324394807701055,6.239178407891044e-4,0.003085707211256262,0.2359686165762192
LAMC1__Stroma,ITGA1__Tcell,LAMC1__Stroma|ITGA1__Tcell,2.16687722365575e-4,0,0.06923869641546043,0.42102424455631227,0.002753788523679506,0.09133008230378381,0.007965408740116852
ANGPTL4__Stroma,SDC1__Tcell,ANGPTL4__Stroma|SDC1__Tcell,2.1617555124402762e-4,0,0.07921997206040024,0.42002909606714567,0.0026105059297509632,0.058635681992163534,0.01198769827866188
SEMA4D__Bcell,ERBB2__Macrophage,SEMA4D__Bcell|ERBB2__Macrophage,2.1532134422845835e-4,0,0.04783712456816214,0.41836937183589457,0.0015146541264991313,0.010495343322213283,0.062208119455010966
IL15__Endothelial,IL2RG__Malignant,IL15__Endothelial|IL2RG__Malignant,2.107542037619236e-4,0,0.010140668219262045,0.4094954179094175,7.731459891037488e-4,0.006361254642290427,0.1119189515900246
PGF__Endothelial,NRP1__Stroma,PGF__Endothelial|NRP1__Stroma,2.0874479706722078e-4,0,0.016958074507196746,0.40559114070160995,0.0010216156440497996,0.008543990546479816,0.0758156683700155
CD48__Bcell,CD2__Stroma,CD48__Bcell|CD2__Stroma,2.0813609348994264e-4,0,0.027190762448104647,0.4044084296509585,0.0014948461050616824,0.021473692924587357,0.02157220344707651
MFNG__Bcell,NOTCH2__Stroma,MFNG__Bcell|NOTCH2__Stroma,2.0730727094964653e-4,0,0.01186537422014221,0.4027980274551632,8.701520473169596e-4,0.008262942711432039,0.0778491171834821
SPON2__Stroma,ITGAM__Tcell,SPON2__Stroma|ITGAM__Tcell,2.0631149846113308e-4,0,0.08002942246545693,0.4008632415099816,0.003170901488724792,0.1668331013942694,0.0033649474544272134
LTBP1__Stroma,ITGB5__Tcell,LTBP1__Stroma|ITGB5__Tcell,2.0397015764952303e-4,0,0.04772584701948523,0.39631401631302327,0.0019754097692014317,0.03816761291551402,0.01776694617367144
IGF1__Bcell,ITGA6__Malignant,IGF1__Bcell|ITGA6__Malignant,2.0291260756296624e-4,0,0.010721053469886253,0.3942591964948434,7.000931642496621e-4,0.005687489205329196,0.10899828253514668
CLCF1__Tcell,IL6ST__Stroma,CLCF1__Tcell|IL6ST__Stroma,2.0073878607573302e-4,0,0.012199241532206799,0.39003546134514927,6.781307404806081e-4,0.0029256831485462275,0.2249783332630924
TGFB1__Bcell,TGFBR1__Macrophage,TGFB1__Bcell|TGFBR1__Macrophage,1.97261155465638e-4,0,0.022248391460570494,0.38327842506973464,0.0013057809756168957,0.013308873016596329,0.0374697142070212
ANGPTL4__Stroma,ITGAV__Tcell,ANGPTL4__Stroma|ITGAV__Tcell,1.9714973210737232e-4,0,0.029939724073888657,0.3830619294846244,0.0017474907058469696,0.058635681992163534,0.013420419158059905
TNFSF14__Tcell,TNFRSF6B__Malignant,TNFSF14__Tcell|TNFRSF6B__Malignant,1.9673231539311578e-4,0,0.006328896216131504,0.38225088880882396,6.412713695188175e-4,0.0044650773727968746,0.12863647631980477
PLA2G2A__Bcell,ITGA5__Malignant,PLA2G2A__Bcell|ITGA5__Malignant,1.9091659365215498e-4,0,0.009068509287543963,0.3709509414661371,5.635058818732787e-4,0.0029083525112388814,0.2359686165762192
PAPLN__Bcell,SIRPA__Malignant,PAPLN__Bcell|SIRPA__Malignant,1.898183946411106e-4,0,0.004659250013758415,0.3688171407876779,4.809788297808663e-4,0.0027096253872107945,0.2144877558119669
SPON1__Stroma,APP__Tcell,SPON1__Stroma|APP__Tcell,1.8914927874973155e-4,0,0.04156166374483548,0.36751704861072837,0.0017764181399678113,0.03685100835960689,0.016825060098223727
VCAN__Stroma,TLR2__Tcell,VCAN__Stroma|TLR2__Tcell,1.8904767425339354e-4,0,0.1005499747481743,0.3673196310743437,0.0032752091134184,0.2128455496940547,0.0029681452885436097
ITGAL__Bcell,ICAM1__Stroma,ITGAL__Bcell|ICAM1__Stroma,1.8812316645090073e-4,0,0.020247732784967984,0.3655233124141001,0.0011007751072006496,0.011649537249880545,0.04853453727479767
LAMC1__Endothelial,ITGB4__Stroma,LAMC1__Endothelial|ITGB4__Stroma,1.866277210316746e-4,0,0.027663266599863772,0.36261766196454376,0.0014076478339067012,0.029810471099212144,0.01917442577930789
LTA__Bcell,TNFRSF1A__Macrophage,LTA__Bcell|TNFRSF1A__Macrophage,1.8582118969197274e-4,0,0.009038792903036462,0.36105057157150305,7.424807538558925e-4,0.003086394165703576,0.15529739806809562
SEMA7A__Bcell,ITGB1__Macrophage,SEMA7A__Bcell|ITGB1__Macrophage,1.8491124674342745e-4,0,0.007229023379106932,0.35928255242247953,6.763923795235076e-4,0.0035055494452470824,0.14403041029041336
CX3CL1__Tcell,ITGAV__Stroma,CX3CL1__Tcell|ITGAV__Stroma,1.8362320479945233e-4,0,0.018018897847253808,0.35677988692533585,9.298438394827151e-4,0.005073087361210463,0.11563985834516288
TGFB1__Bcell,CAV1__Endothelial,TGFB1__Bcell|CAV1__Endothelial,1.8310867330727115e-4,0,0.022560989721060583,0.3557801522360278,0.0013800707380913447,0.013308873016596329,0.03215797774916747
ANGPT2__Stroma,ITGB1__Tcell,ANGPT2__Stroma|ITGB1__Tcell,1.8146683818542222e-4,0,0.01936600395432355,0.3525900665942754,0.0012369533474800199,0.010415660660650448,0.052995401581928225
SEMA4D__Bcell,PLXNB1__Stroma,SEMA4D__Bcell|PLXNB1__Stroma,1.7975427623881157e-4,0,0.020207167442905464,0.3492625587320109,9.8558737782854e-4,0.010495343322213283,0.057961692547121677
ICAM2__Bcell,ITGAM__Macrophage,ICAM2__Bcell|ITGAM__Macrophage,1.7850768465597919e-4,0,0.01689561364299771,0.34684043128656755,9.866195046123471e-4,0.009812832783226004,0.05365404395027382
ICAM2__Bcell,ITGAL__Macrophage,ICAM2__Bcell|ITGAL__Macrophage,1.7817582996590417e-4,0,0.01771086068270551,0.3461956376237518,9.063530902123986e-4,0.009812832783226004,0.06042616504266577
SLIT2__Tcell,SDC1__Stroma,SLIT2__Tcell|SDC1__Stroma,1.7629974671894716e-4,0,0.007847058230099362,0.34255040787491436,5.996331807801407e-4,0.0021644484782424203,0.3386594771140244
SORBS1__Stroma,ITGB5__Tcell,SORBS1__Stroma|ITGB5__Tcell,1.75868699897963e-4,0,0.03511454349678612,0.3417128839017421,0.0017226705562383938,0.02673361354944243,0.01776694617367144
IL6__Tcell,IL6ST__Stroma,IL6__Tcell|IL6ST__Stroma,1.74514272536798e-4,0,0.014795139780048322,0.3390812315389985,6.981831926918489e-4,0.0022083622741426766,0.2249783332630924
IGF1__Stroma,ITGAV__Tcell,IGF1__Stroma|ITGAV__Tcell,1.7448272745877416e-4,0,0.03333070459394408,0.33901993945239817,0.0016830128241730564,0.030961409930085528,0.013420419158059905
JAG1__Endothelial,NOTCH1__Stroma,JAG1__Endothelial|NOTCH1__Stroma,1.7362225790945086e-4,0,0.017540979927291624,0.337348047118063,0.0010752801226211832,0.027494680864623526,0.02120937790176539
LTA__Bcell,TNFRSF14__Macrophage,LTA__Bcell|TNFRSF14__Macrophage,1.7218737424991128e-4,0,0.009324342689186797,0.3345600681675776,6.772948782521223e-4,0.003086394165703576,0.15445549201121073
TNFSF14__Tcell,LTBR__Stroma,TNFSF14__Tcell|LTBR__Stroma,1.6942933547538791e-4,0,0.008237904422763826,0.3292011988286787,6.103226673209217e-4,0.0044650773727968746,0.13954901060632577
THBS4__Stroma,SDC1__Tcell,THBS4__Stroma|SDC1__Tcell,1.6686462427521314e-4,0,0.06049261323328636,0.32421796496673916,0.0020287951628883546,0.042630464569400055,0.01198769827866188
FGF7__Endothelial,NRP1__Malignant,FGF7__Endothelial|NRP1__Malignant,1.6416976920124042e-4,0,0.003882904323039911,0.3189818615580101,4.717785804947339e-4,0.0031720167366673588,0.168070160472211
PLA2G2A__Macrophage,ITGA5__Endothelial,PLA2G2A__Macrophage|ITGA5__Endothelial,1.6292786078896465e-4,0,0.045783768589813416,0.3165688335129583,0.0015257419166918318,0.007577779431941803,0.047342716511981485
PDGFB__Stroma,ITGAV__Tcell,PDGFB__Stroma|ITGAV__Tcell,1.6264893270392724e-4,0,0.03198938545309092,0.3160268762437306,0.0014546250647121239,0.044935568636847216,0.013420419158059905
ITGB7__Bcell,VCAM1__Stroma,ITGB7__Bcell|VCAM1__Stroma,1.6258309453948542e-4,0,0.01880460664066027,0.3158989526902202,0.0010381778665462945,0.008455926555726998,0.04511556370294015
LAMA2__Bcell,CD44__Macrophage,LAMA2__Bcell|CD44__Macrophage,1.590669901851866e-4,0,0.014105905064943162,0.3090671619298176,6.950585594332946e-4,0.0027337744662035385,0.19731214416601128
SELE__Tcell,CD44__Stroma,SELE__Tcell|CD44__Stroma,1.578902687092131e-4,0,0.013405908300670637,0.30678079210200104,6.480685785414896e-4,0.003270082703530868,0.1618967150270619
SLIT2__Bcell,APP__Stroma,SLIT2__Bcell|APP__Stroma,1.5787731574342013e-4,0,0.006942979167956735,0.3067556244894653,5.185094698494878e-4,0.0029082786653497005,0.1919043871963106
CX3CL1__Bcell,ITGAV__Stroma,CX3CL1__Bcell|ITGAV__Stroma,1.5625356650921763e-4,0,0.011380696615644807,0.30360067972740984,7.178188688112112e-4,0.003866842624172156,0.11563985834516288
SLIT2__Stroma,APP__Tcell,SLIT2__Stroma|APP__Tcell,1.511014679478788e-4,0,0.023022047716465092,0.2935901522227285,0.00134063921631292,0.024923875511393752,0.016825060098223727
EBI3__Bcell,IL6ST__Macrophage,EBI3__Bcell|IL6ST__Macrophage,1.49780056966363e-4,0,0.008468082486185692,0.29102265068564326,6.005648303112616e-4,0.004429425961744565,0.0954508942173049
LAMB1__Stroma,ITGA6__Tcell,LAMB1__Stroma|ITGA6__Tcell,1.495742911560539e-4,0,0.04351504144619579,0.2906228477162127,0.0020894666898453513,0.11486313448451917,0.0038603724665089954
IGF1__Bcell,ITGAV__Macrophage,IGF1__Bcell|ITGAV__Macrophage,1.4646412478707592e-4,0,0.021719106050607256,0.28457979446128856,8.163979740339601e-4,0.005687489205329196,0.07614452753170428
LTA__Bcell,TNFRSF1B__Macrophage,LTA__Bcell|TNFRSF1B__Macrophage,1.4618880710645725e-4,0,0.00916379679366061,0.2840448522078464,6.67448012471612e-4,0.003086394165703576,0.11494512632421192
ITGA4__Bcell,VCAM1__Stroma,ITGA4__Bcell|VCAM1__Stroma,1.4601156987043237e-4,0,0.015856736021306283,0.2837004802582501,9.183103687028707e-4,0.007970536431856372,0.04511556370294015
EBI3__Tcell,IL6ST__Stroma,EBI3__Tcell|IL6ST__Stroma,1.44954946930815e-4,0,0.012526473207753165,0.2816474618865735,5.750927766922138e-4,0.0018853839497959266,0.2249783332630924
NID1__Stroma,PTPRF__Endothelial,NID1__Stroma|PTPRF__Endothelial,1.4406731837345857e-4,0,0.0353334869889463,0.27992279959962996,0.001645351100630009,0.07139683234371068,0.006699887974231774
CD40LG__Tcell,TRAF3__Malignant,CD40LG__Tcell|TRAF3__Malignant,1.4397761203060143e-4,0,0.006457185444621799,0.27974850017545855,4.475080576679105e-4,0.003085707211256262,0.150643475500745
ICAM3__Bcell,CD209__Macrophage,ICAM3__Bcell|CD209__Macrophage,1.4313427286495733e-4,0,0.025692700630575983,0.2781098921766121,0.0013321566276607445,0.02584154977463137,0.016786580068309978
BMP8A__Stroma,TGFBR2__Tcell,BMP8A__Stroma|TGFBR2__Tcell,1.4082652034088427e-4,0,0.01950467019544163,0.2736259290223381,0.0011149317482493084,0.018186795457466837,0.025917440501988836
THBS4__Stroma,ITGAV__Tcell,THBS4__Stroma|ITGAV__Tcell,1.407240656502256e-4,0,0.02459174207535427,0.27342685955838836,0.0012422643090481897,0.042630464569400055,0.013420419158059905
ITGAM__Bcell,ICAM1__Macrophage,ITGAM__Bcell|ICAM1__Macrophage,1.4024647848807025e-4,0,0.057041167109277494,0.2724989077023205,0.00144509706767929,0.005083493770165844,0.06890212232596615
FGF7__Tcell,FGFR1__Stroma,FGF7__Tcell|FGFR1__Stroma,1.3833602302343415e-4,0,0.0078546460526514,0.2687868927345326,4.990770760932368e-4,0.0025241861147765753,0.22846574700568387
SELE__Bcell,CD44__Macrophage,SELE__Bcell|CD44__Macrophage,1.3832829670136195e-4,0,0.009252682785070214,0.2687718804907463,5.620431119319395e-4,0.002460415137313105,0.19731214416601128
TGFB1__Stroma,TGFBR1__Tcell,TGFB1__Stroma|TGFBR1__Tcell,1.370786842583235e-4,0,0.03769661258002801,0.2663438835139226,0.0016320525594723007,0.07365889415561483,0.00574284498245895
PLA2G2A__Tcell,ITGB1__Stroma,PLA2G2A__Tcell|ITGB1__Stroma,1.3675768383242e-4,0,0.013998664567525005,0.26572017968639206,5.330926964034687e-4,0.001353371146705354,0.39328820770100364
PDGFB__Stroma,S1PR1__Tcell,PDGFB__Stroma|S1PR1__Tcell,1.3530218727962753e-4,0,0.02012910782540945,0.2628921498843163,0.0013013030229227836,0.044935568636847216,0.010728770334277712
TGFB1__Bcell,ACVRL1__Endothelial,TGFB1__Bcell|ACVRL1__Endothelial,1.3392503095420265e-4,0,0.01605827644780814,0.26021633514401576,9.93758380786242e-4,0.013308873016596329,0.02455693968023528
TNN__Bcell,ITGAV__Malignant,TNN__Bcell|ITGAV__Malignant,1.3240638662274408e-4,0,0.004383985682367877,0.25726560920799174,3.704990139722527e-4,0.001230724133743673,0.34047994632525697
PLA2G2A__Stroma,ITGA5__Tcell,PLA2G2A__Stroma|ITGA5__Tcell,1.2796613636213784e-4,0,0.01740784446385013,0.2486382029516338,0.0010826871592635595,0.01186230978498723,0.020745189513129852
IL34__Tcell,CSF1R__Stroma,IL34__Tcell|CSF1R__Stroma,1.2563853364440687e-4,0,0.01621832220501776,0.24411567087108252,7.510141535318095e-4,0.00499138824206975,0.06141094392742858
EFNB1__Stroma,ERBB2__Tcell,EFNB1__Stroma|ERBB2__Tcell,1.2554186839232282e-4,0,0.04065908854952951,0.24392785028628328,0.0014268742746536814,0.028069364668568887,0.014883867524739757
TGFB1__Bcell,SDC2__Macrophage,TGFB1__Bcell|SDC2__Macrophage,1.2445109973515338e-4,0,0.012282070728954354,0.241808486785403,8.636517861013401e-4,0.013308873016596329,0.02909131333780873
LAMA4__Stroma,ITGA6__Tcell,LAMA4__Stroma|ITGA6__Tcell,1.2274051681463314e-4,0,0.03153427153229629,0.23848482417083217,0.0016334963771838808,0.0967677320684205,0.0038603724665089954
MFNG__Endothelial,NOTCH1__Stroma,MFNG__Endothelial|NOTCH1__Stroma,1.2167165920113005e-4,0,0.01230356842924475,0.23640803382779568,7.109275795502563e-4,0.01775970329910064,0.02120937790176539
CD40LG__Tcell,ITGB2__Stroma,CD40LG__Tcell|ITGB2__Stroma,1.2127939451890457e-4,0,0.014784075451824023,0.2356458635502316,6.265813965502347e-4,0.003085707211256262,0.12407467180885462
PLA2G2A__Bcell,ITGB1__Macrophage,PLA2G2A__Bcell|ITGB1__Macrophage,1.2088486944143924e-4,0,0.005851383897148513,0.23487930132471646,4.4079966872818754e-4,0.0029083525112388814,0.14403041029041336
LTA__Bcell,LTBR__Stroma,LTA__Bcell|LTBR__Stroma,1.2069956484878509e-4,0,0.006609392431158441,0.23451925450118943,4.2431855607014774e-4,0.003086394165703576,0.13954901060632577
TNN__Bcell,ITGB1__Stroma,TNN__Bcell|ITGB1__Stroma,1.203064696348176e-4,0,0.0046867120392895525,0.23375547050045062,3.952963864078061e-4,0.001230724133743673,0.39328820770100364
LAMA2__Stroma,ITGAV__Tcell,LAMA2__Stroma|ITGAV__Tcell,1.1967324720129355e-4,0,0.032599418282918666,0.23252511931211337,0.0012188349280376426,0.021901728299050058,0.013420419158059905
LAMC1__Stroma,ITGA6__Tcell,LAMC1__Stroma|ITGA6__Tcell,1.193123570674642e-4,0,0.04676345094100294,0.23182390978208295,0.0017384191732267003,0.09133008230378381,0.0038603724665089954
SEMA4A__Bcell,NRP1__Stroma,SEMA4A__Bcell|NRP1__Stroma,1.1746125486584287e-4,0,0.007819468054334826,0.2282272182043327,5.526391367834406e-4,0.005867680179458925,0.0758156683700155
JAG2__Endothelial,NOTCH1__Stroma,JAG2__Endothelial|NOTCH1__Stroma,1.1724433508830037e-4,0,0.010414321801613764,0.22780574307656762,6.860941479202584e-4,0.016964774527952375,0.02120937790176539
LAMA2__Tcell,CD44__Stroma,LAMA2__Tcell|CD44__Stroma,1.1669176884194e-4,0,0.006812969700883413,0.22673210685988943,4.6097673066530434e-4,0.002450952621024184,0.1618967150270619
CD40LG__Tcell,ITGA5__Stroma,CD40LG__Tcell|ITGA5__Stroma,1.1665504629304148e-4,0,0.011849947632403003,0.22666075494737958,5.042442663004563e-4,0.003085707211256262,0.1401206062884482
EFNB1__Endothelial,EPHB3__Stroma,EFNB1__Endothelial|EPHB3__Stroma,1.1642806640592952e-4,0,0.007709212500724619,0.22621973302672105,5.823729705853737e-4,0.007448687332475162,0.05914044392946179
LTA__Bcell,TNFRSF1B__Malignant,LTA__Bcell|TNFRSF1B__Malignant,1.1594068804113992e-4,0,0.009023127206704158,0.22527275686393486,4.5845112006065214e-4,0.003086394165703576,0.10893623587157274
SLIT2__Stroma,SDC1__Tcell,SLIT2__Stroma|SDC1__Tcell,1.1384649698388296e-4,0,0.043125195800368464,0.2212037436396846,0.0013631403468964914,0.024923875511393752,0.01198769827866188
LAMB1__Stroma,ITGB4__Tcell,LAMB1__Stroma|ITGB4__Tcell,1.1267483398797963e-4,0,0.06416610085792736,0.2189272024386444,0.0018130057171222582,0.11486313448451917,0.0033993833714068295
TNFSF14__Tcell,TNFRSF14__Stroma,TNFSF14__Tcell|TNFRSF14__Stroma,1.1245962902766963e-4,0,0.007656033039608942,0.2185090592007621,0.00045068492938639903,0.0044650773727968746,0.08637028790051317
ECM1__Stroma,ITGB4__Tcell,ECM1__Stroma|ITGB4__Tcell,1.1222604195861445e-4,0,0.08757779366300862,0.21805519952558788,0.002184921764062319,0.10792054387000709,0.0033993833714068295
LAMA2__Bcell,ITGB1__Macrophage,LAMA2__Bcell|ITGB1__Macrophage,1.1173507509536675e-4,0,0.009904841925666848,0.21710125091029758,4.582334616031042e-4,0.0027337744662035385,0.14403041029041336
SEMA7A__Bcell,ITGA1__Malignant,SEMA7A__Bcell|ITGA1__Malignant,1.1044723211652097e-4,0,0.005579910842598425,0.21459897200240025,4.1924811777554436e-4,0.0035055494452470824,0.10641592032140809
EDIL3__Stroma,ITGB5__Tcell,EDIL3__Stroma|ITGB5__Tcell,1.0976092047784915e-4,0,0.019497183010176992,0.21326546848846092,0.0010108117878840173,0.027041794163158907,0.01776694617367144
LTA__Bcell,LTBR__Macrophage,LTA__Bcell|LTBR__Macrophage,1.0937290868217055e-4,0,0.011173380913628957,0.21251156156945739,5.192021024377811e-4,0.003086394165703576,0.09049544721699845
PLA2G2A__Tcell,ITGA5__Malignant,PLA2G2A__Tcell|ITGA5__Malignant,1.0914162215075723e-4,0,0.010849966273023367,0.2120621718389213,4.200497485545903e-4,0.001353371146705354,0.2359686165762192
PLAU__Stroma,ITGAM__Tcell,PLAU__Stroma|ITGAM__Tcell,1.087817223733803e-4,0,0.03270925705963229,0.21136288657147792,0.0015837345140821163,0.12818153185409442,0.0033649474544272134
JAM2__Stroma,ITGAV__Tcell,JAM2__Stroma|ITGAV__Tcell,1.07280605396906e-4,0,0.019446943080594765,0.20844621628618837,9.48657135197559e-4,0.024783481423067834,0.013420419158059905
DLL4__Endothelial,NOTCH2__Stroma,DLL4__Endothelial|NOTCH2__Stroma,1.071351130903911e-4,0,0.006620732035642481,0.2081635247346299,4.656381146513302e-4,0.005092430950947915,0.0778491171834821
PLA2G2A__Bcell,ITGAV__Stroma,PLA2G2A__Bcell|ITGAV__Stroma,1.0603159954579951e-4,0,0.015317215897914646,0.20601939791748844,5.771567091232057e-4,0.0029083525112388814,0.11563985834516288
LAMA4__Stroma,ITGB4__Tcell,LAMA4__Stroma|ITGB4__Tcell,1.0555203925255988e-4,0,0.06344231652780072,0.20508761226772385,0.001749300752988225,0.0967677320684205,0.0033993833714068295
CX3CL1__Bcell,ITGAV__Macrophage,CX3CL1__Bcell|ITGAV__Macrophage,1.0464642328864048e-4,0,0.010585977390825101,0.20332800044982846,5.246572234082832e-4,0.003866842624172156,0.07614452753170428
PLA2G2A__Bcell,ITGA5__Stroma,PLA2G2A__Bcell|ITGA5__Stroma,1.045240527958013e-4,0,0.008703038963751852,0.20309023458224193,4.4826549666194794e-4,0.0029083525112388814,0.1401206062884482
SLIT2__Tcell,APP__Stroma,SLIT2__Tcell|APP__Stroma,1.0430619459312402e-4,0,0.002654097749225074,0.20266693609443995,3.1906852031487874e-4,0.0021644484782424203,0.1919043871963106
TGFB3__Tcell,ACVR1__Stroma,TGFB3__Tcell|ACVR1__Stroma,1.0366659618050964e-4,0,0.016664885721246993,0.2014241963787302,7.833963295794538e-4,0.014434846616906643,0.022748771595429238
CRTAM__Bcell,CADM1__Malignant,CRTAM__Bcell|CADM1__Malignant,1.0078661699232612e-4,0,0.005508084708400505,0.19582839681608966,3.2360449960447765e-4,0.0018223136278513181,0.17308548414070768
LAMA2__Bcell,ITGA6__Malignant,LAMA2__Bcell|ITGA6__Malignant,1.0067463098934964e-4,0,0.006252276782635233,0.19561080801230635,3.733465938238671e-4,0.0027337744662035385,0.10899828253514668
LAMA2__Tcell,ITGA6__Malignant,LAMA2__Tcell|ITGA6__Malignant,1.0046569004404248e-4,0,0.006526252707894826,0.19520483575557454,3.6929415916364417e-4,0.002450952621024184,0.10899828253514668
CFH__Stroma,ITGAM__Tcell,CFH__Stroma|ITGAM__Tcell,9.960877737909197e-5,0,0.032915850404430104,0.19353985444757568,0.0014874908144922345,0.07929508307183022,0.0033649474544272134
SEMA4A__Bcell,LILRB2__Macrophage,SEMA4A__Bcell|LILRB2__Macrophage,9.857190603107714e-5,0,0.0323086826588023,0.19152521341838288,8.650585416659813e-4,0.005867680179458925,0.056008406728073515
ITGAM__Bcell,ICAM1__Stroma,ITGAM__Bcell|ICAM1__Stroma,9.810496828938222e-5,0,0.02138229431219668,0.19061795338626966,7.379221202212087e-4,0.005083493770165844,0.04853453727479767
TGFB3__Stroma,TGFBR1__Tcell,TGFB3__Stroma|TGFBR1__Tcell,9.7579864484551e-5,0,0.02273964146122485,0.18959767669348257,0.0011376848644792735,0.049226521257953966,0.00574284498245895
ITGB7__Bcell,VCAM1__Macrophage,ITGB7__Bcell|VCAM1__Macrophage,9.732426178418265e-5,0,0.011668040848517133,0.18910104064666688,6.763747979961834e-4,0.008455926555726998,0.027616077016822192
SEMA4A__Bcell,NRP1__Macrophage,SEMA4A__Bcell|NRP1__Macrophage,9.677299951676454e-5,0,0.007114954651969388,0.1880299380610735,5.117341805438839e-4,0.005867680179458925,0.0612230040125446
COL4A3__Tcell,ITGB1__Stroma,COL4A3__Tcell|ITGB1__Stroma,9.606290244371529e-5,0,0.008052415485864701,0.1866502194481388,3.6595515900905175e-4,7.714415121230939e-4,0.39328820770100364
TNN__Bcell,SDC1__Stroma,TNN__Bcell|SDC1__Stroma,9.599095092703993e-5,0,0.006965361264186373,0.18651041765123857,3.3249352689189616e-4,0.001230724133743673,0.3386594771140244
LAMA2__Bcell,ITGAV__Stroma,LAMA2__Bcell|ITGAV__Stroma,9.569594947127639e-5,0,0.009804773769852119,0.18593722982269,5.21206082607702e-4,0.0027337744662035385,0.11563985834516288
TGFB1__Bcell,ACVR1__Macrophage,TGFB1__Bcell|ACVR1__Macrophage,9.468379841850849e-5,0,0.01174614344739511,0.183970620327162,7.138359282216991e-4,0.013308873016596329,0.01973500497230352
SEMA4A__Bcell,PLXNA1__Stroma,SEMA4A__Bcell|PLXNA1__Stroma,9.438731684482763e-5,0,0.009447645100753282,0.18339455662950008,5.063392951735199e-4,0.005867680179458925,0.06572048251178972
FCER2__Bcell,ITGB2__Stroma,FCER2__Bcell|ITGB2__Stroma,9.387893312756369e-5,0,0.005668111571237221,0.18240676706685624,3.9267029532969496e-4,0.003056159835866804,0.12407467180885462
MFNG__Bcell,NOTCH1__Macrophage,MFNG__Bcell|NOTCH1__Macrophage,9.286272865400238e-5,0,0.009812241680317165,0.18043228177472662,5.975487745732745e-4,0.008262942711432039,0.029828413042348952
FCER2__Bcell,ITGAV__Stroma,FCER2__Bcell|ITGAV__Stroma,9.22354749593283e-5,0,0.004703889524642742,0.17921352784597488,3.915918400834941e-4,0.003056159835866804,0.11563985834516288
LTA__Tcell,TNFRSF1B__Malignant,LTA__Tcell|TNFRSF1B__Malignant,9.158506488675822e-5,0,0.004154384327442101,0.17794978107497122,3.52194155905687e-4,0.002476547977636805,0.10893623587157274
CD96__Tcell,PVR__Stroma,CD96__Tcell|PVR__Stroma,9.155127722726411e-5,0,0.010107348875228649,0.1778841316525742,6.128361675573855e-4,0.0126636102300131,0.02499972946775263
LAMA2__Bcell,ITGA1__Malignant,LAMA2__Bcell|ITGA1__Malignant,9.15131844303362e-5,0,0.010731696758768882,0.17781011734814325,4.37733629614853e-4,0.0027337744662035385,0.10641592032140809
LAMC1__Stroma,ITGB4__Tcell,LAMC1__Stroma|ITGB4__Tcell,9.075567035050394e-5,0,0.05210801694847188,0.17633826749102918,0.0014685346697745046,0.09133008230378381,0.0033993833714068295
TGFB1__Bcell,ITGAV__Tcell,TGFB1__Bcell|ITGAV__Tcell,9.064855379213521e-5,0,0.0348401357448536,0.17613014001811872,0.0010739055144809153,0.013308873016596329,0.013420419158059905
IL34__Bcell,CSF1R__Stroma,IL34__Bcell|CSF1R__Stroma,9.04095241623794e-5,0,0.007236997809714227,0.17566570544750318,4.78970898842489e-4,0.0038038665722907156,0.06141094392742858
SEMA4A__Bcell,PLXNB1__Stroma,SEMA4A__Bcell|PLXNB1__Stroma,8.960006267360633e-5,0,0.013011947350769446,0.1740929217748171,5.536164799225377e-4,0.005867680179458925,0.057961692547121677
LAMA2__Tcell,ITGA1__Malignant,LAMA2__Tcell|ITGA1__Malignant,8.830764758346318e-5,0,0.00582157494569883,0.17158175925466895,3.526179491143205e-4,0.002450952621024184,0.10641592032140809
FGF7__Bcell,FGFR1__Stroma,FGF7__Bcell|FGFR1__Stroma,8.669067122155158e-5,0,0.004705203697103542,0.16843997418347473,3.1534715390810013e-4,0.0014241812816737822,0.22846574700568387
LAMA2__Tcell,ITGAV__Stroma,LAMA2__Tcell|ITGAV__Stroma,8.60523010309625e-5,0,0.004364619289147123,0.16719962090316015,3.8649081228836414e-4,0.002450952621024184,0.11563985834516288
LTA__Tcell,LTBR__Stroma,LTA__Tcell|LTBR__Stroma,8.354181584044889e-5,0,0.0035762228035365433,0.1623217481779922,2.792009958356143e-4,0.002476547977636805,0.13954901060632577
LTA__Bcell,TNFRSF14__Tcell,LTA__Bcell|TNFRSF14__Tcell,8.338387768497739e-5,0,0.009830842724575295,0.16201487434191109,5.629779031144126e-4,0.003086394165703576,0.05878994016575755
LTA__Bcell,TNFRSF14__Stroma,LTA__Bcell|TNFRSF14__Stroma,8.295244802848205e-5,0,0.0058464708190089166,0.16117660651934063,3.256342682746564e-4,0.003086394165703576,0.08637028790051317
COL4A3__Tcell,SDC1__Stroma,COL4A3__Tcell|SDC1__Stroma,8.164537662757296e-5,0,0.004868207860150143,0.15863696678737427,2.9886029768209314e-4,7.714415121230939e-4,0.3386594771140244
BTLA__Bcell,TNFRSF14__Macrophage,BTLA__Bcell|TNFRSF14__Macrophage,8.08651905846562e-5,0,0.004058565831640035,0.15712106530598702,3.006906611036381e-4,0.0019330618307953362,0.15445549201121073
SEMA4A__Bcell,PLXNA1__Macrophage,SEMA4A__Bcell|PLXNA1__Macrophage,7.993488517427967e-5,0,0.013542291425785951,0.1553134818936254,4.926391436804393e-4,0.005867680179458925,0.049912727946704843
ITGA4__Bcell,VCAM1__Macrophage,ITGA4__Bcell|VCAM1__Macrophage,7.951314054905464e-5,0,0.009546959200796257,0.15449403208681317,5.45383089801716e-4,0.007970536431856372,0.027616077016822192
FGF7__Endothelial,NRP1__Stroma,FGF7__Endothelial|NRP1__Stroma,7.839110549163095e-5,0,0.006135445165915422,0.15231391797023894,3.8801899287217636e-4,0.0031720167366673588,0.0758156683700155
ANGPTL2__Macrophage,TLR4__Endothelial,ANGPTL2__Macrophage|TLR4__Endothelial,7.705483196379915e-5,0,0.043234449026373294,0.14971753850566175,0.0014238781020307434,0.02347618588121007,0.005368279151348702
VEGFB__Stroma,NRP1__Tcell,VEGFB__Stroma|NRP1__Tcell,7.669163392277583e-5,0,0.029530960607685418,0.14901184471195345,0.0010938488407062643,0.09440354582770359,0.0027296962593847634
PLA2G2A__Stroma,ITGAV__Tcell,PLA2G2A__Stroma|ITGAV__Tcell,7.664309657791327e-5,0,0.017583244740421576,0.14891753665088547,7.550358325627251e-4,0.01186230978498723,0.013420419158059905
FGF7__Bcell,NRP1__Malignant,FGF7__Bcell|NRP1__Malignant,7.607271595470092e-5,0,0.001964802567783139,0.1478092870999839,2.1805577658261374e-4,0.0014241812816737822,0.168070160472211
ANGPTL2__Stroma,LILRB3__Tcell,ANGPTL2__Stroma|LILRB3__Tcell,7.590751494913522e-5,0,0.025616587388313083,0.1474883015461697,0.0010296936541488197,0.06296215533843931,0.00436025870063164
PGF__Endothelial,NRP2__Stroma,PGF__Endothelial|NRP2__Stroma,7.549438150786571e-5,0,0.00736800611979421,0.14668558326978307,4.5665719403958455e-4,0.008543990546479816,0.03319347641791856
LGALS9__Bcell,HAVCR2__Tcell,LGALS9__Bcell|HAVCR2__Tcell,7.517964904228153e-5,0,0.021485144357649352,0.14607405808915302,0.001114148343532358,0.03384175535629995,0.004430001452732028
TNN__Bcell,SDC4__Stroma,TNN__Bcell|SDC4__Stroma,7.376364793888257e-5,0,0.005782188127434036,0.14332276794524884,3.0454614662072304e-4,0.001230724133743673,0.2027901188096092
SORBS1__Stroma,ITGA1__Tcell,SORBS1__Stroma|ITGA1__Tcell,7.275359631906196e-5,0,0.016092854050628335,0.1413602376479374,8.964929885933246e-4,0.02673361354944243,0.007965408740116852
SEMA7A__Bcell,ITGA1__Stroma,SEMA7A__Bcell|ITGA1__Stroma,7.199165976635194e-5,0,0.01117194375010594,0.13987979492602182,5.319002126299389e-4,0.0035055494452470824,0.05242443771135602
RSPO3__Tcell,SDC4__Stroma,RSPO3__Tcell|SDC4__Stroma,7.165728556316786e-5,0,0.005238854904194922,0.13923010584923515,2.585964779668761e-4,0.0010665536256777193,0.2027901188096092
SEMA4D__Bcell,CD72__Macrophage,SEMA4D__Bcell|CD72__Macrophage,7.16547301726948e-5,0,0.010508479622869391,0.13922514072554598,5.548842432505584e-4,0.010495343322213283,0.02097729706128553
CD58__Tcell,CD2__Stroma,CD58__Tcell|CD2__Stroma,6.906411982618449e-5,0,0.009224052712200434,0.13419158482227644,5.227150366270756e-4,0.007711621495299279,0.02157220344707651
SLIT2__Bcell,APP__Macrophage,SLIT2__Bcell|APP__Macrophage,6.844678026068355e-5,0,0.005821340290366398,0.13299209404650814,3.431811618958264e-4,0.0029082786653497005,0.07037250083305682
FCER2__Bcell,ITGAV__Macrophage,FCER2__Bcell|ITGAV__Macrophage,6.83657029026539e-5,0,0.006210108435400505,0.13283456073985653,3.526188451192932e-4,0.003056159835866804,0.07614452753170428
PAPLN__Bcell,SIRPA__Macrophage,PAPLN__Bcell|SIRPA__Macrophage,6.750787921144306e-5,0,0.0052223794715847635,0.13116780930783387,3.42624870124214e-4,0.0027096253872107945,0.07042885679862224
ANGPT2__Stroma,ITGA5__Tcell,ANGPT2__Stroma|ITGA5__Tcell,6.7305126297063865e-05,0,0.00803674271400361,0.1307738603951951,5.418086466229595e-4,0.010415660660650448,0.020745189513129852
EFNB1__Endothelial,EPHB4__Stroma,EFNB1__Endothelial|EPHB4__Stroma,6.723964689128605e-5,0,0.0053437229561337975,0.1306466339097688,3.781546421293692e-4,0.007448687332475162,0.030236432936533265
TGFB1__Bcell,CAV1__Macrophage,TGFB1__Bcell|CAV1__Macrophage,6.5286310186177e-5,0,0.01151187581299879,0.1268513006917419,5.967664469054961e-4,0.013308873016596329,0.013194856756178576
TNN__Bcell,SDC4__Macrophage,TNN__Bcell|SDC4__Macrophage,6.504492730243288e-5,0,0.00701268946184871,0.12638229374862708,3.340618181160621e-4,0.001230724133743673,0.14886938778373676
LAMA2__Stroma,ITGA1__Tcell,LAMA2__Stroma|ITGA1__Tcell,6.469340598720545e-5,0,0.015172322328396869,0.12569928783314022,8.085057833559304e-4,0.021901728299050058,0.007965408740116852
HGF__Bcell,SDC1__Stroma,HGF__Bcell|SDC1__Stroma,6.320127828665093e-5,0,0.011754971748170452,0.12280008371096277,3.8356763712246576e-4,7.959665660009781e-4,0.3386594771140244
FGF7__Tcell,NRP1__Stroma,FGF7__Tcell|NRP1__Stroma,6.260618622280851e-5,0,0.009422460037824603,0.12164381983091695,3.426588298436555e-4,0.0025241861147765753,0.0758156683700155
PLA2G2A__Bcell,ITGAV__Macrophage,PLA2G2A__Bcell|ITGAV__Macrophage,6.243443992959993e-5,0,0.00945456861378789,0.12131011678321267,3.469938272073956e-4,0.0029083525112388814,0.07614452753170428
HAS2__Tcell,CD44__Stroma,HAS2__Tcell|CD44__Stroma,6.231884994534618e-5,0,0.0048159962995282584,0.12108552544380764,2.644105300413545e-4,0.0012427415553391695,0.1618967150270619
IGF1__Bcell,IGF1R__Stroma,IGF1__Bcell|IGF1R__Stroma,6.174568282852605e-5,0,0.00794035901592463,0.11997186173582612,4.279617639971499e-4,0.005687489205329196,0.027914379089465546
TNN__Bcell,ITGB1__Macrophage,TNN__Bcell|ITGB1__Macrophage,6.036631158700846e-5,0,0.008150931621096712,0.11729174341355743,3.0986181289713663e-4,0.001230724133743673,0.14403041029041336
CD1D__Bcell,LILRB2__Macrophage,CD1D__Bcell|LILRB2__Macrophage,5.9855095621812e-5,0,0.008810707921479508,0.11629845079318071,4.037993011605333e-4,0.002269122030584342,0.056008406728073515
BTLA__Bcell,TNFRSF14__Tcell,BTLA__Bcell|TNFRSF14__Tcell,5.9786619982225795e-5,0,0.008886587352673447,0.11616540262546471,4.6689782569147746e-4,0.0019330618307953362,0.05878994016575755
LAMA2__Bcell,ITGAV__Macrophage,LAMA2__Bcell|ITGAV__Macrophage,5.820885846764813e-5,0,0.009516895668569197,0.11309981200264031,3.4040352959949764e-4,0.0027337744662035385,0.07614452753170428
IGF1__Bcell,INSR__Stroma,IGF1__Bcell|INSR__Stroma,5.818577521326172e-5,0,0.0066146006002485765,0.11305496123936752,3.490025098649363e-4,0.005687489205329196,0.032090731397725586
SELE__Bcell,GLG1__Macrophage,SELE__Bcell|GLG1__Macrophage,5.753877244420156e-5,0,0.00613096797716689,0.11179783485908364,2.9427715058985836e-4,0.002460415137313105,0.07475579665353412
CADM1__Bcell,CADM1__Stroma,CADM1__Bcell|CADM1__Stroma,5.67574061451986e-5,0,0.007023640144493211,0.11027964014012087,4.0517312077111267e-4,0.0058920027963940596,0.026960103360033325
FGF7__Tcell,NRP1__Macrophage,FGF7__Tcell|NRP1__Macrophage,5.655130440327847e-5,0,0.006190758574654157,0.10987918445557006,3.2469821890774973e-4,0.0025241861147765753,0.0612230040125446
SEMA4A__Bcell,PLXNA3__Stroma,SEMA4A__Bcell|PLXNA3__Stroma,5.623190900848713e-5,0,0.004256910747362214,0.1092585992034905,2.6774043837294963e-4,0.005867680179458925,0.049632774508846365
BTLA__Bcell,TNFRSF14__Stroma,BTLA__Bcell|TNFRSF14__Stroma,5.606764766214512e-5,0,0.002363291440375112,0.10893943940754798,2.1157228078469035e-4,0.0019330618307953362,0.08637028790051317
COL4A3__Tcell,SDC4__Stroma,COL4A3__Tcell|SDC4__Stroma,5.5899026922142814e-5,0,0.0044011273163430936,0.10861180930972349,2.1745734262235345e-4,7.714415121230939e-4,0.2027901188096092
LTA__Tcell,TNFRSF14__Stroma,LTA__Tcell|TNFRSF14__Stroma,5.526499520107989e-5,0,0.00423574123823794,0.10737988567569823,2.1390383654891363e-4,0.002476547977636805,0.08637028790051317
ICAM2__Macrophage,ITGAL__Endothelial,ICAM2__Macrophage|ITGAL__Endothelial,5.474099980475488e-5,0,0.033593709888842666,0.10636176262063872,0.0010223843289784583,0.02538675956635971,0.004817550705229482
MFNG__Bcell,NOTCH1__Stroma,MFNG__Bcell|NOTCH1__Stroma,5.39643281865759e-5,0,0.004498857544176339,0.10485268966651697,3.1590229562867135e-4,0.008262942711432039,0.02120937790176539
SLIT2__Bcell,SDC1__Macrophage,SLIT2__Bcell|SDC1__Macrophage,5.362450014879715e-5,0,0.009665624134703251,0.10419240378911286,3.54206837306053e-4,0.0029082786653497005,0.055243786533576825
FASLG__Macrophage,TNFRSF1A__Endothelial,FASLG__Macrophage|TNFRSF1A__Endothelial,5.3600441784965864e-5,0,0.007626823610296691,0.10414565838818866,3.772194837879749e-4,0.0025392854888667328,0.05439289885774591
PLA2G2A__Bcell,ITGA5__Macrophage,PLA2G2A__Bcell|ITGA5__Macrophage,5.294843974193026e-5,0,0.005735960526781676,0.10287881841857051,2.8439265585423107e-4,0.0029083525112388814,0.05786593719926551
TIGIT__Bcell,PVR__Stroma,TIGIT__Bcell|PVR__Stroma,5.278122990955415e-5,0,0.009528193881521981,0.10255392971426372,3.891148482412451e-4,0.006709048168086051,0.02499972946775263
FCER2__Bcell,ITGAM__Macrophage,FCER2__Bcell|ITGAM__Macrophage,5.250613461022134e-5,0,0.004122183292534693,0.10201941954766007,2.863915492727861e-4,0.003056159835866804,0.05365404395027382
PAPLN__Tcell,SIRPA__Stroma,PAPLN__Tcell|SIRPA__Stroma,5.1969151745161457e-5,0,0.005810965526602407,0.1009760618408487,3.0450118651926595e-4,0.006045723680986829,0.02954244268943732
F10__Tcell,ITGB2__Stroma,F10__Tcell|ITGB2__Stroma,5.180063095246353e-5,0,0.004861636810607634,0.10064862594063664,2.49910694734463e-4,0.001185340420244095,0.12407467180885462
CD226__Bcell,PVR__Malignant,CD226__Bcell|PVR__Malignant,5.140747241831252e-5,0,0.0016855903182725633,0.09988471890878123,1.4292684165511112e-4,7.6170330198968e-4,0.20899106977704993
JAM2__Stroma,F11R__Tcell,JAM2__Stroma|F11R__Tcell,5.0664316756083434e-5,0,0.01521089580230656,0.09844076745707012,5.785420605112903e-4,0.024783481423067834,0.006482576677658795
ADAM17__Endothelial,NOTCH1__Stroma,ADAM17__Endothelial|NOTCH1__Stroma,5.059922424605762e-5,0,0.006132375764911956,0.09831429271008994,3.214535648299757e-4,0.007923079432293378,0.02120937790176539
ICOS__Tcell,ICOSLG__Stroma,ICOS__Tcell|ICOSLG__Stroma,5.003351309370403e-5,0,0.005305861485398328,0.09721511594106694,3.5260138745412816e-4,0.010789552604501549,0.019198801113136012
PGF__Stroma,NRP1__Tcell,PGF__Stroma|NRP1__Tcell,4.96761757136735e-5,0,0.017926941830830993,0.09652080941166762,7.059217759690274e-4,0.05451703332956857,0.0027296962593847634
ANGPTL2__Stroma,LILRB2__Tcell,ANGPTL2__Stroma|LILRB2__Tcell,4.955330221022903e-5,0,0.028023816308474326,0.09628206619447499,8.967074507766355e-4,0.06296215533843931,0.0026900361759494454
LIF__Tcell,IL6ST__Stroma,LIF__Tcell|IL6ST__Stroma,4.8417253547539044e-5,0,0.0031799240031573626,0.09407472364286837,1.7420735761606432e-4,7.920565506072566e-4,0.2249783332630924
PLA2G2A__Tcell,ITGA5__Stroma,PLA2G2A__Tcell|ITGA5__Stroma,4.759971217819144e-5,0,0.0038127665163040954,0.09248624076222597,1.970217853160417e-4,0.001353371146705354,0.1401206062884482
PLA2G2A__Tcell,ITGAV__Stroma,PLA2G2A__Tcell|ITGAV__Stroma,4.747747008645791e-5,0,0.0036792945884574608,0.09224872437798773,2.1971309934047377e-4,0.001353371146705354,0.11563985834516288
LAMA2__Bcell,ITGA1__Stroma,LAMA2__Bcell|ITGA1__Stroma,4.727979836256778e-5,0,0.006420553544713638,0.0918646482184692,3.6525979935818256e-4,0.0027337744662035385,0.05242443771135602
CTSG__Tcell,F2RL2__Stroma,CTSG__Tcell|F2RL2__Stroma,4.659263961876053e-5,0,0.007446842430422713,0.0905294987792517,3.809020812826472e-4,0.0046734929322674494,0.027787722126752352
COL4A3__Tcell,CD44__Stroma,COL4A3__Tcell|CD44__Stroma,4.632554294096045e-5,0,0.0029359901012070678,0.09001052993428615,1.8805037787734938e-4,7.714415121230939e-4,0.1618967150270619
EFNB1__Endothelial,EPHB2__Stroma,EFNB1__Endothelial|EPHB2__Stroma,4.6127851706098566e-5,0,0.004803860048219748,0.08962641586494952,3.5144706683295596e-4,0.007448687332475162,0.018884244820744217
SEMA4D__Bcell,PLXNB1__Macrophage,SEMA4D__Bcell|PLXNB1__Macrophage,4.592820669686189e-5,0,0.007254524769682755,0.08923850561200265,3.499668644364162e-4,0.010495343322213283,0.014300076655163089
IGF1__Stroma,IGF1R__Tcell,IGF1__Stroma|IGF1R__Tcell,4.585506395449867e-5,0,0.012941376254391063,0.08909638926359092,5.95867559556599e-4,0.030961409930085528,0.003599992911551347
LY86__Bcell,CD180__Macrophage,LY86__Bcell|CD180__Macrophage,4.489738300685023e-5,0,0.006731532011255365,0.08723561518230999,3.5306084951910473e-4,0.007019431330299507,0.020273125797620178
SEMA7A__Stroma,ITGA1__Tcell,SEMA7A__Stroma|ITGA1__Tcell,4.47246389827633e-5,0,0.015068632135207954,0.0868999735435091,5.744896940420911e-4,0.018348067852641477,0.007965408740116852
IGF1__Stroma,ITGB4__Tcell,IGF1__Stroma|ITGB4__Tcell,4.471341814785396e-5,0,0.02947830842418181,0.08687817146128024,7.874066485660647e-4,0.030961409930085528,0.0033993833714068295
IGF1__Bcell,ITGB4__Stroma,IGF1__Bcell|ITGB4__Stroma,4.29912903958605e-5,0,0.010848628417549008,0.08353207723915695,4.141246987625924e-4,0.005687489205329196,0.01917442577930789
SELE__Bcell,GLG1__Tcell,SELE__Bcell|GLG1__Tcell,4.250021133237684e-5,0,0.010049383399024362,0.0825779106188082,3.9836815939452125e-4,0.002460415137313105,0.030875224098838038
LAMA2__Tcell,ITGA1__Stroma,LAMA2__Tcell|ITGA1__Stroma,4.179440910156243e-5,0,0.006773010509424141,0.0812065368843358,3.131855066552623e-4,0.002450952621024184,0.05242443771135602
TNN__Bcell,ITGAV__Stroma,TNN__Bcell|ITGAV__Stroma,4.040845918077919e-5,0,0.003920588989593063,0.07851363618825397,1.9721012747442307e-4,0.001230724133743673,0.11563985834516288
IGF1__Stroma,ITGA6__Tcell,IGF1__Stroma|ITGA6__Tcell,4.028969994728058e-5,0,0.00935632478523181,0.07828288699756618,5.074081272837355e-4,0.030961409930085528,0.0038603724665089954
IGF1__Bcell,ITGAV__Tcell,IGF1__Bcell|ITGAV__Tcell,4.0208181086443426e-5,0,0.014268190064701656,0.07812449585095957,4.8165257649485804e-4,0.005687489205329196,0.013420419158059905
LTA__Bcell,TNFRSF1B__Tcell,LTA__Bcell|TNFRSF1B__Tcell,3.948638058175396e-5,0,0.004967308301464201,0.07672203747034795,3.040923501287835e-4,0.003086394165703576,0.031770635251541786
PDCD1LG2__Tcell,RGMB__Stroma,PDCD1LG2__Tcell|RGMB__Stroma,3.854321980052557e-5,0,0.005385070584651825,0.07488947607242119,2.860707497498839e-4,0.006104275328976837,0.02361514662293711
LTA__Bcell,TNFRSF1A__Tcell,LTA__Bcell|TNFRSF1A__Tcell,3.7746195066029085e-5,0,0.014381250096070955,0.07334085701329451,4.4227961754527036e-4,0.003086394165703576,0.022380315274533765
FGF7__Bcell,NRP1__Stroma,FGF7__Bcell|NRP1__Stroma,3.769787561495485e-5,0,0.005965120172247256,0.07324697231985727,2.1033013655901206e-4,0.0014241812816737822,0.0758156683700155
CLEC2D__Bcell,KLRB1__Macrophage,CLEC2D__Bcell|KLRB1__Macrophage,3.746766888178852e-5,0,0.007820992275232764,0.07279968063731508,3.8277378993230337e-4,0.009328114517938333,0.011337147591215343
IGF1__Bcell,INSR__Macrophage,IGF1__Bcell|INSR__Macrophage,3.6530364170313924e-5,0,0.0069277093908484836,0.07097849758291996,3.25959611193136e-4,0.005687489205329196,0.018237754816298125
HGF__Bcell,CD44__Macrophage,HGF__Bcell|CD44__Macrophage,3.624144410836294e-5,0,0.010015451683669449,0.07041712590254919,2.53868178206921e-4,7.959665660009781e-4,0.19731214416601128
FGF7__Bcell,NRP1__Macrophage,FGF7__Bcell|NRP1__Macrophage,3.5702800602483456e-5,0,0.0031946215806768503,0.06937054157062535,1.9952565919805623e-4,0.0014241812816737822,0.0612230040125446
ITGB7__Bcell,VCAM1__Tcell,ITGB7__Bcell|VCAM1__Tcell,3.5472870507941984e-5,0,0.012419249345206917,0.06892378739693128,4.68044559963873e-4,0.008455926555726998,0.0095567177885316
CTSG__Bcell,F2RL2__Stroma,CTSG__Bcell|F2RL2__Stroma,3.5066323294269305e-5,0,0.006929977879990112,0.06813386616076526,3.005740120723941e-4,0.0033928382962551866,0.027787722126752352
HGF__Bcell,SDC2__Malignant,HGF__Bcell|SDC2__Malignant,3.431916384007805e-5,0,0.002624070261278889,0.06668213534127165,1.5950525494926837e-4,7.959665660009781e-4,0.15343724353751104
COL4A3__Tcell,ITGAV__Stroma,COL4A3__Tcell|ITGAV__Stroma,3.364473390193451e-5,0,0.0022450383255259035,0.06537171797145874,1.5558544469455852e-4,7.714415121230939e-4,0.11563985834516288
IGF1__Bcell,ITGB4__Macrophage,IGF1__Bcell|ITGB4__Macrophage,3.3346174175683325e-5,0,0.007784086368025996,0.0647916164233527,3.15175225041503e-4,0.005687489205329196,0.014182276818979435
DLL4__Endothelial,NOTCH1__Stroma,DLL4__Endothelial|NOTCH1__Stroma,3.2877763574089846e-5,0,0.0065741452541496406,0.06388149462445657,2.4512056528977797e-4,0.005092430950947915,0.02120937790176539
CD96__Bcell,PVR__Stroma,CD96__Bcell|PVR__Stroma,3.2134733569644246e-5,0,0.004240547587034078,0.062437787325818776,2.3664753345465226e-4,0.004081927613070907,0.02499972946775263
LTA__Bcell,EDNRA__Stroma,LTA__Bcell|EDNRA__Stroma,3.175668244455809e-5,0,0.004969118505687145,0.061703233989776375,2.359383243670997e-4,0.003086394165703576,0.036005214658239144
EBI3__Bcell,IL27RA__Macrophage,EBI3__Bcell|IL27RA__Macrophage,3.1493951750634485e-5,0,0.0035578772458660225,0.0611927482514828,2.0877264874498953e-4,0.004429425961744565,0.019647364206948015
TNN__Bcell,ITGAV__Macrophage,TNN__Bcell|ITGAV__Macrophage,3.100343330513236e-5,0,0.005598723038806892,0.06023967091187218,2.0494907999290394e-4,0.001230724133743673,0.07614452753170428
BMP8A__Stroma,TGFBR1__Tcell,BMP8A__Stroma|TGFBR1__Tcell,3.0869826641100927e-5,0,0.007547048305570268,0.05998007316365911,3.583243280467036e-4,0.018186795457466837,0.00574284498245895
CLEC2D__Bcell,KLRB1__Tcell,CLEC2D__Bcell|KLRB1__Tcell,3.081030789778352e-5,0,0.009938670122905745,0.05986442824539338,3.965833684712464e-4,0.009328114517938333,0.008185938908744366
CADM1__Bcell,CADM1__Macrophage,CADM1__Bcell|CADM1__Macrophage,3.0768822418471575e-5,0,0.003431390750134033,0.059783821959090266,2.481918153775646e-4,0.0058920027963940596,0.01761472261576258
COL4A3__Tcell,ITGA1__Malignant,COL4A3__Tcell|ITGA1__Malignant,2.991773736805246e-5,0,0.002633373169044998,0.05813016370612593,1.3205214135909933e-4,7.714415121230939e-4,0.10641592032140809
CD40LG__Tcell,CD40__Stroma,CD40LG__Tcell|CD40__Stroma,2.989626134451681e-5,0,0.003790255691094321,0.05808843579239616,1.7935577665408983e-4,0.003085707211256262,0.029350024251570496
PROS1__Stroma,AXL__Tcell,PROS1__Stroma|AXL__Tcell,2.904422048329605e-5,0,0.008799051535236255,0.056432920399044226,3.7970731928569675e-4,0.02105119281756712,0.0035795438583141096
LAMA2__Bcell,ITGAV__Tcell,LAMA2__Bcell|ITGAV__Tcell,2.8815572067559452e-5,0,0.007531614431352982,0.05598865652726802,3.527918022604171e-4,0.0027337744662035385,0.013420419158059905
LAMA2__Macrophage,ITGA2__Endothelial,LAMA2__Macrophage|ITGA2__Endothelial,2.8784496467901977e-5,0,0.011952762291698293,0.05592827663713354,4.0368732471099975e-4,0.01092119453957756,0.005848655598457085
LAMA2__Stroma,ITGB4__Tcell,LAMA2__Stroma|ITGB4__Tcell,2.761951448037628e-5,0,0.013437602793403697,0.05366471663537111,4.2783822141233675e-4,0.021901728299050058,0.0033993833714068295
CRTAM__Tcell,CADM1__Stroma,CRTAM__Tcell|CADM1__Stroma,2.7478993845632334e-5,0,0.00410981904165719,0.05339168504206363,2.0576690995242176e-4,0.003055960852568319,0.026960103360033325
LAMA2__Stroma,ITGA6__Tcell,LAMA2__Stroma|ITGA6__Tcell,2.6686569210470457e-5,0,0.007816841220423277,0.0518520039759441,3.454124567893673e-4,0.021901728299050058,0.0038603724665089954
EPHA4__Tcell,EFNB1__Stroma,EPHA4__Tcell|EFNB1__Stroma,2.6593186660742856e-5,0,0.003478803386032498,0.05167056168182337,1.8107253477988225e-4,0.0028581667438652546,0.028069364668568887
TGFB1__Bcell,TGFBR3__Tcell,TGFB1__Bcell|TGFBR3__Tcell,2.6531946005632906e-5,0,0.011790940748438197,0.05155157108894473,4.4022325603639885e-4,0.013308873016596329,0.0041142624219962535
COL4A3__Tcell,CD47__Stroma,COL4A3__Tcell|CD47__Stroma,2.637676339211639e-5,0,0.0031729175208006833,0.05125005127088214,1.364865387421594e-4,7.714415121230939e-4,0.08819416090524852
ITGA4__Bcell,VCAM1__Tcell,ITGA4__Bcell|VCAM1__Tcell,2.61399053538362e-5,0,0.0129404956572238,0.05078983610250373,3.614193876686593e-4,0.007970536431856372,0.0095567177885316
TGFB1__Bcell,TGFBR1__Endothelial,TGFB1__Bcell|TGFBR1__Endothelial,2.6023509490803135e-5,0,0.007150003884978088,0.05056367894063049,3.231936978532026e-4,0.013308873016596329,0.004970095514113756
SEMA4A__Bcell,PLXNA3__Macrophage,SEMA4A__Bcell|PLXNA3__Macrophage,2.5475874382589143e-5,0,0.004394688778580727,0.0494996239253707,2.0422060348217105e-4,0.005867680179458925,0.01671549033074127
FGF7__Bcell,FGFR1__Macrophage,FGF7__Bcell|FGFR1__Macrophage,2.5278315339687455e-5,0,0.002896439097195416,0.04911576670501273,1.4918118074640807e-4,0.0014241812816737822,0.04156800035850769
FGF7__Stroma,NRP1__Tcell,FGF7__Stroma|NRP1__Tcell,2.5219954288954827e-5,0,0.009321133930595648,0.049002371183439225,3.6852572858472215e-4,0.020439431292664213,0.0027296962593847634
BTLA__Bcell,CD247__Tcell,BTLA__Bcell|CD247__Tcell,2.502859088749424e-5,0,0.004158309103321943,0.04863055209440131,2.2707127109095404e-4,0.0019330618307953362,0.030248056471353528
CX3CL1__Bcell,ITGAV__Tcell,CX3CL1__Bcell|ITGAV__Tcell,2.421979079928166e-5,0,0.004742263727886332,0.04705905352300426,2.378799544127585e-4,0.003866842624172156,0.013420419158059905
VEGFC__Endothelial,NRP2__Stroma,VEGFC__Endothelial|NRP2__Stroma,2.3218518296366654e-5,0,0.0024197480560292986,0.04511358104984041,1.5153384351670253e-4,0.0025247784942877627,0.03319347641791856
IGF1__Bcell,ITGA6__Macrophage,IGF1__Bcell|ITGA6__Macrophage,2.3020799680429433e-5,0,0.011628057468864868,0.044729413779074384,2.995960377175746e-4,0.005687489205329196,0.01151508687340372
RGMA__Tcell,BMPR2__Stroma,RGMA__Tcell|BMPR2__Stroma,2.2831612250949167e-5,0,0.002370076769991192,0.04436182260359423,1.2930888168035475e-4,0.0018598576064050036,0.045042747526466836
SEMA4A__Bcell,PLXNB1__Macrophage,SEMA4A__Bcell|PLXNB1__Macrophage,2.23556490309191e-5,0,0.0028572907492044864,0.043437026067075814,1.668820633193742e-4,0.005867680179458925,0.014300076655163089
FCER2__Bcell,ITGAV__Tcell,FCER2__Bcell|ITGAV__Tcell,2.1991034342449833e-5,0,0.007597988187991649,0.04272857972738003,2.864721850556549e-4,0.003056159835866804,0.013420419158059905
PLA2G2A__Bcell,ITGAV__Tcell,PLA2G2A__Bcell|ITGAV__Tcell,2.189588592144356e-5,0,0.006262531347042815,0.042543706345364835,2.5273947908100076e-4,0.0029083525112388814,0.013420419158059905
CD226__Tcell,PVR__Stroma,CD226__Tcell|PVR__Stroma,2.1503208475124307e-5,0,0.0032218916831266713,0.04178073406716653,1.4798751902349793e-4,0.003574577049395736,0.02499972946775263
SNCA__Bcell,LAG3__Malignant,SNCA__Bcell|LAG3__Malignant,2.081208330739778e-5,0,0.0013167625108306453,0.04043787786627389,9.046046496923697e-5,8.954473677810304e-4,0.08748691862446058
PAPLN__Bcell,SIRPA__Stroma,PAPLN__Bcell|SIRPA__Stroma,2.071150480168723e-5,0,0.0023163948663409055,0.04024245382967829,1.1702190435031707e-4,0.0027096253872107945,0.02954244268943732
TNN__Bcell,SDC1__Macrophage,TNN__Bcell|SDC1__Macrophage,2.0496065674841963e-5,0,0.003415536869563412,0.039823855606217935,1.4750651633762545e-4,0.001230724133743673,0.055243786533576825
LTA__Tcell,EDNRA__Stroma,LTA__Tcell|EDNRA__Stroma,2.0282758318071433e-5,0,0.003272089980031296,0.0394093994120128,1.3843979144341666e-4,0.002476547977636805,0.036005214658239144
SLIT2__Bcell,ROBO1__Stroma,SLIT2__Bcell|ROBO1__Stroma,1.815218271416337e-5,0,0.0018596505675970427,0.03526969101361943,1.410159160436144e-4,0.0029082786653497005,0.019076867181241068
HGF__Bcell,SDC2__Stroma,HGF__Bcell|SDC2__Stroma,1.7766167334857195e-5,0,0.004617590381304471,0.034519663131627534,1.6571273107939455e-4,7.959665660009781e-4,0.05878690507600499
ITGAL__Bcell,CD226__Tcell,ITGAL__Bcell|CD226__Tcell,1.7119524278338513e-5,0,0.010452328441023354,0.03326323567281173,3.463963800957406e-4,0.011649537249880545,0.003574577049395736
CD40LG__Tcell,TRAF3__Stroma,CD40LG__Tcell|TRAF3__Stroma,1.6792595403595982e-5,0,0.003456373374980815,0.03262801286918699,1.3056432610181467e-4,0.003085707211256262,0.017808095473907413
LAMA2__Bcell,ITGB4__Stroma,LAMA2__Bcell|ITGB4__Stroma,1.6349983335188557e-5,0,0.003798171161071944,0.031768017620271365,1.4883816715975342e-4,0.0027337744662035385,0.01917442577930789
COL4A3__Tcell,ITGA1__Stroma,COL4A3__Tcell|ITGA1__Stroma,1.5951531709903544e-5,0,0.003695182573256284,0.030993826112342585,1.269156297301149e-4,7.714415121230939e-4,0.05242443771135602
COL4A3__Tcell,ITGA11__Stroma,COL4A3__Tcell|ITGA11__Stroma,1.557709615795368e-5,0,0.0010180159363755918,0.030266297834904,7.544263731930704e-5,7.714415121230939e-4,0.08277840198409087
EPHA4__Bcell,EFNB1__Stroma,EPHA4__Bcell|EFNB1__Stroma,1.4148675144323913e-5,0,0.0038128185728482345,0.027490875805421363,1.2533808958709004e-4,0.0016071851213446309,0.028069364668568887
LAMA2__Bcell,ITGB4__Macrophage,LAMA2__Bcell|ITGB4__Macrophage,1.3457938700776838e-5,0,0.0021171672084069086,0.0261487748956094,1.1634633191249201e-4,0.0027337744662035385,0.014182276818979435
CRTAM__Bcell,CADM1__Stroma,CRTAM__Bcell|CADM1__Stroma,1.3451313709121457e-5,0,0.0014915779232205458,0.02613590253682299,8.760418875767271e-5,0.0018223136278513181,0.026960103360033325
LAMA2__Tcell,ITGB4__Stroma,LAMA2__Tcell|ITGB4__Stroma,1.3210199905764137e-5,0,0.002034661580024586,0.025667418416899717,1.0104430714511361e-4,0.002450952621024184,0.01917442577930789
BTLA__Bcell,CD79A__Stroma,BTLA__Bcell|CD79A__Stroma,1.3009336775562778e-5,0,0.0036676475651842635,0.02527714135491848,1.4086981535719475e-4,0.0019330618307953362,0.013727777070614523
SNCA__Bcell,LAG3__Tcell,SNCA__Bcell|LAG3__Tcell,1.275177951276988e-5,0,0.003652844280680079,0.024776707593311874,1.508797424871786e-4,8.954473677810304e-4,0.02443787842091541
WNT5B__Tcell,FZD2__Stroma,WNT5B__Tcell|FZD2__Stroma,1.1965357659570968e-5,0,9.062533540470828e-4,0.02324868993254639,5.8303174307747836e-5,0.001258296046032737,0.03765330406515004
SLIT2__Tcell,ROBO1__Stroma,SLIT2__Tcell|ROBO1__Stroma,1.1510999615611685e-5,0,0.0013415369710395389,0.022365872253133502,8.682144587598467e-5,0.0021644484782424203,0.019076867181241068
LTA__Tcell,TNFRSF1B__Stroma,LTA__Tcell|TNFRSF1B__Stroma,1.1248531377132035e-5,0,0.002187762540117302,0.021855896465767546,9.130657655465169e-5,0.002476547977636805,0.013090157606148773
EPHA4__Bcell,EFNB1__Macrophage,EPHA4__Bcell|EFNB1__Macrophage,1.071289449582306e-5,0,0.0016905610019222078,0.02081515400538421,8.260051053183107e-5,0.0016071851213446309,0.020719870951565425
LAMA2__Bcell,ITGA6__Macrophage,LAMA2__Bcell|ITGA6__Macrophage,9.482330867057653e-6,0,0.005095191740463908,0.01842416887469302,1.284922813777808e-4,0.0027337744662035385,0.01151508687340372
CRTAM__Bcell,CADM1__Macrophage,CRTAM__Bcell|CADM1__Macrophage,9.33742721360038e-6,0,0.0015315495562824928,0.018142621076025538,7.986917878291198e-5,0.0018223136278513181,0.01761472261576258
HGF__Bcell,SDC1__Macrophage,HGF__Bcell|SDC1__Macrophage,9.121003785533611e-6,0,0.0029394899745498215,0.017722110355291806,7.989735086338084e-5,7.959665660009781e-4,0.055243786533576825
CADM1__Bcell,CRTAM__Tcell,CADM1__Bcell|CRTAM__Tcell,8.833165664889708e-6,0,0.004161072761554638,0.017162840886880703,1.63646302396797e-4,0.0058920027963940596,0.003055960852568319
FGF1__Stroma,NRP1__Tcell,FGF1__Stroma|NRP1__Tcell,8.17355660965278e-6,0,0.0030741145780886717,0.015881220492555352,1.1717742772896987e-4,0.010216723594277357,0.0027296962593847634
BTLA__Bcell,CD79A__Macrophage,BTLA__Bcell|CD79A__Macrophage,7.648737893893007e-6,0,0.0030598756807370883,0.014861497727834112,9.032124276023659e-5,0.0019330618307953362,0.01285711594379123
CD226__Bcell,PVR__Stroma,CD226__Bcell|PVR__Stroma,6.975201227155978e-6,0,0.001242222295556186,0.013552815984364065,5.58183208786745e-5,7.6170330198968e-4,0.02499972946775263
SNCA__Bcell,LAG3__Stroma,SNCA__Bcell|LAG3__Stroma,4.9138850958337645e-6,0,8.156551119134088e-4,0.009547678741205004,4.314573061099984e-5,8.954473677810304e-4,0.013679787698154042
HGF__Bcell,SDC2__Macrophage,HGF__Bcell|SDC2__Macrophage,4.590779010523033e-6,0,6.578683100128677e-4,0.008919883617446252,3.363757080693533e-5,7.959665660009781e-4,0.02909131333780873
FCER2__Tcell,ITGB2__Stroma,FCER2__Tcell|ITGB2__Stroma,4.50225672615685e-6,0,0.0017754588800116369,0.00874788481892276,4.6023439021384963e-5,9.064595367079851e-5,0.12407467180885462
FCER2__Tcell,ITGAV__Stroma,FCER2__Tcell|ITGAV__Stroma,3.945505520146299e-6,0,6.750598382913892e-4,0.007666117225644259,2.4061999751275224e-5,9.064595367079851e-5,0.11563985834516288
TNN__Bcell,ITGAV__Tcell,TNN__Bcell|ITGAV__Tcell,3.6739292935619788e-6,0,6.443989053180694e-4,0.007138444617390925,3.3509580192372973e-5,0.001230724133743673,0.013420419158059905
SNCA__Bcell,LAG3__Macrophage,SNCA__Bcell|LAG3__Macrophage,2.8053558845340394e-6,0,6.897224567541412e-4,0.0054508064836496384,2.4742578965580923e-5,8.954473677810304e-4,0.01321630572455472
