"feature","cell_1","cell_2","cell_3","cell_4","cell_5","cell_6","cell_7","cell_8","cell_9","cell_10","cell_11","cell_12","cell_13","cell_14","cell_15","cell_16","cell_17","cell_18","cell_19","cell_20","cell_21","cell_22","cell_23","cell_24","cell_25","cell_26","cell_27","cell_28","cell_29","cell_30","cell_31","cell_32","cell_33","cell_34","cell_35","cell_36","cell_37","cell_38","cell_39","cell_40","cell_41","cell_42","cell_43","cell_44","cell_45","cell_46","cell_47","cell_48","cell_49","cell_50","cell_51","cell_52","cell_53","cell_54","cell_55","cell_56","cell_57","cell_58","cell_59","cell_60","cell_61","cell_62","cell_63","cell_64","cell_65","cell_66","cell_67","cell_68","cell_69","cell_70","cell_71","cell_72","cell_73","cell_74","cell_75","cell_76","cell_77","cell_78","cell_79","cell_80","cell_81","cell_82","cell_83","cell_84","cell_85","cell_86","cell_87","cell_88","cell_89","cell_90","cell_91","cell_92","cell_93","cell_94","cell_95","cell_96","cell_97","cell_98","cell_99","cell_100","cell_101","cell_102","cell_103","cell_104","cell_105","cell_106","cell_107","cell_108","cell_109","cell_110","cell_111","cell_112","cell_113","cell_114","cell_115","cell_116","cell_117","cell_118","cell_119","cell_120","cell_121","cell_122","cell_123","cell_124","cell_125","cell_126","cell_127","cell_128","cell_129","cell_130","cell_131","cell_132","cell_133","cell_134","cell_135","cell_136","cell_137","cell_138","cell_139","cell_140","cell_141","cell_142","cell_143","cell_144","cell_145","cell_146","cell_147","cell_148","cell_149","cell_150","cell_151","cell_152","cell_153","cell_154","cell_155","cell_156","cell_157","cell_158","cell_159","cell_160","cell_161","cell_162","cell_163","cell_164","cell_165","cell_166","cell_167","cell_168","cell_169","cell_170","cell_171","cell_172","cell_173","cell_174","cell_175","cell_176","cell_177","cell_178","cell_179","cell_180","cell_181","cell_182","cell_183","cell_184","cell_185","cell_186","cell_187","cell_188","cell_189","cell_190","cell_191","cell_192","cell_193","cell_194","cell_195","cell_196","cell_197","cell_198","cell_199","cell_200","cell_201","cell_202","cell_203","cell_204","cell_205","cell_206","cell_207","cell_208","cell_209","cell_210","cell_211","cell_212","cell_213","cell_214","cell_215","cell_216","cell_217","cell_218","cell_219","cell_220","cell_221","cell_222","cell_223","cell_224","cell_225","cell_226","cell_227","cell_228","cell_229","cell_230","cell_231","cell_232","cell_233","cell_234","cell_235","cell_236","cell_237","cell_238","cell_239","cell_240","cell_241","cell_242","cell_243","cell_244","cell_245","cell_246","cell_247","cell_248","cell_249","cell_250","cell_251","cell_252","cell_253","cell_254","cell_255","cell_256","cell_257","cell_258","cell_259","cell_260","cell_261","cell_262","cell_263","cell_264","cell_265","cell_266","cell_267","cell_268","cell_269","cell_270","cell_271","cell_272","cell_273","cell_274","cell_275","cell_276","cell_277","cell_278","cell_279","cell_280","cell_281","cell_282","cell_283","cell_284","cell_285","cell_286","cell_287","cell_288","cell_289","cell_290","cell_291","cell_292","cell_293","cell_294","cell_295","cell_296","cell_297","cell_298","cell_299","cell_300","cell_301","cell_302","cell_303","cell_304","cell_305","cell_306","cell_307","cell_308","cell_309","cell_310","cell_311","cell_312","cell_313","cell_314","cell_315","cell_316","cell_317","cell_318","cell_319","cell_320","cell_321","cell_322","cell_323","cell_324","cell_325","cell_326","cell_327","cell_328","cell_329","cell_330","cell_331","cell_332","cell_333","cell_334","cell_335","cell_336","cell_337","cell_338","cell_339","cell_340","cell_341","cell_342","cell_343","cell_344","cell_345","cell_346","cell_347","cell_348","cell_349","cell_350","cell_351","cell_352","cell_353","cell_354","cell_355","cell_356","cell_357","cell_358","cell_359","cell_360","cell_361","cell_362","cell_363","cell_364","cell_365","cell_366","cell_367","cell_368","cell_369","cell_370","cell_371","cell_372","cell_373","cell_374","cell_375","cell_376","cell_377","cell_378","cell_379","cell_380","cell_381","cell_382","cell_383","cell_384","cell_385","cell_386","cell_387","cell_388","cell_389","cell_390","cell_391","cell_392","cell_393","cell_394","cell_395","cell_396","cell_397","cell_398","cell_399","cell_400","cell_401","cell_402","cell_403","cell_404","cell_405","cell_406","cell_407","cell_408","cell_409","cell_410","cell_411","cell_412","cell_413","cell_414","cell_415","cell_416","cell_417","cell_418","cell_419","cell_420","cell_421","cell_422","cell_423","cell_424","cell_425","cell_426","cell_427","cell_428","cell_429","cell_430","cell_431","cell_432","cell_433","cell_434","cell_435","cell_436","cell_437","cell_438","cell_439","cell_440","cell_441","cell_442","cell_443","cell_444","cell_445","cell_446","cell_447","cell_448","cell_449","cell_450","cell_451","cell_452","cell_453","cell_454","cell_455","cell_456","cell_457","cell_458","cell_459","cell_460","cell_461","cell_462","cell_463","cell_464","cell_465","cell_466","cell_467","cell_468","cell_469","cell_470","cell_471","cell_472","cell_473","cell_474","cell_475","cell_476","cell_477","cell_478","cell_479","cell_480","cell_481","cell_482","cell_483","cell_484","cell_485","cell_486","cell_487","cell_488","cell_489","cell_490","cell_491","cell_492","cell_493","cell_494","cell_495","cell_496","cell_497","cell_498","cell_499","cell_500","cell_501","cell_502","cell_503","cell_504","cell_505","cell_506","cell_507","cell_508","cell_509","cell_510","cell_511","cell_512","cell_513","cell_514","cell_515","cell_516","cell_517","cell_518","cell_519","cell_520","cell_521","cell_522","cell_523"
"ADAM11__L2-L3-eNeuron","1.05242822120584","1.85443016499106","1.53691988081479","0","1.13781838517434","0","1.69027024481578","0","2.13416523832471","2.36654432109575","0","1.07449912261359","0","1.11757448823261","0.862171995600748","0","0","2.72715514870785","0","2.1926450779424","1.65612767968847","0","0","0","0","0","1.30485458152842","0","0.796305572870735","2.60044004360816","2.17229693169381","1.59871796987095","1.7836648160125","0","0","0","0","0","0","0","0","0","0","0","0","0","0","0","0","0","0","0","2.12914391060444","0","0","1.02075679289345","1.05544618893481","0","0","0","1.43616153613175","0","1.70595288984939","0","0","0","1.77764407625493","2.5688917068401","2.37247102109643","0","0","1.43006905126227","1.59448261215002","0.874924758585971","1.36748004131983","0","1.68493015167488","2.74606521129386","0","2.81629522289755","0","0","0","3.07087662823954","1.95880249179887","0","0","0","0","0","2.48075666356288","1.48774938475405","2.30722947703571","0","0","0","0.935181627415401","0","0","0","1.68218271687118","0","0.937804753463171","0","0","0","0","1.40398554612293","2.03505141710015","0","0","1.75541644627238","0","0","0","0","0","0","0","0","0","0","0","0","0","0","0","0","0","0","0","0","0","0","0","0","0","0","0","0","0","0","0","0","0","0","0","0","0","0","0","0","0","0","0","0","0","0","0","0","0","0","0","0","0","0","0","0","0","0","0","0","0","0","0","0","0","0","0","0","0","0","0","0","0","0","0","0","0","0","0","0","0","0","0","0","0","0","0","0","0","0","0","0","0","0","0","0","0","0","0","0","0","2.58129550578304","0","0","0","0","0","0","0","0","0","0","0","0","0","0","0","0","0","0","0","0","0","0","0","0","0","0","0","0","0","0","0","0","0","0","0","0","0","0","0","0","0","0","0","0","0","0","0","0","0","0","0","0","0","0","0","0","0","0","0","0","0","0","0","0","0","0","0","0","0","0","0","0","0","0","0","0","0","0","0","0","0","0","0","0","0","0","0","0","0","0","0","0","0","0","0","0","0","0","0","0","0","0","0","0","0","0","0","0","0","0","0","0","0","0","0","0","0","0","0","0","0","0","0","0","0","0","0","0","0","0","0","0","0","0","0","0","0","0","0","0","0","0","0","0","0","0","0","0","0","0","0","0","0","2.26843687063531","0","0","0","0","0","0","0","0","0","0","0","0","0","0","0","0","0","0","0","0","0","0","0","0","0","0","0","0","0","0","0","0","0","0","0","0","0","0","0","0","0","0","1.75612049577192","0","0","0","0","0","0","0","0","0","0","0","0","0","0","0","0","0","0","0","0","0","0","0","0","0","0","0","0","0","0","0","0","0","0","0","0","0","0","0","0","0","0","0","0","0","0","0","0","0","0","0","0","0","0","0","0","0","0","0","0","0","0","0","0","0","0","0","0","0","0","0","0","0","0","0","0","0","0","0","0","0","0","0","0","0","0","0","0","0","0","0","0","0","0","0","0","0","0","0","0","0","0","0","0","0","0","0","0","0","0","0","0"
"IGFBP4__L2-L3-eNeuron","1.88168196414191","1.85443016499106","2.52465501981766","0","1.13781838517434","0","1.69027024481578","0","2.13416523832471","2.36654432109575","1.9005230095641","2.11035400521471","0","2.77591303222536","3.63793721433106","0","1.54657574773138","2.2472159265093","0","0","0","0","0","0","2.46832395728032","0","4.10236171762968","0","2.43826343913603","2.12977005741802","3.19911382645512","3.1882366355706","2.55728594549442","2.50501167472052","0","0","0","0","0","0","0","0","0","0","0","0","0","0","0","0","0","2.70145749246259","2.12914391060444","0","0","2.6193930801156","2.67622327295504","2.67294750561529","0","0","2.14143241902884","0","1.70595288984939","0","0","0","1.49645908978437","1.40300121807483","2.71611966941641","1.5052805261616","2.3735524833118","1.09067104838869","2.01070572032386","2.11624821735325","2.05671869888534","0","3.45530976855188","0","2.4988546181326","3.71006544510873","2.33691995466517","0","3.38204380136266","0","1.28906474074329","0","0","0","0","0","3.34536840952381","1.48774938475405","3.3053815753575","0","0","0","1.4978742845924","2.32907183680993","0","0","1.68218271687118","0","1.9056718736748","0","0","0","0","2.5702076683407","3.12861235990606","0","1.40905368712984","3.21983942997674","3.94720949667608","0","2.87570589042299","0","0","0","0","0","0","0","0","0","0","0","0","0","0","0","0","0","0","0","0","0","0","0","0","0","0","0","0","0","0","0","0","0","0","0","0","0","0","0","0","0","0","0","0","0","0","0","0","0","0","0","0","0","0","0","0","0","0","0","0","0","0","0","0","0","0","0","0","0","0","0","0","0","0","0","0","0","0","0","2.62219343245802","0","0","0","0","0","0","0","0","0","0","0","0","0","0","0","0","0","0","0","0","0","0","0","0","0","0","0","0","0","0","0","0","0","0","0","0","0","0","0","0","0","0","0","0","0","0","0","0","0","0","0","0","0","0","0","0","0","0","0","0","0","0","0","0","0","0","0","0","0","0","0","0","0","0","0","0","0","0","0","0","0","0","0","0","0","0","0","0","0","0","0","0","0","0","0","0","0","0","0","0","0","0","0","0","0","0","0","0","0","0","0","0","0","0","0","0","0","0","0","0","0","0","0","0","0","0","0","0","0","0","0","0","0","0","0","0","0","0","0","0","0","0","0","0","0","0","0","0","0","0","0","0","0","0","0","0","0","0","0","0","0","0","0","0","0","0","0","0","0","0","0","0","1.54052534773964","0","0","0","0","0","0","0","0","0","0","0","0","0","0","0","0","0","0","0","0","0","0","0","0","0","0","0","0","0","0","0","0","0","0","0","0","0","0","0","0","0","0","0","0","0","0","0","0","0","0","0","0","0","0","0","0","0","0","0","0","0","0","0","0","0","0","0","0","0","0","0","0","0","0","0","0","0","0","0","0","0","0","0","0","0","0","0","0","0","0","0","0","0","0","0","0","0","0","0","0","0","0","0","0","0","0","0","0","0","0","0","0","0","0","0","0","0","0","0","0","0","0","0","0","0","0","0","0","0","0","0","0","0","0","0","0","0","0","0","0","0","0","0","0","0","0","0","0","0","0","0","0","0","0","0"
"SHANK1__L2-L3-eNeuron","2.99659034599237","3.94377969444154","2.93660994244953","0","3.56124324219167","0","2.44740542382283","0","3.68531302605362","3.41950775230655","3.68314649807801","2.93280665477697","0","3.37275008207071","2.3473438224819","0","3.40682887134667","3.08666751512669","0","3.55019708256048","3.09270312842564","0","0","0","3.09705030573624","0","3.97323309043721","3.57219059624299","3.18636280333541","3.47630801184365","3.19911382645512","3.47815673697469","3.25557454276363","3.37198794436232","0","0","0","0","0","0","0","0","0","0","0","0","0","0","0","0","0","2.70145749246259","2.95403925386408","0","0","4.1262896891156","3.80119288060974","3.90506204081123","2.28940036401581","0","3.78607310554062","0","3.62201868185825","0","0","0","3.64801971374182","3.44189092739727","3.22597604641145","3.58889951764753","3.4273868439751","2.60496996702603","3.9202012309067","3.56570217068657","2.52119768125577","3.34785431291072","3.45530976855188","3.63432577949109","3.1299327572389","2.81629522289755","3.71772425284596","0","2.33327983117249","3.07087662823954","2.41442988425911","0","0","3.56632650104493","0","0","3.63862458925493","2.6811194958171","3.44271699061871","0","2.96969627099143","0","3.33932461935173","3.3299623224793","0","0","3.59044098421612","0","3.05743109914201","0","0","0","0","3.98339015791354","2.49762770088923","0","2.57697855648846","3.02302692902601","3.58868124849387","0","3.6750915690118","0","0","0","0","0","3.70616029194015","0","0","0","0","0","0","0","0","0","0","0","0","0","0","0","0","0","0","0","0","0","0","0","0","0","0","0","0","0","0","0","0","0","0","0","0","0","0","0","0","0","0","0","0","0","0","0","0","0","0","0","0","0","0","0","0","0","0","0","0","0","0","0","0","0","0","0","0","0","0","0","0","0","3.12685419207188","0","0","0","0","0","0","0","0","0","0","0","0","0","0","0","0","0","0","1.41228812725607","3.40181857127439","0","0","0","0","0","0","0","0","0","0","0","0","0","0","0","0","0","0","0","0","0","0","0","0","0","0","0","0","0","0","0","0","0","0","0","0","0","0","0","0","0","0","0","0","0","0","0","0","0","0","0","0","0","0","0","0","0","0","0","0","0","0","0","0","0","0","0","0","0","0","0","0","0","0","0","0","0","0","0","0","0","0","0","0","0","0","0","0","0","0","0","0","0","0","0","0","0","0","0","0","0","0","0","0","0","0","0","0","0","0","0","0","0","0","0","0","0","0","0","0","0","0","0","0","0","0","0","0","0","0","0","0","0","0","0","0","0","0","0","0","0","0","0","0","0","0","0","0","0","0","0","0","3.39849001943301","0","0","0","0","0","0","0","0","0","0","0","0","0","0","0","0","0","0","0","0","0","0","0","0","0","0","0","3.77650303961447","0","0","0","0","0","0","0","0","0","0","0","0","0","0","3.22073233972654","0","0","0","0","0","0","0","0","0","0","0","0","0","0","0","0","0","0","0","0","0","0","0","0","0","0","0","0","0","0","0","0","0","0","0","0","0","0","0","0","0","0","0","0","0","0","0","0","0","0","0","0","0","0","0","0","0","0","0","0","0","0","0","0","0","0","0","0","0","0","0","0","0","0","0","0","0","0","0","0","0","0","0","0","0","0","0","0","0","0","0","0","0","0","0","0","0","0","0","0","0","0","0","0","0","0","0","0","0","0","0","0"
"CADM3__L2-L3-eNeuron","3.26185298171438","2.91460707042315","2.52465501981766","0","3.23317655766845","0","2.94139077871971","0","2.95970729405197","1.91508586083497","3.20170530116773","2.11035400521471","0","1.73969145215968","2.09460488193476","0","1.54657574773138","2.72715514870785","0","0","3.09270312842564","0","0","0","2.46832395728032","0","3.06228427825434","1.89668213342276","2.62211925181304","2.60044004360816","3.90973644430715","2.01546571764652","3.25557454276363","1.73910050680136","0","0","0","0","0","0","0","0","0","0","0","0","0","0","0","0","0","1.90777270816482","2.59976226255998","0","0","3.20662199818289","2.67622327295504","2.89777660442999","2.90320825892434","0","2.6130597046017","0","3.48297673593735","0","0","0","2.215053319017","2.5688917068401","2.99345487080805","3.06267343141231","3.4273868439751","2.85070324917227","2.81958356639809","2.58579773205398","2.05671869888534","0","2.70887601773731","0","3.1299327572389","1.77290136746608","0","0","2.67491174172182","3.07087662823954","2.76017483179165","0","0","2.90835028573611","0","0","1.71850443390308","2.20446082818959","2.9839156778356","0","0","0","3.20307303464409","2.00669829288755","3.40043054592947","0","3.12630531714507","0","2.88933300301403","0","0","0","0","2.35495730253343","3.12861235990606","0","2.10810899384056","2.19041145767754","2.13558250999007","0","2.68570747446097","0","0","0","0","0","2.62409921590552","0","0","0","0","0","0","0","0","0","0","0","0","0","0","0","0","0","0","0","0","0","0","0","0","0","0","0","0","0","0","0","0","0","0","0","0","0","0","0","0","0","0","0","0","0","0","0","0","0","0","0","0","0","0","0","0","0","0","0","0","0","0","0","0","0","0","0","0","0","0","0","0","0","2.62219343245802","0","0","0","0","0","0","0","0","0","0","0","0","0","0","0","0","0","0","1.41228812725607","2.06687885233159","0","0","0","0","0","0","0","0","0","0","0","0","0","0","0","0","0","0","0","0","0","0","0","0","0","0","0","0","0","0","0","0","0","0","0","0","0","0","0","0","0","0","0","0","0","0","0","0","0","0","0","0","0","0","0","0","0","0","0","0","0","0","0","0","0","0","0","0","0","0","0","0","0","0","0","0","0","0","0","0","0","0","0","0","0","0","0","0","0","0","0","0","0","0","0","0","0","0","0","0","0","0","0","0","0","0","0","0","0","0","0","0","0","0","0","0","0","0","0","0","0","0","0","0","0","0","0","0","0","0","0","0","0","0","0","0","0","0","0","0","0","0","0","0","0","0","0","0","0","0","0","0","3.11036600724849","0","0","0","0","0","0","0","0","0","0","0","0","0","0","0","0","0","0","0","0","0","0","0","0","0","0","0","2.26637787837012","0","0","0","0","0","0","0","0","0","0","0","0","0","0","2.36773446462601","0","0","0","0","0","0","0","0","0","0","0","0","0","0","0","0","0","0","0","0","0","0","0","0","0","0","0","0","0","0","0","0","0","0","0","0","0","0","0","0","0","0","0","0","0","0","0","0","0","0","0","0","0","0","0","0","0","0","0","0","0","0","0","0","0","0","0","0","0","0","0","0","0","0","0","0","0","0","0","0","0","0","0","0","0","0","0","0","0","0","0","0","0","0","0","0","0","0","0","0","0","0","0","0","0","0","0","0","0","0","0","0"
"ICAM5__L2-L3-eNeuron","2.78807958188345","3.1453948942172","2.26408194180178","0","0","0","1.31311870022423","0","2.13416523832471","0","2.21556893048124","2.43934737259397","0","1.11757448823261","1.7879835235771","0","2.75781027394491","1.52297414858699","0","3.02553509210714","2.07981898156196","0","0","0","2.46832395728032","0","0","2.68865429211338","2.62211925181304","2.12977005741802","2.17229693169381","1.59871796987095","2.55728594549442","0","0","0","0","0","0","0","0","0","0","0","0","0","0","0","0","0","0","0","0","0","0","2.03102426351059","1.05544618893481","1.05343220638491","1.84492894571624","0","2.14143241902884","0","1.09168069022135","0","0","0","1.77764407625493","2.35368423248775","1.92048970694434","3.06267343141231","2.99462682790115","0","2.33334471314903","2.93947099010782","1.36748004131983","0","2.11199026512885","0","2.03617858435517","1.77290136746608","1.88810450069273","0","2.33327983117249","0","2.41442988425911","0","0","2.41640600202882","0","0","2.48075666356288","0","0.990830927978685","0","2.14301995857143","0","2.21677313486334","1.59091807277482","2.06571177458454","0","2.70549751764058","0","1.9056718736748","0","0","0","0","2.35495730253343","0","0","0","2.52418287065273","1.43139432984316","0","2.20871748443937","0","0","0","0","0","0","0","0","0","0","0","0","0","0","0","0","0","0","0","0","0","0","0","0","0","0","0","0","0","0","0","0","0","0","0","0","0","0","0","0","0","0","0","0","0","0","0","0","0","0","0","0","0","0","0","0","0","0","0","0","0","0","0","0","0","0","0","0","0","0","0","0","0","0","0","0","0","0","0","0","0","0","0","0","0","0","0","0","0","0","0","0","0","0","0","0","0","0","2.11209263016341","0","0","0","0","0","0","0","0","0","0","0","0","0","0","0","0","0","0","0","0","0","0","0","0","0","0","0","0","0","0","0","0","0","0","0","0","0","0","0","0","0","0","0","0","0","0","0","0","0","0","0","0","0","0","0","0","0","0","0","0","0","0","0","0","0","0","0","0","0","0","0","0","0","0","0","0","0","0","0","0","0","0","0","0","0","0","0","0","0","0","0","0","0","0","0","0","0","0","0","0","0","0","0","0","0","0","0","0","0","0","0","0","0","0","0","0","0","0","0","0","0","0","0","0","0","0","0","0","0","0","0","0","0","0","0","0","0","0","0","0","0","0","0","0","0","0","0","0","0","0","0","0","0","2.26843687063531","0","0","0","0","0","0","0","0","0","0","0","0","0","0","0","0","0","0","0","0","0","0","0","0","0","0","0","2.87811615862564","0","0","0","0","0","0","0","0","0","0","0","0","0","0","2.79591531467464","0","0","0","0","0","0","0","0","0","0","0","0","0","0","0","0","0","0","0","0","0","0","0","0","0","0","0","0","0","0","0","0","0","0","0","0","0","0","0","0","0","0","0","0","0","0","0","0","0","0","0","0","0","0","0","0","0","0","0","0","0","0","0","0","0","0","0","0","0","0","0","0","0","0","0","0","0","0","0","0","0","0","0","0","0","0","0","0","0","0","0","0","0","0","0","0","0","0","0","0","0","0","0","0","0","0","0","0","0","0","0","0"
"NTRK3__L2-L3-eNeuron","1.38461714529372","1.20667102341892","1.94583798304618","0","2.53653059406218","0","1.98897982593632","0","0","1.25440132413833","1.9005230095641","2.11035400521471","0","2.50570669810894","2.3473438224819","0","2.27573988570995","3.08666751512669","0","3.02553509210714","0","0","0","0","2.00815340026828","0","3.06228427825434","0","2.22750735888574","0","1.73910050680136","2.01546571764652","1.7836648160125","2.50501167472052","0","0","0","0","0","0","0","0","0","0","0","0","0","0","0","0","0","0","1.42615152962656","0","0","2.35499711288556","1.6584271145843","1.65577454708424","1.84492894571624","0","1.83147158707119","0","1.70595288984939","0","0","0","1.14686964460976","0.865725430212854","2.71611966941641","0","1.25945451555799","0.64603854663144","2.01070572032386","2.58579773205398","1.36748004131983","1.72042418244643","1.68493015167488","0","2.03617858435517","0","2.67874161874008","0","1.2305099084554","3.59744257557256","1.95880249179887","0","0","2.41640600202882","0","0","0","1.48774938475405","0.990830927978685","0","2.96969627099143","0","0.935181627415401","2.32907183680993","0","0","1.07352243685108","0","1.9056718736748","0","0","0","0","0.866439740062328","2.03505141710015","0","2.57697855648846","1.75541644627238","1.43139432984316","0","1.49124806589896","0","0","0","0","0","2.15164082180624","0","0","0","0","0","0","0","0","0","0","0","0","0","0","0","0","0","0","0","0","0","0","0","0","0","0","0","0","0","0","0","0","0","0","0","0","0","0","0","0","0","0","0","0","0","0","0","0","0","0","0","0","0","0","0","0","0","0","0","0","0","0","0","0","0","0","0","0","0","0","0","0","0","0","0","0","0","0","0","0","0","0","0","0","0","0","0","0","0","0","0","0","0","0","0","0","0","0","0","0","0","0","0","0","0","0","0","0","0","0","0","0","0","0","0","0","0","0","0","0","0","0","0","0","0","0","0","0","0","0","0","0","0","0","0","0","0","0","0","0","0","0","0","0","0","0","0","0","0","0","0","0","0","0","0","0","0","0","0","0","0","0","0","0","0","0","0","0","0","0","0","0","0","0","0","0","0","0","0","0","0","0","0","0","0","0","0","0","0","0","0","0","0","0","0","0","0","0","0","0","0","0","0","0","0","0","0","0","0","0","0","0","0","0","0","0","0","0","0","0","0","0","0","0","0","0","0","0","0","0","0","0","0","0","0","0","0","0","0","0","0","0","0","0","0","0","0","0","0","0","0","0","0","0","0","0","0","0","0","0","0","0","0","0","0","0","0","0","0","0","0","0","0","0","1.82405824036337","0","0","0","0","0","0","0","0","0","0","0","0","0","0","0.673078234557267","0","0","0","0","0","0","0","0","0","0","0","0","0","0","0","0","0","0","0","0","0","0","0","0","0","0","0","0","0","0","0","0","0","0","0","0","0","0","0","0","0","0","0","0","0","0","0","0","0","0","0","0","0","0","0","0","0","0","0","0","0","0","0","0","0","0","0","0","0","0","0","0","0","0","0","0","0","0","0","0","0","0","0","0","0","0","0","0","0","0","0","0","0","0","0","0","0","0","0","0","0","0","0","0","0","0","0","0","0","0","0","0"
"GLG1__L2-L3-eNeuron","1.05242822120584","0","1.53691988081479","0","1.13781838517434","0","1.98897982593632","0","2.13416523832471","0","1.49688334260524","1.07449912261359","0","0","0.862171995600748","0","0","0","0","0","0","0","0","0","0","0","0","0","1.98060774687219","0","1.73910050680136","2.01546571764652","1.15153308365399","0","0","0","0","0","0","0","0","0","0","0","0","0","0","0","0","0","0","0","2.59976226255998","0","0","0","1.6584271145843","0","1.84492894571624","0","1.43616153613175","0","2.13542492602776","0","0","0","1.14686964460976","1.40300121807483","1.92048970694434","0","1.25945451555799","1.09067104838869","1.00714596662385","1.80807086422945","0","0","2.11199026512885","0","2.03617858435517","2.20979894014091","0","0","0","0","0","0","0","0","0","0","1.71850443390308","1.48774938475405","0","0","2.96969627099143","0","1.4978742845924","1.59091807277482","0","0","1.07352243685108","0","1.9056718736748","0","0","0","0","2.35495730253343","2.03505141710015","0","0","1.12969107663964","1.43139432984316","0","1.49124806589896","0","0","0","0","0","2.15164082180624","0","0","0","0","0","0","0","0","0","0","0","0","0","0","0","0","0","0","0","0","0","0","0","0","0","0","0","0","0","0","0","0","0","0","0","0","0","0","0","0","0","0","0","0","0","0","0","0","0","0","0","0","0","0","0","0","0","0","0","0","0","0","0","0","0","0","0","0","0","0","0","0","0","2.62219343245802","0","0","0","0","0","0","0","0","0","0","0","0","0","0","0","0","0","0","2.58129550578304","0","0","0","0","0","0","0","0","0","0","0","0","0","0","0","0","0","0","0","0","0","0","0","0","0","0","0","0","0","0","0","0","0","0","0","0","0","0","0","0","0","0","0","0","0","0","0","0","0","0","0","0","0","0","0","0","0","0","0","0","0","0","0","0","0","0","0","0","0","0","0","0","0","0","0","0","0","0","0","0","0","0","0","0","0","0","0","0","0","0","0","0","0","0","0","0","0","0","0","0","0","0","0","0","0","0","0","0","0","0","0","0","0","0","0","0","0","0","0","0","0","0","0","0","0","0","0","0","0","0","0","0","0","0","0","0","0","0","0","0","0","0","0","0","0","0","0","0","0","0","0","0","0","0.96680111116517","0","0","0","0","0","0","0","0","0","0","0","0","0","0","0","0","0","0","0","0","0","0","0","0","0","0","0","1.82405824036337","0","0","0","0","0","0","0","0","0","0","0","0","0","0","1.98999531400026","0","0","0","0","0","0","0","0","0","0","0","0","0","0","0","0","0","0","0","0","0","0","0","0","0","0","0","0","0","0","0","0","0","0","0","0","0","0","0","0","0","0","0","0","0","0","0","0","0","0","0","0","0","0","0","0","0","0","0","0","0","0","0","0","0","0","0","0","0","0","0","0","0","0","0","0","0","0","0","0","0","0","0","0","0","0","0","0","0","0","0","0","0","0","0","0","0","0","0","0","0","0","0","0","0","0","0","0","0","0","0","0"
"DAG1__L2-L3-eNeuron","1.38461714529372","1.20667102341892","1.53691988081479","0","2.53653059406218","0","1.31311870022423","0","0","1.25440132413833","1.49688334260524","1.68346361342394","0","2.50570669810894","1.7879835235771","0","0","2.2472159265093","0","3.02553509210714","1.05370027362177","0","0","0","1.32845449725524","0","1.97862634920743","0","1.68254846632132","2.12977005741802","1.73910050680136","0","2.22172093189408","1.73910050680136","0","0","0","0","0","0","0","0","0","0","0","0","0","0","0","0","0","0","2.12914391060444","0","0","1.61257238673169","1.6584271145843","1.05343220638491","0","0","1.43616153613175","0","0","0","0","0","1.49645908978437","2.10064901417824","0","2.22576766463292","1.92147597360919","2.46438675458372","0","1.41566396810665","0","1.72042418244643","1.07561761329844","0","2.03617858435517","1.77290136746608","1.88810450069273","0","0","0","0","0","0","2.41640600202882","0","0","0","0","0","0","0","0","1.90164660993171","2.00669829288755","0","0","1.68218271687118","0","0","0","0","0","0","1.40398554612293","2.03505141710015","0","0","1.75541644627238","0","0","1.49124806589896","0","0","0","0","0","0","0","0","0","0","0","0","0","0","0","0","0","0","0","0","0","0","0","0","0","0","0","0","0","0","0","0","0","0","0","0","0","0","0","0","0","0","0","0","0","0","0","0","0","0","0","0","0","0","0","0","0","0","0","0","0","0","0","0","0","0","0","0","0","0","0","0","0","0","0","0","0","0","0","2.62219343245802","0","0","0","0","0","0","0","0","0","0","0","0","0","0","0","0","0","0","0","0","0","0","0","0","0","0","0","0","0","0","0","0","0","0","0","0","0","0","0","0","0","0","0","0","0","0","0","0","0","0","0","0","0","0","0","0","0","0","0","0","0","0","0","0","0","0","0","0","0","0","0","0","0","0","0","0","0","0","0","0","0","0","0","0","0","0","0","0","0","0","0","0","0","0","0","0","0","0","0","0","0","0","0","0","0","0","0","0","0","0","0","0","0","0","0","0","0","0","0","0","0","0","0","0","0","0","0","0","0","0","0","0","0","0","0","0","0","0","0","0","0","0","0","0","0","0","0","0","0","0","0","0","0","0","0","0","0","0","0","0","0","0","0","0","0","0","0","0","0","0","0","0","1.94991071472643","0","0","0","0","0","0","0","0","0","0","0","0","0","0","0","0","0","0","0","0","0","0","0","0","0","0","0","0","0","0","0","0","0","0","0","0","0","0","0","0","0","0","1.47685563678208","0","0","0","0","0","0","0","0","0","0","0","0","0","0","0","0","0","0","0","0","0","0","0","0","0","0","0","0","0","0","0","0","0","0","0","0","0","0","0","0","0","0","0","0","0","0","0","0","0","0","0","0","0","0","0","0","0","0","0","0","0","0","0","0","0","0","0","0","0","0","0","0","0","0","0","0","0","0","0","0","0","0","0","0","0","0","0","0","0","0","0","0","0","0","0","0","0","0","0","0","0","0","0","0","0","0","0","0","0","0","0","0"
"GAS6__L2-L3-eNeuron","1.38461714529372","2.6397364149141","0","0","0","0","1.31311870022423","0","0","0","2.47399691326083","1.68346361342394","0","0","0.862171995600748","0","0","1.52297414858699","0","3.02553509210714","1.05370027362177","0","0","0","2.46832395728032","0","1.97862634920743","2.68865429211338","0.796305572870735","2.12977005741802","1.73910050680136","1.01032887785048","1.7836648160125","2.50501167472052","0","0","0","0","0","0","0","0","0","0","0","0","0","0","0","0","0","0","1.42615152962656","0","0","2.35499711288556","1.05544618893481","2.07942407752587","0","0","2.14143241902884","0","1.09168069022135","0","0","0","2.01286279883134","2.35368423248775","0","0","1.92147597360919","1.09067104838869","0","0.874924758585971","0","0","2.11199026512885","2.74606521129386","2.4988546181326","0","0","0","0","3.07087662823954","0","0","0","0","0","0","0","0","1.57272407565571","0","2.96969627099143","0","0.935181627415401","0","0","0","2.10892471363463","0","2.22108660842846","0","0","0","0","1.40398554612293","0","0","2.10810899384056","1.75541644627238","2.13558250999007","0","0","0","0","0","0","0","0","0","0","0","0","0","0","0","0","0","0","0","0","0","0","0","0","0","0","0","0","0","0","0","0","0","0","0","0","0","0","0","0","0","0","0","0","0","0","0","0","0","0","0","0","0","0","0","0","0","0","0","0","0","0","0","0","0","0","0","0","0","0","0","0","0","0","0","0","0","0","0","0","0","1.83932561321768","0","0","0","0","0","0","0","0","0","0","0","0","0","0","0","0","0","0","1.41228812725607","2.06687885233159","0","0","0","0","0","0","0","0","0","0","0","0","0","0","0","0","0","0","0","0","0","0","0","0","0","0","0","0","0","0","0","0","0","0","0","0","0","0","0","0","0","0","0","0","0","0","0","0","0","0","0","0","0","0","0","0","0","0","0","0","0","0","0","0","0","0","0","0","0","0","0","0","0","0","0","0","0","0","0","0","0","0","0","0","0","0","0","0","0","0","0","0","0","0","0","0","0","0","0","0","0","0","0","0","0","0","0","0","0","0","0","0","0","0","0","0","0","0","0","0","0","0","0","0","0","0","0","0","0","0","0","0","0","0","0","0","0","0","0","0","0","0","0","0","0","0","0","0","0","0","0","0","0","0","0","0","0","0","0","0","0","0","0","0","0","0","0","0","0","0","0","0","0","0","0","0","0","0","0","0","1.18293314799557","0","0","0","0","0","0","0","0","0","0","0","0","0","0","1.47685563678208","0","0","0","0","0","0","0","0","0","0","0","0","0","0","0","0","0","0","0","0","0","0","0","0","0","0","0","0","0","0","0","0","0","0","0","0","0","0","0","0","0","0","0","0","0","0","0","0","0","0","0","0","0","0","0","0","0","0","0","0","0","0","0","0","0","0","0","0","0","0","0","0","0","0","0","0","0","0","0","0","0","0","0","0","0","0","0","0","0","0","0","0","0","0","0","0","0","0","0","0","0","0","0","0","0","0","0","0","0","0","0","0"
"BAG6__L2-L3-eNeuron","2.07794474514151","1.20667102341892","2.52465501981766","0","2.80784967344822","0","1.69027024481578","0","2.13416523832471","1.91508586083497","0.934449870904465","1.68346361342394","0","1.73969145215968","2.56233709617888","0","2.27573988570995","1.52297414858699","0","3.02553509210714","1.05370027362177","0","0","0","1.32845449725524","0","1.30485458152842","2.68865429211338","0.796305572870735","1.42666119544259","0","2.01546571764652","0","2.50501167472052","0","0","0","0","0","0","0","0","0","0","0","0","0","0","0","0","0","2.70145749246259","2.12914391060444","0","0","1.61257238673169","2.08239013312039","2.07942407752587","2.90320825892434","0","2.39643314169144","0","1.70595288984939","0","0","0","1.49645908978437","1.40300121807483","1.25867428731541","2.22576766463292","0","1.70463363235472","1.59448261215002","2.11624821735325","0","2.48302006620966","2.11199026512885","0","2.03617858435517","1.77290136746608","1.88810450069273","0","0","3.07087662823954","0","0","0","1.66411752237416","0","0","2.48075666356288","2.6811194958171","1.98622444615052","0","2.14301995857143","0","1.90164660993171","1.00446898230957","2.88221445085266","0","1.07352243685108","0","1.50142505109328","0","0","0","0","3.20657787548818","2.03505141710015","0","2.57697855648846","1.75541644627238","2.13558250999007","0","1.89413136489318","0","0","0","0","0","1.44448911754305","0","0","0","0","0","0","0","0","0","0","0","0","0","0","0","0","0","0","0","0","0","0","0","0","0","0","0","0","0","0","0","0","0","0","0","0","0","0","0","0","0","0","0","0","0","0","0","0","0","0","0","0","0","0","0","0","0","0","0","0","0","0","0","0","0","0","0","0","0","0","0","0","0","1.83932561321768","0","0","0","0","0","0","0","0","0","0","0","0","0","0","0","0","0","0","2.11209263016341","0","0","0","0","0","0","0","0","0","0","0","0","0","0","0","0","0","0","0","0","0","0","0","0","0","0","0","0","0","0","0","0","0","0","0","0","0","0","0","0","0","0","0","0","0","0","0","0","0","0","0","0","0","0","0","0","0","0","0","0","0","0","0","0","0","0","0","0","0","0","0","0","0","0","0","0","0","0","0","0","0","0","0","0","0","0","0","0","0","0","0","0","0","0","0","0","0","0","0","0","0","0","0","0","0","0","0","0","0","0","0","0","0","0","0","0","0","0","0","0","0","0","0","0","0","0","0","0","0","0","0","0","0","0","0","0","0","0","0","0","0","0","0","0","0","0","0","0","0","0","0","0","0","2.26843687063531","0","0","0","0","0","0","0","0","0","0","0","0","0","0","0","0","0","0","0","0","0","0","0","0","0","0","0","1.82405824036337","0","0","0","0","0","0","0","0","0","0","0","0","0","0","1.13023427633262","0","0","0","0","0","0","0","0","0","0","0","0","0","0","0","0","0","0","0","0","0","0","0","0","0","0","0","0","0","0","0","0","0","0","0","0","0","0","0","0","0","0","0","0","0","0","0","0","0","0","0","0","0","0","0","0","0","0","0","0","0","0","0","0","0","0","0","0","0","0","0","0","0","0","0","0","0","0","0","0","0","0","0","0","0","0","0","0","0","0","0","0","0","0","0","0","0","0","0","0","0","0","0","0","0","0","0","0","0","0","0","0"
"GRN__L2-L3-eNeuron","1.38461714529372","2.29986985250847","1.94583798304618","0","0","0","0","0","0","1.91508586083497","0","2.11035400521471","0","2.17295341487142","1.7879835235771","0","1.54657574773138","1.52297414858699","0","0","0","0","0","0","0","0","1.30485458152842","0","0.796305572870735","1.42666119544259","2.17229693169381","2.33841898931517","0","0","0","0","0","0","5.01122725542325","0","0","0","0","0","0","0","0","0","0","0","0","2.70145749246259","2.12914391060444","0","0","1.02075679289345","1.6584271145843","1.05343220638491","2.90320825892434","0","1.83147158707119","0","1.09168069022135","0","0","0","1.77764407625493","1.40300121807483","1.25867428731541","0","1.92147597360919","1.43006905126227","2.59685285640489","0.874924758585971","0","0","1.07561761329844","3.63432577949109","0","0","0","0","0","0","1.95880249179887","0","0","1.66411752237416","0","0","0","0","0.990830927978685","0","0","0","1.4978742845924","1.59091807277482","0","0","0","0","1.50142505109328","0","0","0","0","1.79471718427015","1.35003702581716","0","2.10810899384056","1.75541644627238","1.82603337727325","0","0.930291028188596","0","0","0","0","0","0","0","0","0","0","0","0","0","0","0","0","0","0","0","0","0","0","0","0","0","0","0","0","0","0","0","0","0","0","0","0","0","0","0","0","0","0","0","0","0","0","0","0","0","0","0","0","0","0","0","0","0","0","0","0","0","0","0","0","0","0","0","0","0","0","0","0","0","0","0","0","0","0","0","0","0","0","0","0","0","0","0","0","0","0","0","0","0","0","0","0","0","0","2.11209263016341","3.7823216078377","0","0","0","0","0","0","0","0","0","0","0","0","0","0","0","0","0","0","0","0","0","0","0","0","0","0","0","0","0","0","0","0","0","0","0","0","0","0","0","0","0","0","0","0","0","0","0","0","0","0","0","0","0","0","0","0","0","0","0","0","0","0","0","0","0","0","0","0","0","0","0","0","0","0","0","0","0","0","0","0","0","0","0","0","0","0","0","0","0","0","0","0","0","0","0","0","0","0","0","0","0","0","0","0","0","0","0","0","0","0","0","0","0","0","0","0","0","0","0","0","0","0","0","0","0","0","0","0","0","0","0","0","0","0","0","0","0","0","0","0","0","0","0","0","0","0","0","0","0","0","0","0","1.54052534773964","0","0","0","0","0","0","0","0","0","0","0","0","0","0","0","0","0","0","0","0","0","0","0","0","0","0","0","0","0","0","0","0","0","0","0","0","0","0","0","0","0","0","1.75612049577192","0","0","0","0","0","0","0","0","0","0","0","0","0","0","0","0","0","0","0","0","0","0","0","0","0","0","0","0","0","0","0","0","0","0","0","0","0","0","0","0","0","0","0","0","0","0","0","0","0","0","0","0","0","0","0","0","0","0","0","0","0","0","0","0","0","0","0","0","0","0","0","0","0","0","0","0","0","0","0","0","0","0","0","0","0","0","0","0","0","0","0","0","0","0","0","0","0","0","0","0","0","0","0","0","0","0","0","0","0","0","0","0"
"SEMA7A__L2-L3-eNeuron","0.620125481992566","0","0","0","1.13781838517434","0","1.69027024481578","0","2.13416523832471","1.25440132413833","0.934449870904465","2.11035400521471","0","1.73969145215968","0.862171995600748","0","1.54657574773138","0","0","3.02553509210714","0","0","0","0","0","0","1.97862634920743","1.89668213342276","0","0","1.73910050680136","1.59871796987095","1.7836648160125","2.50501167472052","0","0","0","0","0","0","0","0","0","0","0","0","0","0","0","0","0","2.70145749246259","0","0","0","2.03102426351059","1.05544618893481","1.65577454708424","1.84492894571624","0","2.14143241902884","0","2.13542492602776","0","0","0","1.77764407625493","2.10064901417824","1.25867428731541","0","2.99462682790115","1.43006905126227","1.59448261215002","0","0","0","0","0","0","1.77290136746608","0","0","1.8847925611849","2.23309622449886","0","0","0","1.66411752237416","0","0","0","1.48774938475405","1.57272407565571","0","0","0","1.4978742845924","0","0","0","1.68218271687118","0","0.937804753463171","0","0","0","0","1.40398554612293","0","0","0","0","0.886383354665","0","0","0","0","0","0","0","0","0","0","0","0","0","0","0","0","0","0","0","0","0","0","0","0","0","0","0","0","0","0","0","0","0","0","0","0","0","0","0","0","0","0","0","0","0","0","0","0","0","0","0","0","0","0","0","0","0","0","0","0","0","0","0","0","0","0","0","0","0","0","0","0","0","0","0","0","0","0","0","0","0","0","0","0","0","0","0","0","0","0","0","0","0","0","0","0","0","0","0","0","2.11209263016341","2.88353975076326","0","0","0","0","0","0","0","0","0","0","0","0","0","0","0","0","0","0","0","0","0","0","0","0","0","0","0","0","0","0","0","0","0","0","0","0","0","0","0","0","0","0","0","0","0","0","0","0","0","0","0","0","0","0","0","0","0","0","0","0","0","0","0","0","0","0","0","0","0","0","0","0","0","0","0","0","0","0","0","0","0","0","0","0","0","0","0","0","0","0","0","0","0","0","0","0","0","0","0","0","0","0","0","0","0","0","0","0","0","0","0","0","0","0","0","0","0","0","0","0","0","0","0","0","0","0","0","0","0","0","0","0","0","0","0","0","0","0","0","0","0","0","0","0","0","0","0","0","0","0","0","0","0","0","0","0","0","0","0","0","0","0","0","0","0","0","0","0","0","0","0","0","0","0","0","0","0","0","0","0","0","0","0","0","0","0","0","0","0","0","0","0","0","0","0","0","0","0","0","0","0","0","0","0","0","0","0","0","0","0","0","0","0","0","0","0","0","0","0","0","0","0","0","0","0","0","0","0","0","0","0","0","0","0","0","0","0","0","0","0","0","0","0","0","0","0","0","0","0","0","0","0","0","0","0","0","0","0","0","0","0","0","0","0","0","0","0","0","0","0","0","0","0","0","0","0","0","0","0","0","0","0","0","0","0","0","0","0","0","0","0","0","0","0","0","0","0","0","0","0","0","0","0","0","0","0","0","0"
"LRRC4B__L2-L3-eNeuron","2.07794474514151","1.20667102341892","2.26408194180178","0","2.20208559743497","0","1.31311870022423","0","2.60519698446121","1.25440132413833","2.47399691326083","2.70707281047354","0","2.17295341487142","2.3473438224819","0","2.27573988570995","1.52297414858699","0","0","1.05370027362177","0","0","0","2.00815340026828","0","1.97862634920743","0","2.43826343913603","0","3.37198794436232","1.01032887785048","3.05814159987147","1.73910050680136","0","0","0","0","0","0","0","0","0","0","0","0","0","0","0","0","0","3.21052613432943","1.42615152962656","0","0","3.49695188518094","1.6584271145843","2.07942407752587","1.84492894571624","0","2.39643314169144","0","0","0","0","0","1.49645908978437","2.10064901417824","0","2.22576766463292","1.25945451555799","2.60496996702603","2.59685285640489","0","0","0","2.4410841294676","2.74606521129386","2.4988546181326","2.20979894014091","1.23311676580095","0","1.8847925611849","3.07087662823954","1.95880249179887","0","0","1.66411752237416","0","0","1.71850443390308","1.48774938475405","1.98622444615052","0","0","0","2.88458218085666","2.81500758023513","2.88221445085266","0","1.68218271687118","0","2.22108660842846","0","0","0","0","2.5702076683407","2.49762770088923","0","1.40905368712984","1.75541644627238","1.82603337727325","0","2.46683639985905","0","0","0","0","0","0","0","0","0","0","0","0","0","0","0","0","0","0","0","0","0","0","0","0","0","0","0","0","0","0","0","0","0","0","0","0","0","0","0","0","0","0","0","0","0","0","0","0","0","0","0","0","0","0","0","0","0","0","0","0","0","0","0","0","0","0","0","0","0","0","0","0","0","0","0","0","0","0","0","1.83932561321768","0","0","0","0","0","0","0","0","0","0","0","0","0","0","0","0","0","0","2.58129550578304","0","0","0","0","0","0","0","0","0","0","0","0","0","0","0","0","0","0","0","0","0","0","0","0","0","0","0","0","0","0","0","0","0","0","0","0","0","0","0","0","0","0","0","0","0","0","0","0","0","0","0","0","0","0","0","0","0","0","0","0","0","0","0","0","0","0","0","0","0","0","0","0","0","0","0","0","0","0","0","0","0","0","0","0","0","0","0","0","0","0","0","0","0","0","0","0","0","0","0","0","0","0","0","0","0","0","0","0","0","0","0","0","0","0","0","0","0","0","0","0","0","0","0","0","0","0","0","0","0","0","0","0","0","0","0","0","0","0","0","0","0","0","0","0","0","0","0","0","0","0","0","0","0","1.94991071472643","0","0","0","0","0","0","0","0","0","0","0","0","0","0","0","0","0","0","0","0","0","0","0","0","0","0","0","1.82405824036337","0","0","0","0","0","0","0","0","0","0","0","0","0","0","2.79591531467464","0","0","0","0","0","0","0","0","0","0","0","0","0","0","0","0","0","0","0","0","0","0","0","0","0","0","0","0","0","0","0","0","0","0","0","0","0","0","0","0","0","0","0","0","0","0","0","0","0","0","0","0","0","0","0","0","0","0","0","0","0","0","0","0","0","0","0","0","0","0","0","0","0","0","0","0","0","0","0","0","0","0","0","0","0","0","0","0","0","0","0","0","0","0","0","0","0","0","0","0","0","0","0","0","0","0","0","0","0","0","0","0"
"SLITRK1__L2-L3-eNeuron","2.07794474514151","1.85443016499106","1.94583798304618","0","1.13781838517434","0","2.23632499182048","0","0","2.70989167165137","0.934449870904465","2.11035400521471","0","2.17295341487142","1.7879835235771","0","0","0","0","0","2.67338368562129","0","0","0","0","0","1.30485458152842","0","2.62211925181304","1.42666119544259","2.7751926333272","1.59871796987095","2.22172093189408","2.50501167472052","0","0","0","0","0","0","0","0","0","0","0","0","0","0","0","0","0","1.90777270816482","1.42615152962656","0","0","2.6193930801156","2.08239013312039","1.65577454708424","0","0","2.14143241902884","0","0","0","0","0","1.49645908978437","2.75612449428612","0","0","1.25945451555799","1.09067104838869","2.01070572032386","2.37004210559852","2.05671869888534","0","2.11199026512885","2.74606521129386","0","1.14319921269542","2.33691995466517","0","0","0","1.95880249179887","0","0","3.27452849234424","0","0","2.48075666356288","1.48774938475405","2.56964817859686","0","2.96969627099143","0","0.935181627415401","1.59091807277482","0","0","2.43783019672824","0","1.50142505109328","0","0","0","0","2.5702076683407","1.35003702581716","0","0","2.52418287065273","0.886383354665","0","2.46683639985905","0","0","0","0","0","0","0","0","0","0","0","0","0","0","0","0","0","0","0","0","0","0","0","0","0","0","0","0","0","0","0","0","0","0","0","0","0","0","0","0","0","0","0","0","0","0","0","0","0","0","0","0","0","0","0","0","0","0","0","0","0","0","0","0","0","0","0","0","0","0","0","0","0","0","0","0","0","0","0","1.83932561321768","0","0","0","0","0","0","0","0","0","0","0","0","0","0","0","0","0","0","0","0","0","0","0","0","0","0","0","0","0","0","0","0","0","0","0","0","0","0","0","0","0","0","0","0","0","0","0","0","0","0","0","0","0","0","0","0","0","0","0","0","0","0","0","0","0","0","0","0","0","0","0","0","0","0","0","0","0","0","0","0","0","0","0","0","0","0","0","0","0","0","0","0","0","0","0","0","0","0","0","0","0","0","0","0","0","0","0","0","0","0","0","0","0","0","0","0","0","0","0","0","0","0","0","0","0","0","0","0","0","0","0","0","0","0","0","0","0","0","0","0","0","0","0","0","0","0","0","0","0","0","0","0","0","0","0","0","0","0","0","0","0","0","0","0","0","0","0","0","0","0","0","0","1.54052534773964","0","0","0","0","0","0","0","0","0","0","0","0","0","0","0","0","0","0","0","0","0","0","0","0","0","0","0","2.26637787837012","0","0","0","0","0","0","0","0","0","0","0","0","0","0","1.13023427633262","0","0","0","0","0","0","0","0","0","0","0","0","0","0","0","0","0","0","0","0","0","0","0","0","0","0","0","0","0","0","0","0","0","0","0","0","0","0","0","0","0","0","0","0","0","0","0","0","0","0","0","0","0","0","0","0","0","0","0","0","0","0","0","0","0","0","0","0","0","0","0","0","0","0","0","0","0","0","0","0","0","0","0","0","0","0","0","0","0","0","0","0","0","0","0","0","0","0","0","0","0","0","0","0","0","0","0","0","0","0","0","0"
"SLIT3__L2-L3-eNeuron","0","1.20667102341892","0","0","1.76594220101255","0","1.98897982593632","0","2.13416523832471","2.36654432109575","0.934449870904465","0","0","1.73969145215968","1.39810179788041","0","1.54657574773138","2.2472159265093","0","0","1.05370027362177","0","0","0","0","0","1.30485458152842","0","0","0","2.17229693169381","2.01546571764652","0","1.73910050680136","0","0","0","0","0","0","0","0","0","0","0","0","0","0","0","0","0","0","2.12914391060444","0","0","0","2.08239013312039","1.05343220638491","0","0","0","0","1.70595288984939","0","0","0","0","1.79359094534549","1.25867428731541","0","1.25945451555799","1.43006905126227","1.00714596662385","2.11624821735325","0","1.72042418244643","1.07561761329844","0","2.03617858435517","0","1.88810450069273","0","0","0","1.28906474074329","0","0","2.41640600202882","0","0","0","1.48774938475405","0","0","2.96969627099143","0","0.935181627415401","2.81500758023513","2.06571177458454","0","0","0","0.937804753463171","0","0","0","0","2.35495730253343","0","0","2.10810899384056","0","1.82603337727325","0","0","0","0","0","0","0","0","0","0","0","0","0","0","0","0","0","0","0","0","0","0","0","0","0","0","0","0","0","0","0","0","0","0","0","0","0","0","0","0","0","0","0","0","0","0","0","0","0","0","0","0","0","0","0","0","0","0","0","0","0","0","0","0","0","0","0","0","0","0","0","0","0","0","0","0","0","0","0","0","0","0","0","0","0","0","0","0","0","0","0","0","0","0","0","0","0","0","0","0","1.41228812725607","0","0","0","0","0","0","0","0","0","0","0","0","0","0","0","0","0","0","0","0","0","0","0","0","0","0","0","0","0","0","0","0","0","0","0","0","0","0","0","0","0","0","0","0","0","0","0","0","0","0","0","0","0","0","0","0","0","0","0","0","0","0","0","0","0","0","0","0","0","0","0","0","0","0","0","0","0","0","0","0","0","0","0","0","0","0","0","0","0","0","0","0","0","0","0","0","0","0","0","0","0","0","0","0","0","0","0","0","0","0","0","0","0","0","0","0","0","0","0","0","0","0","0","0","0","0","0","0","0","0","0","0","0","0","0","0","0","0","0","0","0","0","0","0","0","0","0","0","0","0","0","0","0","0.96680111116517","0","0","0","0","0","0","0","0","0","0","0","0","0","0","0","0","0","0","0","0","0","0","0","0","0","0","0","1.82405824036337","0","0","0","0","0","0","0","0","0","0","0","0","0","0","1.13023427633262","0","0","0","0","0","0","0","0","0","0","0","0","0","0","0","0","0","0","0","0","0","0","0","0","0","0","0","0","0","0","0","0","0","0","0","0","0","0","0","0","0","0","0","0","0","0","0","0","0","0","0","0","0","0","0","0","0","0","0","0","0","0","0","0","0","0","0","0","0","0","0","0","0","0","0","0","0","0","0","0","0","0","0","0","0","0","0","0","0","0","0","0","0","0","0","0","0","0","0","0","0","0","0","0","0","0","0","0","0","0","0","0"
"ADAM15__L2-L3-eNeuron","0.620125481992566","1.20667102341892","0","0","0","0","0.801067991060867","0","1.43023990592251","1.25440132413833","0","0","0","0","1.39810179788041","0","1.54657574773138","1.52297414858699","0","3.02553509210714","1.65612767968847","0","0","0","1.32845449725524","0","1.30485458152842","0","0.796305572870735","0","1.11711973824193","0","0","0","0","0","0","0","4.05528243550119","0","0","0","0","0","0","0","0","0","0","0","0","1.90777270816482","2.12914391060444","0","0","2.03102426351059","1.6584271145843","2.07942407752587","2.28940036401581","0","0","0","1.09168069022135","0","0","0","1.14686964460976","0.865725430212854","1.25867428731541","1.5052805261616","1.25945451555799","1.43006905126227","0","1.41566396810665","0","1.72042418244643","0","0","2.03617858435517","1.77290136746608","0","0","2.67491174172182","2.23309622449886","0","0","0","1.66411752237416","0","0","2.97688640039639","1.48774938475405","0.990830927978685","0","0","0","0.935181627415401","0","0","0","1.68218271687118","0","0","0","0","0","0","0.866439740062328","1.35003702581716","0","1.40905368712984","0","1.43139432984316","0","0.930291028188596","0","0","0","0","0","0","0","0","0","0","0","0","0","0","0","0","0","0","0","0","0","0","0","0","0","0","0","0","0","0","0","0","0","0","0","0","0","0","0","0","0","0","0","0","0","0","0","0","0","0","0","0","0","0","0","0","0","0","0","0","0","0","0","0","0","0","0","0","0","0","0","0","0","0","0","0","0","0","0","1.83932561321768","0","0","0","0","0","0","0","0","0","0","0","0","0","0","0","0","0","0","0","0","0","0","0","0","0","0","0","0","0","0","0","0","0","0","0","0","0","0","0","0","0","0","0","0","0","0","0","0","0","0","0","0","0","0","0","0","0","0","0","0","0","0","0","0","0","0","0","0","0","0","0","0","0","0","0","0","0","0","0","0","0","0","0","0","0","0","0","0","0","0","0","0","0","0","0","0","0","0","0","0","0","0","0","0","0","0","0","0","0","0","0","0","0","0","0","0","0","0","0","0","0","0","0","0","0","0","0","0","0","0","0","0","0","0","0","0","0","0","0","0","0","0","0","0","0","0","0","0","0","0","0","0","0","0","0","0","0","0","0","0","0","0","0","0","0","0","0","0","0","0","0","0","0.96680111116517","0","0","0","0","0","0","0","0","0","0","0","0","0","0","0","0","0","0","0","0","0","0","0","0","0","0","0","2.26637787837012","0","0","0","0","0","0","0","0","0","0","0","0","0","0","0.673078234557267","0","0","0","0","0","0","0","0","0","0","0","0","0","0","0","0","0","0","0","0","0","0","0","0","0","0","0","0","0","0","0","0","0","0","0","0","0","0","0","0","0","0","0","0","0","0","0","0","0","0","0","0","0","0","0","0","0","0","0","0","0","0","0","0","0","0","0","0","0","0","0","0","0","0","0","0","0","0","0","0","0","0","0","0","0","0","0","0","0","0","0","0","0","0","0","0","0","0","0","0","0","0","0","0","0","0","0","0","0","0","0","0"
"CNTN2__Lhx6-iNeuron","0","0","0","2.70876322735127","0","0","0","0","0","0","0","0","0","0","0","1.86197366593781","0","0","0","0","0","0","0","0","0","0","0","0","0","0","0","0","0","0","0","0","0","0","0","0","0","0","0","0","0","0","0","0","0","0","0","0","0","0","0","0","0","0","0","0","0","0","0","0","0","0","0","0","0","0","0","0","0","0","0","0","0","0","0","0","0","0","0","0","0","1.82911544079641","0","0","0","0","0","0","0","0","0","0","0","0","0","0","0","0","0","0","0","0","1.71850443390308","0","0","0","0","0","0","0","0","0","0","0","0","0","0","0","0","0","0","0","0","0","0","0","0","0","0","0","0","0","0","0","0","0","0","0","0","0","0","0","0","0","0","0","1.75260656091223","0","0","0","0","0","0","0","0","0","0","0","0","0","0","0","0","0","0","0","0","0","0","0","0","0","0","0","0","0","0","0","0","0","0","0","0","0","0","0","0","0","0","0","0","0","0","0","0","0","0","0","0","1.89206461488099","0","0","0","0","0","0","0","0","0","0","0","0","0","0","0","0","0","0","0","0","0","0","0","0","0","0","0","0","0","0","0","0","0","0","0","0","0","0","0","0","0","1.64525752508009","0","0","0","0","0","0","0","0","0","0","0","0","0","0","1.96432084250518","0","0","0","2.03420699158475","0","1.62788336762538","0","1.64764005031727","0","0","0","0","0","2.06547854330636","0","0","0","0","0","0","0","0","0","0","0","0","0","0","0","0","0","0","1.60775951069898","0","0","0","0","0","0","0","0","1.22958171672429","0","0","0","0","0","0","1.27517779074415","0","0","0","1.70689661018089","0","0","0","0","0","0","0","0","0","0","0","0","0","0","0","0","0","0","0","0","0","0","0","0","0","0","0","0","0","0","0","0","0","0","0","0","0","0","0","0","0","0","0","0","0","0","0","0","0","0","0","0","0","0","0","0","0","0","1.44161475014131","0","0","0","0","0","0","0","0","1.5380195928911","0","0","0","0","0","0","0","0","0","0","0","0.675699937543009","0","0","0","0","0","0","0","0","0","0","0","0","0","0","0","0","0","1.96813550134475","0","0","0","1.76577919383763","0","0","0","0","0","1.58221060853433","0","0","0","0","0","0","0","0","0","0","0","0","0","0","0","0","0","0","0","0","0","0","0","0","0","0","0","0","0","0","0","0","0","0","0","0","0","0","0","0","0","0","0","0","0","0","0","0","0","0","0","0","0","0","0","0","0","0","0","0","0","0","1.37780176652454","0","0","0","0","0","0","0","0","0","0","0","0","0","0","0","0","0","0","0","0","0","0","0","1.6571880791741","0","0","0","0","0","0","0","0","0","0","0","0","0","0"
"IGFBP4__Lhx6-iNeuron","0","0","0","2.70876322735127","0","1.02580167717986","0","0","0","0","0","0","0","0","0","0","0","0","0","0","0","1.49054689882905","0","0","0","0","0","0","0","0","0","0","0","0","0","0","0","0","0","0","0","0","0","0","0","0","0","0","0","0","0","0","0","0","0","0","0","0","0","0","0","0","0","0","0","0","0","0","0","0","0","0","0","0","0","0","0","0","0","0","0","0","0","0","0","1.18687813472351","0","0","0","0","0","0","0","0","0","0","0","0","0","0","0","0","0","0","0","0","1.71850443390308","0","0","0","0","0","0","0","0","0","0","0","0","0","0","0","0","0","0","0","0","0","0","0","0","0","0","0","0","0","0","0","0","0","0","0","0","0","0","0","0","0","0","0","1.12752375172215","0","0","0","0","0","0","0","0","0","0","0","0","0","0","0","0","0","0","0","0","0","0","0","0","0","0","0","0","0","0","0","0","0","0","0","0","0","0","0","0","0","0","0","0","0","0","0","0","0","0","0","0","1.89206461488099","0","0","0","0","0","0","0","0","0","0","0","0","0","0","0","0","0","0","0","0","0","0","0","0","0","0","0","0","0","0","0","0","0","0","0","0","0","0","0","0","0","3.40274481929694","0","0","0","0","0","0","0","0","0","0","0","0","0","0","1.55329154856714","0","0","0","0","0","0.606582542824911","0.660325534453271","1.64764005031727","0","0","0","0","0","0.71118262322304","0","0","0","0","0","0","0","0","0","0","0","0","0","0","0","0","0","0","1.24195468771497","0","0","0","0","0","0","0","0","1.22958171672429","0","0","0","0","0","0","1.94132151526106","0","0","0","2.13647600281482","0","0","0","0","0","0","0","0","0","0","0","0","0","0","0","0","0","0","0","0","0","0","0","0","0","0","0","0","0","0","0","0","0","0","0","0","0","0","0","0","0","0","0","0","0","0","0","0","0","0","0","0","0","0","0","0","0","0","1.44161475014131","0","0","0","0","0","0","0","0","0.708983533256754","0","0","0","0","0","0","0","0","0","0","0","2.19667923705245","0","0","0","0","0","0","0","0","0","0","0","0","0","0","0","0","0","0.789232903783179","0","0","0","1.9563136991499","0","0","0","0","0","1.76262081458085","0","0","0","0","0","0","0","0","0","0","0","0","0","0","0","0","0","0","0","0","0","0","0","0","0","0","0","0","0","0","0","0","0","0","0","0","0","0","0","0","0","0","0","0","0","0","0","0","0","0","0","0","0","0","0","0","0","0","0","0","0","0","1.69519629552062","0","0","0","0","0","0","0","0","0","0","0","0","0","0","0","0","0","0","0","0","0","0","0","0","0","0","0","0","0","0","0","0","0","0","0","0","0","0"
"SEMA6B__Lhx6-iNeuron","0","0","0","2.70876322735127","0","0","0","0","0","0","0","0","0","0","0","0","0","0","0","0","0","0","0","0","0","0","0","0","0","0","0","0","0","0","0","0","0","0","0","0","0","0","0","0","0","0","0","0","0","0","0","0","0","0","0","0","0","0","0","0","0","0","0","0","0","0","0","0","0","0","0","0","0","0","0","0","0","0","0","0","0","0","0","0","0","2.27195963561328","0","0","0","0","0","0","0","0","0","0","0","0","0","0","0","0","0","0","0","0","2.14939794239891","0","0","0","0","0","0","0","0","0","0","0","0","0","0","0","0","0","0","0","0","0","0","0","0","0","0","0","0","0","0","0","0","0","0","0","0","0","0","0","0","0","0","0","2.18729343206657","0","0","0","0","0","0","0","0","0","0","0","0","0","0","0","0","0","0","0","0","0","0","0","0","0","0","0","0","0","0","0","0","0","0","0","0","0","0","0","0","0","0","0","0","0","0","0","0","0","0","0","0","1.48942652155302","0","0","0","0","0","0","0","0","0","0","0","0","0","0","0","0","0","0","0","0","0","0","0","0","0","0","0","0","0","0","0","0","0","0","0","0","0","0","0","0","0","1.64525752508009","0","0","0","0","0","0","0","0","0","0","0","0","0","0","0","0","0","0","0.82700097406298","0","0.606582542824911","0.660325534453271","1.2762810328006","0","0","0","0","0","0","0","0","0","1.93641037100956","0","0","0","0","0","0","0","0","0","0","0","0","0","0","1.89932083124966","0","0","0","0","0","0","0","0","1.22958171672429","0","0","0","0","0","0","1.64636067380907","0","0","0","0","0","0","0","0","0","0","0","0","0","0","0","0","0","0","0","0","0","0","0","0","0","0","0","0","0","0","0","0","0","0","0","0","0","0","0","0","0","0","0","0","0","0","0","0","0","0","0","0","0","0","0","0","0","0","0","0","0","0","2.40343621300008","0","0","0","0","0","0","0","0","1.18224988687424","0","0","0","0","0","0","0","0","0","0","0","0.675699937543009","0","0","0","0","0","0","0","0","0","0","0","0","0","0","0","0","0","0.789232903783179","0","0","0","0.565709494702119","0","0","0","0","0","1.13525236618709","0","0","0","0","0","0","0","0","0","0","0","0","0","0","0","0","0","0","0","0","0","0","0","0","0","0","0","0","0","0","0","0","0","0","0","0","0","0","0","0","0","0","0","0","0","0","0","0","0","0","0","0","0","0","0","0","0","0","0","0","0","0","0.97028869470102","0","0","0","0","0","0","0","0","0","0","0","0","0","0","0","0","0","0","0","0","0","0","0","1.05450533069334","0","0","0","0","0","0","0","0","0","0","0","0","0","0"
"SHANK1__Lhx6-iNeuron","0","0","0","0","0","2.62771245125479","0","0","0","0","0","0","0","0","0","2.64848666374503","0","0","0","0","0","3.1929510469883","0","0","0","0","0","0","0","0","0","0","0","0","0","0","0","0","0","0","0","0","0","0","0","0","0","0","0","0","0","0","0","0","0","0","0","0","0","0","0","0","0","0","0","0","0","0","0","0","0","0","0","0","0","0","0","0","0","0","0","0","0","0","0","2.61031807499805","0","0","0","0","0","0","0","2.81107108191656","0","0","0","0","0","0","0","0","0","0","0","0","2.97688640039639","0","0","0","0","0","0","0","0","0","0","0","0","0","0","0","0","0","0","0","0","0","0","0","0","0","0","0","0","0","0","0","0","0","0","0","0","0","0","0","0","0","0","0","2.18729343206657","0","0","0","0","0","0","0","0","0","0","0","0","0","0","0","0","0","0","0","0","0","0","0","0","0","0","0","0","0","0","0","0","0","0","0","0","0","0","0","0","0","0","0","0","0","0","0","0","0","0","0","0","2.20650158896585","0","0","0","0","0","0","0","0","0","0","0","0","0","0","0","0","0","0","0","0","0","0","0","0","0","0","0","0","0","0","0","0","0","0","0","0","0","0","0","0","0","3.24977109304705","0","0","0","0","0","0","0","0","0","0","0","0","0","0","2.9582875770149","0","0","0","3.12762305875577","0","2.37328200537673","3.19000617459789","3.54424235367358","0","0","0","0","0","2.88194958269385","0","0","0","2.38991968088993","0","0","0","0","0","0","0","0","0","0","0","0","0","0","2.83659974183346","0","0","0","0","0","0","0","0","4.15480789633029","0","0","0","0","0","0","3.45180521114354","0","0","0","3.33031643278747","0","0","0","0","0","0","0","0","0","0","0","0","0","0","0","0","0","0","0","0","0","0","0","0","0","0","0","0","0","0","0","0","0","0","0","0","0","0","0","0","0","0","0","0","0","0","0","0","0","0","0","0","0","0","0","0","0","0","2.40343621300008","0","0","0","0","0","0","0","0","3.55937971984189","0","0","0","0","0","0","0","0","0","0","0","3.22700196912933","0","0","0","0","0","0","0","0","0","0","0","0","0","0","0","0","0","2.42463514305149","0","0","0","3.64648128976291","0","0","0","0","0","1.76262081458085","0","0","0","0","0","0","0","0","0","0","0","0","0","0","0","0","0","0","0","0","0","0","0","0","0","0","0","0","0","0","0","0","0","0","0","0","0","0","0","0","0","0","0","0","0","0","0","0","0","0","0","0","0","0","0","0","0","0","0","0","0","0","3.85092506798519","0","0","0","0","0","0","0","0","0","0","0","0","0","0","0","0","0","0","0","0","0","0","0","2.40817481067194","0","0","0","0","0","0","0","0","0","0","0","0","0","0"
"TOR2A__Lhx6-iNeuron","0","0","0","0","0","0","0","0","0","0","0","0","0","0","0","2.64848666374503","0","0","0","0","0","0.929773863674965","0","0","0","0","0","0","0","0","0","0","0","0","0","0","0","0","0","0","0","0","0","0","0","0","0","0","0","0","0","0","0","0","0","0","0","0","0","0","0","0","0","0","0","0","0","0","0","0","0","0","0","0","0","0","0","0","0","0","0","0","0","0","0","1.18687813472351","0","0","0","0","0","0","0","2.81107108191656","0","0","0","0","0","0","0","0","0","0","0","0","0","0","0","0","0","0","0","0","0","0","0","0","0","0","0","0","0","0","0","0","0","0","0","0","0","0","0","0","0","0","0","0","0","0","0","0","0","0","0","0","0","0","0","0","0","0","0","0","0","0","0","0","0","0","0","0","0","0","0","0","0","0","0","0","0","0","0","0","0","0","0","0","0","0","0","0","0","0","0","0","0","0","0","0","0","0","0","0","0","0","0","0","0","0","0","0","0","1.89206461488099","0","0","0","0","0","0","0","0","0","0","0","0","0","0","0","0","0","0","0","0","0","0","0","0","0","0","0","0","0","0","0","0","0","0","0","0","0","0","0","0","0","1.04545586198504","0","0","0","0","0","0","0","0","0","0","0","0","0","0","0","0","0","0","1.3493582657277","0","1.36061388241938","2.16434709468748","0.774897916458265","0","0","0","0","0","1.18541697305432","0","0","0","1.93641037100956","0","0","0","0","0","0","0","0","0","0","0","0","0","0","0","0","0","0","0","0","0","0","0","1.88361292841745","0","0","0","0","0","0","0","0","0","0","1.09240306236952","0","0","0","0","0","0","0","0","0","0","0","0","0","0","0","0","0","0","0","0","0","0","0","0","0","0","0","0","0","0","0","0","0","0","0","0","0","0","0","0","0","0","0","0","0","0","0","0","0","0","0","0","0","0","0","0","0","0","1.83768926864138","0","0","0","0","0","0","0","0","0.708983533256754","0","0","0","0","0","0","0","0","0","0","0","1.13405209856101","0","0","0","0","0","0","0","0","0","0","0","0","0","0","0","0","0","1.29649304751109","0","0","0","0","0","0","0","0","0","0.846162895125244","0","0","0","0","0","0","0","0","0","0","0","0","0","0","0","0","0","0","0","0","0","0","0","0","0","0","0","0","0","0","0","0","0","0","0","0","0","0","0","0","0","0","0","0","0","0","0","0","0","0","0","0","0","0","0","0","0","0","0","0","0","0","0","0","0","0","0","0","0","0","0","0","0","0","0","0","0","0","0","0","0","0","0","0","0","0","1.05450533069334","0","0","0","0","0","0","0","0","0","0","0","0","0","0"
"CADM3__Lhx6-iNeuron","0","0","0","2.70876322735127","0","2.62771245125479","0","0","0","0","0","0","0","0","0","0","0","0","0","0","0","0.929773863674965","0","0","0","0","0","0","0","0","0","0","0","0","0","0","0","0","0","0","0","0","0","0","0","0","0","0","0","0","0","0","0","0","0","0","0","0","0","0","0","0","0","0","0","0","0","0","0","0","0","0","0","0","0","0","0","0","0","0","0","0","0","0","0","0","0","0","0","0","0","0","0","0","0","0","0","0","0","0","0","0","0","0","0","0","1.71850443390308","0","0","0","0","0","0","0","0","0","0","0","0","0","0","0","0","0","0","0","0","0","0","0","0","0","0","0","0","0","0","0","0","0","0","0","0","0","0","0","0","0","0","0","2.18729343206657","0","0","0","0","0","0","0","0","0","0","0","0","0","0","0","0","0","0","0","0","0","0","0","0","0","0","0","0","0","0","0","0","0","0","0","0","0","0","0","0","0","0","0","0","0","0","0","0","0","0","0","0","2.87326337169087","0","0","0","0","0","0","0","0","0","0","0","0","0","0","0","0","0","0","0","0","0","0","0","0","0","0","0","0","0","0","0","0","0","0","0","0","0","0","0","0","0","3.07863188154905","0","0","0","0","0","0","0","0","0","0","0","0","0","0","3.12754065551315","0","0","0","1.7320440060626","0","2.75470131192757","2.16434709468748","1.80270666622178","0","0","0","0","0","2.60813851790568","0","0","0","1.2712825966827","0","0","0","0","0","0","0","0","0","0","0","0","0","0","1.60775951069898","0","0","0","0","0","0","0","0","1.88361292841745","0","0","0","0","0","0","2.39529845884543","0","0","0","2.13647600281482","0","0","0","0","0","0","0","0","0","0","0","0","0","0","0","0","0","0","0","0","0","0","0","0","0","0","0","0","0","0","0","0","0","0","0","0","0","0","0","0","0","0","0","0","0","0","0","0","0","0","0","0","0","0","0","0","0","0","2.40343621300008","0","0","0","0","0","0","0","0","2.26541048888386","0","0","0","0","0","0","0","0","0","0","0","2.67272948343797","0","0","0","0","0","0","0","0","0","0","0","0","0","0","0","0","0","1.29649304751109","0","0","0","1.76577919383763","0","0","0","0","0","2.0672438793974","0","0","0","0","0","0","0","0","0","0","0","0","0","0","0","0","0","0","0","0","0","0","0","0","0","0","0","0","0","0","0","0","0","0","0","0","0","0","0","0","0","0","0","0","0","0","0","0","0","0","0","0","0","0","0","0","0","0","0","0","0","0","1.37780176652454","0","0","0","0","0","0","0","0","0","0","0","0","0","0","0","0","0","0","0","0","0","0","0","2.08100474513633","0","0","0","0","0","0","0","0","0","0","0","0","0","0"
"NTRK3__Lhx6-iNeuron","0","0","0","0","0","2.03853151146714","0","0","0","0","0","0","0","0","0","0","0","0","0","0","0","0","0","0","0","0","0","0","0","0","0","0","0","0","0","0","0","0","0","0","0","0","0","0","0","0","0","0","0","0","0","0","0","0","0","0","0","0","0","0","0","0","0","0","0","0","0","0","0","0","0","0","0","0","0","0","0","0","0","0","0","0","0","0","0","0","0","0","0","0","0","0","0","0","0","0","0","0","0","0","0","0","0","0","0","0","1.10129734061361","0","0","0","0","0","0","0","0","0","0","0","0","0","0","0","0","0","0","0","0","0","0","0","0","0","0","0","0","0","0","0","0","0","0","0","0","0","0","0","0","0","0","0","0","0","0","0","0","0","0","0","0","0","0","0","0","0","0","0","0","0","0","0","0","0","0","0","0","0","0","0","0","0","0","0","0","0","0","0","0","0","0","0","0","0","0","0","0","0","0","0","0","0","0","0","0","0","0","0","0","0","0","0","0","0","0","0","0","0","0","0","0","0","0","0","0","0","0","0","0","0","0","0","0","0","0","0","0","0","0","0","0","0","0","0","0","0","0","1.64525752508009","0","0","0","0","0","0","0","0","0","0","0","0","0","0","0","0","0","0","1.7320440060626","0","1.62788336762538","1.73194644955432","1.80270666622178","0","0","0","0","0","0.71118262322304","0","0","0","3.44576963168471","0","0","0","0","0","0","0","0","0","0","0","0","0","0","0","0","0","0","0","0","0","0","0","1.22958171672429","0","0","0","0","0","0","0","0","0","0","2.73583528087577","0","0","0","0","0","0","0","0","0","0","0","0","0","0","0","0","0","0","0","0","0","0","0","0","0","0","0","0","0","0","0","0","0","0","0","0","0","0","0","0","0","0","0","0","0","0","0","0","0","0","0","0","0","0","0","0","0","0","0.893846447684578","0","0","0","0","0","0","0","0","1.5380195928911","0","0","0","0","0","0","0","0","0","0","0","2.53081300989552","0","0","0","0","0","0","0","0","0","0","0","0","0","0","0","0","0","2.42463514305149","0","0","0","2.12459500677656","0","0","0","0","0","2.53263597103807","0","0","0","0","0","0","0","0","0","0","0","0","0","0","0","0","0","0","0","0","0","0","0","0","0","0","0","0","0","0","0","0","0","0","0","0","0","0","0","0","0","0","0","0","0","0","0","0","0","0","0","0","0","0","0","0","0","0","0","0","0","0","1.18838624977213","0","0","0","0","0","0","0","0","0","0","0","0","0","0","0","0","0","0","0","0","0","0","0","0","0","0","0","0","0","0","0","0","0","0","0","0","0","0"
"GLG1__Lhx6-iNeuron","0","0","0","2.70876322735127","0","1.61926320222826","0","0","0","0","0","0","0","0","0","0","0","0","0","0","0","1.49054689882905","0","0","0","0","0","0","0","0","0","0","0","0","0","0","0","0","0","0","0","0","0","0","0","0","0","0","0","0","0","0","0","0","0","0","0","0","0","0","0","0","0","0","0","0","0","0","0","0","0","0","0","0","0","0","0","0","0","0","0","0","0","0","0","1.82911544079641","0","0","0","0","0","0","0","0","0","0","0","0","0","0","0","0","0","0","0","0","1.71850443390308","0","0","0","0","0","0","0","0","0","0","0","0","0","0","0","0","0","0","0","0","0","0","0","0","0","0","0","0","0","0","0","0","0","0","0","0","0","0","0","0","0","0","0","1.75260656091223","0","0","0","0","0","0","0","0","0","0","0","0","0","0","0","0","0","0","0","0","0","0","0","0","0","0","0","0","0","0","0","0","0","0","0","0","0","0","0","0","0","0","0","0","0","0","0","0","0","0","0","0","2.20650158896585","0","0","0","0","0","0","0","0","0","0","0","0","0","0","0","0","0","0","0","0","0","0","0","0","0","0","0","0","0","0","0","0","0","0","0","0","0","0","0","0","0","2.06765775845171","0","0","0","0","0","0","0","0","0","0","0","0","0","0","1.55329154856714","0","0","0","0.82700097406298","0","1.85329325213754","1.96428624177814","1.94271187870308","0","0","0","0","0","2.26989297785055","0","0","0","0","0","0","0","0","0","0","0","0","0","0","0","0","0","0","1.60775951069898","0","0","0","0","0","0","0","0","1.88361292841745","0","0","0","0","0","0","1.27517779074415","0","0","0","0","0","0","0","0","0","0","0","0","0","0","0","0","0","0","0","0","0","0","0","0","0","0","0","0","0","0","0","0","0","0","0","0","0","0","0","0","0","0","0","0","0","0","0","0","0","0","0","0","0","0","0","0","0","0","0","0","0","0","1.44161475014131","0","0","0","0","0","0","0","0","2.44428646582995","0","0","0","0","0","0","0","0","0","0","0","1.13405209856101","0","0","0","0","0","0","0","0","0","0","0","0","0","0","0","0","0","1.67105147743487","0","0","0","0.971023275354355","0","0","0","0","0","1.92295754792071","0","0","0","0","0","0","0","0","0","0","0","0","0","0","0","0","0","0","0","0","0","0","0","0","0","0","0","0","0","0","0","0","0","0","0","0","0","0","0","0","0","0","0","0","0","0","0","0","0","0","0","0","0","0","0","0","0","0","0","0","0","0","2.17542439968495","0","0","0","0","0","0","0","0","0","0","0","0","0","0","0","0","0","0","0","0","0","0","0","2.08100474513633","0","0","0","0","0","0","0","0","0","0","0","0","0","0"
"FNDC5__Lhx6-iNeuron","0","0","0","2.70876322735127","0","0","0","0","0","0","0","0","0","0","0","0","0","0","0","0","0","1.49054689882905","0","0","0","0","0","0","0","0","0","0","0","0","0","0","0","0","0","0","0","0","0","0","0","0","0","0","0","0","0","0","0","0","0","0","0","0","0","0","0","0","0","0","0","0","0","0","0","0","0","0","0","0","0","0","0","0","0","0","0","0","0","0","0","1.18687813472351","0","0","0","0","0","0","0","0","0","0","0","0","0","0","0","0","0","0","0","0","0","0","0","0","0","0","0","0","0","0","0","0","0","0","0","0","0","0","0","0","0","0","0","0","0","0","0","0","0","0","0","0","0","0","0","0","0","0","0","0","0","0","0","0","1.75260656091223","0","0","0","0","0","0","0","0","0","0","0","0","0","0","0","0","0","0","0","0","0","0","0","0","0","0","0","0","0","0","0","0","0","0","0","0","0","0","0","0","0","0","0","0","0","0","0","0","0","0","0","0","0","0","0","0","0","0","0","0","0","0","0","0","0","0","0","0","0","0","0","0","0","0","0","0","0","0","0","0","0","0","0","0","0","0","0","0","0","0","0","0","0","0","2.06765775845171","0","0","0","0","0","0","0","0","0","0","0","0","0","0","0.976312204725008","0","0","0","1.3493582657277","0","2.37328200537673","1.96428624177814","1.94271187870308","0","0","0","0","0","0.71118262322304","0","0","0","1.2712825966827","0","0","0","0","0","0","0","0","0","0","0","0","0","0","1.60775951069898","0","0","0","0","0","0","0","0","2.12514679142593","0","0","0","0","0","0","1.64636067380907","0","0","0","1.09240306236952","0","0","0","0","0","0","0","0","0","0","0","0","0","0","0","0","0","0","0","0","0","0","0","0","0","0","0","0","0","0","0","0","0","0","0","0","0","0","0","0","0","0","0","0","0","0","0","0","0","0","0","0","0","0","0","0","0","0","0.893846447684578","0","0","0","0","0","0","0","0","2.44428646582995","0","0","0","0","0","0","0","0","0","0","0","1.76106662272402","0","0","0","0","0","0","0","0","0","0","0","0","0","0","0","0","0","1.96813550134475","0","0","0","1.54619607492346","0","0","0","0","0","1.76262081458085","0","0","0","0","0","0","0","0","0","0","0","0","0","0","0","0","0","0","0","0","0","0","0","0","0","0","0","0","0","0","0","0","0","0","0","0","0","0","0","0","0","0","0","0","0","0","0","0","0","0","0","0","0","0","0","0","0","0","0","0","0","0","1.54520987926906","0","0","0","0","0","0","0","0","0","0","0","0","0","0","0","0","0","0","0","0","0","0","0","1.6571880791741","0","0","0","0","0","0","0","0","0","0","0","0","0","0"
"YARS__Lhx6-iNeuron","0","0","0","0","0","0","0","0","0","0","0","0","0","0","0","0","0","0","0","0","0","1.49054689882905","0","0","0","0","0","0","0","0","0","0","0","0","0","0","0","0","0","0","0","0","0","0","0","0","0","0","0","0","0","0","0","0","0","0","0","0","0","0","0","0","0","0","0","0","0","0","0","0","0","0","0","0","0","0","0","0","0","0","0","0","0","0","0","1.18687813472351","0","0","0","0","0","0","0","0","0","0","0","0","0","0","0","0","0","0","0","0","1.71850443390308","0","0","0","0","0","0","0","0","0","0","0","0","0","0","0","0","0","0","0","0","0","0","0","0","0","0","0","0","0","0","0","0","0","0","0","0","0","0","0","0","0","0","0","1.75260656091223","0","0","0","0","0","0","0","0","0","0","0","0","0","0","0","0","0","0","0","0","0","0","0","0","0","0","0","0","0","0","0","0","0","0","0","0","0","0","0","0","0","0","0","0","0","0","0","0","0","0","0","0","1.48942652155302","0","0","0","0","0","0","0","0","0","0","0","0","0","0","0","0","0","0","0","0","0","0","0","0","0","0","0","0","0","0","0","0","0","0","0","0","0","0","0","0","0","2.65994560856917","0","0","0","0","0","0","0","0","0","0","0","0","0","0","2.28383865804159","0","0","0","2.03420699158475","0","1.36061388241938","2.49659364904079","1.80270666622178","0","0","0","0","0","1.82724278699378","0","0","0","1.93641037100956","0","0","0","0","0","0","0","0","0","0","0","0","0","0","0","0","0","0","0","0","0","0","0","1.22958171672429","0","0","0","0","0","0","1.27517779074415","0","0","0","0","0","0","0","0","0","0","0","0","0","0","0","0","0","0","0","0","0","0","0","0","0","0","0","0","0","0","0","0","0","0","0","0","0","0","0","0","0","0","0","0","0","0","0","0","0","0","0","0","0","0","0","0","0","0","0","0","0","0","1.44161475014131","0","0","0","0","0","0","0","0","1.82318195032964","0","0","0","0","0","0","0","0","0","0","0","1.99525215863198","0","0","0","0","0","0","0","0","0","0","0","0","0","0","0","0","0","2.21436628079753","0","0","0","1.76577919383763","0","0","0","0","0","1.13525236618709","0","0","0","0","0","0","0","0","0","0","0","0","0","0","0","0","0","0","0","0","0","0","0","0","0","0","0","0","0","0","0","0","0","0","0","0","0","0","0","0","0","0","0","0","0","0","0","0","0","0","0","0","0","0","0","0","0","0","0","0","0","0","1.69519629552062","0","0","0","0","0","0","0","0","0","0","0","0","0","0","0","0","0","0","0","0","0","0","0","1.05450533069334","0","0","0","0","0","0","0","0","0","0","0","0","0","0"
"GAS6__Lhx6-iNeuron","0","0","0","2.70876322735127","0","2.36299214967087","0","0","0","0","0","0","0","0","0","2.64848666374503","0","0","0","0","0","2.46594492559597","0","0","0","0","0","0","0","0","0","0","0","0","0","0","0","0","0","0","0","0","0","0","0","0","0","0","0","0","0","0","0","0","0","0","0","0","0","0","0","0","0","0","0","0","0","0","0","0","0","0","0","0","0","0","0","0","0","0","0","0","0","0","0","1.82911544079641","0","0","0","0","0","0","0","0","0","0","0","0","0","0","0","0","0","0","0","0","1.71850443390308","0","0","0","0","0","0","0","0","0","0","0","0","0","0","0","0","0","0","0","0","0","0","0","0","0","0","0","0","0","0","0","0","0","0","0","0","0","0","0","0","0","0","0","2.52088396098714","0","0","0","0","0","0","0","0","0","0","0","0","0","0","0","0","0","0","0","0","0","0","0","0","0","0","0","0","0","0","0","0","0","0","0","0","0","0","0","0","0","0","0","0","0","0","0","0","0","0","0","0","1.89206461488099","0","0","0","0","0","0","0","0","0","0","0","0","0","0","0","0","0","0","0","0","0","0","0","0","0","0","0","0","0","0","0","0","0","0","0","0","0","0","0","0","0","1.64525752508009","0","0","0","0","0","0","0","0","0","0","0","0","0","0","1.55329154856714","0","0","0","2.68211404641549","0","1.85329325213754","2.63783111743728","1.4738764749919","0","0","0","0","0","0","0","0","0","2.38991968088993","0","0","0","0","0","0","0","0","0","0","0","0","0","0","2.14174970538801","0","0","0","0","0","0","0","0","1.22958171672429","0","0","0","0","0","0","2.39529845884543","0","0","0","1.70689661018089","0","0","0","0","0","0","0","0","0","0","0","0","0","0","0","0","0","0","0","0","0","0","0","0","0","0","0","0","0","0","0","0","0","0","0","0","0","0","0","0","0","0","0","0","0","0","0","0","0","0","0","0","0","0","0","0","0","0","0","0","0","0","0","0","0","0","0","1.5380195928911","0","0","0","0","0","0","0","0","0","0","0","1.48135820623248","0","0","0","0","0","0","0","0","0","0","0","0","0","0","0","0","0","2.60812022170841","0","0","0","2.5363394896453","0","0","0","0","0","1.37597160154163","0","0","0","0","0","0","0","0","0","0","0","0","0","0","0","0","0","0","0","0","0","0","0","0","0","0","0","0","0","0","0","0","0","0","0","0","0","0","0","0","0","0","0","0","0","0","0","0","0","0","0","0","0","0","0","0","0","0","0","0","0","0","1.54520987926906","0","0","0","0","0","0","0","0","0","0","0","0","0","0","0","0","0","0","0","0","0","0","0","2.40817481067194","0","0","0","0","0","0","0","0","0","0","0","0","0","0"
"BAG6__Lhx6-iNeuron","0","0","0","0","0","2.62771245125479","0","0","0","0","0","0","0","0","0","2.64848666374503","0","0","0","0","0","1.49054689882905","0","0","0","0","0","0","0","0","0","0","0","0","0","0","0","0","0","0","0","0","0","0","0","0","0","0","0","0","0","0","0","0","0","0","0","0","0","0","0","0","0","0","0","0","0","0","0","0","0","0","0","0","0","0","0","0","0","0","0","0","0","0","0","2.27195963561328","0","0","0","0","0","0","0","2.81107108191656","0","0","0","0","0","0","0","0","0","0","0","0","1.71850443390308","0","0","0","0","0","0","0","0","0","0","0","0","0","0","0","0","0","0","0","0","0","0","0","0","0","0","0","0","0","0","0","0","0","0","0","0","0","0","0","0","0","0","0","2.18729343206657","0","0","0","0","0","0","0","0","0","0","0","0","0","0","0","0","0","0","0","0","0","0","0","0","0","0","0","0","0","0","0","0","0","0","0","0","0","0","0","0","0","0","0","0","0","0","0","0","0","0","0","0","1.89206461488099","0","0","0","0","0","0","0","0","0","0","0","0","0","0","0","0","0","0","0","0","0","0","0","0","0","0","0","0","0","0","0","0","0","0","0","0","0","0","0","0","0","2.39398552483696","0","0","0","0","0","0","0","0","0","0","0","0","0","0","2.54526397095188","0","0","0","2.28391260072176","0","2.04819729296622","1.96428624177814","1.04726159127859","0","0","0","0","0","1.82724278699378","0","0","0","2.38991968088993","0","0","0","0","0","0","0","0","0","0","0","0","0","0","1.89932083124966","0","0","0","0","0","0","0","0","2.12514679142593","0","0","0","0","0","0","1.27517779074415","0","0","0","1.09240306236952","0","0","0","0","0","0","0","0","0","0","0","0","0","0","0","0","0","0","0","0","0","0","0","0","0","0","0","0","0","0","0","0","0","0","0","0","0","0","0","0","0","0","0","0","0","0","0","0","0","0","0","0","0","0","0","0","0","0","1.44161475014131","0","0","0","0","0","0","0","0","1.82318195032964","0","0","0","0","0","0","0","0","0","0","0","1.13405209856101","0","0","0","0","0","0","0","0","0","0","0","0","0","0","0","0","0","1.96813550134475","0","0","0","1.28708552474463","0","0","0","0","0","0.484248087498022","0","0","0","0","0","0","0","0","0","0","0","0","0","0","0","0","0","0","0","0","0","0","0","0","0","0","0","0","0","0","0","0","0","0","0","0","0","0","0","0","0","0","0","0","0","0","0","0","0","0","0","0","0","0","0","0","0","0","0","0","0","0","2.06951040616242","0","0","0","0","0","0","0","0","0","0","0","0","0","0","0","0","0","0","0","0","0","0","0","1.6571880791741","0","0","0","0","0","0","0","0","0","0","0","0","0","0"
"GRN__Lhx6-iNeuron","0","0","0","2.70876322735127","0","0","0","0","0","0","0","0","0","0","0","1.86197366593781","0","0","0","0","0","1.49054689882905","0","0","0","0","0","0","0","0","0","0","0","0","0","0","0","0","0","0","0","0","0","0","0","0","0","0","0","0","0","0","0","0","0","0","0","0","0","0","0","0","0","0","0","0","0","0","0","0","0","0","0","0","0","0","0","0","0","0","0","0","0","0","0","0","0","0","0","0","0","0","0","0","0","0","0","0","0","0","0","0","0","0","0","0","0","0","0","0","0","0","0","0","0","0","0","0","0","0","0","0","0","0","0","0","0","0","0","0","0","0","0","0","0","0","0","0","0","0","0","0","0","0","0","0","0","0","0","0","0","0","0","0","0","0","0","0","0","0","0","0","0","0","0","0","0","0","0","0","0","0","0","0","0","0","0","0","0","0","0","0","0","0","0","0","0","0","0","0","0","0","0","0","0","0","0","0","0","0","0","0","0","0.92894763639278","0","0","0","0","0","0","0","0","0","0","0","0","0","0","0","0","0","0","0","0","0","0","0","0","0","0","0","0","0","0","0","0","0","0","0","0","0","0","0","0","0","1.64525752508009","0","0","0","0","0","0","0","0","0","0","0","0","0","0","2.28383865804159","0","0","0","1.3493582657277","0","1.62788336762538","2.34001368226513","0.774897916458265","0","0","0","0","0","0.71118262322304","0","0","0","2.38991968088993","0","0","0","0","0","0","0","0","0","0","0","0","0","0","1.24195468771497","0","0","0","0","0","0","0","0","1.59334653662393","0","0","0","0","0","0","0","0","0","0","1.70689661018089","0","0","0","0","0","0","0","0","0","0","0","0","0","0","0","0","0","0","0","0","0","0","0","0","0","0","0","0","0","0","0","0","0","0","0","0","0","0","0","0","0","0","0","0","0","0","0","0","0","0","0","0","0","0","0","0","0","0","1.44161475014131","0","0","0","0","0","0","0","0","0.708983533256754","0","0","0","0","0","0","0","0","0","0","0","1.99525215863198","0","0","0","0","0","0","0","0","0","0","0","0","0","0","0","0","0","1.29649304751109","0","0","0","1.28708552474463","0","0","0","0","0","0.846162895125244","0","0","0","0","0","0","0","0","0","0","0","0","0","0","0","0","0","0","0","0","0","0","0","0","0","0","0","0","0","0","0","0","0","0","0","0","0","0","0","0","0","0","0","0","0","0","0","0","0","0","0","0","0","0","0","0","0","0","0","0","0","0","0","0","0","0","0","0","0","0","0","0","0","0","0","0","0","0","0","0","0","0","0","0","0","0","0","0","0","0","0","0","0","0","0","0","0","0","0","0","0"
"NLGN2__Lhx6-iNeuron","0","0","0","1.91410707427263","0","1.61926320222826","0","0","0","0","0","0","0","0","0","0","0","0","0","0","0","0","0","0","0","0","0","0","0","0","0","0","0","0","0","0","0","0","0","0","0","0","0","0","0","0","0","0","0","0","0","0","0","0","0","0","0","0","0","0","0","0","0","0","0","0","0","0","0","0","0","0","0","0","0","0","0","0","0","0","0","0","0","0","0","1.18687813472351","0","0","0","0","0","0","0","0","0","0","0","0","0","0","0","0","0","0","0","0","1.71850443390308","0","0","0","0","0","0","0","0","0","0","0","0","0","0","0","0","0","0","0","0","0","0","0","0","0","0","0","0","0","0","0","0","0","0","0","0","0","0","0","0","0","0","0","1.75260656091223","0","0","0","0","0","0","0","0","0","0","0","0","0","0","0","0","0","0","0","0","0","0","0","0","0","0","0","0","0","0","0","0","0","0","0","0","0","0","0","0","0","0","0","0","0","0","0","0","0","0","0","0","1.89206461488099","0","0","0","0","0","0","0","0","0","0","0","0","0","0","0","0","0","0","0","0","0","0","0","0","0","0","0","0","0","0","0","0","0","0","0","0","0","0","0","0","0","2.06765775845171","0","0","0","0","0","0","0","0","0","0","0","0","0","0","2.28383865804159","0","0","0","0","0","1.62788336762538","1.1116178877661","1.2762810328006","0","0","0","0","0","1.54173128363151","0","0","0","0","0","0","0","0","0","0","0","0","0","0","0","0","0","0","1.60775951069898","0","0","0","0","0","0","0","0","1.22958171672429","0","0","0","0","0","0","1.94132151526106","0","0","0","1.70689661018089","0","0","0","0","0","0","0","0","0","0","0","0","0","0","0","0","0","0","0","0","0","0","0","0","0","0","0","0","0","0","0","0","0","0","0","0","0","0","0","0","0","0","0","0","0","0","0","0","0","0","0","0","0","0","0","0","0","0","2.14811876910266","0","0","0","0","0","0","0","0","2.06117480388002","0","0","0","0","0","0","0","0","0","0","0","1.99525215863198","0","0","0","0","0","0","0","0","0","0","0","0","0","0","0","0","0","1.67105147743487","0","0","0","1.54619607492346","0","0","0","0","0","1.76262081458085","0","0","0","0","0","0","0","0","0","0","0","0","0","0","0","0","0","0","0","0","0","0","0","0","0","0","0","0","0","0","0","0","0","0","0","0","0","0","0","0","0","0","0","0","0","0","0","0","0","0","0","0","0","0","0","0","0","0","0","0","0","0","1.37780176652454","0","0","0","0","0","0","0","0","0","0","0","0","0","0","0","0","0","0","0","0","0","0","0","1.6571880791741","0","0","0","0","0","0","0","0","0","0","0","0","0","0"
"RGMB__Lhx6-iNeuron","0","0","0","0","0","1.02580167717986","0","0","0","0","0","0","0","0","0","0","0","0","0","0","0","0","0","0","0","0","0","0","0","0","0","0","0","0","0","0","0","0","0","0","0","0","0","0","0","0","0","0","0","0","0","0","0","0","0","0","0","0","0","0","0","0","0","0","0","0","0","0","0","0","0","0","0","0","0","0","0","0","0","0","0","0","0","0","0","1.18687813472351","0","0","0","0","0","0","0","2.00325216302225","0","0","0","0","0","0","0","0","0","0","0","0","0","0","0","0","0","0","0","0","0","0","0","0","0","0","0","0","0","0","0","0","0","0","0","0","0","0","0","0","0","0","0","0","0","0","0","0","0","0","0","0","0","0","0","0","1.75260656091223","0","0","0","0","0","0","0","0","0","0","0","0","0","0","0","0","0","0","0","0","0","0","0","0","0","0","0","0","0","0","0","0","0","0","0","0","0","0","0","0","0","0","0","0","0","0","0","0","0","0","0","0","0.92894763639278","0","0","0","0","0","0","0","0","0","0","0","0","0","0","0","0","0","0","0","0","0","0","0","0","0","0","0","0","0","0","0","0","0","0","0","0","0","0","0","0","0","1.04545586198504","0","0","0","0","0","0","0","0","0","0","0","0","0","0","0.976312204725008","0","0","0","0","0","1.03230976643436","1.1116178877661","1.2762810328006","0","0","0","0","0","0.71118262322304","0","0","0","0","0","0","0","0","0","0","0","0","0","0","0","0","0","0","0.750686981955664","0","0","0","0","0","0","0","0","1.59334653662393","0","0","0","0","0","0","1.64636067380907","0","0","0","1.70689661018089","0","0","0","0","0","0","0","0","0","0","0","0","0","0","0","0","0","0","0","0","0","0","0","0","0","0","0","0","0","0","0","0","0","0","0","0","0","0","0","0","0","0","0","0","0","0","0","0","0","0","0","0","0","0","0","0","0","0","1.83768926864138","0","0","0","0","0","0","0","0","1.82318195032964","0","0","0","0","0","0","0","0","0","0","0","0.675699937543009","0","0","0","0","0","0","0","0","0","0","0","0","0","0","0","0","0","1.29649304751109","0","0","0","0.971023275354355","0","0","0","0","0","1.76262081458085","0","0","0","0","0","0","0","0","0","0","0","0","0","0","0","0","0","0","0","0","0","0","0","0","0","0","0","0","0","0","0","0","0","0","0","0","0","0","0","0","0","0","0","0","0","0","0","0","0","0","0","0","0","0","0","0","0","0","0","0","0","0","0.97028869470102","0","0","0","0","0","0","0","0","0","0","0","0","0","0","0","0","0","0","0","0","0","0","0","1.6571880791741","0","0","0","0","0","0","0","0","0","0","0","0","0","0"
"LGI2__Lhx6-iNeuron","0","0","0","1.91410707427263","0","1.02580167717986","0","0","0","0","0","0","0","0","0","0","0","0","0","0","0","0.929773863674965","0","0","0","0","0","0","0","0","0","0","0","0","0","0","0","0","0","0","0","0","0","0","0","0","0","0","0","0","0","0","0","0","0","0","0","0","0","0","0","0","0","0","0","0","0","0","0","0","0","0","0","0","0","0","0","0","0","0","0","0","0","0","0","1.82911544079641","0","0","0","0","0","0","0","0","0","0","0","0","0","0","0","0","0","0","0","0","1.10129734061361","0","0","0","0","0","0","0","0","0","0","0","0","0","0","0","0","0","0","0","0","0","0","0","0","0","0","0","0","0","0","0","0","0","0","0","0","0","0","0","0","0","0","0","0","0","0","0","0","0","0","0","0","0","0","0","0","0","0","0","0","0","0","0","0","0","0","0","0","0","0","0","0","0","0","0","0","0","0","0","0","0","0","0","0","0","0","0","0","0","0","0","0","0","0","0","0","0.92894763639278","0","0","0","0","0","0","0","0","0","0","0","0","0","0","0","0","0","0","0","0","0","0","0","0","0","0","0","0","0","0","0","0","0","0","0","0","0","0","0","0","0","0","0","0","0","0","0","0","0","0","0","0","0","0","0","0","0.976312204725008","0","0","0","1.3493582657277","0","0","0","1.94271187870308","0","0","0","0","0","0","0","0","0","1.2712825966827","0","0","0","0","0","0","0","0","0","0","0","0","0","0","1.89932083124966","0","0","0","0","0","0","0","0","1.59334653662393","0","0","0","0","0","0","0","0","0","0","0","0","0","0","0","0","0","0","0","0","0","0","0","0","0","0","0","0","0","0","0","0","0","0","0","0","0","0","0","0","0","0","0","0","0","0","0","0","0","0","0","0","0","0","0","0","0","0","0","0","0","0","0","0","0","0","0","0","0","0","0","0","0","0","0","0","0","0","1.18224988687424","0","0","0","0","0","0","0","0","0","0","0","1.48135820623248","0","0","0","0","0","0","0","0","0","0","0","0","0","0","0","0","0","2.60812022170841","0","0","0","2.41170744863763","0","0","0","0","0","3.22897085132945","0","0","0","0","0","0","0","0","0","0","0","0","0","0","0","0","0","0","0","0","0","0","0","0","0","0","0","0","0","0","0","0","0","0","0","0","0","0","0","0","0","0","0","0","0","0","0","0","0","0","0","0","0","0","0","0","0","0","0","0","0","0","1.54520987926906","0","0","0","0","0","0","0","0","0","0","0","0","0","0","0","0","0","0","0","0","0","0","0","0","0","0","0","0","0","0","0","0","0","0","0","0","0","0"
"LRRC4B__Lhx6-iNeuron","0","0","0","0","0","2.36299214967087","0","0","0","0","0","0","0","0","0","1.86197366593781","0","0","0","0","0","2.20786459148637","0","0","0","0","0","0","0","0","0","0","0","0","0","0","0","0","0","0","0","0","0","0","0","0","0","0","0","0","0","0","0","0","0","0","0","0","0","0","0","0","0","0","0","0","0","0","0","0","0","0","0","0","0","0","0","0","0","0","0","0","0","0","0","1.82911544079641","0","0","0","0","0","0","0","3.32582981170472","0","0","0","0","0","0","0","0","0","0","0","0","1.71850443390308","0","0","0","0","0","0","0","0","0","0","0","0","0","0","0","0","0","0","0","0","0","0","0","0","0","0","0","0","0","0","0","0","0","0","0","0","0","0","0","0","0","0","0","1.75260656091223","0","0","0","0","0","0","0","0","0","0","0","0","0","0","0","0","0","0","0","0","0","0","0","0","0","0","0","0","0","0","0","0","0","0","0","0","0","0","0","0","0","0","0","0","0","0","0","0","0","0","0","0","1.89206461488099","0","0","0","0","0","0","0","0","0","0","0","0","0","0","0","0","0","0","0","0","0","0","0","0","0","0","0","0","0","0","0","0","0","0","0","0","0","0","0","0","0","1.64525752508009","0","0","0","0","0","0","0","0","0","0","0","0","0","0","3.12754065551315","0","0","0","1.7320440060626","0","2.37328200537673","2.63783111743728","2.18756027931204","0","0","0","0","0","2.75153019627524","0","0","0","3.2452771457007","0","0","0","0","0","0","0","0","0","0","0","0","0","0","2.96826378515855","0","0","0","0","0","0","0","0","2.33198310705779","0","0","0","0","0","0","2.57797316925301","0","0","0","2.73583528087577","0","0","0","0","0","0","0","0","0","0","0","0","0","0","0","0","0","0","0","0","0","0","0","0","0","0","0","0","0","0","0","0","0","0","0","0","0","0","0","0","0","0","0","0","0","0","0","0","0","0","0","0","0","0","0","0","0","0","2.14811876910266","0","0","0","0","0","0","0","0","2.44428646582995","0","0","0","0","0","0","0","0","0","0","0","1.99525215863198","0","0","0","0","0","0","0","0","0","0","0","0","0","0","0","0","0","1.29649304751109","0","0","0","2.12459500677656","0","0","0","0","0","2.318625193805","0","0","0","0","0","0","0","0","0","0","0","0","0","0","0","0","0","0","0","0","0","0","0","0","0","0","0","0","0","0","0","0","0","0","0","0","0","0","0","0","0","0","0","0","0","0","0","0","0","0","0","0","0","0","0","0","0","0","0","0","0","0","1.69519629552062","0","0","0","0","0","0","0","0","0","0","0","0","0","0","0","0","0","0","0","0","0","0","0","1.05450533069334","0","0","0","0","0","0","0","0","0","0","0","0","0","0"
"SLITRK1__Lhx6-iNeuron","0","0","0","0","0","0","0","0","0","0","0","0","0","0","0","0","0","0","0","0","0","0.929773863674965","0","0","0","0","0","0","0","0","0","0","0","0","0","0","0","0","0","0","0","0","0","0","0","0","0","0","0","0","0","0","0","0","0","0","0","0","0","0","0","0","0","0","0","0","0","0","0","0","0","0","0","0","0","0","0","0","0","0","0","0","0","0","0","1.82911544079641","0","0","0","0","0","0","0","2.00325216302225","0","0","0","0","0","0","0","0","0","0","0","0","0","0","0","0","0","0","0","0","0","0","0","0","0","0","0","0","0","0","0","0","0","0","0","0","0","0","0","0","0","0","0","0","0","0","0","0","0","0","0","0","0","0","0","0","1.75260656091223","0","0","0","0","0","0","0","0","0","0","0","0","0","0","0","0","0","0","0","0","0","0","0","0","0","0","0","0","0","0","0","0","0","0","0","0","0","0","0","0","0","0","0","0","0","0","0","0","0","0","0","0","0.92894763639278","0","0","0","0","0","0","0","0","0","0","0","0","0","0","0","0","0","0","0","0","0","0","0","0","0","0","0","0","0","0","0","0","0","0","0","0","0","0","0","0","0","0","0","0","0","0","0","0","0","0","0","0","0","0","0","0","1.55329154856714","0","0","0","0","0","0","1.45486948213933","0","0","0","0","0","0","1.18541697305432","0","0","0","2.38991968088993","0","0","0","0","0","0","0","0","0","0","0","0","0","0","1.24195468771497","0","0","0","0","0","0","0","0","2.12514679142593","0","0","0","0","0","0","0.774117145520672","0","0","0","0","0","0","0","0","0","0","0","0","0","0","0","0","0","0","0","0","0","0","0","0","0","0","0","0","0","0","0","0","0","0","0","0","0","0","0","0","0","0","0","0","0","0","0","0","0","0","0","0","0","0","0","0","0","0","0","0","0","0","1.44161475014131","0","0","0","0","0","0","0","0","2.26541048888386","0","0","0","0","0","0","0","0","0","0","0","1.13405209856101","0","0","0","0","0","0","0","0","0","0","0","0","0","0","0","0","0","1.67105147743487","0","0","0","1.76577919383763","0","0","0","0","0","1.37597160154163","0","0","0","0","0","0","0","0","0","0","0","0","0","0","0","0","0","0","0","0","0","0","0","0","0","0","0","0","0","0","0","0","0","0","0","0","0","0","0","0","0","0","0","0","0","0","0","0","0","0","0","0","0","0","0","0","0","0","0","0","0","0","0.713245702314032","0","0","0","0","0","0","0","0","0","0","0","0","0","0","0","0","0","0","0","0","0","0","0","1.05450533069334","0","0","0","0","0","0","0","0","0","0","0","0","0","0"
"NXPH1__Lhx6-iNeuron","0","0","0","0","0","1.02580167717986","0","0","0","0","0","0","0","0","0","0","0","0","0","0","0","1.89333585238637","0","0","0","0","0","0","0","0","0","0","0","0","0","0","0","0","0","0","0","0","0","0","0","0","0","0","0","0","0","0","0","0","0","0","0","0","0","0","0","0","0","0","0","0","0","0","0","0","0","0","0","0","0","0","0","0","0","0","0","0","0","0","0","0","0","0","0","0","0","0","0","0","0","0","0","0","0","0","0","0","0","0","0","0","1.10129734061361","0","0","0","0","0","0","0","0","0","0","0","0","0","0","0","0","0","0","0","0","0","0","0","0","0","0","0","0","0","0","0","0","0","0","0","0","0","0","0","0","0","0","0","2.18729343206657","0","0","0","0","0","0","0","0","0","0","0","0","0","0","0","0","0","0","0","0","0","0","0","0","0","0","0","0","0","0","0","0","0","0","0","0","0","0","0","0","0","0","0","0","0","0","0","0","0","0","0","0","1.48942652155302","0","0","0","0","0","0","0","0","0","0","0","0","0","0","0","0","0","0","0","0","0","0","0","0","0","0","0","0","0","0","0","0","0","0","0","0","0","0","0","0","0","2.06765775845171","0","0","0","0","0","0","0","0","0","0","0","0","0","0","2.28383865804159","0","0","0","1.7320440060626","0","1.62788336762538","1.1116178877661","0.774897916458265","0","0","0","0","0","2.06547854330636","0","0","0","1.2712825966827","0","0","0","0","0","0","0","0","0","0","0","0","0","0","1.24195468771497","0","0","0","0","0","0","0","0","1.22958171672429","0","0","0","0","0","0","2.39529845884543","0","0","0","3.15801764979612","0","0","0","0","0","0","0","0","0","0","0","0","0","0","0","0","0","0","0","0","0","0","0","0","0","0","0","0","0","0","0","0","0","0","0","0","0","0","0","0","0","0","0","0","0","0","0","0","0","0","0","0","0","0","0","0","0","0","2.14811876910266","0","0","0","0","0","0","0","0","1.5380195928911","0","0","0","0","0","0","0","0","0","0","0","1.48135820623248","0","0","0","0","0","0","0","0","0","0","0","0","0","0","0","0","0","1.67105147743487","0","0","0","1.54619607492346","0","0","0","0","0","1.37597160154163","0","0","0","0","0","0","0","0","0","0","0","0","0","0","0","0","0","0","0","0","0","0","0","0","0","0","0","0","0","0","0","0","0","0","0","0","0","0","0","0","0","0","0","0","0","0","0","0","0","0","0","0","0","0","0","0","0","0","0","0","0","0","2.45323279561249","0","0","0","0","0","0","0","0","0","0","0","0","0","0","0","0","0","0","0","0","0","0","0","2.08100474513633","0","0","0","0","0","0","0","0","0","0","0","0","0","0"
"RPH3A__Lhx6-iNeuron","0","0","0","0","0","1.02580167717986","0","0","0","0","0","0","0","0","0","0","0","0","0","0","0","0","0","0","0","0","0","0","0","0","0","0","0","0","0","0","0","0","0","0","0","0","0","0","0","0","0","0","0","0","0","0","0","0","0","0","0","0","0","0","0","0","0","0","0","0","0","0","0","0","0","0","0","0","0","0","0","0","0","0","0","0","0","0","0","1.18687813472351","0","0","0","0","0","0","0","0","0","0","0","0","0","0","0","0","0","0","0","0","0","0","0","0","0","0","0","0","0","0","0","0","0","0","0","0","0","0","0","0","0","0","0","0","0","0","0","0","0","0","0","0","0","0","0","0","0","0","0","0","0","0","0","0","0","0","0","0","0","0","0","0","0","0","0","0","0","0","0","0","0","0","0","0","0","0","0","0","0","0","0","0","0","0","0","0","0","0","0","0","0","0","0","0","0","0","0","0","0","0","0","0","0","0","0","0","0","1.89206461488099","0","0","0","0","0","0","0","0","0","0","0","0","0","0","0","0","0","0","0","0","0","0","0","0","0","0","0","0","0","0","0","0","0","0","0","0","0","0","0","0","0","2.65994560856917","0","0","0","0","0","0","0","0","0","0","0","0","0","0","3.27900598519345","0","0","0","1.3493582657277","0","2.37328200537673","1.1116178877661","1.64764005031727","0","0","0","0","0","2.06547854330636","0","0","0","1.93641037100956","0","0","0","0","0","0","0","0","0","0","0","0","0","0","1.24195468771497","0","0","0","0","0","0","0","0","1.22958171672429","0","0","0","0","0","0","2.57797316925301","0","0","0","1.70689661018089","0","0","0","0","0","0","0","0","0","0","0","0","0","0","0","0","0","0","0","0","0","0","0","0","0","0","0","0","0","0","0","0","0","0","0","0","0","0","0","0","0","0","0","0","0","0","0","0","0","0","0","0","0","0","0","0","0","0","2.40343621300008","0","0","0","0","0","0","0","0","1.5380195928911","0","0","0","0","0","0","0","0","0","0","0","1.48135820623248","0","0","0","0","0","0","0","0","0","0","0","0","0","0","0","0","0","1.67105147743487","0","0","0","1.28708552474463","0","0","0","0","0","1.58221060853433","0","0","0","0","0","0","0","0","0","0","0","0","0","0","0","0","0","0","0","0","0","0","0","0","0","0","0","0","0","0","0","0","0","0","0","0","0","0","0","0","0","0","0","0","0","0","0","0","0","0","0","0","0","0","0","0","0","0","0","0","0","0","1.18838624977213","0","0","0","0","0","0","0","0","0","0","0","0","0","0","0","0","0","0","0","0","0","0","0","1.6571880791741","0","0","0","0","0","0","0","0","0","0","0","0","0","0"
"ADAM11__Adarb2-iNeuron","0","0","0","0","0","0","0","1.32117114360618","0","0","0","0","0","0","0","0","0","0","0","0","0","0","0","0","0","0","0","0","0","0","0","0","0","0","0","1.15217945125236","0","0","0","0","2.51900367409471","0","0","0","0","0","0","0","1.02163591394745","0","0","0","0","0","0","0","0","0","0","1.75944812987302","0","1.80885913973208","0","0","0","0","0","0","0","0","0","0","0","0","0","0","0","0","0","0","0","0","0","0","0","0","0","0","0","0","0","0","0","0","0","0","0","0","0","0","0","0","0","0","0","0","0","0","0","0","0","0","0","2.00542707238433","0","0","0","0","0","0","0","0","0","0","0","0","0","0","0","0","0","0","0","0","0","0","0","0","0","0","0","0","0","0","0","0","0","0","0","0","0","0","0","0","0","0","0","0","0","0","0","0","0","0","0","0","0","0","0","0","0","0","0","0","0","0","0","0","0","0","0","0","0","0","0","0","0","0","0","0","0","0","0","0","0","0","0","0","2.00924633351453","0","0","0","0","0","0","0","0","0","0","0","0","0","0","0","0","0","0","0","0","2.00906408242824","0","0","0","0","0","0","0","0","0","0","0","0","0","0","0","0","0","0","0","0","0","0","0","0","0","0","0","0","0","0","0","0","0","0","0","0","0","0","0","0","0","0","0","0","0","0","0","0","0","0","0","0","0","0","0","0","0","0","0","0","0","0","0","0","0","0","0","0","0","0","0","0","0","0","0","0","0","0","0","0","0","0","0","0","0","0","0","0","0","0","0","0","0","0","0","0","0","0","0","0","0","0","0","0","0","0","0","0","0","0.77925708625467","0","0","0","0","0","0","0","0","0","0","0","0","0","0","0","0","0","0","0","0","0","0","0","0","0","0","0","0","0.965569823342624","0","0","0","0","0","0","0","0","0","0","0","0","0","0","0","0","0","0","0","0","0","0","0","0","0","0","0","0","0","0","0","0","0","0","0","0","0","0","0","0","0","0","0","0","0","0","0","0","0","0","0","0","0","0","0","0","0","0","0","0","0","0","0","0","0","0","0","0","0","0","0","0","0","0","0","0","0","0","0","0","0","0","0","0","0","0","0","0","0","0","0","0","0","0","0","0","0","0","0","0","0","0","0","0","0","0","0","0","0","0","0","0","0","0","0","0","0","0","0","0","0","1.16914631475385","0","0","0","0","0","0","0","0","0","0","0","0","0","0","0","0","0","0","0","0","0","0","0","0","0","0","0","0","0","0","0","0","0","0","0","0","0","0","0","0","0","0"
"CNTN2__Adarb2-iNeuron","0","0","0","0","0","0","0","0.806814283100223","0","0","0","0","0","0","0","0","0","0","0","0","0","0","0","1.2308816011721","0","0","0","0","0","0","0","0","0","0","0","1.78449886336789","0","0","0","0","0","0","0","0","0","0","1.73497642320367","0","0","0","0","0","0","0","0","0","0","0","0","0.844167587675331","0","1.80885913973208","0","0","0","0","0","0","0","0","0","0","0","0","0","0","0","0","0","0","0","0","0","0","0","0","0","0","0","0","0","0","0","0","0","0","0","0","0","0","0","0","0","0","0","0","0","0","0","0","0","0","0","2.00542707238433","0","0","0","0","0","0","0","0","0","0","0","0","0","0","0","0","0","0","0","0","0","0","0","0","0","0","0","0","0","0","0","0","0","0","0","0","0","0","0","0","0","0","0","0","0","0","0","0","0","0","0","0","0","0","0","0","0","0","0","0","0","0","2.15840270748451","0","0","0","0","0","0","0","0","0","0","0","0","0","0","0","0","0","0","0","0","0","2.00924633351453","0","0","0","0","0","0","0","0","0","0","0","0","0","0","0","0","0","0","0","0","1.59302227051511","0","0","0","0","0","0","0","0","0","0","0","0","0","0","0","0","0","0","0","0","0","0","0","0","0","0","0","0","0","0","0","0","0","0","0","0","0","0","0","0","0","0","0","0","0","0","0","0","0","0","0","0","0","0","0","0","0","0","0","0","0","0","0","0","0","0","0","0","0","0","0","0","0","0","0","0","0","0","0","0","0","0","0","0","0","0","0","0","0","0","0","0","0","0","0","0","0","0","0","0","0","0","0","0","0","0","0","0","0","1.28243608800231","0","0","0","0","0","0","0","0","0","0","0","0","0","0","0","0","0","0","0","0","0","0","0","0","0","0","0","0","1.94804161987294","0","0","0","0","0","0","0","0","0","0","0","0","0","0","0","0","0","0","0","0","0","0","0","0","0","0","0","0","0","0","0","0","0","0","0","0","0","0","0","0","0","0","0","0","0","0","0","0","0","0","0","0","0","0","0","0","0","0","0","0","0","0","0","0","0","0","0","0","0","0","0","0","0","0","0","0","0","0","0","0","0","0","0","0","0","0","0","0","0","0","0","0","0","0","0","0","0","0","0","0","0","0","0","0","0","0","0","0","0","0","0","0","0","0","0","0","0","0","0","0","0","1.80635367623985","0","0","0","0","0","0","0","0","0","0","0","0","0","0","2.15453264662882","0","0","0","0","0","0","0","0","0","0","0","0","0","0","0","0","0","0","0","0","0","0","0","0","0","0","0"
"SEMA4D__Adarb2-iNeuron","0","0","0","0","0","0","0","0","0","0","0","0","0","0","0","0","0","0","0","0","0","0","0","2.33379900917236","0","0","0","0","0","0","0","0","0","0","0","0","0","0","0","0","0","0","0","0","0","0","1.73497642320367","0","1.61373887714134","0","0","0","0","0","0","0","0","0","0","1.37320677876261","0","0","0","0","0","0","0","0","0","0","0","0","0","0","0","0","0","0","0","0","0","0","0","0","0","0","0","0","0","0","0","0","0","0","0","0","0","0","0","0","0","0","0","0","0","0","0","0","0","2.22229796394021","0","0","0","1.32627138479361","0","0","0","0","0","0","0","0","0","0","0","0","0","0","0","0","0","0","0","0","0","0","0","0","0","0","0","0","0","0","0","0","0","0","0","0","0","0","0","0","0","0","0","0","0","0","0","0","0","0","0","0","0","0","0","0","0","0","0","0","0","0","0","0","0","0","0","0","0","0","0","0","0","0","0","0","0","0","0","0","0","0","0","0","1.00617080213534","0","0","0","0","0","0","0","0","0","0","0","0","0","0","0","0","0","0","0","0","1.59302227051511","0","0","0","0","0","0","0","0","0","0","0","0","0","0","0","0","0","0","0","0","0","0","0","0","0","0","0","0","0","0","0","0","0","0","0","0","0","0","0","0","0","0","0","0","0","0","0","0","0","0","0","0","0","0","0","0","0","0","0","0","0","0","0","0","0","0","0","0","0","0","0","0","0","0","0","0","0","0","0","0","0","0","0","0","0","0","0","0","0","0","0","0","0","0","0","0","0","0","0","0","0","0","0","0","0","0","0","0","0","1.65477490971969","0","0","0","0","0","0","0","0","0","0","0","0","0","0","0","0","0","0","0","0","0","0","0","0","0","0","0","0","1.53887054927373","0","0","0","0","0","0","0","0","0","0","0","0","0","0","0","0","0","0","0","0","0","0","0","0","0","0","0","0","0","0","0","0","0","0","0","0","0","0","0","0","0","0","0","0","0","0","0","0","0","0","0","0","0","0","0","0","0","0","0","0","0","0","0","0","0","0","0","0","0","0","0","0","0","0","0","0","0","0","0","0","0","0","0","0","0","0","0","0","0","0","0","0","0","0","0","0","0","0","0","0","0","0","0","0","0","0","0","0","0","0","0","0","0","0","0","0","0","0","0","0","0","1.4141614471959","0","0","0","0","0","0","0","0","0","0","0","0","0","0","1.72311988595426","0","0","0","0","0","0","0","0","0","0","0","0","0","0","0","0","0","0","0","0","0","0","0","0","0","0","0"
"SEMA6B__Adarb2-iNeuron","0","0","0","0","0","0","0","0.806814283100223","0","0","0","0","0","0","0","0","0","0","0","0","0","0","0","2.33379900917236","0","2.27171626531967","0","0","0","0","0","0","0","0","0","1.50270781806472","0","0","0","0","0","0","0","0","0","0","1.73497642320367","0","1.02163591394745","0","0","0","0","0","0","0","0","0","0","1.75944812987302","0","2.24958997862454","0","0","0","0","0","0","0","0","0","0","0","0","0","0","0","0","0","0","0","0","0","0","0","0","0","0","0","0","0","0","0","0","0","0","0","0","0","0","0","0","0","0","0","0","0","0","0","1.50242255253462","0","0","0","1.32627138479361","0","0","0","0","0","0","0","0","0","0","0","0","0","0","0","0","0","0","0","0","0","0","0","0","0","0","0","0","0","0","0","0","0","0","0","0","0","0","0","0","0","0","0","0","0","0","0","0","0","0","0","0","0","0","0","0","0","0","0","0","0","0","1.10751005612503","0","0","0","0","0","0","0","0","0","0","0","0","0","0","0","0","0","0","0","0","0","1.59318438542611","0","0","0","0","0","0","0","0","0","0","0","0","0","0","0","0","0","0","0","0","1.0060490446728","0","0","0","0","0","0","0","0","0","0","0","0","0","0","0","0","0","0","0","0","0","0","0","0","0","0","0","0","0","0","0","0","0","0","0","0","0","0","0","0","0","0","0","0","0","0","0","0","0","0","0","0","0","0","0","0","0","0","0","0","0","0","0","0","0","0","0","0","0","0","0","0","0","0","0","0","0","0","0","0","0","0","0","0","0","0","0","0","0","0","0","0","0","0","0","0","0","0","0","0","0","0","0","0","0","0","0","0","0","1.65477490971969","0","0","0","0","0","0","0","0","0","0","0","0","0","0","0","0","0","0","0","0","0","0","0","0","0","0","0","0","1.53887054927373","0","0","0","0","0","0","0","0","0","0","0","0","0","0","0","0","0","0","0","0","0","0","0","0","0","0","0","0","0","0","0","0","0","0","0","0","0","0","0","0","0","0","0","0","0","0","0","0","0","0","0","0","0","0","0","0","0","0","0","0","0","0","0","0","0","0","0","0","0","0","0","0","0","0","0","0","0","0","0","0","0","0","0","0","0","0","0","0","0","0","0","0","0","0","0","0","0","0","0","0","0","0","0","0","0","0","0","0","0","0","0","0","0","0","0","0","0","0","0","0","0","1.62354375825452","0","0","0","0","0","0","0","0","0","0","0","0","0","0","1.10483848693076","0","0","0","0","0","0","0","0","0","0","0","0","0","0","0","0","0","0","0","0","0","0","0","0","0","0","0"
"SHANK1__Adarb2-iNeuron","0","0","0","0","0","0","0","2.95309737991539","0","0","0","0","0","0","0","0","0","0","0","0","0","0","0","2.67545801440855","0","3.11402465546438","0","0","0","0","0","0","0","0","0","2.83035054815856","0","0","0","0","3.01752855043601","0","0","0","0","0","2.7701633183069","0","2.0323333983834","0","0","0","0","0","0","0","0","0","0","1.75944812987302","0","2.58671726893218","0","0","0","0","0","0","0","0","0","0","0","0","0","0","0","0","0","0","0","0","0","0","0","0","0","0","0","0","0","0","0","0","0","0","0","0","0","0","0","0","0","0","0","0","0","0","0","1.50242255253462","0","0","0","2.46535105040558","0","0","0","0","0","0","0","0","0","0","0","0","0","0","0","0","0","0","0","0","0","0","0","0","0","0","0","0","0","0","0","0","0","0","0","0","0","0","0","0","0","0","0","0","0","0","0","0","0","0","0","0","0","0","0","0","0","0","0","0","0","0","2.4902973902117","0","0","0","0","0","0","0","0","0","0","0","0","0","0","0","0","0","0","0","0","0","2.59523255610667","0","0","0","0","0","0","0","0","0","0","0","0","0","0","0","0","0","0","0","0","2.00906408242824","0","0","0","0","0","0","0","0","0","0","0","0","0","0","0","0","0","0","0","0","0","0","0","0","0","0","0","0","0","0","0","0","0","0","0","0","0","0","0","0","0","0","0","0","0","0","0","0","0","0","0","0","0","0","0","0","0","0","0","0","0","0","0","0","0","0","0","0","0","0","0","0","0","0","0","0","0","0","0","0","0","0","0","0","0","0","0","0","0","0","0","0","0","0","0","0","0","0","0","0","0","0","0","0","0","0","0","0","0","3.55381548221516","0","0","0","0","0","0","0","0","0","0","0","0","0","0","0","0","0","0","0","0","0","0","0","0","0","0","0","0","3.10813591645551","0","0","0","0","0","0","0","0","0","0","0","0","0","0","0","0","0","0","0","0","0","0","0","0","0","0","0","0","0","0","0","0","0","0","0","0","0","0","0","0","0","0","0","0","0","0","0","0","0","0","0","0","0","0","0","0","0","0","0","0","0","0","0","0","0","0","0","0","0","0","0","0","0","0","0","0","0","0","0","0","0","0","0","0","0","0","0","0","0","0","0","0","0","0","0","0","0","0","0","0","0","0","0","0","0","0","0","0","0","0","0","0","0","0","0","0","0","0","0","0","0","3.61342240038724","0","0","0","0","0","0","0","0","0","0","0","0","0","0","3.17875222617174","0","0","0","0","0","0","0","0","0","0","0","0","0","0","0","0","0","0","0","0","0","0","0","0","0","0","0"
"CADM3__Adarb2-iNeuron","0","0","0","0","0","0","0","1.69956627755804","0","0","0","0","0","0","0","0","0","0","0","0","0","0","0","1.88526488538252","0","0","0","0","0","0","0","0","0","0","0","3.16127666739734","0","0","0","0","2.51900367409471","0","0","0","0","0","1.73497642320367","0","2.6208441726539","0","0","0","0","0","0","0","0","0","0","1.75944812987302","0","2.24958997862454","0","0","0","0","0","0","0","0","0","0","0","0","0","0","0","0","0","0","0","0","0","0","0","0","0","0","0","0","0","0","0","0","0","0","0","0","0","0","0","0","0","0","0","0","0","0","0","1.50242255253462","0","0","0","2.8135556266211","0","0","0","0","0","0","0","0","0","0","0","0","0","0","0","0","0","0","0","0","0","0","0","0","0","0","0","0","0","0","0","0","0","0","0","0","0","0","0","0","0","0","0","0","0","0","0","0","0","0","0","0","0","0","0","0","0","0","0","0","0","0","1.10751005612503","0","0","0","0","0","0","0","0","0","0","0","0","0","0","0","0","0","0","0","0","0","1.59318438542611","0","0","0","0","0","0","0","0","0","0","0","0","0","0","0","0","0","0","0","0","2.00906408242824","0","0","0","0","0","0","0","0","0","0","0","0","0","0","0","0","0","0","0","0","0","0","0","0","0","0","0","0","0","0","0","0","0","0","0","0","0","0","0","0","0","0","0","0","0","0","0","0","0","0","0","0","0","0","0","0","0","0","0","0","0","0","0","0","0","0","0","0","0","0","0","0","0","0","0","0","0","0","0","0","0","0","0","0","0","0","0","0","0","0","0","0","0","0","0","0","0","0","0","0","0","0","0","0","0","0","0","0","0","2.40530656228589","0","0","0","0","0","0","0","0","0","0","0","0","0","0","0","0","0","0","0","0","0","0","0","0","0","0","0","0","2.2664383730694","0","0","0","0","0","0","0","0","0","0","0","0","0","0","0","0","0","0","0","0","0","0","0","0","0","0","0","0","0","0","0","0","0","0","0","0","0","0","0","0","0","0","0","0","0","0","0","0","0","0","0","0","0","0","0","0","0","0","0","0","0","0","0","0","0","0","0","0","0","0","0","0","0","0","0","0","0","0","0","0","0","0","0","0","0","0","0","0","0","0","0","0","0","0","0","0","0","0","0","0","0","0","0","0","0","0","0","0","0","0","0","0","0","0","0","0","0","0","0","0","0","2.36810332020922","0","0","0","0","0","0","0","0","0","0","0","0","0","0","1.10483848693076","0","0","0","0","0","0","0","0","0","0","0","0","0","0","0","0","0","0","0","0","0","0","0","0","0","0","0"
"YARS__Adarb2-iNeuron","0","0","0","0","0","0","0","0","0","0","0","0","0","0","0","0","0","0","0","0","0","0","0","1.88526488538252","0","2.27171626531967","0","0","0","0","0","0","0","0","0","1.50270781806472","0","0","0","0","0","0","0","0","0","0","2.16771464208968","0","1.02163591394745","0","0","0","0","0","0","0","0","0","0","2.3150279858828","0","1.17109508403391","0","0","0","0","0","0","0","0","0","0","0","0","0","0","0","0","0","0","0","0","0","0","0","0","0","0","0","0","0","0","0","0","0","0","0","0","0","0","0","0","0","0","0","0","0","0","0","0","0","0","0","0","0","0","0","0","0","0","0","0","0","0","0","0","0","0","0","0","0","0","0","0","0","0","0","0","0","0","0","0","0","0","0","0","0","0","0","0","0","0","0","0","0","0","0","0","0","0","0","0","0","0","0","0","0","0","0","0","0","0","0","0","0","0","0","0","0","0","0","0","0","0","0","0","0","0","0","0","0","0","0","0","0","0","0","0","2.00924633351453","0","0","0","0","0","0","0","0","0","0","0","0","0","0","0","0","0","0","0","0","2.00906408242824","0","0","0","0","0","0","0","0","0","0","0","0","0","0","0","0","0","0","0","0","0","0","0","0","0","0","0","0","0","0","0","0","0","0","0","0","0","0","0","0","0","0","0","0","0","0","0","0","0","0","0","0","0","0","0","0","0","0","0","0","0","0","0","0","0","0","0","0","0","0","0","0","0","0","0","0","0","0","0","0","0","0","0","0","0","0","0","0","0","0","0","0","0","0","0","0","0","0","0","0","0","0","0","0","0","0","0","0","0","1.65477490971969","0","0","0","0","0","0","0","0","0","0","0","0","0","0","0","0","0","0","0","0","0","0","0","0","0","0","0","0","1.53887054927373","0","0","0","0","0","0","0","0","0","0","0","0","0","0","0","0","0","0","0","0","0","0","0","0","0","0","0","0","0","0","0","0","0","0","0","0","0","0","0","0","0","0","0","0","0","0","0","0","0","0","0","0","0","0","0","0","0","0","0","0","0","0","0","0","0","0","0","0","0","0","0","0","0","0","0","0","0","0","0","0","0","0","0","0","0","0","0","0","0","0","0","0","0","0","0","0","0","0","0","0","0","0","0","0","0","0","0","0","0","0","0","0","0","0","0","0","0","0","0","0","0","1.16914631475385","0","0","0","0","0","0","0","0","0","0","0","0","0","0","1.72311988595426","0","0","0","0","0","0","0","0","0","0","0","0","0","0","0","0","0","0","0","0","0","0","0","0","0","0","0"
"GAS6__Adarb2-iNeuron","0","0","0","0","0","0","0","1.69956627755804","0","0","0","0","0","0","0","0","0","0","0","0","0","0","0","2.33379900917236","0","0","0","0","0","0","0","0","0","0","0","2.02014113801411","0","0","0","0","2.51900367409471","0","0","0","0","0","2.99751310746283","0","0","0","0","0","0","0","0","0","0","0","0","1.37320677876261","0","2.24958997862454","0","0","0","0","0","0","0","0","0","0","0","0","0","0","0","0","0","0","0","0","0","0","0","0","0","0","0","0","0","0","0","0","0","0","0","0","0","0","0","0","0","0","0","0","0","0","0","0","0","0","0","2.00542707238433","0","0","0","0","0","0","0","0","0","0","0","0","0","0","0","0","0","0","0","0","0","0","0","0","0","0","0","0","0","0","0","0","0","0","0","0","0","0","0","0","0","0","0","0","0","0","0","0","0","0","0","0","0","0","0","0","0","0","0","0","0","0","1.10751005612503","0","0","0","0","0","0","0","0","0","0","0","0","0","0","0","0","0","0","0","0","0","0","0","0","0","0","0","0","0","0","0","0","0","0","0","0","0","0","0","0","0","0","0","0","0","0","0","0","0","0","0","0","0","0","0","0","0","0","0","0","0","0","0","0","0","0","0","0","0","0","0","0","0","0","0","0","0","0","0","0","0","0","0","0","0","0","0","0","0","0","0","0","0","0","0","0","0","0","0","0","0","0","0","0","0","0","0","0","0","0","0","0","0","0","0","0","0","0","0","0","0","0","0","0","0","0","0","0","0","0","0","0","0","0","0","0","0","0","0","0","0","0","0","0","0","0","0","0","0","0","0","0","0","0","0","0","0","0","0","0","0","0","0","0","0","0","0","0","0","0","0","0","0","0","0","0","0","0","0","0","0","1.53887054927373","0","0","0","0","0","0","0","0","0","0","0","0","0","0","0","0","0","0","0","0","0","0","0","0","0","0","0","0","0","0","0","0","0","0","0","0","0","0","0","0","0","0","0","0","0","0","0","0","0","0","0","0","0","0","0","0","0","0","0","0","0","0","0","0","0","0","0","0","0","0","0","0","0","0","0","0","0","0","0","0","0","0","0","0","0","0","0","0","0","0","0","0","0","0","0","0","0","0","0","0","0","0","0","0","0","0","0","0","0","0","0","0","0","0","0","0","0","0","0","0","0","1.96858248351614","0","0","0","0","0","0","0","0","0","0","0","0","0","0","0","0","0","0","0","0","0","0","0","0","0","0","0","0","0","0","0","0","0","0","0","0","0","0","0","0","0","0"
"BAG6__Adarb2-iNeuron","0","0","0","0","0","0","0","2.64279634674232","0","0","0","0","0","0","0","0","0","0","0","0","0","0","0","1.2308816011721","0","0","0","0","0","0","0","0","0","0","0","2.40019049508076","0","0","0","0","0","0","0","0","0","0","2.50015985451596","0","2.0323333983834","0","0","0","0","0","0","0","0","0","0","2.06381854492625","0","2.24958997862454","0","0","0","0","0","0","0","0","0","0","0","0","0","0","0","0","0","0","0","0","0","0","0","0","0","0","0","0","0","0","0","0","0","0","0","0","0","0","0","0","0","0","0","0","0","0","0","1.50242255253462","0","0","0","0","0","0","0","0","0","0","0","0","0","0","0","0","0","0","0","0","0","0","0","0","0","0","0","0","0","0","0","0","0","0","0","0","0","0","0","0","0","0","0","0","0","0","0","0","0","0","0","0","0","0","0","0","0","0","0","0","0","0","0","0","0","0","2.15840270748451","0","0","0","0","0","0","0","0","0","0","0","0","0","0","0","0","0","0","0","0","0","1.59318438542611","0","0","0","0","0","0","0","0","0","0","0","0","0","0","0","0","0","0","0","0","1.0060490446728","0","0","0","0","0","0","0","0","0","0","0","0","0","0","0","0","0","0","0","0","0","0","0","0","0","0","0","0","0","0","0","0","0","0","0","0","0","0","0","0","0","0","0","0","0","0","0","0","0","0","0","0","0","0","0","0","0","0","0","0","0","0","0","0","0","0","0","0","0","0","0","0","0","0","0","0","0","0","0","0","0","0","0","0","0","0","0","0","0","0","0","0","0","0","0","0","0","0","0","0","0","0","0","0","0","0","0","0","0","1.9504637354358","0","0","0","0","0","0","0","0","0","0","0","0","0","0","0","0","0","0","0","0","0","0","0","0","0","0","0","0","0.965569823342624","0","0","0","0","0","0","0","0","0","0","0","0","0","0","0","0","0","0","0","0","0","0","0","0","0","0","0","0","0","0","0","0","0","0","0","0","0","0","0","0","0","0","0","0","0","0","0","0","0","0","0","0","0","0","0","0","0","0","0","0","0","0","0","0","0","0","0","0","0","0","0","0","0","0","0","0","0","0","0","0","0","0","0","0","0","0","0","0","0","0","0","0","0","0","0","0","0","0","0","0","0","0","0","0","0","0","0","0","0","0","0","0","0","0","0","0","0","0","0","0","0","1.4141614471959","0","0","0","0","0","0","0","0","0","0","0","0","0","0","2.15453264662882","0","0","0","0","0","0","0","0","0","0","0","0","0","0","0","0","0","0","0","0","0","0","0","0","0","0","0"
"GRN__Adarb2-iNeuron","0","0","0","0","0","0","0","0.806814283100223","0","0","0","0","0","0","0","0","0","0","0","0","0","0","0","1.88526488538252","0","0","0","0","0","0","0","0","0","0","0","2.02014113801411","0","0","0","0","1.75100543068502","0","0","0","0","0","0","0","1.61373887714134","0","0","0","0","0","0","0","0","0","0","1.75944812987302","0","1.17109508403391","0","0","0","0","0","0","0","0","0","0","0","0","0","0","0","0","0","0","0","0","0","0","0","0","0","0","0","0","0","0","0","0","0","0","0","0","0","0","0","0","0","0","0","0","0","0","0","2.22229796394021","0","0","0","2.46535105040558","0","0","0","0","0","0","0","0","0","0","0","0","0","0","0","0","0","0","0","0","0","0","0","0","0","0","0","0","0","0","0","0","0","0","0","0","0","0","0","0","0","0","0","0","0","0","0","0","0","0","0","0","0","0","0","0","0","0","0","0","0","0","1.72659967953542","0","0","0","0","0","0","0","0","0","0","0","0","0","0","0","0","0","0","0","0","0","1.59318438542611","0","0","0","0","0","0","0","0","0","0","0","0","0","0","0","0","0","0","0","0","1.0060490446728","0","0","0","0","0","0","0","0","0","0","0","0","0","0","0","0","0","0","0","0","0","0","0","0","0","0","0","0","0","0","0","0","0","0","0","0","0","0","0","0","0","0","0","0","0","0","0","0","0","0","0","0","0","0","0","0","0","0","0","0","0","0","0","0","0","0","0","0","0","0","0","0","0","0","0","0","0","0","0","0","0","0","0","0","0","0","0","0","0","0","0","0","0","0","0","0","0","0","0","0","0","0","0","0","0","0","0","0","0","1.28243608800231","0","0","0","0","0","0","0","0","0","0","0","0","0","0","0","0","0","0","0","0","0","0","0","0","0","0","0","0","0.965569823342624","0","0","0","0","0","0","0","0","0","0","0","0","0","0","0","0","0","0","0","0","0","0","0","0","0","0","0","0","0","0","0","0","0","0","0","0","0","0","0","0","0","0","0","0","0","0","0","0","0","0","0","0","0","0","0","0","0","0","0","0","0","0","0","0","0","0","0","0","0","0","0","0","0","0","0","0","0","0","0","0","0","0","0","0","0","0","0","0","0","0","0","0","0","0","0","0","0","0","0","0","0","0","0","0","0","0","0","0","0","0","0","0","0","0","0","0","0","0","0","0","0","1.16914631475385","0","0","0","0","0","0","0","0","0","0","0","0","0","0","0","0","0","0","0","0","0","0","0","0","0","0","0","0","0","0","0","0","0","0","0","0","0","0","0","0","0","0"
"NLGN2__Adarb2-iNeuron","0","0","0","0","0","0","0","0.806814283100223","0","0","0","0","0","0","0","0","0","0","0","0","0","0","0","1.88526488538252","0","0","0","0","0","0","0","0","0","0","0","1.78449886336789","0","0","0","0","0","0","0","0","0","0","2.16771464208968","0","1.61373887714134","0","0","0","0","0","0","0","0","0","0","1.75944812987302","0","1.17109508403391","0","0","0","0","0","0","0","0","0","0","0","0","0","0","0","0","0","0","0","0","0","0","0","0","0","0","0","0","0","0","0","0","0","0","0","0","0","0","0","0","0","0","0","0","0","0","0","2.22229796394021","0","0","0","0","0","0","0","0","0","0","0","0","0","0","0","0","0","0","0","0","0","0","0","0","0","0","0","0","0","0","0","0","0","0","0","0","0","0","0","0","0","0","0","0","0","0","0","0","0","0","0","0","0","0","0","0","0","0","0","0","0","0","0","0","0","0","1.72659967953542","0","0","0","0","0","0","0","0","0","0","0","0","0","0","0","0","0","0","0","0","0","2.59523255610667","0","0","0","0","0","0","0","0","0","0","0","0","0","0","0","0","0","0","0","0","1.59302227051511","0","0","0","0","0","0","0","0","0","0","0","0","0","0","0","0","0","0","0","0","0","0","0","0","0","0","0","0","0","0","0","0","0","0","0","0","0","0","0","0","0","0","0","0","0","0","0","0","0","0","0","0","0","0","0","0","0","0","0","0","0","0","0","0","0","0","0","0","0","0","0","0","0","0","0","0","0","0","0","0","0","0","0","0","0","0","0","0","0","0","0","0","0","0","0","0","0","0","0","0","0","0","0","0","0","0","0","0","0","1.28243608800231","0","0","0","0","0","0","0","0","0","0","0","0","0","0","0","0","0","0","0","0","0","0","0","0","0","0","0","0","1.53887054927373","0","0","0","0","0","0","0","0","0","0","0","0","0","0","0","0","0","0","0","0","0","0","0","0","0","0","0","0","0","0","0","0","0","0","0","0","0","0","0","0","0","0","0","0","0","0","0","0","0","0","0","0","0","0","0","0","0","0","0","0","0","0","0","0","0","0","0","0","0","0","0","0","0","0","0","0","0","0","0","0","0","0","0","0","0","0","0","0","0","0","0","0","0","0","0","0","0","0","0","0","0","0","0","0","0","0","0","0","0","0","0","0","0","0","0","0","0","0","0","0","0","1.96858248351614","0","0","0","0","0","0","0","0","0","0","0","0","0","0","1.10483848693076","0","0","0","0","0","0","0","0","0","0","0","0","0","0","0","0","0","0","0","0","0","0","0","0","0","0","0"
"RGMB__Adarb2-iNeuron","0","0","0","0","0","0","0","1.32117114360618","0","0","0","0","0","0","0","0","0","0","0","0","0","0","0","1.2308816011721","0","0","0","0","0","0","0","0","0","0","0","2.94929518880512","0","0","0","0","0","0","0","0","0","0","0","0","1.02163591394745","0","0","0","0","0","0","0","0","0","0","1.37320677876261","0","1.17109508403391","0","0","0","0","0","0","0","0","0","0","0","0","0","0","0","0","0","0","0","0","0","0","0","0","0","0","0","0","0","0","0","0","0","0","0","0","0","0","0","0","0","0","0","0","0","0","0","0","0","0","0","2.00542707238433","0","0","0","0","0","0","0","0","0","0","0","0","0","0","0","0","0","0","0","0","0","0","0","0","0","0","0","0","0","0","0","0","0","0","0","0","0","0","0","0","0","0","0","0","0","0","0","0","0","0","0","0","0","0","0","0","0","0","0","0","0","0","0","0","0","0","0","0","0","0","0","0","0","0","0","0","0","0","0","0","0","0","0","0","2.00924633351453","0","0","0","0","0","0","0","0","0","0","0","0","0","0","0","0","0","0","0","0","1.59302227051511","0","0","0","0","0","0","0","0","0","0","0","0","0","0","0","0","0","0","0","0","0","0","0","0","0","0","0","0","0","0","0","0","0","0","0","0","0","0","0","0","0","0","0","0","0","0","0","0","0","0","0","0","0","0","0","0","0","0","0","0","0","0","0","0","0","0","0","0","0","0","0","0","0","0","0","0","0","0","0","0","0","0","0","0","0","0","0","0","0","0","0","0","0","0","0","0","0","0","0","0","0","0","0","0","0","0","0","0","0","1.28243608800231","0","0","0","0","0","0","0","0","0","0","0","0","0","0","0","0","0","0","0","0","0","0","0","0","0","0","0","0","1.53887054927373","0","0","0","0","0","0","0","0","0","0","0","0","0","0","0","0","0","0","0","0","0","0","0","0","0","0","0","0","0","0","0","0","0","0","0","0","0","0","0","0","0","0","0","0","0","0","0","0","0","0","0","0","0","0","0","0","0","0","0","0","0","0","0","0","0","0","0","0","0","0","0","0","0","0","0","0","0","0","0","0","0","0","0","0","0","0","0","0","0","0","0","0","0","0","0","0","0","0","0","0","0","0","0","0","0","0","0","0","0","0","0","0","0","0","0","0","0","0","0","0","0","1.4141614471959","0","0","0","0","0","0","0","0","0","0","0","0","0","0","1.72311988595426","0","0","0","0","0","0","0","0","0","0","0","0","0","0","0","0","0","0","0","0","0","0","0","0","0","0","0"
"CXCL14__Adarb2-iNeuron","0","0","0","0","0","0","0","1.32117114360618","0","0","0","0","0","0","0","0","0","0","0","0","0","0","0","0","0","4.02820580154463","0","0","0","0","0","0","0","0","0","2.22264435446219","0","0","0","0","1.75100543068502","0","0","0","0","0","1.73497642320367","0","2.35639150445558","0","0","0","0","0","0","0","0","0","0","0","0","0","0","0","0","0","0","0","0","0","0","0","0","0","0","0","0","0","0","0","0","0","0","0","0","0","0","0","0","0","0","0","0","0","0","0","0","0","0","0","0","0","0","0","0","0","0","0","0","1.50242255253462","0","0","0","3.32843813620098","0","0","0","0","0","0","0","0","0","0","0","0","0","0","0","0","0","0","0","0","0","0","0","0","0","0","0","0","0","0","0","0","0","0","0","0","0","0","0","0","0","0","0","0","0","0","0","0","0","0","0","0","0","0","0","0","0","0","0","0","0","0","2.4902973902117","0","0","0","0","0","0","0","0","0","0","0","0","0","0","0","0","0","0","0","0","0","1.00617080213534","0","0","0","0","0","0","0","0","0","0","0","0","0","0","0","0","0","0","0","0","2.00906408242824","0","0","0","0","0","0","0","0","0","0","0","0","0","0","0","0","0","0","0","0","0","0","0","0","0","0","0","0","0","0","0","0","0","0","0","0","0","0","0","0","0","0","0","0","0","0","0","0","0","0","0","0","0","0","0","0","0","0","0","0","0","0","0","0","0","0","0","0","0","0","0","0","0","0","0","0","0","0","0","0","0","0","0","0","0","0","0","0","0","0","0","0","0","0","0","0","0","0","0","0","0","0","0","0","0","0","0","0","0","0","0","0","0","0","0","0","0","0","0","0","0","0","0","0","0","0","0","0","0","0","0","0","0","0","0","0","0","0","0.965569823342624","0","0","0","0","0","0","0","0","0","0","0","0","0","0","0","0","0","0","0","0","0","0","0","0","0","0","0","0","0","0","0","0","0","0","0","0","0","0","0","0","0","0","0","0","0","0","0","0","0","0","0","0","0","0","0","0","0","0","0","0","0","0","0","0","0","0","0","0","0","0","0","0","0","0","0","0","0","0","0","0","0","0","0","0","0","0","0","0","0","0","0","0","0","0","0","0","0","0","0","0","0","0","0","0","0","0","0","0","0","0","0","0","0","0","0","0","0","0","0","0","0","2.11439892390363","0","0","0","0","0","0","0","0","0","0","0","0","0","0","0","0","0","0","0","0","0","0","0","0","0","0","0","0","0","0","0","0","0","0","0","0","0","0","0","0","0","0"
"LRRC4B__Adarb2-iNeuron","0","0","0","0","0","0","0","1.99905374882659","0","0","0","0","0","0","0","0","0","0","0","0","0","0","0","2.33379900917236","0","0","0","0","0","0","0","0","0","0","0","2.55826164529672","0","0","0","0","1.75100543068502","0","0","0","0","0","1.73497642320367","0","2.6208441726539","0","0","0","0","0","0","0","0","0","0","1.37320677876261","0","1.17109508403391","0","0","0","0","0","0","0","0","0","0","0","0","0","0","0","0","0","0","0","0","0","0","0","0","0","0","0","0","0","0","0","0","0","0","0","0","0","0","0","0","0","0","0","0","0","0","0","3.05878789635418","0","0","0","0","0","0","0","0","0","0","0","0","0","0","0","0","0","0","0","0","0","0","0","0","0","0","0","0","0","0","0","0","0","0","0","0","0","0","0","0","0","0","0","0","0","0","0","0","0","0","0","0","0","0","0","0","0","0","0","0","0","0","0","0","0","0","2.15840270748451","0","0","0","0","0","0","0","0","0","0","0","0","0","0","0","0","0","0","0","0","0","1.59318438542611","0","0","0","0","0","0","0","0","0","0","0","0","0","0","0","0","0","0","0","0","2.00906408242824","0","0","0","0","0","0","0","0","0","0","0","0","0","0","0","0","0","0","0","0","0","0","0","0","0","0","0","0","0","0","0","0","0","0","0","0","0","0","0","0","0","0","0","0","0","0","0","0","0","0","0","0","0","0","0","0","0","0","0","0","0","0","0","0","0","0","0","0","0","0","0","0","0","0","0","0","0","0","0","0","0","0","0","0","0","0","0","0","0","0","0","0","0","0","0","0","0","0","0","0","0","0","0","0","0","0","0","0","0","2.89650858983851","0","0","0","0","0","0","0","0","0","0","0","0","0","0","0","0","0","0","0","0","0","0","0","0","0","0","0","0","2.2664383730694","0","0","0","0","0","0","0","0","0","0","0","0","0","0","0","0","0","0","0","0","0","0","0","0","0","0","0","0","0","0","0","0","0","0","0","0","0","0","0","0","0","0","0","0","0","0","0","0","0","0","0","0","0","0","0","0","0","0","0","0","0","0","0","0","0","0","0","0","0","0","0","0","0","0","0","0","0","0","0","0","0","0","0","0","0","0","0","0","0","0","0","0","0","0","0","0","0","0","0","0","0","0","0","0","0","0","0","0","0","0","0","0","0","0","0","0","0","0","0","0","0","1.96858248351614","0","0","0","0","0","0","0","0","0","0","0","0","0","0","1.72311988595426","0","0","0","0","0","0","0","0","0","0","0","0","0","0","0","0","0","0","0","0","0","0","0","0","0","0","0"
"RPH3A__Adarb2-iNeuron","0","0","0","0","0","0","0","1.69956627755804","0","0","0","0","0","0","0","0","0","0","0","0","0","0","0","1.88526488538252","0","2.27171626531967","0","0","0","0","0","0","0","0","0","2.70071102891592","0","0","0","0","2.51900367409471","0","0","0","0","0","2.16771464208968","0","1.61373887714134","0","0","0","0","0","0","0","0","0","0","1.37320677876261","0","1.80885913973208","0","0","0","0","0","0","0","0","0","0","0","0","0","0","0","0","0","0","0","0","0","0","0","0","0","0","0","0","0","0","0","0","0","0","0","0","0","0","0","0","0","0","0","0","0","0","0","1.50242255253462","0","0","0","0","0","0","0","0","0","0","0","0","0","0","0","0","0","0","0","0","0","0","0","0","0","0","0","0","0","0","0","0","0","0","0","0","0","0","0","0","0","0","0","0","0","0","0","0","0","0","0","0","0","0","0","0","0","0","0","0","0","0","0","0","0","0","2.98703092723053","0","0","0","0","0","0","0","0","0","0","0","0","0","0","0","0","0","0","0","0","0","2.00924633351453","0","0","0","0","0","0","0","0","0","0","0","0","0","0","0","0","0","0","0","0","2.81770923713188","0","0","0","0","0","0","0","0","0","0","0","0","0","0","0","0","0","0","0","0","0","0","0","0","0","0","0","0","0","0","0","0","0","0","0","0","0","0","0","0","0","0","0","0","0","0","0","0","0","0","0","0","0","0","0","0","0","0","0","0","0","0","0","0","0","0","0","0","0","0","0","0","0","0","0","0","0","0","0","0","0","0","0","0","0","0","0","0","0","0","0","0","0","0","0","0","0","0","0","0","0","0","0","0","0","0","0","0","0","2.75060113091725","0","0","0","0","0","0","0","0","0","0","0","0","0","0","0","0","0","0","0","0","0","0","0","0","0","0","0","0","3.39620701607844","0","0","0","0","0","0","0","0","0","0","0","0","0","0","0","0","0","0","0","0","0","0","0","0","0","0","0","0","0","0","0","0","0","0","0","0","0","0","0","0","0","0","0","0","0","0","0","0","0","0","0","0","0","0","0","0","0","0","0","0","0","0","0","0","0","0","0","0","0","0","0","0","0","0","0","0","0","0","0","0","0","0","0","0","0","0","0","0","0","0","0","0","0","0","0","0","0","0","0","0","0","0","0","0","0","0","0","0","0","0","0","0","0","0","0","0","0","0","0","0","0","2.58379431302228","0","0","0","0","0","0","0","0","0","0","0","0","0","0","0","0","0","0","0","0","0","0","0","0","0","0","0","0","0","0","0","0","0","0","0","0","0","0","0","0","0","0"
"CD200__Adarb2-iNeuron","0","0","0","0","0","0","0","1.32117114360618","0","0","0","0","0","0","0","0","0","0","0","0","0","0","0","1.88526488538252","0","2.27171626531967","0","0","0","0","0","0","0","0","0","1.15217945125236","0","0","0","0","1.75100543068502","0","0","0","0","0","1.11394732940061","0","0","0","0","0","0","0","0","0","0","0","0","2.3150279858828","0","1.17109508403391","0","0","0","0","0","0","0","0","0","0","0","0","0","0","0","0","0","0","0","0","0","0","0","0","0","0","0","0","0","0","0","0","0","0","0","0","0","0","0","0","0","0","0","0","0","0","0","0","0","0","0","2.00542707238433","0","0","0","0","0","0","0","0","0","0","0","0","0","0","0","0","0","0","0","0","0","0","0","0","0","0","0","0","0","0","0","0","0","0","0","0","0","0","0","0","0","0","0","0","0","0","0","0","0","0","0","0","0","0","0","0","0","0","0","0","0","0","2.15840270748451","0","0","0","0","0","0","0","0","0","0","0","0","0","0","0","0","0","0","0","0","0","2.00924633351453","0","0","0","0","0","0","0","0","0","0","0","0","0","0","0","0","0","0","0","0","2.00906408242824","0","0","0","0","0","0","0","0","0","0","0","0","0","0","0","0","0","0","0","0","0","0","0","0","0","0","0","0","0","0","0","0","0","0","0","0","0","0","0","0","0","0","0","0","0","0","0","0","0","0","0","0","0","0","0","0","0","0","0","0","0","0","0","0","0","0","0","0","0","0","0","0","0","0","0","0","0","0","0","0","0","0","0","0","0","0","0","0","0","0","0","0","0","0","0","0","0","0","0","0","0","0","0","0","0","0","0","0","0","1.28243608800231","0","0","0","0","0","0","0","0","0","0","0","0","0","0","0","0","0","0","0","0","0","0","0","0","0","0","0","0","1.53887054927373","0","0","0","0","0","0","0","0","0","0","0","0","0","0","0","0","0","0","0","0","0","0","0","0","0","0","0","0","0","0","0","0","0","0","0","0","0","0","0","0","0","0","0","0","0","0","0","0","0","0","0","0","0","0","0","0","0","0","0","0","0","0","0","0","0","0","0","0","0","0","0","0","0","0","0","0","0","0","0","0","0","0","0","0","0","0","0","0","0","0","0","0","0","0","0","0","0","0","0","0","0","0","0","0","0","0","0","0","0","0","0","0","0","0","0","0","0","0","0","0","0","0.873832041890533","0","0","0","0","0","0","0","0","0","0","0","0","0","0","1.10483848693076","0","0","0","0","0","0","0","0","0","0","0","0","0","0","0","0","0","0","0","0","0","0","0","0","0","0","0"
"ADAM15__Adarb2-iNeuron","0","0","0","0","0","0","0","2.45839931384655","0","0","0","0","0","0","0","0","0","0","0","0","0","0","0","1.2308816011721","0","0","0","0","0","0","0","0","0","0","0","1.15217945125236","0","0","0","0","2.51900367409471","0","0","0","0","0","1.11394732940061","0","1.61373887714134","0","0","0","0","0","0","0","0","0","0","1.75944812987302","0","1.17109508403391","0","0","0","0","0","0","0","0","0","0","0","0","0","0","0","0","0","0","0","0","0","0","0","0","0","0","0","0","0","0","0","0","0","0","0","0","0","0","0","0","0","0","0","0","0","0","0","1.50242255253462","0","0","0","1.32627138479361","0","0","0","0","0","0","0","0","0","0","0","0","0","0","0","0","0","0","0","0","0","0","0","0","0","0","0","0","0","0","0","0","0","0","0","0","0","0","0","0","0","0","0","0","0","0","0","0","0","0","0","0","0","0","0","0","0","0","0","0","0","0","1.10751005612503","0","0","0","0","0","0","0","0","0","0","0","0","0","0","0","0","0","0","0","0","0","1.59318438542611","0","0","0","0","0","0","0","0","0","0","0","0","0","0","0","0","0","0","0","0","0","0","0","0","0","0","0","0","0","0","0","0","0","0","0","0","0","0","0","0","0","0","0","0","0","0","0","0","0","0","0","0","0","0","0","0","0","0","0","0","0","0","0","0","0","0","0","0","0","0","0","0","0","0","0","0","0","0","0","0","0","0","0","0","0","0","0","0","0","0","0","0","0","0","0","0","0","0","0","0","0","0","0","0","0","0","0","0","0","0","0","0","0","0","0","0","0","0","0","0","0","0","0","0","0","0","0","0","0","0","1.65477490971969","0","0","0","0","0","0","0","0","0","0","0","0","0","0","0","0","0","0","0","0","0","0","0","0","0","0","0","0","0.965569823342624","0","0","0","0","0","0","0","0","0","0","0","0","0","0","0","0","0","0","0","0","0","0","0","0","0","0","0","0","0","0","0","0","0","0","0","0","0","0","0","0","0","0","0","0","0","0","0","0","0","0","0","0","0","0","0","0","0","0","0","0","0","0","0","0","0","0","0","0","0","0","0","0","0","0","0","0","0","0","0","0","0","0","0","0","0","0","0","0","0","0","0","0","0","0","0","0","0","0","0","0","0","0","0","0","0","0","0","0","0","0","0","0","0","0","0","0","0","0","0","0","0","1.16914631475385","0","0","0","0","0","0","0","0","0","0","0","0","0","0","1.72311988595426","0","0","0","0","0","0","0","0","0","0","0","0","0","0","0","0","0","0","0","0","0","0","0","0","0","0","0"
"IGFBP4__microglia","0","0","0","0","0","0","0","0","0","0","0","0","0","0","0","0","0","0","0","0","0","0","0","0","0","0","0","0","0","0","0","0","0","0","0","0","0","0","0","0","0","0","0","0","0","0","0","0","0","2.70370004730468","0","0","0","0","0","0","0","0","0","0","0","0","0","0","0","3.08190718993857","0","0","0","0","0","0","0","0","0","0","0","0","0","0","0","0","0","0","0","0","0","0","0","0","0","0","0","0","0","0","0","0","0","0","0","0","0","0","0","0","0","0","0","0","0","0","0","0","0","0","0","0","0","0","0","0","0","0","0","0","0","0","0","0","0","0","0","0","0","0","0","0","0","0","0","0","0","0","0","0","0","0","0","0","0","0","0","0","0","0","0","0","0","0","0","0","0","0","0","0","0","0","0","0","0","0","0","0","0","0","0","0","0","0","0","0","0","0","0","0","0","0","0","0","0","0","0","0","0","0","0","0","0","0","0","0","0","0","0","0","0","0","0","0","0","0","0","0","0","0","0","0","0","0","0","0","0","0","0","0","0","0","0","0","0","0","0","0","0","0","0","0","0","0","0","0","0","0","0","0","0","0","0","0","0","0","0","0","0","0","0","0","0","0","0","0","0","0","0","0","0","0","0","0","0","0","0","0","0","0","0","0","0","0","0","0","0","0","0","0","0","0","0","0","0","0","0","0","0","0","0","0","0","0","0","0","0","0","0","0","0","0","0","0","0","0","0","0","0","0","0","0","0","0","0","0","0","0","0","0","0","0","0","0","2.2500655084946","0","0","3.25781179959359","0","0","0","0","0","0","0","0","0","0","0","0","0","0","0","0","0","0","0","0","0","0","0","0","0","0","0","0","0","0","0","0","0","0","0","0","0","0","0","0","0","0","0","0","0","0","0","0","0","0","0","0","0","0","0","0","0","0","0","0","0","0","0","0","0","0","0","0","0","0","0","0","0","0","0","0","0","0","0","0","0","0","0","0","0","0","0","0","0","0","0","0","0","0","0","0","0","0","0","0","0","0","0","0","0","0","0","0","0","0","0","0","0","0","0","0","0","0","0","0","0","0","0","0","0","0","0","0","0","0","0","0","0","0","0","0","0","0","3.09304572470924","0","0","0","0","0","0","0","0","0","0","0","0","0","0","0","0","0","0","0","0","0","0","0","0","0","0","0","0","0","0","0","0","0","0","0","0","0","0","0","0","0","0","0","0","0","0","0","0","0","0"
"ITGAM__microglia","0","0","0","0","0","0","0","0","0","0","0","0","2.47849835043999","0","0","0","0","0","2.05010505643704","0","0","0","0","0","0","0","0","0","0","0","0","0","0","0","0","0","0","0","0","0","0","0","0","0","0","3.47372455335234","0","0","0","2.70370004730468","0","0","0","0","0","0","0","0","0","0","0","0","0","0","0","2.72257483936307","0","0","0","0","0","0","0","0","0","0","0","0","0","0","0","0","0","0","0","0","0","0","0","0","0","0","0","0","0","0","0","0","0","0","0","0","0","0","0","0","0","0","0","0","0","0","0","0","0","0","0","0","0","0","0","0","0","0","0","0","0","0","0","0","0","0","0","0","0","0","0","0","0","0","0","0","0","0","0","0","0","0","0","0","0","0","0","0","0","0","0","0","0","0","0","0","0","0","0","0","0","0","0","0","0","0","0","0","0","0","0","0","0","0","0","0","0","0","0","0","0","0","0","0","0","0","0","0","0","0","0","0","0","0","0","0","0","0","0","0","0","0","0","0","0","0","0","0","0","0","0","0","0","0","0","0","0","0","0","0","0","0","0","0","0","0","0","0","0","0","0","0","0","0","0","0","0","0","0","0","0","0","0","0","0","0","0","0","0","0","0","0","0","0","0","0","0","0","0","0","0","0","0","0","0","0","0","0","0","0","0","0","0","0","0","0","0","0","0","0","0","0","0","0","0","0","0","0","0","0","0","0","0","0","0","0","0","0","0","0","0","0","0","0","0","0","0","0","0","0","0","0","0","0","0","0","0","0","0","0","0","0","0","0","3.08985215695536","0","0","4.18035643401537","0","0","0","0","0","0","0","0","0","0","3.58122124079596","0","0","0","0","0","0","0","0","0","0","0","0","0","0","0","0","0","0","0","0","0","0","0","0","0","0","0","0","0","0","0","0","0","0","0","0","0","0","0","0","0","0","0","0","0","0","0","0","0","0","0","0","0","0","0","0","0","0","0","0","0","0","0","0","0","0","0","0","0","0","0","0","0","0","0","0","0","0","0","0","0","0","0","0","0","0","0","0","0","0","0","0","0","0","0","0","0","0","0","0","0","0","0","0","0","3.07480383893417","0","0","0","0","0","0","0","0","0","0","0","0","0","0","0","0","0","0","0","0","0","3.62052014210521","0","0","0","0","0","0","0","0","3.28864350317529","0","0","0","0","0","0","0","0","0","0","0","0","0","0","0","0","0","0","0","0","0","0","0","0","0","0","0","0","0","0","0","0","0","0","0","0","0","0","0","0","0"
"ITGB2__microglia","0","0","0","0","0","0","0","0","0","0","0","0","3.34288771352301","0","0","0","0","0","2.86447787650649","0","0","0","0","0","0","0","0","0","0","0","0","0","0","0","0","0","0","0","0","0","0","0","0","0","0","3.47372455335234","0","0","0","0","0","0","0","0","0","0","0","0","0","0","0","0","0","0","0","0","0","0","0","0","0","0","0","0","0","0","0","0","0","0","0","0","0","0","0","0","0","0","0","0","0","0","0","0","0","0","0","0","0","0","0","0","0","0","0","0","0","0","0","0","0","0","0","0","0","0","0","0","0","0","0","0","0","0","0","0","0","0","0","0","0","0","0","0","0","0","0","0","0","0","0","0","0","0","0","0","0","0","0","0","0","0","0","0","0","0","0","0","0","0","0","0","0","0","0","0","0","0","0","0","0","0","0","0","0","0","0","0","0","0","0","0","0","0","0","0","0","0","0","0","0","0","0","0","0","0","0","0","0","0","0","0","0","0","0","0","0","0","0","0","0","0","0","0","0","0","0","0","0","0","0","0","0","0","0","0","0","0","0","0","0","0","0","0","0","0","0","0","0","0","0","0","0","0","0","0","0","0","0","0","0","0","0","0","0","0","0","0","0","0","0","0","0","0","0","0","0","0","0","0","0","0","0","0","0","0","0","0","0","0","0","0","0","0","0","0","0","0","0","0","0","0","0","0","0","0","0","0","0","0","0","0","0","0","0","0","0","0","0","0","0","0","0","0","0","0","0","0","0","0","0","0","0","0","0","0","0","0","0","0","0","0","0","0","0","0","0","0","0","0","0","0","0","0","0","0","0","0","0","0","0","0","0","0","0","0","0","0","0","0","0","0","0","0","0","0","0","0","0","0","0","0","0","0","0","0","0","0","0","0","0","0","0","0","0","0","0","0","0","0","0","0","0","0","0","0","0","0","0","0","0","0","0","0","0","0","0","0","0","0","0","0","0","0","0","0","0","0","0","0","0","0","0","0","0","0","0","0","0","0","0","0","0","0","0","0","0","0","0","0","0","0","0","0","0","0","0","0","0","0","0","0","0","0","0","0","0","0","0","0","0","0","0","0","0","0","0","0","0","0","0","0","3.09304572470924","0","0","0","0","0","0","0","0","0","0","0","0","0","0","0","0","0","0","0","0","0","0","0","0","0","0","0","0","0","0","0","0","0","0","0","0","0","0","0","0","0","0","0","0","0","0","0","0","0","0"
"MFNG__microglia","0","0","0","0","0","0","0","0","0","0","0","0","0","0","0","0","0","0","0","0","0","0","0","0","0","0","0","0","0","0","0","0","0","0","0","0","0","0","0","0","0","0","0","0","0","3.47372455335234","0","0","0","0","0","0","0","0","0","0","0","0","0","0","0","0","0","0","0","2.24295767603621","0","0","0","0","0","0","0","0","0","0","0","0","0","0","0","0","0","0","0","0","0","0","0","0","0","0","0","0","0","0","0","0","0","0","0","0","0","0","0","0","0","0","0","0","0","0","0","0","0","0","0","0","0","0","0","0","0","0","0","0","0","0","0","0","0","0","0","0","0","0","0","0","0","0","0","0","0","0","0","0","0","0","0","0","0","0","0","0","0","0","0","0","0","0","0","0","0","0","0","0","0","0","0","0","0","0","0","0","0","0","0","0","0","0","0","0","0","0","0","0","0","0","0","0","0","0","0","0","0","0","0","0","0","0","0","0","0","0","0","0","0","0","0","0","0","0","0","0","0","0","0","0","0","0","0","0","0","0","0","0","0","0","0","0","0","0","0","0","0","0","0","0","0","0","0","0","0","0","0","0","0","0","0","0","0","0","0","0","0","0","0","0","0","0","0","0","0","0","0","0","0","0","0","0","0","0","0","0","0","0","0","0","0","0","0","0","0","0","0","0","0","0","0","0","0","0","0","0","0","0","0","0","0","0","0","0","0","0","0","0","0","0","0","0","0","0","0","0","0","0","0","0","0","0","0","0","0","0","0","0","0","0","0","0","2.2500655084946","0","0","0","0","0","0","0","0","0","0","0","0","0","0","0","0","0","0","0","0","0","0","0","0","0","0","0","0","0","0","0","0","0","0","0","0","0","0","0","0","0","0","0","0","0","0","0","0","0","0","0","0","0","0","0","0","0","0","0","0","0","0","0","0","0","0","0","0","0","0","0","0","0","0","0","0","0","0","0","0","0","0","0","0","0","0","0","0","0","0","0","0","0","0","0","0","0","0","0","0","0","0","0","0","0","0","0","0","0","0","0","0","0","0","0","0","0","0","0","3.07480383893417","0","0","0","0","0","0","0","0","0","0","0","0","0","0","0","0","0","0","0","0","0","0","0","0","0","0","0","0","0","0","0","0","0","0","0","0","0","0","0","0","0","0","0","0","0","0","0","0","0","0","0","0","0","0","0","0","0","0","0","0","0","0","0","0","0","0","0","0","0","0","0","0"
"PDGFB__microglia","0","0","0","0","0","0","0","0","0","0","0","0","0","0","0","0","0","0","0","0","0","0","0","0","0","0","0","0","0","0","0","0","0","0","0","0","0","0","0","0","0","0","0","0","0","3.47372455335234","0","0","0","0","0","0","0","0","0","0","0","0","0","0","0","0","0","0","0","0","0","0","0","0","0","0","0","0","0","0","0","0","0","0","0","0","0","0","0","0","0","0","0","0","0","0","0","0","0","0","0","0","0","0","0","0","0","0","0","0","0","0","0","0","0","0","0","0","0","0","0","0","0","0","0","0","0","0","0","0","0","0","0","0","0","0","0","0","0","0","0","0","0","0","0","0","0","0","0","0","0","0","0","0","0","0","0","0","0","0","0","0","0","0","0","0","0","0","0","0","0","0","0","0","0","0","0","0","0","0","0","0","0","0","0","0","0","0","0","0","0","0","0","0","0","0","0","0","0","0","0","0","0","0","0","0","0","0","0","0","0","0","0","0","0","0","0","0","0","0","0","0","0","0","0","0","0","0","0","0","0","0","0","0","0","0","0","0","0","0","0","0","0","0","0","0","0","0","0","0","0","0","0","0","0","0","0","0","0","0","0","0","0","0","0","0","0","0","0","0","0","0","0","0","0","0","0","0","0","0","0","0","0","0","0","0","0","0","0","0","0","0","0","0","0","0","0","0","0","0","0","0","0","0","0","0","0","0","0","0","0","0","0","0","0","0","0","0","0","0","0","0","0","0","0","0","0","0","0","0","0","0","0","0","3.08985215695536","0","0","0","0","0","0","0","0","0","0","0","0","0","0","0","0","0","0","0","0","0","0","0","0","0","0","0","0","0","0","0","0","0","0","0","0","0","0","0","0","0","0","0","0","0","0","0","0","0","0","0","0","0","0","0","0","0","0","0","0","0","0","0","0","0","0","0","0","0","0","0","0","0","0","0","0","0","0","0","0","0","0","0","0","0","0","0","0","0","0","0","0","0","0","0","0","0","0","0","0","0","0","0","0","0","0","0","0","0","0","0","0","0","0","0","0","0","0","0","0","0","0","0","0","0","0","0","0","0","0","0","0","0","0","0","0","0","0","0","0","0","3.09304572470924","0","0","0","0","0","0","0","0","3.28864350317529","0","0","0","0","0","0","0","0","0","0","0","0","0","0","0","0","0","0","0","0","0","0","0","0","0","0","0","0","0","0","0","0","0","0","0","0","0","0","0","0","0"
"SHANK1__microglia","0","0","0","0","0","0","0","0","0","0","0","0","0","0","0","0","0","0","3.76186447214435","0","0","0","0","0","0","0","0","0","0","0","0","0","0","0","0","0","0","0","0","0","0","0","0","0","0","3.47372455335234","0","0","0","3.58849419169141","0","0","0","0","0","0","0","0","0","0","0","0","0","0","0","3.08190718993857","0","0","0","0","0","0","0","0","0","0","0","0","0","0","0","0","0","0","0","0","0","0","0","0","0","0","0","0","0","0","0","0","0","0","0","0","0","0","0","0","0","0","0","0","0","0","0","0","0","0","0","0","0","0","0","0","0","0","0","0","0","0","0","0","0","0","0","0","0","0","0","0","0","0","0","0","0","0","0","0","0","0","0","0","0","0","0","0","0","0","0","0","0","0","0","0","0","0","0","0","0","0","0","0","0","0","0","0","0","0","0","0","0","0","0","0","0","0","0","0","0","0","0","0","0","0","0","0","0","0","0","0","0","0","0","0","0","0","0","0","0","0","0","0","0","0","0","0","0","0","0","0","0","0","0","0","0","0","0","0","0","0","0","0","0","0","0","0","0","0","0","0","0","0","0","0","0","0","0","0","0","0","0","0","0","0","0","0","0","0","0","0","0","0","0","0","0","0","0","0","0","0","0","0","0","0","0","0","0","0","0","0","0","0","0","0","0","0","0","0","0","0","0","0","0","0","0","0","0","0","0","0","0","0","0","0","0","0","0","0","0","0","0","0","0","0","0","0","0","0","0","0","0","0","0","0","0","0","0","0","0","0","0","0","4.30635136931962","0","0","5.14001138498605","0","0","0","0","0","0","0","0","0","0","5.93849911338682","0","0","0","0","0","0","0","0","0","0","0","0","0","0","0","0","0","0","0","0","0","0","0","0","0","0","0","0","0","0","0","0","0","0","0","0","0","0","0","0","0","0","0","0","0","0","0","0","0","0","0","0","0","0","0","0","0","0","0","0","0","0","0","0","0","0","0","0","0","0","0","0","0","0","0","0","0","0","0","0","0","0","0","0","0","0","0","0","0","0","0","0","0","0","0","0","0","0","0","0","0","0","0","0","0","4.94030632786083","0","0","0","0","0","0","0","0","0","0","0","0","0","0","0","0","0","0","0","0","0","5.52975037493738","0","0","0","0","0","0","0","0","3.28864350317529","0","0","0","0","0","0","0","0","0","0","0","0","0","0","0","0","0","0","0","0","0","0","0","0","0","0","0","0","0","0","0","0","0","0","0","0","0","0","0","0","0"
"OMG__microglia","0","0","0","0","0","0","0","0","0","0","0","0","0","0","0","0","0","0","3.38184867768475","0","0","0","0","0","0","0","0","0","0","0","0","0","0","0","0","0","0","0","0","0","0","0","0","0","0","0","0","0","0","3.58849419169141","0","0","0","0","0","0","0","0","0","0","0","0","0","0","0","1.51945766892912","0","0","0","0","0","0","0","0","0","0","0","0","0","0","0","0","0","0","0","0","0","0","0","0","0","0","0","0","0","0","0","0","0","0","0","0","0","0","0","0","0","0","0","0","0","0","0","0","0","0","0","0","0","0","0","0","0","0","0","0","0","0","0","0","0","0","0","0","0","0","0","0","0","0","0","0","0","0","0","0","0","0","0","0","0","0","0","0","0","0","0","0","0","0","0","0","0","0","0","0","0","0","0","0","0","0","0","0","0","0","0","0","0","0","0","0","0","0","0","0","0","0","0","0","0","0","0","0","0","0","0","0","0","0","0","0","0","0","0","0","0","0","0","0","0","0","0","0","0","0","0","0","0","0","0","0","0","0","0","0","0","0","0","0","0","0","0","0","0","0","0","0","0","0","0","0","0","0","0","0","0","0","0","0","0","0","0","0","0","0","0","0","0","0","0","0","0","0","0","0","0","0","0","0","0","0","0","0","0","0","0","0","0","0","0","0","0","0","0","0","0","0","0","0","0","0","0","0","0","0","0","0","0","0","0","0","0","0","0","0","0","0","0","0","0","0","0","0","0","0","0","0","0","0","0","0","0","0","0","0","0","0","0","0","3.08985215695536","0","0","0","0","0","0","0","0","0","0","0","0","0","0","0","0","0","0","0","0","0","0","0","0","0","0","0","0","0","0","0","0","0","0","0","0","0","0","0","0","0","0","0","0","0","0","0","0","0","0","0","0","0","0","0","0","0","0","0","0","0","0","0","0","0","0","0","0","0","0","0","0","0","0","0","0","0","0","0","0","0","0","0","0","0","0","0","0","0","0","0","0","0","0","0","0","0","0","0","0","0","0","0","0","0","0","0","0","0","0","0","0","0","0","0","0","0","0","0","3.07480383893417","0","0","0","0","0","0","0","0","0","0","0","0","0","0","0","0","0","0","0","0","0","3.09304572470924","0","0","0","0","0","0","0","0","0","0","0","0","0","0","0","0","0","0","0","0","0","0","0","0","0","0","0","0","0","0","0","0","0","0","0","0","0","0","0","0","0","0","0","0","0","0","0","0","0","0"
"GLG1__microglia","0","0","0","0","0","0","0","0","0","0","0","0","0","0","0","0","0","0","0","0","0","0","0","0","0","0","0","0","0","0","0","0","0","0","0","0","0","0","0","0","0","0","0","0","0","4.01473731524147","0","0","0","3.58849419169141","0","0","0","0","0","0","0","0","0","0","0","0","0","0","0","2.24295767603621","0","0","0","0","0","0","0","0","0","0","0","0","0","0","0","0","0","0","0","0","0","0","0","0","0","0","0","0","0","0","0","0","0","0","0","0","0","0","0","0","0","0","0","0","0","0","0","0","0","0","0","0","0","0","0","0","0","0","0","0","0","0","0","0","0","0","0","0","0","0","0","0","0","0","0","0","0","0","0","0","0","0","0","0","0","0","0","0","0","0","0","0","0","0","0","0","0","0","0","0","0","0","0","0","0","0","0","0","0","0","0","0","0","0","0","0","0","0","0","0","0","0","0","0","0","0","0","0","0","0","0","0","0","0","0","0","0","0","0","0","0","0","0","0","0","0","0","0","0","0","0","0","0","0","0","0","0","0","0","0","0","0","0","0","0","0","0","0","0","0","0","0","0","0","0","0","0","0","0","0","0","0","0","0","0","0","0","0","0","0","0","0","0","0","0","0","0","0","0","0","0","0","0","0","0","0","0","0","0","0","0","0","0","0","0","0","0","0","0","0","0","0","0","0","0","0","0","0","0","0","0","0","0","0","0","0","0","0","0","0","0","0","0","0","0","0","0","0","0","0","0","0","0","0","0","0","0","0","0","0","0","0","0","0","0","0","0","0","0","0","0","0","0","0","0","0","0","0","0","0","0","0","0","0","0","0","0","0","0","0","0","0","0","0","0","0","0","0","0","0","0","0","0","0","0","0","0","0","0","0","0","0","0","0","0","0","0","0","0","0","0","0","0","0","0","0","0","0","0","0","0","0","0","0","0","0","0","0","0","0","0","0","0","0","0","0","0","0","0","0","0","0","0","0","0","0","0","0","0","0","0","0","0","0","0","0","0","0","0","0","0","0","0","0","0","0","0","0","0","0","0","0","0","0","0","0","0","0","0","0","0","0","0","0","0","0","0","0","0","0","0","0","0","0","0","0","0","0","0","0","0","0","0","0","0","3.28864350317529","0","0","0","0","0","0","0","0","0","0","0","0","0","0","0","0","0","0","0","0","0","0","0","0","0","0","0","0","0","0","0","0","0","0","0","0","0","0","0","0","0"
"DAG1__microglia","0","0","0","0","0","0","0","0","0","0","0","0","0","0","0","0","0","0","3.38184867768475","0","0","0","0","0","0","0","0","0","0","0","0","0","0","0","0","0","0","0","0","0","0","0","0","0","0","0","0","0","0","0","0","0","0","0","0","0","0","0","0","0","0","0","0","0","0","2.24295767603621","0","0","0","0","0","0","0","0","0","0","0","0","0","0","0","0","0","0","0","0","0","0","0","0","0","0","0","0","0","0","0","0","0","0","0","0","0","0","0","0","0","0","0","0","0","0","0","0","0","0","0","0","0","0","0","0","0","0","0","0","0","0","0","0","0","0","0","0","0","0","0","0","0","0","0","0","0","0","0","0","0","0","0","0","0","0","0","0","0","0","0","0","0","0","0","0","0","0","0","0","0","0","0","0","0","0","0","0","0","0","0","0","0","0","0","0","0","0","0","0","0","0","0","0","0","0","0","0","0","0","0","0","0","0","0","0","0","0","0","0","0","0","0","0","0","0","0","0","0","0","0","0","0","0","0","0","0","0","0","0","0","0","0","0","0","0","0","0","0","0","0","0","0","0","0","0","0","0","0","0","0","0","0","0","0","0","0","0","0","0","0","0","0","0","0","0","0","0","0","0","0","0","0","0","0","0","0","0","0","0","0","0","0","0","0","0","0","0","0","0","0","0","0","0","0","0","0","0","0","0","0","0","0","0","0","0","0","0","0","0","0","0","0","0","0","0","0","0","0","0","0","0","0","0","0","0","0","0","0","0","0","0","0","0","0","0","0","2.40126326059046","0","0","0","0","0","0","0","0","0","0","0","0","0","0","0","0","0","0","0","0","0","0","0","0","0","0","0","0","0","0","0","0","0","0","0","0","0","0","0","0","0","0","0","0","0","0","0","0","0","0","0","0","0","0","0","0","0","0","0","0","0","0","0","0","0","0","0","0","0","0","0","0","0","0","0","0","0","0","0","0","0","0","0","0","0","0","0","0","0","0","0","0","0","0","0","0","0","0","0","0","0","0","0","0","0","0","0","0","0","0","0","0","0","0","0","0","0","0","0","0","0","0","0","0","0","0","0","0","0","0","0","0","0","0","0","0","0","0","3.09304572470924","0","0","0","0","0","0","0","0","0","0","0","0","0","0","0","0","0","0","0","0","0","0","0","0","0","0","0","0","0","0","0","0","0","0","0","0","0","0","0","0","0","0","0","0","0","0","0","0","0","0"
"YARS__microglia","0","0","0","0","0","0","0","0","0","0","0","0","3.34288771352301","0","0","0","0","0","0","0","0","0","0","0","0","0","0","0","0","0","0","0","0","0","0","0","0","0","0","0","0","0","0","0","0","0","0","0","0","3.58849419169141","0","0","0","0","0","0","0","0","0","0","0","0","0","0","0","1.51945766892912","0","0","0","0","0","0","0","0","0","0","0","0","0","0","0","0","0","0","0","0","0","0","0","0","0","0","0","0","0","0","0","0","0","0","0","0","0","0","0","0","0","0","0","0","0","0","0","0","0","0","0","0","0","0","0","0","0","0","0","0","0","0","0","0","0","0","0","0","0","0","0","0","0","0","0","0","0","0","0","0","0","0","0","0","0","0","0","0","0","0","0","0","0","0","0","0","0","0","0","0","0","0","0","0","0","0","0","0","0","0","0","0","0","0","0","0","0","0","0","0","0","0","0","0","0","0","0","0","0","0","0","0","0","0","0","0","0","0","0","0","0","0","0","0","0","0","0","0","0","0","0","0","0","0","0","0","0","0","0","0","0","0","0","0","0","0","0","0","0","0","0","0","0","0","0","0","0","0","0","0","0","0","0","0","0","0","0","0","0","0","0","0","0","0","0","0","0","0","0","0","0","0","0","0","0","0","0","0","0","0","0","0","0","0","0","0","0","0","0","0","0","0","0","0","0","0","0","0","0","0","0","0","0","0","0","0","0","0","0","0","0","0","0","0","0","0","0","0","0","0","0","0","0","0","0","0","0","0","0","0","0","0","0","0","3.08985215695536","0","0","0","0","0","0","0","0","0","0","0","0","0","0","0","0","0","0","0","0","0","0","0","0","0","0","0","0","0","0","0","0","0","0","0","0","0","0","0","0","0","0","0","0","0","0","0","0","0","0","0","0","0","0","0","0","0","0","0","0","0","0","0","0","0","0","0","0","0","0","0","0","0","0","0","0","0","0","0","0","0","0","0","0","0","0","0","0","0","0","0","0","0","0","0","0","0","0","0","0","0","0","0","0","0","0","0","0","0","0","0","0","0","0","0","0","0","0","0","0","0","0","0","0","0","0","0","0","0","0","0","0","0","0","0","0","0","0","0","0","0","0","0","0","0","0","0","0","0","0","0","0","0","0","0","0","0","0","0","0","0","0","0","0","0","0","0","0","0","0","0","0","0","0","0","0","0","0","0","0","0","0","0","0","0","0","0","0","0","0","0","0"
"GAS6__microglia","0","0","0","0","0","0","0","0","0","0","0","0","0","0","0","0","0","0","2.05010505643704","0","0","0","0","0","0","0","0","0","0","0","0","0","0","0","0","0","0","0","0","0","0","0","0","0","0","3.47372455335234","0","0","0","3.58849419169141","0","0","0","0","0","0","0","0","0","0","0","0","0","0","0","2.24295767603621","0","0","0","0","0","0","0","0","0","0","0","0","0","0","0","0","0","0","0","0","0","0","0","0","0","0","0","0","0","0","0","0","0","0","0","0","0","0","0","0","0","0","0","0","0","0","0","0","0","0","0","0","0","0","0","0","0","0","0","0","0","0","0","0","0","0","0","0","0","0","0","0","0","0","0","0","0","0","0","0","0","0","0","0","0","0","0","0","0","0","0","0","0","0","0","0","0","0","0","0","0","0","0","0","0","0","0","0","0","0","0","0","0","0","0","0","0","0","0","0","0","0","0","0","0","0","0","0","0","0","0","0","0","0","0","0","0","0","0","0","0","0","0","0","0","0","0","0","0","0","0","0","0","0","0","0","0","0","0","0","0","0","0","0","0","0","0","0","0","0","0","0","0","0","0","0","0","0","0","0","0","0","0","0","0","0","0","0","0","0","0","0","0","0","0","0","0","0","0","0","0","0","0","0","0","0","0","0","0","0","0","0","0","0","0","0","0","0","0","0","0","0","0","0","0","0","0","0","0","0","0","0","0","0","0","0","0","0","0","0","0","0","0","0","0","0","0","0","0","0","0","0","0","0","0","0","0","0","0","0","0","0","0","0","3.08985215695536","0","0","3.25781179959359","0","0","0","0","0","0","0","0","0","0","0","0","0","0","0","0","0","0","0","0","0","0","0","0","0","0","0","0","0","0","0","0","0","0","0","0","0","0","0","0","0","0","0","0","0","0","0","0","0","0","0","0","0","0","0","0","0","0","0","0","0","0","0","0","0","0","0","0","0","0","0","0","0","0","0","0","0","0","0","0","0","0","0","0","0","0","0","0","0","0","0","0","0","0","0","0","0","0","0","0","0","0","0","0","0","0","0","0","0","0","0","0","0","0","0","0","3.07480383893417","0","0","0","0","0","0","0","0","0","0","0","0","0","0","0","0","0","0","0","0","0","0","0","0","0","0","0","0","0","0","3.28864350317529","0","0","0","0","0","0","0","0","0","0","0","0","0","0","0","0","0","0","0","0","0","0","0","0","0","0","0","0","0","0","0","0","0","0","0","0","0","0","0","0","0"
"BAG6__microglia","0","0","0","0","0","0","0","0","0","0","0","0","0","0","0","0","0","0","0","0","0","0","0","0","0","0","0","0","0","0","0","0","0","0","0","0","0","0","0","0","0","0","0","0","0","2.59806975107941","0","0","0","3.58849419169141","0","0","0","0","0","0","0","0","0","0","0","0","0","0","0","3.36934964459148","0","0","0","0","0","0","0","0","0","0","0","0","0","0","0","0","0","0","0","0","0","0","0","0","0","0","0","0","0","0","0","0","0","0","0","0","0","0","0","0","0","0","0","0","0","0","0","0","0","0","0","0","0","0","0","0","0","0","0","0","0","0","0","0","0","0","0","0","0","0","0","0","0","0","0","0","0","0","0","0","0","0","0","0","0","0","0","0","0","0","0","0","0","0","0","0","0","0","0","0","0","0","0","0","0","0","0","0","0","0","0","0","0","0","0","0","0","0","0","0","0","0","0","0","0","0","0","0","0","0","0","0","0","0","0","0","0","0","0","0","0","0","0","0","0","0","0","0","0","0","0","0","0","0","0","0","0","0","0","0","0","0","0","0","0","0","0","0","0","0","0","0","0","0","0","0","0","0","0","0","0","0","0","0","0","0","0","0","0","0","0","0","0","0","0","0","0","0","0","0","0","0","0","0","0","0","0","0","0","0","0","0","0","0","0","0","0","0","0","0","0","0","0","0","0","0","0","0","0","0","0","0","0","0","0","0","0","0","0","0","0","0","0","0","0","0","0","0","0","0","0","0","0","0","0","0","0","0","0","0","0","0","0","0","0","0","0","3.25781179959359","0","0","0","0","0","0","0","0","0","0","3.58122124079596","0","0","0","0","0","0","0","0","0","0","0","0","0","0","0","0","0","0","0","0","0","0","0","0","0","0","0","0","0","0","0","0","0","0","0","0","0","0","0","0","0","0","0","0","0","0","0","0","0","0","0","0","0","0","0","0","0","0","0","0","0","0","0","0","0","0","0","0","0","0","0","0","0","0","0","0","0","0","0","0","0","0","0","0","0","0","0","0","0","0","0","0","0","0","0","0","0","0","0","0","0","0","0","0","0","0","0","0","0","0","0","0","0","0","0","0","0","0","0","0","0","0","0","0","0","0","0","3.09304572470924","0","0","0","0","0","0","0","0","2.42920483120544","0","0","0","0","0","0","0","0","0","0","0","0","0","0","0","0","0","0","0","0","0","0","0","0","0","0","0","0","0","0","0","0","0","0","0","0","0","0","0","0","0"
"GRN__microglia","0","0","0","0","0","0","0","0","0","0","0","0","4.57687603600872","0","0","0","0","0","3.76186447214435","0","0","0","0","0","0","0","0","0","0","0","0","0","0","0","0","0","0","0","0","0","0","0","0","0","0","4.01473731524147","0","0","0","3.58849419169141","0","0","0","0","0","0","0","0","0","0","0","0","0","0","0","3.99409640910094","0","0","0","0","0","0","0","0","0","0","0","0","0","0","0","0","0","0","0","0","0","0","0","0","0","0","0","0","0","0","0","0","0","0","0","0","0","0","0","0","0","0","0","0","0","0","0","0","0","0","0","0","0","0","0","0","0","0","0","0","0","0","0","0","0","0","0","0","0","0","0","0","0","0","0","0","0","0","0","0","0","0","0","0","0","0","0","0","0","0","0","0","0","0","0","0","0","0","0","0","0","0","0","0","0","0","0","0","0","0","0","0","0","0","0","0","0","0","0","0","0","0","0","0","0","0","0","0","0","0","0","0","0","0","0","0","0","0","0","0","0","0","0","0","0","0","0","0","0","0","0","0","0","0","0","0","0","0","0","0","0","0","0","0","0","0","0","0","0","0","0","0","0","0","0","0","0","0","0","0","0","0","0","0","0","0","0","0","0","0","0","0","0","0","0","0","0","0","0","0","0","0","0","0","0","0","0","0","0","0","0","0","0","0","0","0","0","0","0","0","0","0","0","0","0","0","0","0","0","0","0","0","0","0","0","0","0","0","0","0","0","0","0","0","0","0","0","0","0","0","0","0","0","0","0","0","0","0","0","0","0","0","0","0","3.61719659890791","0","0","3.79160215533822","0","0","0","0","0","0","0","0","0","0","3.58122124079596","0","0","0","0","0","0","0","0","0","0","0","0","0","0","0","0","0","0","0","0","0","0","0","0","0","0","0","0","0","0","0","0","0","0","0","0","0","0","0","0","0","0","0","0","0","0","0","0","0","0","0","0","0","0","0","0","0","0","0","0","0","0","0","0","0","0","0","0","0","0","0","0","0","0","0","0","0","0","0","0","0","0","0","0","0","0","0","0","0","0","0","0","0","0","0","0","0","0","0","0","0","0","0","0","0","3.60153178093899","0","0","0","0","0","0","0","0","0","0","0","0","0","0","0","0","0","0","0","0","0","0","0","0","0","0","0","0","0","0","0","0","0","0","0","0","0","0","0","0","0","0","0","0","0","0","0","0","0","0","0","0","0","0","0","0","0","0","0","0","0","0","0","0","0","0","0","0","0","0","0","0"
"ITGB1__microglia","0","0","0","0","0","0","0","0","0","0","0","0","2.47849835043999","0","0","0","0","0","0","0","0","0","0","0","0","0","0","0","0","0","0","0","0","0","0","0","0","0","0","0","0","0","0","0","0","0","0","0","0","0","0","0","0","0","0","0","0","0","0","0","0","0","0","0","0","2.24295767603621","0","0","0","0","0","0","0","0","0","0","0","0","0","0","0","0","0","0","0","0","0","0","0","0","0","0","0","0","0","0","0","0","0","0","0","0","0","0","0","0","0","0","0","0","0","0","0","0","0","0","0","0","0","0","0","0","0","0","0","0","0","0","0","0","0","0","0","0","0","0","0","0","0","0","0","0","0","0","0","0","0","0","0","0","0","0","0","0","0","0","0","0","0","0","0","0","0","0","0","0","0","0","0","0","0","0","0","0","0","0","0","0","0","0","0","0","0","0","0","0","0","0","0","0","0","0","0","0","0","0","0","0","0","0","0","0","0","0","0","0","0","0","0","0","0","0","0","0","0","0","0","0","0","0","0","0","0","0","0","0","0","0","0","0","0","0","0","0","0","0","0","0","0","0","0","0","0","0","0","0","0","0","0","0","0","0","0","0","0","0","0","0","0","0","0","0","0","0","0","0","0","0","0","0","0","0","0","0","0","0","0","0","0","0","0","0","0","0","0","0","0","0","0","0","0","0","0","0","0","0","0","0","0","0","0","0","0","0","0","0","0","0","0","0","0","0","0","0","0","0","0","0","0","0","0","0","0","0","0","0","0","0","0","0","0","0","0","3.25781179959359","0","0","0","0","0","0","0","0","0","0","0","0","0","0","0","0","0","0","0","0","0","0","0","0","0","0","0","0","0","0","0","0","0","0","0","0","0","0","0","0","0","0","0","0","0","0","0","0","0","0","0","0","0","0","0","0","0","0","0","0","0","0","0","0","0","0","0","0","0","0","0","0","0","0","0","0","0","0","0","0","0","0","0","0","0","0","0","0","0","0","0","0","0","0","0","0","0","0","0","0","0","0","0","0","0","0","0","0","0","0","0","0","0","0","0","0","0","0","0","0","0","0","0","0","0","0","0","0","0","0","0","0","0","0","0","0","0","0","0","0","0","0","0","0","0","0","0","3.28864350317529","0","0","0","0","0","0","0","0","0","0","0","0","0","0","0","0","0","0","0","0","0","0","0","0","0","0","0","0","0","0","0","0","0","0","0","0","0","0","0","0","0"
"TGFB1__microglia","0","0","0","0","0","0","0","0","0","0","0","0","0","0","0","0","0","0","2.86447787650649","0","0","0","0","0","0","0","0","0","0","0","0","0","0","0","0","0","0","0","0","0","0","0","0","0","0","3.47372455335234","0","0","0","2.70370004730468","0","0","0","0","0","0","0","0","0","0","0","0","0","0","0","2.24295767603621","0","0","0","0","0","0","0","0","0","0","0","0","0","0","0","0","0","0","0","0","0","0","0","0","0","0","0","0","0","0","0","0","0","0","0","0","0","0","0","0","0","0","0","0","0","0","0","0","0","0","0","0","0","0","0","0","0","0","0","0","0","0","0","0","0","0","0","0","0","0","0","0","0","0","0","0","0","0","0","0","0","0","0","0","0","0","0","0","0","0","0","0","0","0","0","0","0","0","0","0","0","0","0","0","0","0","0","0","0","0","0","0","0","0","0","0","0","0","0","0","0","0","0","0","0","0","0","0","0","0","0","0","0","0","0","0","0","0","0","0","0","0","0","0","0","0","0","0","0","0","0","0","0","0","0","0","0","0","0","0","0","0","0","0","0","0","0","0","0","0","0","0","0","0","0","0","0","0","0","0","0","0","0","0","0","0","0","0","0","0","0","0","0","0","0","0","0","0","0","0","0","0","0","0","0","0","0","0","0","0","0","0","0","0","0","0","0","0","0","0","0","0","0","0","0","0","0","0","0","0","0","0","0","0","0","0","0","0","0","0","0","0","0","0","0","0","0","0","0","0","0","0","0","0","0","0","0","0","0","0","0","0","0","0","3.08985215695536","0","0","3.25781179959359","0","0","0","0","0","0","0","0","0","0","0","0","0","0","0","0","0","0","0","0","0","0","0","0","0","0","0","0","0","0","0","0","0","0","0","0","0","0","0","0","0","0","0","0","0","0","0","0","0","0","0","0","0","0","0","0","0","0","0","0","0","0","0","0","0","0","0","0","0","0","0","0","0","0","0","0","0","0","0","0","0","0","0","0","0","0","0","0","0","0","0","0","0","0","0","0","0","0","0","0","0","0","0","0","0","0","0","0","0","0","0","0","0","0","0","0","3.07480383893417","0","0","0","0","0","0","0","0","0","0","0","0","0","0","0","0","0","0","0","0","0","3.09304572470924","0","0","0","0","0","0","0","0","0","0","0","0","0","0","0","0","0","0","0","0","0","0","0","0","0","0","0","0","0","0","0","0","0","0","0","0","0","0","0","0","0","0","0","0","0","0","0","0","0","0"
"CD14__microglia","0","0","0","0","0","0","0","0","0","0","0","0","2.47849835043999","0","0","0","0","0","0","0","0","0","0","0","0","0","0","0","0","0","0","0","0","0","0","0","0","0","0","0","0","0","0","0","0","3.47372455335234","0","0","0","0","0","0","0","0","0","0","0","0","0","0","0","0","0","0","0","0","0","0","0","0","0","0","0","0","0","0","0","0","0","0","0","0","0","0","0","0","0","0","0","0","0","0","0","0","0","0","0","0","0","0","0","0","0","0","0","0","0","0","0","0","0","0","0","0","0","0","0","0","0","0","0","0","0","0","0","0","0","0","0","0","0","0","0","0","0","0","0","0","0","0","0","0","0","0","0","0","0","0","0","0","0","0","0","0","0","0","0","0","0","0","0","0","0","0","0","0","0","0","0","0","0","0","0","0","0","0","0","0","0","0","0","0","0","0","0","0","0","0","0","0","0","0","0","0","0","0","0","0","0","0","0","0","0","0","0","0","0","0","0","0","0","0","0","0","0","0","0","0","0","0","0","0","0","0","0","0","0","0","0","0","0","0","0","0","0","0","0","0","0","0","0","0","0","0","0","0","0","0","0","0","0","0","0","0","0","0","0","0","0","0","0","0","0","0","0","0","0","0","0","0","0","0","0","0","0","0","0","0","0","0","0","0","0","0","0","0","0","0","0","0","0","0","0","0","0","0","0","0","0","0","0","0","0","0","0","0","0","0","0","0","0","0","0","0","0","0","0","0","0","0","0","0","0","0","0","0","0","0","0","0","0","0","0","0","0","0","0","0","0","0","0","0","0","0","2.69698659214263","0","0","0","0","0","0","0","0","0","0","0","0","0","0","0","0","0","0","0","0","0","0","0","0","0","0","0","0","0","0","0","0","0","0","0","0","0","0","0","0","0","0","0","0","0","0","0","0","0","0","0","0","0","0","0","0","0","0","0","0","0","0","0","0","0","0","0","0","0","0","0","0","0","0","0","0","0","0","0","0","0","0","0","0","0","0","0","0","0","0","0","0","0","0","0","0","0","0","0","0","0","0","0","0","0","0","0","0","0","0","0","0","0","0","0","0","0","0","0","0","0","0","0","0","0","0","0","2.25292374130653","0","0","0","0","0","0","0","0","2.42920483120544","0","0","0","0","0","0","0","0","0","0","0","0","0","0","0","0","0","0","0","0","0","0","0","0","0","0","0","0","0","0","0","0","0","0","0","0","0","0","0","0","0"
"LRRC4B__microglia","0","0","0","0","0","0","0","0","0","0","0","0","0","0","0","0","0","0","0","0","0","0","0","0","0","0","0","0","0","0","0","0","0","0","0","0","0","0","0","0","0","0","0","0","0","2.59806975107941","0","0","0","2.70370004730468","0","0","0","0","0","0","0","0","0","0","0","0","0","0","0","0","0","0","0","0","0","0","0","0","0","0","0","0","0","0","0","0","0","0","0","0","0","0","0","0","0","0","0","0","0","0","0","0","0","0","0","0","0","0","0","0","0","0","0","0","0","0","0","0","0","0","0","0","0","0","0","0","0","0","0","0","0","0","0","0","0","0","0","0","0","0","0","0","0","0","0","0","0","0","0","0","0","0","0","0","0","0","0","0","0","0","0","0","0","0","0","0","0","0","0","0","0","0","0","0","0","0","0","0","0","0","0","0","0","0","0","0","0","0","0","0","0","0","0","0","0","0","0","0","0","0","0","0","0","0","0","0","0","0","0","0","0","0","0","0","0","0","0","0","0","0","0","0","0","0","0","0","0","0","0","0","0","0","0","0","0","0","0","0","0","0","0","0","0","0","0","0","0","0","0","0","0","0","0","0","0","0","0","0","0","0","0","0","0","0","0","0","0","0","0","0","0","0","0","0","0","0","0","0","0","0","0","0","0","0","0","0","0","0","0","0","0","0","0","0","0","0","0","0","0","0","0","0","0","0","0","0","0","0","0","0","0","0","0","0","0","0","0","0","0","0","0","0","0","0","0","0","0","0","0","0","0","0","0","0","2.2500655084946","0","0","0","0","0","0","0","0","0","0","0","0","0","0","0","0","0","0","0","0","0","0","0","0","0","0","0","0","0","0","0","0","0","0","0","0","0","0","0","0","0","0","0","0","0","0","0","0","0","0","0","0","0","0","0","0","0","0","0","0","0","0","0","0","0","0","0","0","0","0","0","0","0","0","0","0","0","0","0","0","0","0","0","0","0","0","0","0","0","0","0","0","0","0","0","0","0","0","0","0","0","0","0","0","0","0","0","0","0","0","0","0","0","0","0","0","0","0","0","2.23660628055615","0","0","0","0","0","0","0","0","0","0","0","0","0","0","0","0","0","0","0","0","0","0","0","0","0","0","0","0","0","0","2.42920483120544","0","0","0","0","0","0","0","0","0","0","0","0","0","0","0","0","0","0","0","0","0","0","0","0","0","0","0","0","0","0","0","0","0","0","0","0","0","0","0","0","0"
"SELPLG__microglia","0","0","0","0","0","0","0","0","0","0","0","0","4.57687603600872","0","0","0","0","0","4.70768436046574","0","0","0","0","0","0","0","0","0","0","0","0","0","0","0","0","0","0","0","0","0","0","0","0","0","0","4.40728745415637","0","0","0","4.836607344335","0","0","0","0","0","0","0","0","0","0","0","0","0","0","0","2.72257483936307","0","0","0","0","0","0","0","0","0","0","0","0","0","0","0","0","0","0","0","0","0","0","0","0","0","0","0","0","0","0","0","0","0","0","0","0","0","0","0","0","0","0","0","0","0","0","0","0","0","0","0","0","0","0","0","0","0","0","0","0","0","0","0","0","0","0","0","0","0","0","0","0","0","0","0","0","0","0","0","0","0","0","0","0","0","0","0","0","0","0","0","0","0","0","0","0","0","0","0","0","0","0","0","0","0","0","0","0","0","0","0","0","0","0","0","0","0","0","0","0","0","0","0","0","0","0","0","0","0","0","0","0","0","0","0","0","0","0","0","0","0","0","0","0","0","0","0","0","0","0","0","0","0","0","0","0","0","0","0","0","0","0","0","0","0","0","0","0","0","0","0","0","0","0","0","0","0","0","0","0","0","0","0","0","0","0","0","0","0","0","0","0","0","0","0","0","0","0","0","0","0","0","0","0","0","0","0","0","0","0","0","0","0","0","0","0","0","0","0","0","0","0","0","0","0","0","0","0","0","0","0","0","0","0","0","0","0","0","0","0","0","0","0","0","0","0","0","0","0","0","0","0","0","0","0","0","0","0","0","0","0","0","0","0","5.12157081972923","0","0","4.73854798344956","0","0","0","0","0","0","0","0","0","0","4.1254347211887","0","0","0","0","0","0","0","0","0","0","0","0","0","0","0","0","0","0","0","0","0","0","0","0","0","0","0","0","0","0","0","0","0","0","0","0","0","0","0","0","0","0","0","0","0","0","0","0","0","0","0","0","0","0","0","0","0","0","0","0","0","0","0","0","0","0","0","0","0","0","0","0","0","0","0","0","0","0","0","0","0","0","0","0","0","0","0","0","0","0","0","0","0","0","0","0","0","0","0","0","0","0","0","0","0","2.23660628055615","0","0","0","0","0","0","0","0","0","0","0","0","0","0","0","0","0","0","0","0","0","4.00593109738058","0","0","0","0","0","0","0","0","2.42920483120544","0","0","0","0","0","0","0","0","0","0","0","0","0","0","0","0","0","0","0","0","0","0","0","0","0","0","0","0","0","0","0","0","0","0","0","0","0","0","0","0","0"
"RPH3A__microglia","0","0","0","0","0","0","0","0","0","0","0","0","0","0","0","0","0","0","0","0","0","0","0","0","0","0","0","0","0","0","0","0","0","0","0","0","0","0","0","0","0","0","0","0","0","2.59806975107941","0","0","0","0","0","0","0","0","0","0","0","0","0","0","0","0","0","0","0","1.51945766892912","0","0","0","0","0","0","0","0","0","0","0","0","0","0","0","0","0","0","0","0","0","0","0","0","0","0","0","0","0","0","0","0","0","0","0","0","0","0","0","0","0","0","0","0","0","0","0","0","0","0","0","0","0","0","0","0","0","0","0","0","0","0","0","0","0","0","0","0","0","0","0","0","0","0","0","0","0","0","0","0","0","0","0","0","0","0","0","0","0","0","0","0","0","0","0","0","0","0","0","0","0","0","0","0","0","0","0","0","0","0","0","0","0","0","0","0","0","0","0","0","0","0","0","0","0","0","0","0","0","0","0","0","0","0","0","0","0","0","0","0","0","0","0","0","0","0","0","0","0","0","0","0","0","0","0","0","0","0","0","0","0","0","0","0","0","0","0","0","0","0","0","0","0","0","0","0","0","0","0","0","0","0","0","0","0","0","0","0","0","0","0","0","0","0","0","0","0","0","0","0","0","0","0","0","0","0","0","0","0","0","0","0","0","0","0","0","0","0","0","0","0","0","0","0","0","0","0","0","0","0","0","0","0","0","0","0","0","0","0","0","0","0","0","0","0","0","0","0","0","0","0","0","0","0","0","0","0","0","0","0","0","0","0","0","0","0","0","3.79160215533822","0","0","0","0","0","0","0","0","0","0","2.69698659214263","0","0","0","0","0","0","0","0","0","0","0","0","0","0","0","0","0","0","0","0","0","0","0","0","0","0","0","0","0","0","0","0","0","0","0","0","0","0","0","0","0","0","0","0","0","0","0","0","0","0","0","0","0","0","0","0","0","0","0","0","0","0","0","0","0","0","0","0","0","0","0","0","0","0","0","0","0","0","0","0","0","0","0","0","0","0","0","0","0","0","0","0","0","0","0","0","0","0","0","0","0","0","0","0","0","3.60153178093899","0","0","0","0","0","0","0","0","0","0","0","0","0","0","0","0","0","0","0","0","0","3.09304572470924","0","0","0","0","0","0","0","0","0","0","0","0","0","0","0","0","0","0","0","0","0","0","0","0","0","0","0","0","0","0","0","0","0","0","0","0","0","0","0","0","0","0","0","0","0","0","0","0","0","0"
"ADAM15__microglia","0","0","0","0","0","0","0","0","0","0","0","0","2.47849835043999","0","0","0","0","0","0","0","0","0","0","0","0","0","0","0","0","0","0","0","0","0","0","0","0","0","0","0","0","0","0","0","0","0","0","0","0","0","0","0","0","0","0","0","0","0","0","0","0","0","0","0","0","2.72257483936307","0","0","0","0","0","0","0","0","0","0","0","0","0","0","0","0","0","0","0","0","0","0","0","0","0","0","0","0","0","0","0","0","0","0","0","0","0","0","0","0","0","0","0","0","0","0","0","0","0","0","0","0","0","0","0","0","0","0","0","0","0","0","0","0","0","0","0","0","0","0","0","0","0","0","0","0","0","0","0","0","0","0","0","0","0","0","0","0","0","0","0","0","0","0","0","0","0","0","0","0","0","0","0","0","0","0","0","0","0","0","0","0","0","0","0","0","0","0","0","0","0","0","0","0","0","0","0","0","0","0","0","0","0","0","0","0","0","0","0","0","0","0","0","0","0","0","0","0","0","0","0","0","0","0","0","0","0","0","0","0","0","0","0","0","0","0","0","0","0","0","0","0","0","0","0","0","0","0","0","0","0","0","0","0","0","0","0","0","0","0","0","0","0","0","0","0","0","0","0","0","0","0","0","0","0","0","0","0","0","0","0","0","0","0","0","0","0","0","0","0","0","0","0","0","0","0","0","0","0","0","0","0","0","0","0","0","0","0","0","0","0","0","0","0","0","0","0","0","0","0","0","0","0","0","0","0","0","0","0","0","0","0","0","0","2.2500655084946","0","0","0","0","0","0","0","0","0","0","0","0","0","0","0","0","0","0","0","0","0","0","0","0","0","0","0","0","0","0","0","0","0","0","0","0","0","0","0","0","0","0","0","0","0","0","0","0","0","0","0","0","0","0","0","0","0","0","0","0","0","0","0","0","0","0","0","0","0","0","0","0","0","0","0","0","0","0","0","0","0","0","0","0","0","0","0","0","0","0","0","0","0","0","0","0","0","0","0","0","0","0","0","0","0","0","0","0","0","0","0","0","0","0","0","0","0","0","0","2.23660628055615","0","0","0","0","0","0","0","0","0","0","0","0","0","0","0","0","0","0","0","0","0","2.25292374130653","0","0","0","0","0","0","0","0","0","0","0","0","0","0","0","0","0","0","0","0","0","0","0","0","0","0","0","0","0","0","0","0","0","0","0","0","0","0","0","0","0","0","0","0","0","0","0","0","0","0"
"AGRN__endothelial","0","0","0","0","0","0","0","0","0","0","0","0","0","0","0","0","0","0","0","0","0","0","3.07087662823954","0","0","0","0","0","0","0","0","0","0","0","0","0","0","0","0","0","0","0","0","0","0","0","0","0","0","0","0","0","0","0","0","0","0","0","0","0","0","0","0","0","0","0","0","0","0","0","0","0","0","0","0","0","0","0","0","0","0","0","0","0","0","0","3.05530226595198","0","0","0","0","0","0","0","0","0","0","0","0","0","0","0","0","0","0","0","0","0","0","0","0","0","0","0","0","2.51618976514003","3.62052014210521","0","0","0","0","0","0","0","0","1.69583424280838","0","0","0","0","0","0","0","0","0","0","0","0","0","0","0","0","0","0","0","0","0","0","0","0","0","0","0","0","2.62687751335225","0","0","0","0","0","0","0","0","0","0","0","0","4.01359760340072","0","0","0","0","0","0","0","0","0","0","0","0","0","0","0","0","0","0","0","0","0","0","0","0","0","0","0","0","0","3.93839967758287","0","0","0","0","0","0","0","3.77897312068778","0","0","0","0","0","0","4.09593951260851","0","0","0","0","0","0","0","2.46683639985905","0","0","0","0","0","2.87725877681367","0","0","0","0","0","0","0","0","0","0","0","0","0","0","0","0","0","0","0","0","0","0","0","0","0","1.41042015239865","0","0","0","0","0","0","0","0","0","0","3.12712872812258","0","2.77627341278284","0","0","0","0","0","0","0","0","0","0","0","0","0","0","0","0","0","0","0","0","0","0","0","1.56317483388238","0","0","0","0","0","0","3.15801764979612","0","0","0","0","0","0","0","0","0","0","0","0","0","0","0","0","0","0","0","0","0","0","0","0","0","0","0","0","0","0","0","0","0","0","0","0","0","0","0","0","0","0","0","0","0","0","0","0","0","0","0","0","0","0","0","0","2.67819363954456","0","0","0","0","0","0","0","2.63175745085712","0","0","0","0","0","0","0","0","0","0","0","0","0","0","0","0","0","2.77747555440897","0","0","0","0","0","0","0","0","0","0","0","0","0","0","0","0","0","0","0","0","0","0","0","0","0","0","0","1.94549946950884","0","0","0","0","0","0","0","0","0","0","0","0","0","0","0","0","0","0","0","0","0","2.34162035879779","0","0","0","0","0","0","0","0","0","0","0","0","2.8451020036813","0","0","0","0","0","0","0","0","0","0","0","0","2.3150279858828","0","0","0","0","0","2.26408194180178","0","0","0","0","0","0","0","0","0","0","0","0","0","0","0","0","0","0","0","0","0","0","0","0","0","0","0","0","0","0","0","0","0","0","0","0","0","0","0","0","0","0","0","0","0","0","0","0","0","0","0","0","0","0","0","0","0","0","0","0","0"
"PDGFB__endothelial","0","0","0","0","0","0","0","0","0","0","0","0","0","0","0","0","0","0","0","0","0","0","2.23309622449886","0","0","0","0","0","0","0","0","0","0","0","0","0","0","0","0","0","0","0","0","2.29911821197928","0","0","0","0","0","0","0","0","0","0","0","0","0","0","0","0","0","0","0","0","0","0","0","0","0","0","0","0","0","0","0","0","0","0","0","0","0","0","0","0","0","0","2.21918622148164","0","0","0","0","0","0","0","0","0","0","0","0","0","0","0","0","0","0","0","0","0","0","0","0","0","0","0","0","0","3.62052014210521","0","0","0","0","0","0","0","0","0","0","0","0","0","0","0","0","0","0","0","0","0","0","0","0","0","0","0","0","0","0","0","0","0","0","0","0","0","2.62687751335225","0","0","0","0","0","0","0","0","0","0","0","0","0","0","0","0","0","0","0","0","0","0","3.06774460663583","0","0","0","0","0","0","0","0","0","0","0","0","0","0","0","0","0","0","0","3.39973713832982","0","0","0","0","0","0","0","2.2129937233342","0","0","0","0","0","0","0","0","0","0","0","0","0","0","0","0","0","0","0","0","2.06134887355808","0","0","0","0","0","0","0","0","0","0","0","0","0","0","0","0","0","0","0","0","0","0","0","0","0","0","0","0","0","0","0","0","0","0","0","0","0","0","0","0","0","0","0","0","0","0","0","0","0","0","0","0","0","0","0","0","0","0","0","0","0","0","0","0","0","0","0","0","0","3.15801764979612","0","0","0","0","0","0","0","0","0","0","0","0","0","0","0","0","0","0","0","0","0","0","0","0","0","0","0","0","0","0","0","0","0","0","0","0","0","0","0","0","0","0","0","0","0","0","0","0","0","0","0","0","0","0","0","0","0","0","0","0","0","0","0","0","0","0","0","0","0","0","0","0","0","0","0","0","0","0","0","0","0","0","2.77747555440897","0","0","0","0","0","0","0","0","0","0","0","0","0","0","0","0","0","0","3.36793144438577","0","0","0","0","0","0","0","0","2.74489777002788","0","0","0","0","0","0","0","0","0","0","0","0","0","0","0","0","0","0","0","0","0","2.68368630309652","0","0","0","0","0","0","0","2.22333752129877","0","0","0","0","0","0","0","0","0","0","0","0","0","0","0","0","0","2.3150279858828","0","0","0","0","0","2.26408194180178","0","0","0","0","0","0","0","0","0","0","0","0","0","0","0","0","0","0","0","0","0","0","0","0","0","0","0","0","0","0","0","0","0","0","0","0","0","0","0","0","0","0","0","0","0","0","0","0","0","0","0","0","0","0","0","0","0","0","0","0","0"
"SHANK1__endothelial","0","0","0","0","0","0","0","0","0","0","0","0","0","0","0","0","0","0","0","0","0","0","3.59744257557256","0","0","0","0","0","0","0","0","0","0","0","0","0","0","0","0","0","0","0","0","0","0","0","0","0","0","0","0","0","0","0","0","0","0","0","0","0","0","0","0","0","0","0","0","0","0","0","0","0","0","0","0","0","0","0","0","0","0","0","0","0","0","0","3.58122124079596","0","0","0","0","0","0","0","0","0","0","0","0","0","0","0","0","0","0","0","0","0","0","0","0","0","0","0","0","0","0","0","0","0","0","0","0","0","0","3.31593810518914","0","0","0","0","0","0","0","0","0","0","0","0","0","0","0","0","0","0","0","0","0","0","0","0","0","0","0","0","3.50509738616801","0","0","0","0","0","0","0","0","0","0","0","0","4.96823041950661","0","0","0","0","0","0","0","0","0","3.97904038136435","0","0","0","0","0","0","0","0","0","0","0","0","0","0","0","0","0","0","0","4.8905644179287","0","0","0","0","0","0","0","3.0483630215614","0","0","0","0","0","0","0","0","0","0","0","0","0","0","4.25649800423794","0","0","0","0","0","3.59790922176478","0","0","0","0","0","0","0","0","0","0","0","0","0","0","0","0","0","0","0","0","0","0","0","0","0","4.90773426334613","0","0","0","0","0","0","0","0","0","0","0","0","2.77627341278284","0","0","0","0","0","0","0","0","0","0","0","0","0","0","0","0","0","0","0","0","0","0","0","5.32555494934648","0","0","0","0","0","0","4.37955577352603","0","0","0","0","0","0","0","0","0","0","0","0","0","0","0","0","0","4.5550822663139","0","0","0","3.91026137994776","0","0","0","0","0","0","0","0","0","0","0","0","0","0","0","0","0","0","0","0","0","0","0","0","0","0","0","0","0","0","0","0","0","0","3.56084700491156","0","0","0","0","0","0","0","4.32615042719488","0","0","0","0","0","0","0","0","0","0","0","0","0","0","0","0","0","2.77747555440897","0","0","0","0","3.33432800294238","0","0","0","0","0","0","0","0","0","0","0","0","0","4.85658876820082","0","0","0","0","0","0","0","0","3.25627596658835","0","0","0","0","0","0","0","0","0","0","0","0","0","0","0","0","0","0","0","0","0","2.68368630309652","0","0","4.20095189706294","0","0","0","0","3.79119276574976","0","0","0","0","2.8451020036813","0","0","0","0","0","0","0","0","0","0","0","0","3.69247511863473","0","0","0","0","0","4.57415717832212","0","0","0","0","0","0","0","0","0","0","0","0","0","0","0","0","0","0","0","0","0","0","0","0","0","0","0","0","0","0","0","0","0","0","0","0","0","0","0","0","0","0","0","0","0","0","0","0","0","0","0","0","0","0","0","0","0","0","0","0","0"
"VASP__endothelial","0","0","0","0","0","0","0","0","0","0","0","0","0","0","0","0","0","0","0","0","0","0","0","0","0","0","0","0","0","0","0","0","0","0","0","0","0","0","0","0","0","0","0","4.06058997971447","0","0","0","0","0","0","0","0","0","0","0","0","0","0","0","0","0","0","0","0","0","0","0","0","0","0","0","0","0","0","0","0","0","0","0","0","0","0","0","0","0","0","0","0","0","0","0","0","0","0","0","0","0","0","0","0","0","0","0","0","0","0","0","0","0","0","0","0","0","0","0","0","3.62052014210521","0","0","0","0","0","0","0","0","1.69583424280838","0","0","0","0","0","0","0","0","0","0","0","0","0","0","0","0","0","0","0","0","0","0","0","0","0","0","0","0","2.62687751335225","0","0","0","0","0","0","0","0","0","0","0","0","0","0","0","0","0","0","0","0","0","0","0","0","0","0","0","0","0","0","0","0","0","0","0","0","0","0","0","0","0","0","3.39973713832982","0","0","0","0","0","0","0","2.2129937233342","0","0","0","0","0","0","0","0","0","0","0","0","0","0","0","0","0","0","0","0","2.52623043753816","0","0","0","0","0","0","0","0","0","0","0","0","0","0","0","0","0","0","0","0","0","0","0","0","0","0","0","0","0","0","0","0","0","0","0","0","3.12712872812258","0","0","0","0","0","0","0","0","0","0","0","0","0","0","0","0","0","0","0","0","0","0","0","0","0","0","0","0","0","0","0","0","2.31121591065604","0","0","0","0","0","0","0","0","0","0","0","0","0","0","0","0","0","0","0","0","0","0","0","0","0","0","0","0","0","0","0","0","0","0","0","0","0","0","0","0","0","0","0","0","0","0","0","0","0","0","0","0","0","0","0","0","0","0","0","0","0","0","0","0","1.45027523778389","0","0","0","0","0","0","0","0","0","0","0","0","0","0","0","0","0","0","0","0","0","0","0","0","0","0","0","0","0","0","0","0","0","0","0","0","0","0","0","0","0","0","0","0","0","0","0","0","0","0","0","0","0","0","0","0","0","0","0","0","0","0","0","0","0","0","0","2.68368630309652","0","0","0","0","0","0","0","0","0","0","0","0","2.03308235495583","0","0","0","0","0","0","0","0","0","0","0","0","0","0","0","0","0","0","1.53691988081479","0","0","0","0","0","0","0","0","0","0","0","0","0","0","0","0","0","0","0","0","0","0","0","0","0","0","0","0","0","0","0","0","0","0","0","0","0","0","0","0","0","0","0","0","0","0","0","0","0","0","0","0","0","0","0","0","0","0","0","0","0"
"GLG1__endothelial","0","0","0","0","0","0","0","0","0","0","0","0","0","0","0","0","0","0","0","0","0","0","0","0","0","0","0","0","0","0","0","0","0","0","0","0","0","0","0","0","0","0","0","3.14455828128389","0","0","0","0","0","0","0","0","0","0","0","0","0","0","0","0","0","0","0","0","0","0","0","0","0","0","0","0","0","0","0","0","0","0","0","0","0","0","0","0","0","0","0","0","0","0","0","0","0","0","0","0","0","0","0","0","0","0","0","0","0","0","0","0","0","0","0","0","0","0","0","0","0","0","0","0","0","0","0","0","0","2.45398720231182","0","0","0","0","0","0","0","0","0","0","0","0","0","0","0","0","0","0","0","0","0","0","0","0","0","0","0","0","1.84335611863988","0","0","0","0","0","0","0","0","0","0","0","0","0","0","0","0","0","0","0","0","0","0","3.06774460663583","0","0","0","0","0","0","0","0","0","0","0","0","0","0","0","0","0","0","0","3.39973713832982","0","0","0","0","0","0","0","0","0","0","0","0","0","0","0","0","0","0","0","0","0","0","2.46683639985905","0","0","0","0","0","2.06134887355808","0","0","0","0","0","0","0","0","0","0","0","0","0","0","0","0","0","0","0","0","0","0","0","0","0","1.41042015239865","0","0","0","0","0","0","0","0","0","0","3.65597180930146","0","1.9728404970542","0","0","0","0","0","0","0","0","0","0","0","0","0","0","0","0","0","0","0","0","0","0","0","2.2957431299265","0","0","0","0","0","0","0","0","0","0","0","0","0","0","0","0","0","0","0","0","0","0","0","0","0","0","0","0","0","0","0","0","0","0","0","0","0","0","0","0","0","0","0","0","0","0","0","0","0","0","0","0","0","0","0","0","0","0","0","0","0","0","0","0","0","0","0","0","0","0","0","1.45027523778389","0","0","0","0","0","0","0","0","0","0","0","0","0","0","0","0","0","0","0","0","0","0","3.33432800294238","0","0","0","0","0","0","0","0","0","0","0","0","0","3.36793144438577","0","0","0","0","0","0","0","0","0","0","0","0","0","0","0","0","0","0","0","0","0","0","0","0","0","0","0","0","0","0","1.89238224187389","0","0","0","0","0","0","0","0","0","0","0","0","2.8451020036813","0","0","0","0","0","0","0","0","0","0","0","0","2.3150279858828","0","0","0","0","0","0","0","0","0","0","0","0","0","0","0","0","0","0","0","0","0","0","0","0","0","0","0","0","0","0","0","0","0","0","0","0","0","0","0","0","0","0","0","0","0","0","0","0","0","0","0","0","0","0","0","0","0","0","0","0","0","0","0","0","0","0","0"
"DAG1__endothelial","0","0","0","0","0","0","0","0","0","0","0","0","0","0","0","0","0","0","0","0","0","0","3.98237078989437","0","0","0","0","0","0","0","0","0","0","0","0","0","0","0","0","0","0","0","0","4.06058997971447","0","0","0","0","0","0","0","0","0","0","0","0","0","0","0","0","0","0","0","0","0","0","0","0","0","0","0","0","0","0","0","0","0","0","0","0","0","0","0","0","0","0","0","0","0","0","0","0","0","0","0","0","0","0","0","0","0","0","0","0","0","0","0","0","0","0","0","0","0","0","0","3.38424114969754","0","0","0","0","0","0","0","0","0","0","0","0","0","0","0","0","0","0","0","0","0","0","0","0","0","0","0","0","0","0","0","0","0","0","0","0","0","0","0","0","0","0","0","0","0","0","0","0","0","0","0","0","0","0","0","0","0","0","0","0","0","0","0","0","0","0","0","0","0","0","0","0","0","0","0","0","0","0","0","0","0","0","0","0","0","0","0","0","0","2.69031550086738","0","0","0","0","0","0","0","0","0","0","0","0","0","0","0","0","0","0","0","0","0","0","0","0","0","0","0","0","0","0","0","0","0","0","0","0","0","0","0","0","0","0","0","0","0","0","1.41042015239865","0","0","0","0","0","0","0","0","0","0","3.12712872812258","0","2.42977752741612","0","0","0","0","0","0","0","0","0","0","0","0","0","0","0","0","0","0","0","0","0","0","0","1.56317483388238","0","0","0","0","0","0","3.15801764979612","0","0","0","0","0","0","0","0","0","0","0","0","0","0","0","0","0","0","0","0","0","0","0","0","0","0","0","0","0","0","0","0","0","0","0","0","0","0","0","0","0","0","0","0","0","0","0","0","0","0","0","0","0","0","0","0","0","0","0","0","0","0","0","0","2.15872595321565","0","0","0","0","0","0","0","0","0","0","0","0","0","0","0","0","0","2.77747555440897","0","0","0","0","0","0","0","0","0","0","0","0","0","0","0","0","0","0","2.50131293713632","0","0","0","0","0","0","0","0","0","0","0","0","0","0","0","0","0","0","0","0","0","0","0","0","0","0","0","0","0","0","2.9599914547136","0","0","0","0","0","0","0","1.50327870312745","0","0","0","0","0","0","0","0","0","0","0","0","0","0","0","0","0","0","0","0","0","0","0","0","0","0","0","0","0","0","0","0","0","0","0","0","0","0","0","0","0","0","0","0","0","0","0","0","0","0","0","0","0","0","0","0","0","0","0","0","0","0","0","0","0","0","0","0","0","0","0","0","0","0","0","0","0","0","0","0","0","0","0","0","0"
"GAS6__endothelial","0","0","0","0","0","0","0","0","0","0","0","0","0","0","0","0","0","0","0","0","0","0","3.07087662823954","0","0","0","0","0","0","0","0","0","0","0","0","0","0","0","0","0","0","0","0","0","0","0","0","0","0","0","0","0","0","0","0","0","0","0","0","0","0","0","0","0","0","0","0","0","0","0","0","0","0","0","0","0","0","0","0","0","0","0","0","0","0","0","3.58122124079596","0","0","0","0","0","0","0","0","0","0","0","0","0","0","0","0","0","0","0","0","0","0","0","0","0","0","0","0","3.92239550164821","0","0","0","0","0","0","0","0","0","0","0","0","0","0","0","0","0","0","0","0","0","0","0","0","0","0","0","0","0","0","0","0","0","0","0","0","0","0","2.62687751335225","0","0","0","0","0","0","0","0","0","0","0","0","4.01359760340072","0","0","0","0","0","0","0","0","0","3.06774460663583","0","0","0","0","0","0","0","0","0","0","0","0","0","0","0","0","0","0","0","3.39973713832982","0","0","0","0","0","0","0","2.2129937233342","0","0","0","0","0","0","3.5525556868736","0","0","0","0","0","0","0","0","0","0","0","0","0","0","0","0","0","0","0","0","0","0","0","0","0","0","0","0","0","0","0","0","0","0","0","0","0","0","0","2.766279184676","0","0","0","0","0","0","0","0","0","0","3.12712872812258","0","2.77627341278284","0","0","0","0","0","0","0","0","0","0","0","0","0","0","0","0","0","0","0","0","0","0","0","2.2957431299265","0","0","0","0","0","0","3.15801764979612","0","0","0","0","0","0","0","0","0","0","0","0","0","0","0","0","0","0","0","0","0","0","0","0","0","0","0","0","0","0","0","0","0","0","0","0","0","0","0","0","0","0","0","0","0","0","0","0","0","0","0","0","0","0","0","0","3.56084700491156","0","0","0","0","0","0","0","2.15872595321565","0","0","0","0","0","0","0","0","0","0","0","0","0","0","0","0","0","0","0","0","0","0","2.81916676875277","0","0","0","0","0","0","0","0","0","0","0","0","0","0","0","0","0","0","0","0","0","0","3.25627596658835","0","0","0","0","0","0","0","0","0","0","0","0","0","0","0","0","0","0","0","0","0","0","0","0","0","0","0","0","0","2.70145749246259","0","0","0","0","0","0","0","0","0","0","0","0","0","0","0","0","0","0","0","0","0","0","0","0","0","0","0","0","0","0","0","0","0","0","0","0","0","0","0","0","0","0","0","0","0","0","0","0","0","0","0","0","0","0","0","0","0","0","0","0","0","0","0","0","0","0","0","0","0","0","0","0","0","0","0","0","0","0","0","0","0","0","0","0","0"
"BAG6__endothelial","0","0","0","0","0","0","0","0","0","0","0","0","0","0","0","0","0","0","0","0","0","0","0","0","0","0","0","0","0","0","0","0","0","0","0","0","0","0","0","0","0","0","0","0","0","0","0","0","0","0","0","0","0","0","0","0","0","0","0","0","0","0","0","0","0","0","0","0","0","0","0","0","0","0","0","0","0","0","0","0","0","0","0","0","0","0","0","0","0","0","0","0","0","0","0","0","0","0","0","0","0","0","0","0","0","0","0","0","0","0","0","0","0","0","0","2.51618976514003","3.62052014210521","0","0","0","0","0","0","0","0","1.69583424280838","0","0","0","0","0","0","0","0","0","0","0","0","0","0","0","0","0","0","0","0","0","0","0","0","0","0","0","0","1.84335611863988","0","0","0","0","0","0","0","0","0","0","0","0","0","0","0","0","0","0","0","0","0","0","3.06774460663583","0","0","0","0","0","0","0","0","0","0","0","0","0","0","0","0","0","0","0","0","0","0","0","0","0","0","0","1.49476469174958","0","0","0","0","0","0","0","0","0","0","0","0","0","0","2.46683639985905","0","0","0","0","0","0","0","0","0","0","0","0","0","0","0","0","0","0","0","0","0","0","0","0","0","0","0","0","0","0","0","2.36327317008973","0","0","0","0","0","0","0","0","0","0","3.12712872812258","0","2.77627341278284","0","0","0","0","0","0","0","0","0","0","0","0","0","0","0","0","0","0","0","0","0","0","0","3.14080104067393","0","0","0","0","0","0","0","0","0","0","0","0","0","0","0","0","0","0","0","0","0","0","0","0","0","0","0","0","3.91026137994776","0","0","0","0","0","0","0","0","0","0","0","0","0","0","0","0","0","0","0","0","0","0","0","0","0","0","0","0","0","0","0","0","0","0","0","0","0","0","0","0","0","0","0","0","0","0","0","0","0","0","0","0","0","0","0","0","0","0","0","0","0","0","0","0","0","0","0","0","0","0","0","0","0","0","0","0","0","0","0","3.36793144438577","0","0","0","0","0","0","0","0","1.94549946950884","0","0","0","0","0","0","0","0","0","0","0","0","0","0","0","0","0","0","0","0","0","2.34162035879779","0","0","0","0","0","0","0","2.70145749246259","0","0","0","0","2.8451020036813","0","0","0","0","0","0","0","0","0","0","0","0","3.16225617253632","0","0","0","0","0","2.26408194180178","0","0","0","0","0","0","0","0","0","0","0","0","0","0","0","0","0","0","0","0","0","0","0","0","0","0","0","0","0","0","0","0","0","0","0","0","0","0","0","0","0","0","0","0","0","0","0","0","0","0","0","0","0","0","0","0","0","0","0","0","0"
"GRN__endothelial","0","0","0","0","0","0","0","0","0","0","0","0","0","0","0","0","0","0","0","0","0","0","3.59744257557256","0","0","0","0","0","0","0","0","0","0","0","0","0","0","0","0","0","0","0","0","2.29911821197928","0","0","0","0","0","0","0","0","0","0","0","0","0","0","0","0","0","0","0","0","0","0","0","0","0","0","0","0","0","0","0","0","0","0","0","0","0","0","0","0","0","0","3.05530226595198","0","0","0","0","0","0","0","0","0","0","0","0","0","0","0","0","0","0","0","0","0","0","0","0","0","0","0","0","0","3.62052014210521","0","0","0","0","0","0","0","0","0","0","0","0","0","0","0","0","0","0","0","0","0","0","0","0","0","0","0","0","0","0","0","0","0","0","0","0","0","0","0","0","0","0","0","0","0","0","0","0","0","0","0","0","0","0","0","0","0","0","0","0","0","0","0","0","0","0","0","0","0","0","0","0","0","0","0","0","0","0","0","0","0","0","0","0","0","0","0","0","2.2129937233342","0","0","0","0","0","0","3.5525556868736","0","0","0","0","0","0","0","2.46683639985905","0","0","0","0","0","1.37121412314157","0","0","0","0","0","0","0","0","0","0","0","0","0","0","0","0","0","0","0","0","0","0","0","0","0","2.36327317008973","0","0","0","0","0","0","0","0","0","0","3.12712872812258","0","2.42977752741612","0","0","0","0","0","0","0","0","0","0","0","0","0","0","0","0","0","0","0","0","0","0","0","3.14080104067393","0","0","0","0","0","0","0","0","0","0","0","0","0","0","0","0","0","0","0","0","0","0","0","0","2.89353077433703","0","0","0","0","0","0","0","0","0","0","0","0","0","0","0","0","0","0","0","0","0","0","0","0","0","0","0","0","0","0","0","0","0","0","0","0","0","0","0","0","0","0","0","0","0","0","2.15872595321565","0","0","0","0","0","0","0","0","0","0","0","0","0","0","0","0","0","0","0","0","0","0","2.01034064374579","0","0","0","0","0","0","0","0","0","0","0","0","0","3.36793144438577","0","0","0","0","0","0","0","0","0","0","0","0","0","0","0","0","0","0","0","0","0","0","0","0","0","0","0","0","0","0","2.9599914547136","0","0","0","0","0","0","0","0","0","0","0","0","2.8451020036813","0","0","0","0","0","0","0","0","0","0","0","0","0","0","0","0","0","0","2.26408194180178","0","0","0","0","0","0","0","0","0","0","0","0","0","0","0","0","0","0","0","0","0","0","0","0","0","0","0","0","0","0","0","0","0","0","0","0","0","0","0","0","0","0","0","0","0","0","0","0","0","0","0","0","0","0","0","0","0","0","0","0","0"
"SEMA7A__endothelial","0","0","0","0","0","0","0","0","0","0","0","0","0","0","0","0","0","0","0","0","0","0","3.07087662823954","0","0","0","0","0","0","0","0","0","0","0","0","0","0","0","0","0","0","0","0","2.29911821197928","0","0","0","0","0","0","0","0","0","0","0","0","0","0","0","0","0","0","0","0","0","0","0","0","0","0","0","0","0","0","0","0","0","0","0","0","0","0","0","0","0","0","0","0","0","0","0","0","0","0","0","0","0","0","0","0","0","0","0","0","0","0","0","0","0","0","0","0","0","0","0","3.38424114969754","0","0","0","0","0","0","0","0","0","2.45398720231182","0","0","0","0","0","0","0","0","0","0","0","0","0","0","0","0","0","0","0","0","0","0","0","0","0","0","0","0","1.84335611863988","0","0","0","0","0","0","0","0","0","0","0","0","0","0","0","0","0","0","0","0","0","0","3.06774460663583","0","0","0","0","0","0","0","0","0","0","0","0","0","0","0","0","0","0","0","3.39973713832982","0","0","0","0","0","0","0","2.69031550086738","0","0","0","0","0","0","0","0","0","0","0","0","0","0","2.96207751685625","0","0","0","0","0","3.77558307254435","0","0","0","0","0","0","0","0","0","0","0","0","0","0","0","0","0","0","0","0","0","0","0","0","0","1.80207674618489","0","0","0","0","0","0","0","0","0","0","0","0","1.9728404970542","0","0","0","0","0","0","0","0","0","0","0","0","0","0","0","0","0","0","0","0","0","0","0","2.2957431299265","0","0","0","0","0","0","3.15801764979612","0","0","0","0","0","0","0","0","0","0","0","0","0","0","0","0","0","2.89353077433703","0","0","0","0","0","0","0","0","0","0","0","0","0","0","0","0","0","0","0","0","0","0","0","0","0","0","0","0","0","0","0","0","0","0","0","0","0","0","2.67819363954456","0","0","0","0","0","0","0","0","0","0","0","0","0","0","0","0","0","0","0","0","0","0","0","0","0","2.77747555440897","0","0","0","0","2.81916676875277","0","0","0","0","0","0","0","0","0","0","0","0","0","4.29631192997678","0","0","0","0","0","0","0","0","3.25627596658835","0","0","0","0","0","0","0","0","0","0","0","0","0","0","0","0","0","0","0","0","0","2.9599914547136","0","0","4.20095189706294","0","0","0","0","2.22333752129877","0","0","0","0","0","0","0","0","0","0","0","0","0","0","0","0","0","3.8988372530966","0","0","0","0","0","1.53691988081479","0","0","0","0","0","0","0","0","0","0","0","0","0","0","0","0","0","0","0","0","0","0","0","0","0","0","0","0","0","0","0","0","0","0","0","0","0","0","0","0","0","0","0","0","0","0","0","0","0","0","0","0","0","0","0","0","0","0","0","0","0"
"COL4A2__endothelial","0","0","0","0","0","0","0","0","0","0","0","0","0","0","0","0","0","0","0","0","0","0","3.07087662823954","0","0","0","0","0","0","0","0","0","0","0","0","0","0","0","0","0","0","0","0","4.36512161199068","0","0","0","0","0","0","0","0","0","0","0","0","0","0","0","0","0","0","0","0","0","0","0","0","0","0","0","0","0","0","0","0","0","0","0","0","0","0","0","0","0","0","4.91888503436681","0","0","0","0","0","0","0","0","0","0","0","0","0","0","0","0","0","0","0","0","0","0","0","0","0","0","0","0","3.92239550164821","5.12508506527041","0","0","0","0","0","0","0","0","2.45398720231182","0","0","0","0","0","0","0","0","0","0","0","0","0","0","0","0","0","0","0","0","0","0","0","0","0","0","0","0","4.88131326942181","0","0","0","0","0","0","0","0","0","0","0","0","4.01359760340072","0","0","0","0","0","0","0","0","0","3.06774460663583","0","0","0","0","0","0","0","0","0","0","0","0","0","0","0","0","0","0","0","3.93839967758287","0","0","0","0","0","0","0","4.99589560166726","0","0","0","0","0","0","4.79875724586057","0","0","0","0","0","0","0","2.46683639985905","0","0","0","0","0","3.59790922176478","0","0","0","0","0","0","0","0","0","0","0","0","0","0","0","0","0","0","0","0","0","0","0","0","0","3.45271058251943","0","0","0","0","0","0","0","0","0","0","3.65597180930146","0","2.77627341278284","0","0","0","0","0","0","0","0","0","0","0","0","0","0","0","0","0","0","0","0","0","0","0","2.2957431299265","0","0","0","0","0","0","3.68807242295263","0","0","0","0","0","0","0","0","0","0","0","0","0","0","0","0","0","2.89353077433703","0","0","0","3.00316034089333","0","0","0","0","0","0","0","0","0","0","0","0","0","0","0","0","0","0","0","0","0","0","0","0","0","0","0","0","0","0","0","0","0","0","3.56084700491156","0","0","0","0","0","0","0","4.32615042719488","0","0","0","0","0","0","0","0","0","0","0","0","0","0","0","0","0","2.77747555440897","0","0","0","0","4.26097710529873","0","0","0","0","0","0","0","0","0","0","0","0","0","3.36793144438577","0","0","0","0","0","0","0","0","2.74489777002788","0","0","0","0","0","0","0","0","0","0","0","0","0","0","0","0","0","0","0","0","0","3.39144754331865","0","0","5.16118666436461","0","0","0","0","2.22333752129877","0","0","0","0","5.13013266069207","0","0","0","0","0","0","0","0","0","0","0","0","0","0","0","0","0","0","3.39351454467069","0","0","0","0","0","0","0","0","0","0","0","0","0","0","0","0","0","0","0","0","0","0","0","0","0","0","0","0","0","0","0","0","0","0","0","0","0","0","0","0","0","0","0","0","0","0","0","0","0","0","0","0","0","0","0","0","0","0","0","0","0"
"PLTP__endothelial","0","0","0","0","0","0","0","0","0","0","0","0","0","0","0","0","0","0","0","0","0","0","3.07087662823954","0","0","0","0","0","0","0","0","0","0","0","0","0","0","0","0","0","0","0","0","5.32968643450836","0","0","0","0","0","0","0","0","0","0","0","0","0","0","0","0","0","0","0","0","0","0","0","0","0","0","0","0","0","0","0","0","0","0","0","0","0","0","0","0","0","0","5.36525084464786","0","0","0","0","0","0","0","0","0","0","0","0","0","0","0","0","0","0","0","0","0","0","0","0","0","0","0","0","5.59116846218367","5.98063983822736","0","0","0","0","0","0","0","0","5.44470653534577","0","0","0","0","0","0","0","0","0","0","0","0","0","0","0","0","0","0","0","0","0","0","0","0","0","0","0","0","6.2974326270936","0","0","0","0","0","0","0","0","0","0","0","0","6.39803107397315","0","0","0","0","0","0","0","0","0","4.74664350806856","0","0","0","0","0","0","0","0","0","0","0","0","0","0","0","0","0","0","0","5.9796117878983","0","0","0","0","0","0","0","4.62271742271657","0","0","0","0","0","0","6.1450138638125","0","0","0","0","0","0","0","4.92761026859244","0","0","0","0","0","4.07628696284087","0","0","0","0","0","0","0","0","0","0","0","0","0","0","0","0","0","0","0","0","0","0","0","0","0","3.99306842614583","0","0","0","0","0","0","0","0","0","0","5.97488607055982","0","4.4247753731498","0","0","0","0","0","0","0","0","0","0","0","0","0","0","0","0","0","0","0","0","0","0","0","3.8762948886848","0","0","0","0","0","0","5.71477178709737","0","0","0","0","0","0","0","0","0","0","0","0","0","0","0","0","0","4.5550822663139","0","0","0","6.28896723144791","0","0","0","0","0","0","0","0","0","0","0","0","0","0","0","0","0","0","0","0","0","0","0","0","0","0","0","0","0","0","0","0","0","0","6.0401577630186","0","0","0","0","0","0","0","4.65857854137499","0","0","0","0","0","0","0","0","0","0","0","0","0","0","0","0","0","3.66823610021157","0","0","0","0","5.7139472445484","0","0","0","0","0","0","0","0","0","0","0","0","0","5.42485633118553","0","0","0","0","0","0","0","0","4.88347958292701","0","0","0","0","0","0","0","0","0","0","0","0","0","0","0","0","0","0","0","0","0","4.32101470768313","0","0","4.20095189706294","0","0","0","0","4.63536035342509","0","0","0","0","2.8451020036813","0","0","0","0","0","0","0","0","0","0","0","0","4.94584520952277","0","0","0","0","0","4.32318504680639","0","0","0","0","0","0","0","0","0","0","0","0","0","0","0","0","0","0","0","0","0","0","0","0","0","0","0","0","0","0","0","0","0","0","0","0","0","0","0","0","0","0","0","0","0","0","0","0","0","0","0","0","0","0","0","0","0","0","0","0","0"
"HSPG2__endothelial","0","0","0","0","0","0","0","0","0","0","0","0","0","0","0","0","0","0","0","0","0","0","0","0","0","0","0","0","0","0","0","0","0","0","0","0","0","0","0","0","0","0","0","3.14455828128389","0","0","0","0","0","0","0","0","0","0","0","0","0","0","0","0","0","0","0","0","0","0","0","0","0","0","0","0","0","0","0","0","0","0","0","0","0","0","0","0","0","0","3.58122124079596","0","0","0","0","0","0","0","0","0","0","0","0","0","0","0","0","0","0","0","0","0","0","0","0","0","0","0","0","3.38424114969754","0","0","0","0","0","0","0","0","0","2.45398720231182","0","0","0","0","0","0","0","0","0","0","0","0","0","0","0","0","0","0","0","0","0","0","0","0","0","0","0","0","2.62687751335225","0","0","0","0","0","0","0","0","0","0","0","0","4.01359760340072","0","0","0","0","0","0","0","0","0","3.06774460663583","0","0","0","0","0","0","0","0","0","0","0","0","0","0","0","0","0","0","0","0","0","0","0","0","0","0","0","3.9584208962486","0","0","0","0","0","0","0","0","0","0","0","0","0","0","0","0","0","0","0","0","2.06134887355808","0","0","0","0","0","0","0","0","0","0","0","0","0","0","0","0","0","0","0","0","0","0","0","0","0","0","0","0","0","0","0","0","0","0","0","0","0","0","1.30024154995135","0","0","0","0","0","0","0","0","0","0","0","0","0","0","0","0","0","0","0","0","0","0","0","0","0","0","0","0","0","0","2.31121591065604","0","0","0","0","0","0","0","0","0","0","0","0","0","0","0","0","0","0","0","0","0","0","0","0","0","0","0","0","0","0","0","0","0","0","0","0","0","0","0","0","0","0","0","0","0","0","0","0","0","0","0","0","0","0","0","0","0","0","0","0","0","0","0","0","2.15872595321565","0","0","0","0","0","0","0","0","0","0","0","0","0","0","0","0","0","0","0","0","0","0","0","0","0","0","0","0","0","0","0","0","0","0","0","0","2.50131293713632","0","0","0","0","0","0","0","0","0","0","0","0","0","0","0","0","0","0","0","0","0","0","0","0","0","0","0","0","0","0","2.34162035879779","0","0","4.20095189706294","0","0","0","0","0","0","0","0","0","2.8451020036813","0","0","0","0","0","0","0","0","0","0","0","0","0","0","0","0","0","0","2.26408194180178","0","0","0","0","0","0","0","0","0","0","0","0","0","0","0","0","0","0","0","0","0","0","0","0","0","0","0","0","0","0","0","0","0","0","0","0","0","0","0","0","0","0","0","0","0","0","0","0","0","0","0","0","0","0","0","0","0","0","0","0","0"
"NID1__endothelial","0","0","0","0","0","0","0","0","0","0","0","0","0","0","0","0","0","0","0","0","0","0","0","0","0","0","0","0","0","0","0","0","0","0","0","0","0","0","0","0","0","0","0","0","0","0","0","0","0","0","0","0","0","0","0","0","0","0","0","0","0","0","0","0","0","0","0","0","0","0","0","0","0","0","0","0","0","0","0","0","0","0","0","0","0","0","3.58122124079596","0","0","0","0","0","0","0","0","0","0","0","0","0","0","0","0","0","0","0","0","0","0","0","0","0","0","0","0","0","0","0","0","0","0","0","0","0","0","0","0","0","0","0","0","0","0","0","0","0","0","0","0","0","0","0","0","0","0","0","0","0","0","0","0","0","0","0","2.62687751335225","0","0","0","0","0","0","0","0","0","0","0","0","0","0","0","0","0","0","0","0","0","0","0","0","0","0","0","0","0","0","0","0","0","0","0","0","0","0","0","0","0","0","3.39973713832982","0","0","0","0","0","0","0","3.33498424771281","0","0","0","0","0","0","3.5525556868736","0","0","0","0","0","0","0","0","0","0","0","0","0","3.15937228162594","0","0","0","0","0","0","0","0","0","0","0","0","0","0","0","0","0","0","0","0","0","0","0","0","0","0.871112513737512","0","0","0","0","0","0","0","0","0","0","3.12712872812258","0","1.9728404970542","0","0","0","0","0","0","0","0","0","0","0","0","0","0","0","0","0","0","0","0","0","0","0","0","0","0","0","0","0","0","0","0","0","0","0","0","0","0","0","0","0","0","0","0","0","0","0","0","0","0","0","0","0","0","0","0","0","0","0","0","0","0","0","0","0","0","0","0","0","0","0","0","0","0","0","0","0","0","0","0","0","0","0","0","0","0","0","3.56084700491156","0","0","0","0","0","0","0","2.98739493839873","0","0","0","0","0","0","0","0","0","0","0","0","0","0","0","0","0","0","0","0","0","0","2.81916676875277","0","0","0","0","0","0","0","0","0","0","0","0","0","0","0","0","0","0","0","0","0","0","3.93154645148769","0","0","0","0","0","0","0","0","0","0","0","0","0","0","0","0","0","0","0","0","0","1.23648569833343","0","0","0","0","0","0","0","1.50327870312745","0","0","0","0","3.74104992206457","0","0","0","0","0","0","0","0","0","0","0","0","2.79996068299654","0","0","0","0","0","2.7452867753738","0","0","0","0","0","0","0","0","0","0","0","0","0","0","0","0","0","0","0","0","0","0","0","0","0","0","0","0","0","0","0","0","0","0","0","0","0","0","0","0","0","0","0","0","0","0","0","0","0","0","0","0","0","0","0","0","0","0","0","0","0"
"LAMB2__endothelial","0","0","0","0","0","0","0","0","0","0","0","0","0","0","0","0","0","0","0","0","0","0","3.07087662823954","0","0","0","0","0","0","0","0","0","0","0","0","0","0","0","0","0","0","0","0","3.14455828128389","0","0","0","0","0","0","0","0","0","0","0","0","0","0","0","0","0","0","0","0","0","0","0","0","0","0","0","0","0","0","0","0","0","0","0","0","0","0","0","0","0","0","0","0","0","0","0","0","0","0","0","0","0","0","0","0","0","0","0","0","0","0","0","0","0","0","0","0","0","0","0","0","0","0","0","0","0","0","0","0","0","2.45398720231182","0","0","0","0","0","0","0","0","0","0","0","0","0","0","0","0","0","0","0","0","0","0","0","0","0","0","0","0","2.62687751335225","0","0","0","0","0","0","0","0","0","0","0","0","0","0","0","0","0","0","0","0","0","0","2.23029761942179","0","0","0","0","0","0","0","0","0","0","0","0","0","0","0","0","0","0","0","0","0","0","0","0","0","0","0","2.69031550086738","0","0","0","0","0","0","3.5525556868736","0","0","0","0","0","0","0","2.46683639985905","0","0","0","0","0","2.06134887355808","0","0","0","0","0","0","0","0","0","0","0","0","0","0","0","0","0","0","0","0","0","0","0","0","0","1.41042015239865","0","0","0","0","0","0","0","0","0","0","0","0","1.9728404970542","0","0","0","0","0","0","0","0","0","0","0","0","0","0","0","0","0","0","0","0","0","0","0","2.2957431299265","0","0","0","0","0","0","3.15801764979612","0","0","0","0","0","0","0","0","0","0","0","0","0","0","0","0","0","0","0","0","0","0","0","0","0","0","0","0","0","0","0","0","0","0","0","0","0","0","0","0","0","0","0","0","0","0","0","0","0","0","0","0","0","0","0","0","0","0","0","0","0","0","0","0","0","0","0","0","0","0","0","0","0","0","0","0","0","0","0","0","0","0","0","0","0","0","0","0","0","0","0","0","0","0","0","0","0","0","0","0","0","0","0","0","0","0","0","0","0","0","0","0","0","0","0","0","0","0","0","0","0","0","0","0","0","0","0","0","0","0","0","0","1.23648569833343","0","0","0","0","0","0","0","0","0","0","0","0","2.8451020036813","0","0","0","0","0","0","0","0","0","0","0","0","1.57921470411084","0","0","0","0","0","0","0","0","0","0","0","0","0","0","0","0","0","0","0","0","0","0","0","0","0","0","0","0","0","0","0","0","0","0","0","0","0","0","0","0","0","0","0","0","0","0","0","0","0","0","0","0","0","0","0","0","0","0","0","0","0","0","0","0","0","0","0"
"CDH5__endothelial","0","0","0","0","0","0","0","0","0","0","0","0","0","0","0","0","0","0","0","0","0","0","3.07087662823954","0","0","0","0","0","0","0","0","0","0","0","0","0","0","0","0","0","0","0","0","3.14455828128389","0","0","0","0","0","0","0","0","0","0","0","0","0","0","0","0","0","0","0","0","0","0","0","0","0","0","0","0","0","0","0","0","0","0","0","0","0","0","0","0","0","0","0","0","0","0","0","0","0","0","0","0","0","0","0","0","0","0","0","0","0","0","0","0","0","0","0","0","0","0","0","3.38424114969754","3.62052014210521","0","0","0","0","0","0","0","0","0","0","0","0","0","0","0","0","0","0","0","0","0","0","0","0","0","0","0","0","0","0","0","0","0","0","0","0","0","3.80138544818711","0","0","0","0","0","0","0","0","0","0","0","0","0","0","0","0","0","0","0","0","0","0","0","0","0","0","0","0","0","0","0","0","0","0","0","0","0","0","0","0","0","0","0","0","0","0","0","0","0","0","2.2129937233342","0","0","0","0","0","0","3.5525556868736","0","0","0","0","0","0","0","0","0","0","0","0","0","2.06134887355808","0","0","0","0","0","0","0","0","0","0","0","0","0","0","0","0","0","0","0","0","0","0","0","0","0","0.871112513737512","0","0","0","0","0","0","0","0","0","0","4.34641514025614","0","2.42977752741612","0","0","0","0","0","0","0","0","0","0","0","0","0","0","0","0","0","0","0","0","0","0","0","0","0","0","0","0","0","0","0","0","0","0","0","0","0","0","0","0","0","0","0","0","0","0","0","0","0","0","0","0","3.91026137994776","0","0","0","0","0","0","0","0","0","0","0","0","0","0","0","0","0","0","0","0","0","0","0","0","0","0","0","0","0","0","0","0","0","0","3.56084700491156","0","0","0","0","0","0","0","2.15872595321565","0","0","0","0","0","0","0","0","0","0","0","0","0","0","0","0","0","0","0","0","0","0","2.81916676875277","0","0","0","0","0","0","0","0","0","0","0","0","0","0","0","0","0","0","0","0","0","0","2.74489777002788","0","0","0","0","0","0","0","0","0","0","0","0","0","0","0","0","0","0","0","0","0","1.89238224187389","0","0","0","0","0","0","0","2.22333752129877","0","0","0","0","3.36153685221107","0","0","0","0","0","0","0","0","0","0","0","0","1.57921470411084","0","0","0","0","0","2.26408194180178","0","0","0","0","0","0","0","0","0","0","0","0","0","0","0","0","0","0","0","0","0","0","0","0","0","0","0","0","0","0","0","0","0","0","0","0","0","0","0","0","0","0","0","0","0","0","0","0","0","0","0","0","0","0","0","0","0","0","0","0","0"
"DLL4__endothelial","0","0","0","0","0","0","0","0","0","0","0","0","0","0","0","0","0","0","0","0","0","0","0","0","0","0","0","0","0","0","0","0","0","0","0","0","0","0","0","0","0","0","0","3.67408839119414","0","0","0","0","0","0","0","0","0","0","0","0","0","0","0","0","0","0","0","0","0","0","0","0","0","0","0","0","0","0","0","0","0","0","0","0","0","0","0","0","0","0","3.05530226595198","0","0","0","0","0","0","0","0","0","0","0","0","0","0","0","0","0","0","0","0","0","0","0","0","0","0","0","0","0","0","0","0","0","0","0","0","0","0","0","0","0","0","0","0","0","0","0","0","0","0","0","0","0","0","0","0","0","0","0","0","0","0","0","0","0","0","0","2.62687751335225","0","0","0","0","0","0","0","0","0","0","0","0","4.01359760340072","0","0","0","0","0","0","0","0","0","0","0","0","0","0","0","0","0","0","0","0","0","0","0","0","0","0","0","0","0","0","0","0","0","0","0","0","0","0","0","0","0","0","0","0","3.5525556868736","0","0","0","0","0","0","0","0","0","0","0","0","0","0","0","0","0","0","0","0","0","0","0","0","0","0","0","0","0","0","0","0","0","0","0","0","0","0","0","0","0","0","0","0","0","0","0","0","0","0","3.12712872812258","0","0","0","0","0","0","0","0","0","0","0","0","0","0","0","0","0","0","0","0","0","0","0","0","0","0","0","0","0","0","0","0","3.15801764979612","0","0","0","0","0","0","0","0","0","0","0","0","0","0","0","0","0","2.89353077433703","0","0","0","4.46287892025577","0","0","0","0","0","0","0","0","0","0","0","0","0","0","0","0","0","0","0","0","0","0","0","0","0","0","0","0","0","0","0","0","0","0","0","0","0","0","0","0","0","0","0","0","0","0","0","0","0","0","0","0","0","0","0","0","0","0","0","0","0","0","0","0","0","2.81916676875277","0","0","0","0","0","0","0","0","0","0","0","0","0","0","0","0","0","0","0","0","0","0","0","0","0","0","0","0","0","0","0","0","0","0","0","0","0","0","0","0","0","0","0","0","0","0","0","0","0","0","0","0","0","0","0","0","0","3.36153685221107","0","0","0","0","0","0","0","0","0","0","0","0","2.3150279858828","0","0","0","0","0","0","0","0","0","0","0","0","0","0","0","0","0","0","0","0","0","0","0","0","0","0","0","0","0","0","0","0","0","0","0","0","0","0","0","0","0","0","0","0","0","0","0","0","0","0","0","0","0","0","0","0","0","0","0","0","0","0","0","0","0","0","0"
"FN1__endothelial","0","0","0","0","0","0","0","0","0","0","0","0","0","0","0","0","0","0","0","0","0","0","2.23309622449886","0","0","0","0","0","0","0","0","0","0","0","0","0","0","0","0","0","0","0","0","0","0","0","0","0","0","0","0","0","0","0","0","0","0","0","0","0","0","0","0","0","0","0","0","0","0","0","0","0","0","0","0","0","0","0","0","0","0","0","0","0","0","0","0","0","0","0","0","0","0","0","0","0","0","0","0","0","0","0","0","0","0","0","0","0","0","0","0","0","0","0","0","2.51618976514003","2.73329305495545","0","0","0","0","0","0","0","0","2.45398720231182","0","0","0","0","0","0","0","0","0","0","0","0","0","0","0","0","0","0","0","0","0","0","0","0","0","0","0","0","2.62687751335225","0","0","0","0","0","0","0","0","0","0","0","0","4.01359760340072","0","0","0","0","0","0","0","0","0","0","0","0","0","0","0","0","0","0","0","0","0","0","0","0","0","0","0","0","0","4.63722479129205","0","0","0","0","0","0","0","2.2129937233342","0","0","0","0","0","0","0","0","0","0","0","0","0","0","0","0","0","0","0","0","1.37121412314157","0","0","0","0","0","0","0","0","0","0","0","0","0","0","0","0","0","0","0","0","0","0","0","0","0","2.93217129018453","0","0","0","0","0","0","0","0","0","0","4.81143525428302","0","4.69298054895881","0","0","0","0","0","0","0","0","0","0","0","0","0","0","0","0","0","0","0","0","0","0","0","3.14080104067393","0","0","0","0","0","0","5.03139939202599","0","0","0","0","0","0","0","0","0","0","0","0","0","0","0","0","0","0","0","0","0","0","0","0","0","0","0","0","0","0","0","0","0","0","0","0","0","0","0","0","0","0","0","0","0","0","0","0","0","0","0","0","0","0","0","0","5.06191615485204","0","0","0","0","0","0","0","2.98739493839873","0","0","0","0","0","0","0","0","0","0","0","0","0","0","0","0","0","3.29053839055907","0","0","0","0","3.71315617536401","0","0","0","0","0","0","0","0","0","0","0","0","0","0","0","0","0","0","0","0","0","0","0","0","0","0","0","0","0","0","0","0","0","0","0","0","0","0","0","0","0","0","0","0","3.19178879438325","0","0","4.20095189706294","0","0","0","0","1.50327870312745","0","0","0","0","3.36153685221107","0","0","0","0","0","0","0","0","0","0","0","0","1.57921470411084","0","0","0","0","0","1.53691988081479","0","0","0","0","0","0","0","0","0","0","0","0","0","0","0","0","0","0","0","0","0","0","0","0","0","0","0","0","0","0","0","0","0","0","0","0","0","0","0","0","0","0","0","0","0","0","0","0","0","0","0","0","0","0","0","0","0","0","0","0","0"
"LAMC1__endothelial","0","0","0","0","0","0","0","0","0","0","0","0","0","0","0","0","0","0","0","0","0","0","2.23309622449886","0","0","0","0","0","0","0","0","0","0","0","0","0","0","0","0","0","0","0","0","3.14455828128389","0","0","0","0","0","0","0","0","0","0","0","0","0","0","0","0","0","0","0","0","0","0","0","0","0","0","0","0","0","0","0","0","0","0","0","0","0","0","0","0","0","0","3.05530226595198","0","0","0","0","0","0","0","0","0","0","0","0","0","0","0","0","0","0","0","0","0","0","0","0","0","0","0","0","0","2.73329305495545","0","0","0","0","0","0","0","0","2.45398720231182","0","0","0","0","0","0","0","0","0","0","0","0","0","0","0","0","0","0","0","0","0","0","0","0","0","0","0","0","0","0","0","0","0","0","0","0","0","0","0","0","0","0","0","0","0","0","0","0","0","0","0","0","0","0","0","0","0","0","0","0","0","0","0","0","0","0","0","0","0","0","0","2.5303379916369","0","0","0","0","0","0","0","3.0483630215614","0","0","0","0","0","0","0","0","0","0","0","0","0","0","2.46683639985905","0","0","0","0","0","3.15937228162594","0","0","0","0","0","0","0","0","0","0","0","0","0","0","0","0","0","0","0","0","0","0","0","0","0","1.41042015239865","0","0","0","0","0","0","0","0","0","0","0","0","1.9728404970542","0","0","0","0","0","0","0","0","0","0","0","0","0","0","0","0","0","0","0","0","0","0","0","0","0","0","0","0","0","0","0","0","0","0","0","0","0","0","0","0","0","0","0","0","0","0","0","0","2.07568120009115","0","0","0","0","0","0","0","0","0","0","0","0","0","0","0","0","0","0","0","0","0","0","0","0","0","0","0","0","0","0","0","0","0","0","0","0","0","0","2.67819363954456","0","0","0","0","0","0","0","2.98739493839873","0","0","0","0","0","0","0","0","0","0","0","0","0","0","0","0","0","2.77747555440897","0","0","0","0","2.01034064374579","0","0","0","0","0","0","0","0","0","0","0","0","0","2.50131293713632","0","0","0","0","0","0","0","0","1.94549946950884","0","0","0","0","0","0","0","0","0","0","0","0","0","0","0","0","0","0","0","0","0","1.89238224187389","0","0","0","0","0","0","0","0","0","0","0","0","2.03308235495583","0","0","0","0","0","0","0","0","0","0","0","0","2.3150279858828","0","0","0","0","0","0","0","0","0","0","0","0","0","0","0","0","0","0","0","0","0","0","0","0","0","0","0","0","0","0","0","0","0","0","0","0","0","0","0","0","0","0","0","0","0","0","0","0","0","0","0","0","0","0","0","0","0","0","0","0","0","0","0","0","0","0","0"
"APLN__endothelial","0","0","0","0","0","0","0","0","0","0","0","0","0","0","0","0","0","0","0","0","0","0","2.23309622449886","0","0","0","0","0","0","0","0","0","0","0","0","0","0","0","0","0","0","0","0","4.06058997971447","0","0","0","0","0","0","0","0","0","0","0","0","0","0","0","0","0","0","0","0","0","0","0","0","0","0","0","0","0","0","0","0","0","0","0","0","0","0","0","0","0","0","0","0","0","0","0","0","0","0","0","0","0","0","0","0","0","0","0","0","0","0","0","0","0","0","0","0","0","0","0","2.51618976514003","0","0","0","0","0","0","0","0","0","1.69583424280838","0","0","0","0","0","0","0","0","0","0","0","0","0","0","0","0","0","0","0","0","0","0","0","0","0","0","0","0","0","0","0","0","0","0","0","0","0","0","0","0","0","0","0","0","0","0","0","0","0","0","0","0","0","0","0","0","0","0","0","0","0","0","0","0","0","0","0","0","0","0","0","0","0","0","0","0","0","0","0","2.2129937233342","0","0","0","0","0","0","2.6705517446666","0","0","0","0","0","0","0","1.70670777307353","0","0","0","0","0","1.37121412314157","0","0","0","0","0","0","0","0","0","0","0","0","0","0","0","0","0","0","0","0","0","0","0","0","0","1.41042015239865","0","0","0","0","0","0","0","0","0","0","0","0","1.30024154995135","0","0","0","0","0","0","0","0","0","0","0","0","0","0","0","0","0","0","0","0","0","0","0","0","0","0","0","0","0","0","2.31121591065604","0","0","0","0","0","0","0","0","0","0","0","0","0","0","0","0","0","0","0","0","0","0","0","0","0","0","0","0","0","0","0","0","0","0","0","0","0","0","0","0","0","0","0","0","0","0","0","0","0","0","0","0","0","0","0","0","2.67819363954456","0","0","0","0","0","0","0","2.63175745085712","0","0","0","0","0","0","0","0","0","0","0","0","0","0","0","0","0","0","0","0","0","0","2.81916676875277","0","0","0","0","0","0","0","0","0","0","0","0","0","0","0","0","0","0","0","0","0","0","1.94549946950884","0","0","0","0","0","0","0","0","0","0","0","0","0","0","0","0","0","0","0","0","0","2.34162035879779","0","0","0","0","0","0","0","0","0","0","0","0","2.8451020036813","0","0","0","0","0","0","0","0","0","0","0","0","0","0","0","0","0","0","0","0","0","0","0","0","0","0","0","0","0","0","0","0","0","0","0","0","0","0","0","0","0","0","0","0","0","0","0","0","0","0","0","0","0","0","0","0","0","0","0","0","0","0","0","0","0","0","0","0","0","0","0","0","0","0","0","0","0","0","0","0"
"ESAM__endothelial","0","0","0","0","0","0","0","0","0","0","0","0","0","0","0","0","0","0","0","0","0","0","2.23309622449886","0","0","0","0","0","0","0","0","0","0","0","0","0","0","0","0","0","0","0","0","3.14455828128389","0","0","0","0","0","0","0","0","0","0","0","0","0","0","0","0","0","0","0","0","0","0","0","0","0","0","0","0","0","0","0","0","0","0","0","0","0","0","0","0","0","0","0","0","0","0","0","0","0","0","0","0","0","0","0","0","0","0","0","0","0","0","0","0","0","0","0","0","0","0","0","2.51618976514003","0","0","0","0","0","0","0","0","0","2.45398720231182","0","0","0","0","0","0","0","0","0","0","0","0","0","0","0","0","0","0","0","0","0","0","0","0","0","0","0","0","2.62687751335225","0","0","0","0","0","0","0","0","0","0","0","0","0","0","0","0","0","0","0","0","0","0","3.06774460663583","0","0","0","0","0","0","0","0","0","0","0","0","0","0","0","0","0","0","0","4.32971779642136","0","0","0","0","0","0","0","3.33498424771281","0","0","0","0","0","0","2.6705517446666","0","0","0","0","0","0","0","3.33007126819598","0","0","0","0","0","3.3952397881217","0","0","0","0","0","0","0","0","0","0","0","0","0","0","0","0","0","0","0","0","0","0","0","0","0","0.871112513737512","0","0","0","0","0","0","0","0","0","0","4.04210916413061","0","2.77627341278284","0","0","0","0","0","0","0","0","0","0","0","0","0","0","0","0","0","0","0","0","0","0","0","1.56317483388238","0","0","0","0","0","0","0","0","0","0","0","0","0","0","0","0","0","0","0","0","0","0","0","0","2.89353077433703","0","0","0","3.91026137994776","0","0","0","0","0","0","0","0","0","0","0","0","0","0","0","0","0","0","0","0","0","0","0","0","0","0","0","0","0","0","0","0","0","0","3.56084700491156","0","0","0","0","0","0","0","2.98739493839873","0","0","0","0","0","0","0","0","0","0","0","0","0","0","0","0","0","1.97388957097043","0","0","0","0","4.01291426518819","0","0","0","0","0","0","0","0","0","0","0","0","0","3.36793144438577","0","0","0","0","0","0","0","0","1.94549946950884","0","0","0","0","0","0","0","0","0","0","0","0","0","0","0","0","0","0","0","0","0","1.89238224187389","0","0","0","0","0","0","0","1.50327870312745","0","0","0","0","4.68606726374108","0","0","0","0","0","0","0","0","0","0","0","0","3.16225617253632","0","0","0","0","0","2.26408194180178","0","0","0","0","0","0","0","0","0","0","0","0","0","0","0","0","0","0","0","0","0","0","0","0","0","0","0","0","0","0","0","0","0","0","0","0","0","0","0","0","0","0","0","0","0","0","0","0","0","0","0","0","0","0","0","0","0","0","0","0","0"
"LRRC4B__endothelial","0","0","0","0","0","0","0","0","0","0","0","0","0","0","0","0","0","0","0","0","0","0","2.23309622449886","0","0","0","0","0","0","0","0","0","0","0","0","0","0","0","0","0","0","0","0","0","0","0","0","0","0","0","0","0","0","0","0","0","0","0","0","0","0","0","0","0","0","0","0","0","0","0","0","0","0","0","0","0","0","0","0","0","0","0","0","0","0","0","2.21918622148164","0","0","0","0","0","0","0","0","0","0","0","0","0","0","0","0","0","0","0","0","0","0","0","0","0","0","0","0","2.51618976514003","0","0","0","0","0","0","0","0","0","0","0","0","0","0","0","0","0","0","0","0","0","0","0","0","0","0","0","0","0","0","0","0","0","0","0","0","0","0","0","0","0","0","0","0","0","0","0","0","0","0","0","0","0","0","0","0","0","0","0","0","0","3.06774460663583","0","0","0","0","0","0","0","0","0","0","0","0","0","0","0","0","0","0","0","0","0","0","0","0","0","0","0","1.49476469174958","0","0","0","0","0","0","0","0","0","0","0","0","0","0","2.96207751685625","0","0","0","0","0","1.37121412314157","0","0","0","0","0","0","0","0","0","0","0","0","0","0","0","0","0","0","0","0","0","0","0","0","0","1.80207674618489","0","0","0","0","0","0","0","0","0","0","0","0","1.9728404970542","0","0","0","0","0","0","0","0","0","0","0","0","0","0","0","0","0","0","0","0","0","0","0","1.56317483388238","0","0","0","0","0","0","2.31121591065604","0","0","0","0","0","0","0","0","0","0","0","0","0","0","0","0","0","0","0","0","0","0","0","0","0","0","0","0","0","0","0","0","0","0","0","0","0","0","0","0","0","0","0","0","0","0","0","0","0","0","0","0","0","0","0","0","0","0","0","0","0","0","0","0","1.45027523778389","0","0","0","0","0","0","0","0","0","0","0","0","0","0","0","0","0","0","0","0","0","0","2.01034064374579","0","0","0","0","0","0","0","0","0","0","0","0","0","0","0","0","0","0","0","0","0","0","1.94549946950884","0","0","0","0","0","0","0","0","0","0","0","0","0","0","0","0","0","0","0","0","0","2.34162035879779","0","0","0","0","0","0","0","0","0","0","0","0","2.03308235495583","0","0","0","0","0","0","0","0","0","0","0","0","0","0","0","0","0","0","2.26408194180178","0","0","0","0","0","0","0","0","0","0","0","0","0","0","0","0","0","0","0","0","0","0","0","0","0","0","0","0","0","0","0","0","0","0","0","0","0","0","0","0","0","0","0","0","0","0","0","0","0","0","0","0","0","0","0","0","0","0","0","0","0"
"RPH3A__endothelial","0","0","0","0","0","0","0","0","0","0","0","0","0","0","0","0","0","0","0","0","0","0","3.07087662823954","0","0","0","0","0","0","0","0","0","0","0","0","0","0","0","0","0","0","0","0","2.29911821197928","0","0","0","0","0","0","0","0","0","0","0","0","0","0","0","0","0","0","0","0","0","0","0","0","0","0","0","0","0","0","0","0","0","0","0","0","0","0","0","0","0","0","2.21918622148164","0","0","0","0","0","0","0","0","0","0","0","0","0","0","0","0","0","0","0","0","0","0","0","0","0","0","0","0","2.51618976514003","0","0","0","0","0","0","0","0","0","0","0","0","0","0","0","0","0","0","0","0","0","0","0","0","0","0","0","0","0","0","0","0","0","0","0","0","0","0","0","0","0","0","0","0","0","0","0","0","0","0","0","0","0","0","0","0","0","0","0","0","0","3.06774460663583","0","0","0","0","0","0","0","0","0","0","0","0","0","0","0","0","0","0","0","0","0","0","0","0","0","0","0","3.0483630215614","0","0","0","0","0","0","0","0","0","0","0","0","0","0","1.70670777307353","0","0","0","0","0","2.06134887355808","0","0","0","0","0","0","0","0","0","0","0","0","0","0","0","0","0","0","0","0","0","0","0","0","0","2.57880274840416","0","0","0","0","0","0","0","0","0","0","3.12712872812258","0","0","0","0","0","0","0","0","0","0","0","0","0","0","0","0","0","0","0","0","0","0","0","0","0","1.56317483388238","0","0","0","0","0","0","2.31121591065604","0","0","0","0","0","0","0","0","0","0","0","0","0","0","0","0","0","2.07568120009115","0","0","0","3.91026137994776","0","0","0","0","0","0","0","0","0","0","0","0","0","0","0","0","0","0","0","0","0","0","0","0","0","0","0","0","0","0","0","0","0","0","0","0","0","0","0","0","0","0","2.15872595321565","0","0","0","0","0","0","0","0","0","0","0","0","0","0","0","0","0","3.66823610021157","0","0","0","0","2.81916676875277","0","0","0","0","0","0","0","0","0","0","0","0","0","0","0","0","0","0","0","0","0","0","0","0","0","0","0","0","0","0","0","0","0","0","0","0","0","0","0","0","0","0","0","0","1.89238224187389","0","0","3.27733794386329","0","0","0","0","1.50327870312745","0","0","0","0","2.8451020036813","0","0","0","0","0","0","0","0","0","0","0","0","1.57921470411084","0","0","0","0","0","1.53691988081479","0","0","0","0","0","0","0","0","0","0","0","0","0","0","0","0","0","0","0","0","0","0","0","0","0","0","0","0","0","0","0","0","0","0","0","0","0","0","0","0","0","0","0","0","0","0","0","0","0","0","0","0","0","0","0","0","0","0","0","0","0"
"AGRN__mural","0","0","0","0","0","0","0","0","0","0","0","0","0","0","0","0","0","0","0","0","0","0","0","0","0","0","0","0","0","0","0","0","0","0","2.90158942986974","0","0","0","0","0","0","0","0","0","0","0","0","0","0","0","0","0","0","0","0","0","0","0","0","0","0","0","0","0","0","0","0","0","0","0","0","0","0","0","0","0","0","0","0","0","0","0","0","0","0","0","0","0","0","0","0","0","0","0","0","0","0","0","0","0","0","0","0","0","0","0","0","0","0","0","0","0","0","0","0","0","0","0","0","0","0","0","0","0","0","0","0","0","0","0","0","0","0","0","0","0","0","0","0","0","0","0","0","0","0","0","0","0","0","0","0","0","0","0","0","2.07981898156196","0","0","0","0","0","0","0","0","0","0","0","0","0","0","0","0","0","0","0","0","0","0","0","0","0","0","0","0","0","0","0","0","0","0","0","0","0","0","0","0","0","0","0","0","0","0","0","0","0","0","0","0","0","0","0","0","0","0","0","0","0","0","0","0","0","0","0","0","0","0","0","0","0","0","0","0","0","0","0","0","0","0","0","2.83935570363972","0","0","0","0","0","0","0","0","0","0","0","0","0","0","0","0","0","0","0","0","0","0","0","0","0","0","0","0","0","0","0","0","0","0","0","0","0","0","0","0","0","2.3203904501472","0","0","0","0","0","0","0","0","0","0","0","0","0","0","0","0","0","0","0","0","0","0","0","0","0","0","0","0","0","0","0","0","0","0","0","0","0","0","0","0","0","0","0","0","0","3.17220707019835","0","0","0","0","0","0","0","0","0","0","0","0","0","0","0","0","0","0","0","0","0","2.83554161175871","0","0","0","0","0","0","0","0","0","0","2.68699569439168","0","0","0","0","0","0","0","0","0","0","0","0","0","0","0","0","0","0","0","0","0","0","0","0","0","0","0","0","0","0","0","0","0","0","0","0","0","0","0","0","0","0","2.21093867503131","0","0","0","0","0","0","0","0","0","0","0","0","0","0","0","0","0","0","0","0","0","0","0","0","0","0","0","0","0","0","0","0","0","0","0","0","0","0","0","0","0","0","0","0","0","0","0","0","0","0","0","0","0","0","0","0","2.23625468282088","0","0","0","0","0","0","0","0","0","0","0","0","0","0","0","0","0","0","0","0","0","0","2.36520235608142","0","0","0","0","0","0","0","0","0","0","0","0","0","0","0","0","0","0","0","0","0","0","0","0","0","0","0","0","0","0","0","0","0","0","0","0","0","0","0"
"CSPG4__mural","0","0","0","0","0","0","0","0","0","0","0","0","0","0","0","0","0","0","0","0","0","0","0","0","0","0","0","0","0","0","0","0","0","0","0","0","0","0","0","0","0","0","0","0","0","0","0","0","0","0","0","0","0","0","0","0","0","0","0","0","0","0","0","0","0","0","0","0","0","0","0","0","0","0","0","0","0","0","0","0","0","0","0","0","0","0","0","0","0","0","0","0","0","0","0","0","0","0","0","0","0","0","0","0","0","0","0","0","0","0","0","0","0","0","0","0","0","0","0","0","0","0","0","0","0","0","0","0","0","0","0","0","0","0","0","0","0","0","0","0","0","0","0","0","0","0","0","0","0","0","0","0","0","0","0","2.89822448779855","0","0","0","0","0","0","0","0","0","0","0","0","0","0","0","0","0","0","0","0","0","0","0","0","0","0","0","0","0","0","0","0","0","0","0","0","0","0","0","0","0","0","0","0","0","0","0","0","0","0","0","0","0","0","0","0","0","0","0","0","0","0","0","0","0","0","0","0","0","0","0","0","0","0","0","0","0","0","0","0","0","0","0","3.3555104333858","0","0","0","0","0","0","0","0","0","0","0","0","0","0","0","0","0","0","0","0","0","0","0","0","0","0","0","0","0","0","0","0","0","0","0","0","0","0","0","0","0","2.3203904501472","0","0","0","0","0","0","0","0","0","0","0","0","0","0","0","0","0","0","0","0","0","0","0","0","0","0","0","0","0","0","0","0","0","0","0","0","0","0","0","0","0","0","0","0","0","2.66512706254909","0","0","0","0","0","0","0","0","0","0","0","0","0","0","0","0","0","0","0","0","0","2.83554161175871","0","0","0","0","0","0","0","0","0","0","4.11429452574036","0","0","0","0","0","0","0","0","0","0","0","0","0","0","0","0","0","0","0","0","0","0","0","0","0","0","0","0","0","0","0","0","0","0","0","0","0","0","0","0","0","0","0","0","0","0","0","0","0","0","0","0","0","0","0","0","0","0","0","0","0","0","0","0","0","0","0","0","0","0","0","0","0","0","0","0","0","0","0","0","0","0","0","0","0","0","0","0","0","0","0","0","0","0","0","0","0","0","0","2.71536281073221","0","0","0","0","0","0","0","0","0","0","0","0","0","0","0","0","0","0","0","0","0","0","3.21792835737219","0","0","0","0","0","0","0","0","0","0","0","0","0","0","0","0","0","0","0","0","0","0","0","0","0","0","0","0","0","0","0","0","0","0","0","0","0","0","0"
"IGFBP4__mural","0","0","0","0","0","0","0","0","0","0","0","0","0","0","0","0","0","0","0","0","0","0","0","0","0","0","0","0","0","0","0","0","0","0","0","0","0","0","0","0","0","0","0","0","0","0","0","0","0","0","0","0","0","0","0","0","0","0","0","0","0","0","0","0","0","0","0","0","0","0","0","0","0","0","0","0","0","0","0","0","0","0","0","0","0","0","0","0","0","0","0","0","0","0","0","0","0","0","0","0","0","0","0","0","0","0","0","0","0","0","0","0","0","0","0","0","0","0","0","0","0","0","0","0","0","0","0","0","0","0","0","0","0","0","0","0","0","0","0","0","0","0","0","0","0","0","0","0","0","0","0","0","0","0","0","0","0","0","0","0","0","0","0","0","0","0","0","0","0","0","0","0","0","0","0","0","0","0","0","0","0","0","0","0","0","0","0","0","0","0","0","0","0","0","0","0","0","0","0","0","0","0","0","0","0","0","0","0","0","0","0","0","0","0","0","0","0","0","0","0","0","0","0","0","0","0","0","0","0","0","0","0","0","0","0","0","0","0","0","0","0","0","0","0","0","0","0","0","0","0","0","0","0","0","0","0","0","0","0","0","0","0","0","0","0","0","0","0","0","0","0","0","0","0","0","0","0","0","0","0","0","2.3203904501472","0","0","0","0","0","0","0","0","0","0","0","0","0","0","0","0","0","0","0","0","0","0","0","0","0","0","0","0","0","0","0","0","0","0","0","0","0","0","0","0","0","0","0","0","0","2.66512706254909","0","0","0","0","0","0","0","0","0","0","0","0","0","0","0","0","0","0","0","0","0","0","0","0","0","0","0","0","0","0","0","0","0","0","0","0","0","0","0","0","0","0","0","0","0","0","0","0","0","0","0","0","0","0","0","0","0","0","0","0","0","0","0","0","0","0","0","0","0","0","0","0","0","0","0","3.04605936239703","0","0","0","0","0","0","0","0","0","0","0","0","0","0","0","0","0","0","0","0","0","0","0","0","0","0","0","0","0","0","0","0","0","0","0","0","0","0","0","0","0","0","0","0","0","0","0","0","0","0","0","0","0","0","0","0","2.23625468282088","0","0","0","0","0","0","0","0","0","0","0","0","0","0","0","0","0","0","0","0","0","0","0","0","0","0","0","0","0","0","0","0","0","0","0","0","0","0","0","0","0","0","0","0","0","0","0","0","0","0","0","0","0","0","0","0","0","0","0","0","0","0"
"MFNG__mural","0","0","0","0","0","0","0","0","0","0","0","0","0","0","0","0","0","0","0","0","0","0","0","0","0","0","0","0","0","0","0","0","0","0","3.80167435520601","0","0","0","0","0","0","0","0","0","0","0","0","0","0","0","0","0","0","0","0","0","0","0","0","0","0","0","0","0","0","0","0","0","0","0","0","0","0","0","0","0","0","0","0","0","0","0","0","0","0","0","0","0","0","0","0","0","0","0","0","0","0","0","0","0","0","0","0","0","0","0","0","0","0","0","0","0","0","0","0","0","0","0","0","0","0","0","0","0","0","0","0","0","0","0","0","0","0","0","0","0","0","0","0","0","0","0","0","0","0","0","0","0","0","0","0","0","0","0","0","0","0","0","0","0","0","0","0","0","0","0","0","0","0","0","0","0","0","0","0","0","0","0","0","0","0","0","0","0","0","0","0","0","0","0","0","0","0","0","0","0","0","0","0","0","0","0","0","0","0","0","0","0","0","0","0","0","0","0","0","0","0","0","0","0","0","0","0","0","0","0","0","0","0","0","0","0","0","0","0","0","0","0","0","0","0","0","0","0","0","0","0","0","0","0","0","0","0","0","0","0","0","0","0","0","0","0","0","0","0","0","0","0","0","0","0","0","0","0","0","0","0","0","0","0","0","2.3203904501472","0","0","0","0","0","0","0","0","0","0","0","0","0","0","0","0","0","0","0","0","0","0","0","0","0","0","0","0","0","0","0","0","0","0","0","0","0","0","0","0","0","0","0","0","0","2.66512706254909","0","0","0","0","0","0","0","0","0","0","0","0","0","0","0","0","0","0","0","0","0","0","0","0","0","0","0","0","0","0","0","0","0","0","0","0","0","0","0","0","0","0","0","0","0","0","0","0","0","0","0","0","0","0","0","0","0","0","0","0","0","0","0","0","0","0","0","0","0","0","0","0","0","0","0","0","0","0","0","0","0","0","0","0","0","0","0","0","0","0","0","0","0","0","0","0","0","0","0","0","0","0","0","0","0","0","0","0","0","0","0","0","0","0","0","0","0","0","0","0","0","0","0","0","0","0","0","0","0","0","0","0","2.23625468282088","0","0","0","0","0","0","0","0","0","0","0","0","0","0","0","0","0","0","0","0","0","0","0","0","0","0","0","0","0","0","0","0","0","0","0","0","0","0","0","0","0","0","0","0","0","0","0","0","0","0","0","0","0","0","0","0","0","0","0","0","0","0"
"RGMA__mural","0","0","0","0","0","0","0","0","0","0","0","0","0","0","0","0","0","0","0","0","0","0","0","0","0","0","0","0","0","0","0","0","0","0","0","0","0","0","0","0","0","0","0","0","0","0","0","0","0","0","0","0","0","0","0","0","0","0","0","0","0","0","0","0","0","0","0","0","0","0","0","0","0","0","0","0","0","0","0","0","0","0","0","0","0","0","0","0","0","0","0","0","0","0","0","0","0","0","0","0","0","0","0","0","0","0","0","0","0","0","0","0","0","0","0","0","0","0","0","0","0","0","0","0","0","0","0","0","0","0","0","0","0","0","0","0","0","0","0","0","0","0","0","0","0","0","0","0","0","0","0","0","0","0","0","0","0","0","0","0","0","0","0","0","0","0","0","0","0","0","0","0","0","0","0","0","0","0","0","0","0","0","0","0","0","0","0","0","0","0","0","0","0","0","0","0","0","0","0","0","0","0","0","0","0","0","0","0","0","0","0","0","0","0","0","0","0","0","0","0","0","0","0","0","0","0","0","0","0","0","0","0","0","0","0","0","0","0","0","0","0","0","0","0","0","0","0","0","0","0","0","0","0","0","0","0","0","0","0","0","0","0","0","0","0","0","0","0","0","0","0","0","0","0","0","0","0","0","0","0","0","0","0","0","0","0","0","0","0","0","0","0","0","0","0","0","0","0","0","0","0","0","0","0","0","0","0","0","0","0","0","0","0","0","0","0","0","0","0","0","0","0","0","0","0","0","0","0","0","0","0","0","0","0","0","0","0","0","0","0","0","0","0","0","0","0","0","0","0","2.83554161175871","0","0","0","0","0","0","0","0","0","0","3.57039246607316","0","0","0","0","0","0","0","0","0","0","0","0","0","0","0","0","0","0","0","0","0","0","0","0","0","0","0","0","0","0","0","0","0","0","0","0","0","0","0","0","0","0","3.04605936239703","0","0","0","0","0","0","0","0","0","0","0","0","0","0","0","0","0","0","0","0","0","0","0","0","0","0","0","0","0","0","0","0","0","0","0","0","0","0","0","0","0","0","0","0","0","0","0","0","0","0","0","0","0","0","0","0","1.51392597918306","0","0","0","0","0","0","0","0","0","0","0","0","0","0","0","0","0","0","0","0","0","0","0","0","0","0","0","0","0","0","0","0","0","0","0","0","0","0","0","0","0","0","0","0","0","0","0","0","0","0","0","0","0","0","0","0","0","0","0","0","0","0"
"SHANK1__mural","0","0","0","0","0","0","0","0","0","0","0","0","0","0","0","0","0","0","0","0","0","0","0","0","0","0","0","0","0","0","0","0","0","0","0","0","0","0","0","0","0","0","0","0","0","0","0","0","0","0","0","0","0","0","0","0","0","0","0","0","0","0","0","0","0","0","0","0","0","0","0","0","0","0","0","0","0","0","0","0","0","0","0","0","0","0","0","0","0","0","0","0","0","0","0","0","0","0","0","0","0","0","0","0","0","0","0","0","0","0","0","0","0","0","0","0","0","0","0","0","0","0","0","0","0","0","0","0","0","0","0","0","0","0","0","0","0","0","0","0","0","0","0","0","0","0","0","0","0","0","0","0","0","0","0","3.41719430241248","0","0","0","0","0","0","0","0","0","0","0","0","0","0","0","0","0","0","0","0","0","0","0","0","0","0","0","0","0","0","0","0","0","0","0","0","0","0","0","0","0","0","0","0","0","0","0","0","0","0","0","0","0","0","0","0","0","0","0","0","0","0","0","0","0","0","0","0","0","0","0","0","0","0","0","0","0","0","0","0","0","0","0","2.83935570363972","0","0","0","0","0","0","0","0","0","0","0","0","0","0","0","0","0","0","0","0","0","0","0","0","0","0","0","0","0","0","0","0","0","0","0","0","0","0","0","0","0","2.3203904501472","0","0","0","0","0","0","0","0","0","0","0","0","0","0","0","0","0","0","0","0","0","0","0","0","0","0","0","0","0","0","0","0","0","0","0","0","0","0","0","0","0","0","0","0","0","2.66512706254909","0","0","0","0","0","0","0","0","0","0","0","0","0","0","0","0","0","0","0","0","0","3.35150976620392","0","0","0","0","0","0","0","0","0","0","3.57039246607316","0","0","0","0","0","0","0","0","0","0","0","0","0","0","0","0","0","0","0","0","0","0","0","0","0","0","0","0","0","0","0","0","0","0","0","0","0","0","0","0","0","0","3.57159092471395","0","0","0","0","0","0","0","0","0","0","0","0","0","0","0","0","0","0","0","0","0","0","0","0","0","0","0","0","0","0","0","0","0","0","0","0","0","0","0","0","0","0","0","0","0","0","0","0","0","0","0","0","0","0","0","0","3.98612796015284","0","0","0","0","0","0","0","0","0","0","0","0","0","0","0","0","0","0","0","0","0","0","3.75025783693353","0","0","0","0","0","0","0","0","0","0","0","0","0","0","0","0","0","0","0","0","0","0","0","0","0","0","0","0","0","0","0","0","0","0","0","0","0","0","0"
"VASP__mural","0","0","0","0","0","0","0","0","0","0","0","0","0","0","0","0","0","0","0","0","0","0","0","0","0","0","0","0","0","0","0","0","0","0","0","0","0","0","0","0","0","0","0","0","0","0","0","0","0","0","0","0","0","0","0","0","0","0","0","0","0","0","0","0","0","0","0","0","0","0","0","0","0","0","0","0","0","0","0","0","0","0","0","0","0","0","0","0","0","0","0","0","0","0","0","0","0","0","0","0","0","0","0","0","0","0","0","0","0","0","0","0","0","0","0","0","0","0","0","0","0","0","0","0","0","0","0","0","0","0","0","0","0","0","0","0","0","0","0","0","0","0","0","0","0","0","0","0","0","0","0","0","0","0","0","2.89822448779855","0","0","0","0","0","0","0","0","0","0","0","0","0","0","0","0","0","0","0","0","0","0","0","0","0","0","0","0","0","0","0","0","0","0","0","0","0","0","0","0","0","0","0","0","0","0","0","0","0","0","0","0","0","0","0","0","0","0","0","0","0","0","0","0","0","0","0","0","0","0","0","0","0","0","0","0","0","0","0","0","0","0","0","0","0","0","0","0","0","0","0","0","0","0","0","0","0","0","0","0","0","0","0","0","0","0","0","0","0","0","0","0","0","0","0","0","0","0","0","0","0","0","0","0","0","2.3203904501472","0","0","0","0","0","0","0","0","0","0","0","0","0","0","0","0","0","0","0","0","0","0","0","0","0","0","0","0","0","0","0","0","0","0","0","0","0","0","0","0","0","0","0","0","0","2.66512706254909","0","0","0","0","0","0","0","0","0","0","0","0","0","0","0","0","0","0","0","0","0","2.83554161175871","0","0","0","0","0","0","0","0","0","0","0","0","0","0","0","0","0","0","0","0","0","0","0","0","0","0","0","0","0","0","0","0","0","0","0","0","0","0","0","0","0","0","0","0","0","0","0","0","0","0","0","0","0","2.21093867503131","0","0","0","0","0","0","0","0","0","0","0","0","0","0","0","0","0","0","0","0","0","0","0","0","0","0","0","0","0","0","0","0","0","0","0","0","0","0","0","0","0","0","0","0","0","0","0","0","0","0","0","0","0","0","0","0","2.23625468282088","0","0","0","0","0","0","0","0","0","0","0","0","0","0","0","0","0","0","0","0","0","0","0","0","0","0","0","0","0","0","0","0","0","0","0","0","0","0","0","0","0","0","0","0","0","0","0","0","0","0","0","0","0","0","0","0","0","0","0","0","0","0"
"GLG1__mural","0","0","0","0","0","0","0","0","0","0","0","0","0","0","0","0","0","0","0","0","0","0","0","0","0","0","0","0","0","0","0","0","0","0","0","0","0","0","0","0","0","0","0","0","0","0","0","0","0","0","0","0","0","0","0","0","0","0","0","0","0","0","0","0","0","0","0","0","0","0","0","0","0","0","0","0","0","0","0","0","0","0","0","0","0","0","0","0","0","0","0","0","0","0","0","0","0","0","0","0","0","0","0","0","0","0","0","0","0","0","0","0","0","0","0","0","0","0","0","0","0","0","0","0","0","0","0","0","0","0","0","0","0","0","0","0","0","0","0","0","0","0","0","0","0","0","0","0","0","0","0","0","0","0","0","2.89822448779855","0","0","0","0","0","0","0","0","0","0","0","0","0","0","0","0","0","0","0","0","0","0","0","0","0","0","0","0","0","0","0","0","0","0","0","0","0","0","0","0","0","0","0","0","0","0","0","0","0","0","0","0","0","0","0","0","0","0","0","0","0","0","0","0","0","0","0","0","0","0","0","0","0","0","0","0","0","0","0","0","0","0","0","0","0","0","0","0","0","0","0","0","0","0","0","0","0","0","0","0","0","0","0","0","0","0","0","0","0","0","0","0","0","0","0","0","0","0","0","0","0","0","0","0","0","0","0","0","0","0","0","0","0","0","0","0","0","0","0","0","0","0","0","0","0","0","0","0","0","0","0","0","0","0","0","0","0","0","0","0","0","0","0","0","0","0","0","0","0","0","0","2.66512706254909","0","0","0","0","0","0","0","0","0","0","0","0","0","0","0","0","0","0","0","0","0","2.83554161175871","0","0","0","0","0","0","0","0","0","0","3.57039246607316","0","0","0","0","0","0","0","0","0","0","0","0","0","0","0","0","0","0","0","0","0","0","0","0","0","0","0","0","0","0","0","0","0","0","0","0","0","0","0","0","0","0","0","0","0","0","0","0","0","0","0","0","0","0","0","0","0","0","0","0","0","0","0","0","0","0","0","0","0","0","0","0","0","0","0","0","0","0","0","0","0","0","0","0","0","0","0","0","0","0","0","0","0","0","0","0","0","0","0","2.23625468282088","0","0","0","0","0","0","0","0","0","0","0","0","0","0","0","0","0","0","0","0","0","0","0","0","0","0","0","0","0","0","0","0","0","0","0","0","0","0","0","0","0","0","0","0","0","0","0","0","0","0","0","0","0","0","0","0","0","0","0","0","0","0"
"DAG1__mural","0","0","0","0","0","0","0","0","0","0","0","0","0","0","0","0","0","0","0","0","0","0","0","0","0","0","0","0","0","0","0","0","0","0","2.90158942986974","0","0","0","0","0","0","0","0","0","0","0","0","0","0","0","0","0","0","0","0","0","0","0","0","0","0","0","0","0","0","0","0","0","0","0","0","0","0","0","0","0","0","0","0","0","0","0","0","0","0","0","0","0","0","0","0","0","0","0","0","0","0","0","0","0","0","0","0","0","0","0","0","0","0","0","0","0","0","0","0","0","0","0","0","0","0","0","0","0","0","0","0","0","0","0","0","0","0","0","0","0","0","0","0","0","0","0","0","0","0","0","0","0","0","0","0","0","0","0","0","2.89822448779855","0","0","0","0","0","0","0","0","0","0","0","0","0","0","0","0","0","0","0","0","0","0","0","0","0","0","0","0","0","0","0","0","0","0","0","0","0","0","0","0","0","0","0","0","0","0","0","0","0","0","0","0","0","0","0","0","0","0","0","0","0","0","0","0","0","0","0","0","0","0","0","0","0","0","0","0","0","0","0","0","0","0","0","0","0","0","0","0","0","0","0","0","0","0","0","0","0","0","0","0","0","0","0","0","0","0","0","0","0","0","0","0","0","0","0","0","0","0","0","0","0","0","0","0","0","2.3203904501472","0","0","0","0","0","0","0","0","0","0","0","0","0","0","0","0","0","0","0","0","0","0","0","0","0","0","0","0","0","0","0","0","0","0","0","0","0","0","0","0","0","0","0","0","0","0","0","0","0","0","0","0","0","0","0","0","0","0","0","0","0","0","0","0","0","0","0","2.83554161175871","0","0","0","0","0","0","0","0","0","0","0","0","0","0","0","0","0","0","0","0","0","0","0","0","0","0","0","0","0","0","0","0","0","0","0","0","0","0","0","0","0","0","0","0","0","0","0","0","0","0","0","0","0","0","0","0","0","0","0","0","0","0","0","0","0","0","0","0","0","0","0","0","0","0","0","0","0","0","0","0","0","0","0","0","0","0","0","0","0","0","0","0","0","0","0","0","0","0","0","0","0","0","0","0","0","0","0","0","0","0","2.23625468282088","0","0","0","0","0","0","0","0","0","0","0","0","0","0","0","0","0","0","0","0","0","0","3.21792835737219","0","0","0","0","0","0","0","0","0","0","0","0","0","0","0","0","0","0","0","0","0","0","0","0","0","0","0","0","0","0","0","0","0","0","0","0","0","0","0"
"GAS6__mural","0","0","0","0","0","0","0","0","0","0","0","0","0","0","0","0","0","0","0","0","0","0","0","0","0","0","0","0","0","0","0","0","0","0","4.74899611379514","0","0","0","0","0","0","0","0","0","0","0","0","0","0","0","0","0","0","0","0","0","0","0","0","0","0","0","0","0","0","0","0","0","0","0","0","0","0","0","0","0","0","0","0","0","0","0","0","0","0","0","0","0","0","0","0","0","0","0","0","0","0","0","0","0","0","0","0","0","0","0","0","0","0","0","0","0","0","0","0","0","0","0","0","0","0","0","0","0","0","0","0","0","0","0","0","0","0","0","0","0","0","0","0","0","0","0","0","0","0","0","0","0","0","0","0","0","0","0","0","0","0","0","0","0","0","0","0","0","0","0","0","0","0","0","0","0","0","0","0","0","0","0","0","0","0","0","0","0","0","0","0","0","0","0","0","0","0","0","0","0","0","0","0","0","0","0","0","0","0","0","0","0","0","0","0","0","0","0","0","0","0","0","0","0","0","0","0","0","0","0","0","0","0","0","0","0","0","0","0","0","0","0","0","0","0","0","0","0","0","0","0","0","0","0","0","0","0","0","0","0","0","0","0","0","0","0","0","0","0","0","0","0","0","0","0","0","0","0","0","0","0","0","0","0","0","2.3203904501472","0","0","0","0","0","0","0","0","0","0","0","0","0","0","0","0","0","0","0","0","0","0","0","0","0","0","0","0","0","0","0","0","0","0","0","0","0","0","0","0","0","0","0","0","0","0","0","0","0","0","0","0","0","0","0","0","0","0","0","0","0","0","0","0","0","0","0","2.83554161175871","0","0","0","0","0","0","0","0","0","0","2.68699569439168","0","0","0","0","0","0","0","0","0","0","0","0","0","0","0","0","0","0","0","0","0","0","0","0","0","0","0","0","0","0","0","0","0","0","0","0","0","0","0","0","0","0","0","0","0","0","0","0","0","0","0","0","0","0","0","0","0","0","0","0","0","0","0","0","0","0","0","0","0","0","0","0","0","0","0","0","0","0","0","0","0","0","0","0","0","0","0","0","0","0","0","0","0","0","0","0","0","0","0","2.23625468282088","0","0","0","0","0","0","0","0","0","0","0","0","0","0","0","0","0","0","0","0","0","0","0","0","0","0","0","0","0","0","0","0","0","0","0","0","0","0","0","0","0","0","0","0","0","0","0","0","0","0","0","0","0","0","0","0","0","0","0","0","0","0"
"BAG6__mural","0","0","0","0","0","0","0","0","0","0","0","0","0","0","0","0","0","0","0","0","0","0","0","0","0","0","0","0","0","0","0","0","0","0","0","0","0","0","0","0","0","0","0","0","0","0","0","0","0","0","0","0","0","0","0","0","0","0","0","0","0","0","0","0","0","0","0","0","0","0","0","0","0","0","0","0","0","0","0","0","0","0","0","0","0","0","0","0","0","0","0","0","0","0","0","0","0","0","0","0","0","0","0","0","0","0","0","0","0","0","0","0","0","0","0","0","0","0","0","0","0","0","0","0","0","0","0","0","0","0","0","0","0","0","0","0","0","0","0","0","0","0","0","0","0","0","0","0","0","0","0","0","0","0","0","0","0","0","0","0","0","0","0","0","0","0","0","0","0","0","0","0","0","0","0","0","0","0","0","0","0","0","0","0","0","0","0","0","0","0","0","0","0","0","0","0","0","0","0","0","0","0","0","0","0","0","0","0","0","0","0","0","0","0","0","0","0","0","0","0","0","0","0","0","0","0","0","0","0","0","0","0","0","0","0","0","0","0","0","0","0","0","0","0","0","0","0","0","0","0","0","0","0","0","0","0","0","0","0","0","0","0","0","0","0","0","0","0","0","0","0","0","0","0","0","0","0","0","0","0","0","2.3203904501472","0","0","0","0","0","0","0","0","0","0","0","0","0","0","0","0","0","0","0","0","0","0","0","0","0","0","0","0","0","0","0","0","0","0","0","0","0","0","0","0","0","0","0","0","0","2.66512706254909","0","0","0","0","0","0","0","0","0","0","0","0","0","0","0","0","0","0","0","0","0","2.0246933230237","0","0","0","0","0","0","0","0","0","0","0","0","0","0","0","0","0","0","0","0","0","0","0","0","0","0","0","0","0","0","0","0","0","0","0","0","0","0","0","0","0","0","0","0","0","0","0","0","0","0","0","0","0","0","0","0","0","0","0","0","0","0","0","0","0","0","0","0","0","0","0","0","0","0","0","0","0","0","0","0","0","0","0","0","0","0","0","0","0","0","0","0","0","0","0","0","0","0","0","0","0","0","0","0","0","0","0","0","0","0","2.71536281073221","0","0","0","0","0","0","0","0","0","0","0","0","0","0","0","0","0","0","0","0","0","0","3.21792835737219","0","0","0","0","0","0","0","0","0","0","0","0","0","0","0","0","0","0","0","0","0","0","0","0","0","0","0","0","0","0","0","0","0","0","0","0","0","0","0"
"GRN__mural","0","0","0","0","0","0","0","0","0","0","0","0","0","0","0","0","0","0","0","0","0","0","0","0","0","0","0","0","0","0","0","0","0","0","0","0","0","0","0","0","0","0","0","0","0","0","0","0","0","0","0","0","0","0","0","0","0","0","0","0","0","0","0","0","0","0","0","0","0","0","0","0","0","0","0","0","0","0","0","0","0","0","0","0","0","0","0","0","0","0","0","0","0","0","0","0","0","0","0","0","0","0","0","0","0","0","0","0","0","0","0","0","0","0","0","0","0","0","0","0","0","0","0","0","0","0","0","0","0","0","0","0","0","0","0","0","0","0","0","0","0","0","0","0","0","0","0","0","0","0","0","0","0","0","0","0","0","0","0","0","0","0","0","0","0","0","0","0","0","0","0","0","0","0","0","0","0","0","0","0","0","0","0","0","0","0","0","0","0","0","0","0","0","0","0","0","0","0","0","0","0","0","0","0","0","0","0","0","0","0","0","0","0","0","0","0","0","0","0","0","0","0","0","0","0","0","0","0","0","0","0","0","0","0","0","0","0","0","0","0","0","0","0","0","0","0","0","0","0","0","0","0","0","0","0","0","0","0","0","0","0","0","0","0","0","0","0","0","0","0","0","0","0","0","0","0","0","0","0","0","0","0","0","0","0","0","0","0","0","0","0","0","0","0","0","0","0","0","0","0","0","0","0","0","0","0","0","0","0","0","0","0","0","0","0","0","0","0","0","0","0","0","0","0","0","0","0","2.66512706254909","0","0","0","0","0","0","0","0","0","0","0","0","0","0","0","0","0","0","0","0","0","0","0","0","0","0","0","0","0","0","0","0","2.68699569439168","0","0","0","0","0","0","0","0","0","0","0","0","0","0","0","0","0","0","0","0","0","0","0","0","0","0","0","0","0","0","0","0","0","0","0","0","0","0","0","0","0","0","3.04605936239703","0","0","0","0","0","0","0","0","0","0","0","0","0","0","0","0","0","0","0","0","0","0","0","0","0","0","0","0","0","0","0","0","0","0","0","0","0","0","0","0","0","0","0","0","0","0","0","0","0","0","0","0","0","0","0","0","2.23625468282088","0","0","0","0","0","0","0","0","0","0","0","0","0","0","0","0","0","0","0","0","0","0","0","0","0","0","0","0","0","0","0","0","0","0","0","0","0","0","0","0","0","0","0","0","0","0","0","0","0","0","0","0","0","0","0","0","0","0","0","0","0","0"
"PTPRZ1__mural","0","0","0","0","0","0","0","0","0","0","0","0","0","0","0","0","0","0","0","0","0","0","0","0","0","0","0","0","0","0","0","0","0","0","3.80167435520601","0","0","0","0","0","0","0","0","0","0","0","0","0","0","0","0","0","0","0","0","0","0","0","0","0","0","0","0","0","0","0","0","0","0","0","0","0","0","0","0","0","0","0","0","0","0","0","0","0","0","0","0","0","0","0","0","0","0","0","0","0","0","0","0","0","0","0","0","0","0","0","0","0","0","0","0","0","0","0","0","0","0","0","0","0","0","0","0","0","0","0","0","0","0","0","0","0","0","0","0","0","0","0","0","0","0","0","0","0","0","0","0","0","0","0","0","0","0","0","0","0","0","0","0","0","0","0","0","0","0","0","0","0","0","0","0","0","0","0","0","0","0","0","0","0","0","0","0","0","0","0","0","0","0","0","0","0","0","0","0","0","0","0","0","0","0","0","0","0","0","0","0","0","0","0","0","0","0","0","0","0","0","0","0","0","0","0","0","0","0","0","0","0","0","0","0","0","0","0","0","0","0","0","0","2.83935570363972","0","0","0","0","0","0","0","0","0","0","0","0","0","0","0","0","0","0","0","0","0","0","0","0","0","0","0","0","0","0","0","0","0","0","0","0","0","0","0","0","0","1.58368124393988","0","0","0","0","0","0","0","0","0","0","0","0","0","0","0","0","0","0","0","0","0","0","0","0","0","0","0","0","0","0","0","0","0","0","0","0","0","0","0","0","0","0","0","0","0","0","0","0","0","0","0","0","0","0","0","0","0","0","0","0","0","0","0","0","0","0","0","0","0","0","0","0","0","0","0","0","0","0","0","0","0","0","0","0","0","0","0","0","0","0","0","0","0","0","0","0","0","0","0","0","0","0","0","0","0","0","0","0","0","0","0","0","0","0","0","0","0","0","0","0","0","2.21093867503131","0","0","0","0","0","0","0","0","0","0","0","0","0","0","0","0","0","0","0","0","0","0","0","0","0","0","0","0","0","0","0","0","0","0","0","0","0","0","0","0","0","0","0","0","0","0","0","0","0","0","0","0","0","0","0","0","1.51392597918306","0","0","0","0","0","0","0","0","0","0","0","0","0","0","0","0","0","0","0","0","0","0","0","0","0","0","0","0","0","0","0","0","0","0","0","0","0","0","0","0","0","0","0","0","0","0","0","0","0","0","0","0","0","0","0","0","0","0","0","0","0","0"
"SEMA7A__mural","0","0","0","0","0","0","0","0","0","0","0","0","0","0","0","0","0","0","0","0","0","0","0","0","0","0","0","0","0","0","0","0","0","0","0","0","0","0","0","0","0","0","0","0","0","0","0","0","0","0","0","0","0","0","0","0","0","0","0","0","0","0","0","0","0","0","0","0","0","0","0","0","0","0","0","0","0","0","0","0","0","0","0","0","0","0","0","0","0","0","0","0","0","0","0","0","0","0","0","0","0","0","0","0","0","0","0","0","0","0","0","0","0","0","0","0","0","0","0","0","0","0","0","0","0","0","0","0","0","0","0","0","0","0","0","0","0","0","0","0","0","0","0","0","0","0","0","0","0","0","0","0","0","0","0","2.89822448779855","0","0","0","0","0","0","0","0","0","0","0","0","0","0","0","0","0","0","0","0","0","0","0","0","0","0","0","0","0","0","0","0","0","0","0","0","0","0","0","0","0","0","0","0","0","0","0","0","0","0","0","0","0","0","0","0","0","0","0","0","0","0","0","0","0","0","0","0","0","0","0","0","0","0","0","0","0","0","0","0","0","0","0","0","0","0","0","0","0","0","0","0","0","0","0","0","0","0","0","0","0","0","0","0","0","0","0","0","0","0","0","0","0","0","0","0","0","0","0","0","0","0","0","0","0","2.3203904501472","0","0","0","0","0","0","0","0","0","0","0","0","0","0","0","0","0","0","0","0","0","0","0","0","0","0","0","0","0","0","0","0","0","0","0","0","0","0","0","0","0","0","0","0","0","2.66512706254909","0","0","0","0","0","0","0","0","0","0","0","0","0","0","0","0","0","0","0","0","0","0","0","0","0","0","0","0","0","0","0","0","0","0","0","0","0","0","0","0","0","0","0","0","0","0","0","0","0","0","0","0","0","0","0","0","0","0","0","0","0","0","0","0","0","0","0","0","0","0","0","0","0","0","0","0","0","0","0","0","0","0","0","0","0","0","0","0","0","0","0","0","0","0","0","0","0","0","0","0","0","0","0","0","0","0","0","0","0","0","0","0","0","0","0","0","0","0","0","0","0","0","0","0","0","0","0","0","0","0","0","0","1.51392597918306","0","0","0","0","0","0","0","0","0","0","0","0","0","0","0","0","0","0","0","0","0","0","2.36520235608142","0","0","0","0","0","0","0","0","0","0","0","0","0","0","0","0","0","0","0","0","0","0","0","0","0","0","0","0","0","0","0","0","0","0","0","0","0","0","0"
"ITGB1__mural","0","0","0","0","0","0","0","0","0","0","0","0","0","0","0","0","0","0","0","0","0","0","0","0","0","0","0","0","0","0","0","0","0","0","0","0","0","0","0","0","0","0","0","0","0","0","0","0","0","0","0","0","0","0","0","0","0","0","0","0","0","0","0","0","0","0","0","0","0","0","0","0","0","0","0","0","0","0","0","0","0","0","0","0","0","0","0","0","0","0","0","0","0","0","0","0","0","0","0","0","0","0","0","0","0","0","0","0","0","0","0","0","0","0","0","0","0","0","0","0","0","0","0","0","0","0","0","0","0","0","0","0","0","0","0","0","0","0","0","0","0","0","0","0","0","0","0","0","0","0","0","0","0","0","0","0","0","0","0","0","0","0","0","0","0","0","0","0","0","0","0","0","0","0","0","0","0","0","0","0","0","0","0","0","0","0","0","0","0","0","0","0","0","0","0","0","0","0","0","0","0","0","0","0","0","0","0","0","0","0","0","0","0","0","0","0","0","0","0","0","0","0","0","0","0","0","0","0","0","0","0","0","0","0","0","0","0","0","0","2.83935570363972","0","0","0","0","0","0","0","0","0","0","0","0","0","0","0","0","0","0","0","0","0","0","0","0","0","0","0","0","0","0","0","0","0","0","0","0","0","0","0","0","0","0","0","0","0","0","0","0","0","0","0","0","0","0","0","0","0","0","0","0","0","0","0","0","0","0","0","0","0","0","0","0","0","0","0","0","0","0","0","0","0","0","0","0","0","0","0","0","0","0","0","0","0","0","0","0","0","0","0","0","0","0","0","0","0","0","0","0","0","2.83554161175871","0","0","0","0","0","0","0","0","0","0","2.68699569439168","0","0","0","0","0","0","0","0","0","0","0","0","0","0","0","0","0","0","0","0","0","0","0","0","0","0","0","0","0","0","0","0","0","0","0","0","0","0","0","0","0","0","3.04605936239703","0","0","0","0","0","0","0","0","0","0","0","0","0","0","0","0","0","0","0","0","0","0","0","0","0","0","0","0","0","0","0","0","0","0","0","0","0","0","0","0","0","0","0","0","0","0","0","0","0","0","0","0","0","0","0","0","2.23625468282088","0","0","0","0","0","0","0","0","0","0","0","0","0","0","0","0","0","0","0","0","0","0","3.21792835737219","0","0","0","0","0","0","0","0","0","0","0","0","0","0","0","0","0","0","0","0","0","0","0","0","0","0","0","0","0","0","0","0","0","0","0","0","0","0","0"
"VTN__mural","0","0","0","0","0","0","0","0","0","0","0","0","0","0","0","0","0","0","0","0","0","0","0","0","0","0","0","0","0","0","0","0","0","0","0","0","0","0","0","0","0","0","0","0","0","0","0","0","0","0","0","0","0","0","0","0","0","0","0","0","0","0","0","0","0","0","0","0","0","0","0","0","0","0","0","0","0","0","0","0","0","0","0","0","0","0","0","0","0","0","0","0","0","0","0","0","0","0","0","0","0","0","0","0","0","0","0","0","0","0","0","0","0","0","0","0","0","0","0","0","0","0","0","0","0","0","0","0","0","0","0","0","0","0","0","0","0","0","0","0","0","0","0","0","0","0","0","0","0","0","0","0","0","0","0","5.718105864887","0","0","0","0","0","0","0","0","0","0","0","0","0","0","0","0","0","0","0","0","0","0","0","0","0","0","0","0","0","0","0","0","0","0","0","0","0","0","0","0","0","0","0","0","0","0","0","0","0","0","0","0","0","0","0","0","0","0","0","0","0","0","0","0","0","0","0","0","0","0","0","0","0","0","0","0","0","0","0","0","0","0","0","5.46267485861463","0","0","0","0","0","0","0","0","0","0","0","0","0","0","0","0","0","0","0","0","0","0","0","0","0","0","0","0","0","0","0","0","0","0","0","0","0","0","0","0","0","5.28352922879549","0","0","0","0","0","0","0","0","0","0","0","0","0","0","0","0","0","0","0","0","0","0","0","0","0","0","0","0","0","0","0","0","0","0","0","0","0","0","0","0","0","0","0","0","0","5.53649028943875","0","0","0","0","0","0","0","0","0","0","0","0","0","0","0","0","0","0","0","0","0","4.98598020529962","0","0","0","0","0","0","0","0","0","0","6.16422771424463","0","0","0","0","0","0","0","0","0","0","0","0","0","0","0","0","0","0","0","0","0","0","0","0","0","0","0","0","0","0","0","0","0","0","0","0","0","0","0","0","0","0","5.22101246731542","0","0","0","0","0","0","0","0","0","0","0","0","0","0","0","0","0","0","0","0","0","0","0","0","0","0","0","0","0","0","0","0","0","0","0","0","0","0","0","0","0","0","0","0","0","0","0","0","0","0","0","0","0","0","0","0","5.50908374773111","0","0","0","0","0","0","0","0","0","0","0","0","0","0","0","0","0","0","0","0","0","0","5.66752288027123","0","0","0","0","0","0","0","0","0","0","0","0","0","0","0","0","0","0","0","0","0","0","0","0","0","0","0","0","0","0","0","0","0","0","0","0","0","0","0"
"COL4A2__mural","0","0","0","0","0","0","0","0","0","0","0","0","0","0","0","0","0","0","0","0","0","0","0","0","0","0","0","0","0","0","0","0","0","0","0","0","0","0","0","0","0","0","0","0","0","0","0","0","0","0","0","0","0","0","0","0","0","0","0","0","0","0","0","0","0","0","0","0","0","0","0","0","0","0","0","0","0","0","0","0","0","0","0","0","0","0","0","0","0","0","0","0","0","0","0","0","0","0","0","0","0","0","0","0","0","0","0","0","0","0","0","0","0","0","0","0","0","0","0","0","0","0","0","0","0","0","0","0","0","0","0","0","0","0","0","0","0","0","0","0","0","0","0","0","0","0","0","0","0","0","0","0","0","0","0","4.09910230845231","0","0","0","0","0","0","0","0","0","0","0","0","0","0","0","0","0","0","0","0","0","0","0","0","0","0","0","0","0","0","0","0","0","0","0","0","0","0","0","0","0","0","0","0","0","0","0","0","0","0","0","0","0","0","0","0","0","0","0","0","0","0","0","0","0","0","0","0","0","0","0","0","0","0","0","0","0","0","0","0","0","0","0","4.0349647799828","0","0","0","0","0","0","0","0","0","0","0","0","0","0","0","0","0","0","0","0","0","0","0","0","0","0","0","0","0","0","0","0","0","0","0","0","0","0","0","0","0","4.08565367723441","0","0","0","0","0","0","0","0","0","0","0","0","0","0","0","0","0","0","0","0","0","0","0","0","0","0","0","0","0","0","0","0","0","0","0","0","0","0","0","0","0","0","0","0","0","4.48357891747308","0","0","0","0","0","0","0","0","0","0","0","0","0","0","0","0","0","0","0","0","0","4.27904943887295","0","0","0","0","0","0","0","0","0","0","4.50835509150036","0","0","0","0","0","0","0","0","0","0","0","0","0","0","0","0","0","0","0","0","0","0","0","0","0","0","0","0","0","0","0","0","0","0","0","0","0","0","0","0","0","0","3.04605936239703","0","0","0","0","0","0","0","0","0","0","0","0","0","0","0","0","0","0","0","0","0","0","0","0","0","0","0","0","0","0","0","0","0","0","0","0","0","0","0","0","0","0","0","0","0","0","0","0","0","0","0","0","0","0","0","0","2.71536281073221","0","0","0","0","0","0","0","0","0","0","0","0","0","0","0","0","0","0","0","0","0","0","4.91004875180682","0","0","0","0","0","0","0","0","0","0","0","0","0","0","0","0","0","0","0","0","0","0","0","0","0","0","0","0","0","0","0","0","0","0","0","0","0","0","0"
"PLTP__mural","0","0","0","0","0","0","0","0","0","0","0","0","0","0","0","0","0","0","0","0","0","0","0","0","0","0","0","0","0","0","0","0","0","0","3.80167435520601","0","0","0","0","0","0","0","0","0","0","0","0","0","0","0","0","0","0","0","0","0","0","0","0","0","0","0","0","0","0","0","0","0","0","0","0","0","0","0","0","0","0","0","0","0","0","0","0","0","0","0","0","0","0","0","0","0","0","0","0","0","0","0","0","0","0","0","0","0","0","0","0","0","0","0","0","0","0","0","0","0","0","0","0","0","0","0","0","0","0","0","0","0","0","0","0","0","0","0","0","0","0","0","0","0","0","0","0","0","0","0","0","0","0","0","0","0","0","0","0","3.41719430241248","0","0","0","0","0","0","0","0","0","0","0","0","0","0","0","0","0","0","0","0","0","0","0","0","0","0","0","0","0","0","0","0","0","0","0","0","0","0","0","0","0","0","0","0","0","0","0","0","0","0","0","0","0","0","0","0","0","0","0","0","0","0","0","0","0","0","0","0","0","0","0","0","0","0","0","0","0","0","0","0","0","0","0","3.73487294661887","0","0","0","0","0","0","0","0","0","0","0","0","0","0","0","0","0","0","0","0","0","0","0","0","0","0","0","0","0","0","0","0","0","0","0","0","0","0","0","0","0","4.24610643951764","0","0","0","0","0","0","0","0","0","0","0","0","0","0","0","0","0","0","0","0","0","0","0","0","0","0","0","0","0","0","0","0","0","0","0","0","0","0","0","0","0","0","0","0","0","5.26302771477939","0","0","0","0","0","0","0","0","0","0","0","0","0","0","0","0","0","0","0","0","0","4.27904943887295","0","0","0","0","0","0","0","0","0","0","4.50835509150036","0","0","0","0","0","0","0","0","0","0","0","0","0","0","0","0","0","0","0","0","0","0","0","0","0","0","0","0","0","0","0","0","0","0","0","0","0","0","0","0","0","0","4.72292217500299","0","0","0","0","0","0","0","0","0","0","0","0","0","0","0","0","0","0","0","0","0","0","0","0","0","0","0","0","0","0","0","0","0","0","0","0","0","0","0","0","0","0","0","0","0","0","0","0","0","0","0","0","0","0","0","0","3.80643027080355","0","0","0","0","0","0","0","0","0","0","0","0","0","0","0","0","0","0","0","0","0","0","3.75025783693353","0","0","0","0","0","0","0","0","0","0","0","0","0","0","0","0","0","0","0","0","0","0","0","0","0","0","0","0","0","0","0","0","0","0","0","0","0","0","0"
"NID1__mural","0","0","0","0","0","0","0","0","0","0","0","0","0","0","0","0","0","0","0","0","0","0","0","0","0","0","0","0","0","0","0","0","0","0","0","0","0","0","0","0","0","0","0","0","0","0","0","0","0","0","0","0","0","0","0","0","0","0","0","0","0","0","0","0","0","0","0","0","0","0","0","0","0","0","0","0","0","0","0","0","0","0","0","0","0","0","0","0","0","0","0","0","0","0","0","0","0","0","0","0","0","0","0","0","0","0","0","0","0","0","0","0","0","0","0","0","0","0","0","0","0","0","0","0","0","0","0","0","0","0","0","0","0","0","0","0","0","0","0","0","0","0","0","0","0","0","0","0","0","0","0","0","0","0","0","3.7980678100281","0","0","0","0","0","0","0","0","0","0","0","0","0","0","0","0","0","0","0","0","0","0","0","0","0","0","0","0","0","0","0","0","0","0","0","0","0","0","0","0","0","0","0","0","0","0","0","0","0","0","0","0","0","0","0","0","0","0","0","0","0","0","0","0","0","0","0","0","0","0","0","0","0","0","0","0","0","0","0","0","0","0","0","3.3555104333858","0","0","0","0","0","0","0","0","0","0","0","0","0","0","0","0","0","0","0","0","0","0","0","0","0","0","0","0","0","0","0","0","0","0","0","0","0","0","0","0","0","3.16821640607945","0","0","0","0","0","0","0","0","0","0","0","0","0","0","0","0","0","0","0","0","0","0","0","0","0","0","0","0","0","0","0","0","0","0","0","0","0","0","0","0","0","0","0","0","0","3.54666773393192","0","0","0","0","0","0","0","0","0","0","0","0","0","0","0","0","0","0","0","0","0","3.35150976620392","0","0","0","0","0","0","0","0","0","0","3.57039246607316","0","0","0","0","0","0","0","0","0","0","0","0","0","0","0","0","0","0","0","0","0","0","0","0","0","0","0","0","0","0","0","0","0","0","0","0","0","0","0","0","0","0","3.57159092471395","0","0","0","0","0","0","0","0","0","0","0","0","0","0","0","0","0","0","0","0","0","0","0","0","0","0","0","0","0","0","0","0","0","0","0","0","0","0","0","0","0","0","0","0","0","0","0","0","0","0","0","0","0","0","0","0","4.289732255179","0","0","0","0","0","0","0","0","0","0","0","0","0","0","0","0","0","0","0","0","0","0","4.13824079347652","0","0","0","0","0","0","0","0","0","0","0","0","0","0","0","0","0","0","0","0","0","0","0","0","0","0","0","0","0","0","0","0","0","0","0","0","0","0","0"
"LAMB2__mural","0","0","0","0","0","0","0","0","0","0","0","0","0","0","0","0","0","0","0","0","0","0","0","0","0","0","0","0","0","0","0","0","0","0","3.80167435520601","0","0","0","0","0","0","0","0","0","0","0","0","0","0","0","0","0","0","0","0","0","0","0","0","0","0","0","0","0","0","0","0","0","0","0","0","0","0","0","0","0","0","0","0","0","0","0","0","0","0","0","0","0","0","0","0","0","0","0","0","0","0","0","0","0","0","0","0","0","0","0","0","0","0","0","0","0","0","0","0","0","0","0","0","0","0","0","0","0","0","0","0","0","0","0","0","0","0","0","0","0","0","0","0","0","0","0","0","0","0","0","0","0","0","0","0","0","0","0","0","0","0","0","0","0","0","0","0","0","0","0","0","0","0","0","0","0","0","0","0","0","0","0","0","0","0","0","0","0","0","0","0","0","0","0","0","0","0","0","0","0","0","0","0","0","0","0","0","0","0","0","0","0","0","0","0","0","0","0","0","0","0","0","0","0","0","0","0","0","0","0","0","0","0","0","0","0","0","0","0","0","0","0","0","0","0","0","0","0","0","0","0","0","0","0","0","0","0","0","0","0","0","0","0","0","0","0","0","0","0","0","0","0","0","0","0","0","0","0","0","0","0","0","0","0","0","2.80570738281397","0","0","0","0","0","0","0","0","0","0","0","0","0","0","0","0","0","0","0","0","0","0","0","0","0","0","0","0","0","0","0","0","0","0","0","0","0","0","0","0","0","0","0","0","0","2.66512706254909","0","0","0","0","0","0","0","0","0","0","0","0","0","0","0","0","0","0","0","0","0","0","0","0","0","0","0","0","0","0","0","0","3.57039246607316","0","0","0","0","0","0","0","0","0","0","0","0","0","0","0","0","0","0","0","0","0","0","0","0","0","0","0","0","0","0","0","0","0","0","0","0","0","0","0","0","0","0","0","0","0","0","0","0","0","0","0","0","0","0","0","0","0","0","0","0","0","0","0","0","0","0","0","0","0","0","0","0","0","0","0","0","0","0","0","0","0","0","0","0","0","0","0","0","0","0","0","0","0","0","0","0","0","0","0","0","0","0","0","0","0","0","0","0","0","0","0","0","0","0","0","0","0","0","0","0","0","0","3.21792835737219","0","0","0","0","0","0","0","0","0","0","0","0","0","0","0","0","0","0","0","0","0","0","0","0","0","0","0","0","0","0","0","0","0","0","0","0","0","0","0"
"TNXB__mural","0","0","0","0","0","0","0","0","0","0","0","0","0","0","0","0","0","0","0","0","0","0","0","0","0","0","0","0","0","0","0","0","0","0","0","0","0","0","0","0","0","0","0","0","0","0","0","0","0","0","0","0","0","0","0","0","0","0","0","0","0","0","0","0","0","0","0","0","0","0","0","0","0","0","0","0","0","0","0","0","0","0","0","0","0","0","0","0","0","0","0","0","0","0","0","0","0","0","0","0","0","0","0","0","0","0","0","0","0","0","0","0","0","0","0","0","0","0","0","0","0","0","0","0","0","0","0","0","0","0","0","0","0","0","0","0","0","0","0","0","0","0","0","0","0","0","0","0","0","0","0","0","0","0","0","2.07981898156196","0","0","0","0","0","0","0","0","0","0","0","0","0","0","0","0","0","0","0","0","0","0","0","0","0","0","0","0","0","0","0","0","0","0","0","0","0","0","0","0","0","0","0","0","0","0","0","0","0","0","0","0","0","0","0","0","0","0","0","0","0","0","0","0","0","0","0","0","0","0","0","0","0","0","0","0","0","0","0","0","0","0","0","0","0","0","0","0","0","0","0","0","0","0","0","0","0","0","0","0","0","0","0","0","0","0","0","0","0","0","0","0","0","0","0","0","0","0","0","0","0","0","0","0","0","2.80570738281397","0","0","0","0","0","0","0","0","0","0","0","0","0","0","0","0","0","0","0","0","0","0","0","0","0","0","0","0","0","0","0","0","0","0","0","0","0","0","0","0","0","0","0","0","0","0","0","0","0","0","0","0","0","0","0","0","0","0","0","0","0","0","0","0","0","0","0","2.0246933230237","0","0","0","0","0","0","0","0","0","0","2.68699569439168","0","0","0","0","0","0","0","0","0","0","0","0","0","0","0","0","0","0","0","0","0","0","0","0","0","0","0","0","0","0","0","0","0","0","0","0","0","0","0","0","0","0","0","0","0","0","0","0","0","0","0","0","0","0","0","0","0","0","0","0","0","0","0","0","0","0","0","0","0","0","0","0","0","0","0","0","0","0","0","0","0","0","0","0","0","0","0","0","0","0","0","0","0","0","0","0","0","0","0","0","0","0","0","0","0","0","0","0","0","0","0","0","0","0","0","0","0","0","0","0","0","0","2.36520235608142","0","0","0","0","0","0","0","0","0","0","0","0","0","0","0","0","0","0","0","0","0","0","0","0","0","0","0","0","0","0","0","0","0","0","0","0","0","0","0"
"TGFB1__mural","0","0","0","0","0","0","0","0","0","0","0","0","0","0","0","0","0","0","0","0","0","0","0","0","0","0","0","0","0","0","0","0","0","0","0","0","0","0","0","0","0","0","0","0","0","0","0","0","0","0","0","0","0","0","0","0","0","0","0","0","0","0","0","0","0","0","0","0","0","0","0","0","0","0","0","0","0","0","0","0","0","0","0","0","0","0","0","0","0","0","0","0","0","0","0","0","0","0","0","0","0","0","0","0","0","0","0","0","0","0","0","0","0","0","0","0","0","0","0","0","0","0","0","0","0","0","0","0","0","0","0","0","0","0","0","0","0","0","0","0","0","0","0","0","0","0","0","0","0","0","0","0","0","0","0","0","0","0","0","0","0","0","0","0","0","0","0","0","0","0","0","0","0","0","0","0","0","0","0","0","0","0","0","0","0","0","0","0","0","0","0","0","0","0","0","0","0","0","0","0","0","0","0","0","0","0","0","0","0","0","0","0","0","0","0","0","0","0","0","0","0","0","0","0","0","0","0","0","0","0","0","0","0","0","0","0","0","0","0","0","0","0","0","0","0","0","0","0","0","0","0","0","0","0","0","0","0","0","0","0","0","0","0","0","0","0","0","0","0","0","0","0","0","0","0","0","0","0","0","0","0","2.3203904501472","0","0","0","0","0","0","0","0","0","0","0","0","0","0","0","0","0","0","0","0","0","0","0","0","0","0","0","0","0","0","0","0","0","0","0","0","0","0","0","0","0","0","0","0","0","0","0","0","0","0","0","0","0","0","0","0","0","0","0","0","0","0","0","0","0","0","0","0","0","0","0","0","0","0","0","0","0","0","3.57039246607316","0","0","0","0","0","0","0","0","0","0","0","0","0","0","0","0","0","0","0","0","0","0","0","0","0","0","0","0","0","0","0","0","0","0","0","0","0","0","0","0","0","0","3.04605936239703","0","0","0","0","0","0","0","0","0","0","0","0","0","0","0","0","0","0","0","0","0","0","0","0","0","0","0","0","0","0","0","0","0","0","0","0","0","0","0","0","0","0","0","0","0","0","0","0","0","0","0","0","0","0","0","0","2.23625468282088","0","0","0","0","0","0","0","0","0","0","0","0","0","0","0","0","0","0","0","0","0","0","0","0","0","0","0","0","0","0","0","0","0","0","0","0","0","0","0","0","0","0","0","0","0","0","0","0","0","0","0","0","0","0","0","0","0","0","0","0","0","0"
"FN1__mural","0","0","0","0","0","0","0","0","0","0","0","0","0","0","0","0","0","0","0","0","0","0","0","0","0","0","0","0","0","0","0","0","0","0","0","0","0","0","0","0","0","0","0","0","0","0","0","0","0","0","0","0","0","0","0","0","0","0","0","0","0","0","0","0","0","0","0","0","0","0","0","0","0","0","0","0","0","0","0","0","0","0","0","0","0","0","0","0","0","0","0","0","0","0","0","0","0","0","0","0","0","0","0","0","0","0","0","0","0","0","0","0","0","0","0","0","0","0","0","0","0","0","0","0","0","0","0","0","0","0","0","0","0","0","0","0","0","0","0","0","0","0","0","0","0","0","0","0","0","0","0","0","0","0","0","0","0","0","0","0","0","0","0","0","0","0","0","0","0","0","0","0","0","0","0","0","0","0","0","0","0","0","0","0","0","0","0","0","0","0","0","0","0","0","0","0","0","0","0","0","0","0","0","0","0","0","0","0","0","0","0","0","0","0","0","0","0","0","0","0","0","0","0","0","0","0","0","0","0","0","0","0","0","0","0","0","0","0","0","2.83935570363972","0","0","0","0","0","0","0","0","0","0","0","0","0","0","0","0","0","0","0","0","0","0","0","0","0","0","0","0","0","0","0","0","0","0","0","0","0","0","0","0","0","2.80570738281397","0","0","0","0","0","0","0","0","0","0","0","0","0","0","0","0","0","0","0","0","0","0","0","0","0","0","0","0","0","0","0","0","0","0","0","0","0","0","0","0","0","0","0","0","0","2.66512706254909","0","0","0","0","0","0","0","0","0","0","0","0","0","0","0","0","0","0","0","0","0","3.35150976620392","0","0","0","0","0","0","0","0","0","0","2.68699569439168","0","0","0","0","0","0","0","0","0","0","0","0","0","0","0","0","0","0","0","0","0","0","0","0","0","0","0","0","0","0","0","0","0","0","0","0","0","0","0","0","0","0","0","0","0","0","0","0","0","0","0","0","0","0","0","0","0","0","0","0","0","0","0","0","0","0","0","0","0","0","0","0","0","0","0","0","0","0","0","0","0","0","0","0","0","0","0","0","0","0","0","0","0","0","0","0","0","0","0","3.07441050651906","0","0","0","0","0","0","0","0","0","0","0","0","0","0","0","0","0","0","0","0","0","0","2.36520235608142","0","0","0","0","0","0","0","0","0","0","0","0","0","0","0","0","0","0","0","0","0","0","0","0","0","0","0","0","0","0","0","0","0","0","0","0","0","0","0"
"BGN__mural","0","0","0","0","0","0","0","0","0","0","0","0","0","0","0","0","0","0","0","0","0","0","0","0","0","0","0","0","0","0","0","0","0","0","0","0","0","0","0","0","0","0","0","0","0","0","0","0","0","0","0","0","0","0","0","0","0","0","0","0","0","0","0","0","0","0","0","0","0","0","0","0","0","0","0","0","0","0","0","0","0","0","0","0","0","0","0","0","0","0","0","0","0","0","0","0","0","0","0","0","0","0","0","0","0","0","0","0","0","0","0","0","0","0","0","0","0","0","0","0","0","0","0","0","0","0","0","0","0","0","0","0","0","0","0","0","0","0","0","0","0","0","0","0","0","0","0","0","0","0","0","0","0","0","0","3.41719430241248","0","0","0","0","0","0","0","0","0","0","0","0","0","0","0","0","0","0","0","0","0","0","0","0","0","0","0","0","0","0","0","0","0","0","0","0","0","0","0","0","0","0","0","0","0","0","0","0","0","0","0","0","0","0","0","0","0","0","0","0","0","0","0","0","0","0","0","0","0","0","0","0","0","0","0","0","0","0","0","0","0","0","0","2.83935570363972","0","0","0","0","0","0","0","0","0","0","0","0","0","0","0","0","0","0","0","0","0","0","0","0","0","0","0","0","0","0","0","0","0","0","0","0","0","0","0","0","0","1.58368124393988","0","0","0","0","0","0","0","0","0","0","0","0","0","0","0","0","0","0","0","0","0","0","0","0","0","0","0","0","0","0","0","0","0","0","0","0","0","0","0","0","0","0","0","0","0","3.17220707019835","0","0","0","0","0","0","0","0","0","0","0","0","0","0","0","0","0","0","0","0","0","3.35150976620392","0","0","0","0","0","0","0","0","0","0","2.68699569439168","0","0","0","0","0","0","0","0","0","0","0","0","0","0","0","0","0","0","0","0","0","0","0","0","0","0","0","0","0","0","0","0","0","0","0","0","0","0","0","0","0","0","2.21093867503131","0","0","0","0","0","0","0","0","0","0","0","0","0","0","0","0","0","0","0","0","0","0","0","0","0","0","0","0","0","0","0","0","0","0","0","0","0","0","0","0","0","0","0","0","0","0","0","0","0","0","0","0","0","0","0","0","0","0","0","0","0","0","0","0","0","0","0","0","0","0","0","0","0","0","0","0","0","0","0","0","0","0","0","0","0","0","0","0","0","0","0","0","0","0","0","0","0","0","0","0","0","0","0","0","0","0","0","0","0","0","0","0","0","0","0","0","0","0","0"
"LAMC1__mural","0","0","0","0","0","0","0","0","0","0","0","0","0","0","0","0","0","0","0","0","0","0","0","0","0","0","0","0","0","0","0","0","0","0","2.90158942986974","0","0","0","0","0","0","0","0","0","0","0","0","0","0","0","0","0","0","0","0","0","0","0","0","0","0","0","0","0","0","0","0","0","0","0","0","0","0","0","0","0","0","0","0","0","0","0","0","0","0","0","0","0","0","0","0","0","0","0","0","0","0","0","0","0","0","0","0","0","0","0","0","0","0","0","0","0","0","0","0","0","0","0","0","0","0","0","0","0","0","0","0","0","0","0","0","0","0","0","0","0","0","0","0","0","0","0","0","0","0","0","0","0","0","0","0","0","0","0","0","2.89822448779855","0","0","0","0","0","0","0","0","0","0","0","0","0","0","0","0","0","0","0","0","0","0","0","0","0","0","0","0","0","0","0","0","0","0","0","0","0","0","0","0","0","0","0","0","0","0","0","0","0","0","0","0","0","0","0","0","0","0","0","0","0","0","0","0","0","0","0","0","0","0","0","0","0","0","0","0","0","0","0","0","0","0","0","2.83935570363972","0","0","0","0","0","0","0","0","0","0","0","0","0","0","0","0","0","0","0","0","0","0","0","0","0","0","0","0","0","0","0","0","0","0","0","0","0","0","0","0","0","1.58368124393988","0","0","0","0","0","0","0","0","0","0","0","0","0","0","0","0","0","0","0","0","0","0","0","0","0","0","0","0","0","0","0","0","0","0","0","0","0","0","0","0","0","0","0","0","0","3.84369037766703","0","0","0","0","0","0","0","0","0","0","0","0","0","0","0","0","0","0","0","0","0","2.83554161175871","0","0","0","0","0","0","0","0","0","0","4.11429452574036","0","0","0","0","0","0","0","0","0","0","0","0","0","0","0","0","0","0","0","0","0","0","0","0","0","0","0","0","0","0","0","0","0","0","0","0","0","0","0","0","0","0","3.95596892248471","0","0","0","0","0","0","0","0","0","0","0","0","0","0","0","0","0","0","0","0","0","0","0","0","0","0","0","0","0","0","0","0","0","0","0","0","0","0","0","0","0","0","0","0","0","0","0","0","0","0","0","0","0","0","0","0","2.23625468282088","0","0","0","0","0","0","0","0","0","0","0","0","0","0","0","0","0","0","0","0","0","0","3.75025783693353","0","0","0","0","0","0","0","0","0","0","0","0","0","0","0","0","0","0","0","0","0","0","0","0","0","0","0","0","0","0","0","0","0","0","0","0","0","0","0"
"ESAM__mural","0","0","0","0","0","0","0","0","0","0","0","0","0","0","0","0","0","0","0","0","0","0","0","0","0","0","0","0","0","0","0","0","0","0","0","0","0","0","0","0","0","0","0","0","0","0","0","0","0","0","0","0","0","0","0","0","0","0","0","0","0","0","0","0","0","0","0","0","0","0","0","0","0","0","0","0","0","0","0","0","0","0","0","0","0","0","0","0","0","0","0","0","0","0","0","0","0","0","0","0","0","0","0","0","0","0","0","0","0","0","0","0","0","0","0","0","0","0","0","0","0","0","0","0","0","0","0","0","0","0","0","0","0","0","0","0","0","0","0","0","0","0","0","0","0","0","0","0","0","0","0","0","0","0","0","0","0","0","0","0","0","0","0","0","0","0","0","0","0","0","0","0","0","0","0","0","0","0","0","0","0","0","0","0","0","0","0","0","0","0","0","0","0","0","0","0","0","0","0","0","0","0","0","0","0","0","0","0","0","0","0","0","0","0","0","0","0","0","0","0","0","0","0","0","0","0","0","0","0","0","0","0","0","0","0","0","0","0","0","2.83935570363972","0","0","0","0","0","0","0","0","0","0","0","0","0","0","0","0","0","0","0","0","0","0","0","0","0","0","0","0","0","0","0","0","0","0","0","0","0","0","0","0","0","2.3203904501472","0","0","0","0","0","0","0","0","0","0","0","0","0","0","0","0","0","0","0","0","0","0","0","0","0","0","0","0","0","0","0","0","0","0","0","0","0","0","0","0","0","0","0","0","0","3.17220707019835","0","0","0","0","0","0","0","0","0","0","0","0","0","0","0","0","0","0","0","0","0","2.0246933230237","0","0","0","0","0","0","0","0","0","0","0","0","0","0","0","0","0","0","0","0","0","0","0","0","0","0","0","0","0","0","0","0","0","0","0","0","0","0","0","0","0","0","0","0","0","0","0","0","0","0","0","0","0","3.04605936239703","0","0","0","0","0","0","0","0","0","0","0","0","0","0","0","0","0","0","0","0","0","0","0","0","0","0","0","0","0","0","0","0","0","0","0","0","0","0","0","0","0","0","0","0","0","0","0","0","0","0","0","0","0","0","0","0","3.07441050651906","0","0","0","0","0","0","0","0","0","0","0","0","0","0","0","0","0","0","0","0","0","0","3.21792835737219","0","0","0","0","0","0","0","0","0","0","0","0","0","0","0","0","0","0","0","0","0","0","0","0","0","0","0","0","0","0","0","0","0","0","0","0","0","0","0"
"SEMA6D__mural","0","0","0","0","0","0","0","0","0","0","0","0","0","0","0","0","0","0","0","0","0","0","0","0","0","0","0","0","0","0","0","0","0","0","0","0","0","0","0","0","0","0","0","0","0","0","0","0","0","0","0","0","0","0","0","0","0","0","0","0","0","0","0","0","0","0","0","0","0","0","0","0","0","0","0","0","0","0","0","0","0","0","0","0","0","0","0","0","0","0","0","0","0","0","0","0","0","0","0","0","0","0","0","0","0","0","0","0","0","0","0","0","0","0","0","0","0","0","0","0","0","0","0","0","0","0","0","0","0","0","0","0","0","0","0","0","0","0","0","0","0","0","0","0","0","0","0","0","0","0","0","0","0","0","0","0","0","0","0","0","0","0","0","0","0","0","0","0","0","0","0","0","0","0","0","0","0","0","0","0","0","0","0","0","0","0","0","0","0","0","0","0","0","0","0","0","0","0","0","0","0","0","0","0","0","0","0","0","0","0","0","0","0","0","0","0","0","0","0","0","0","0","0","0","0","0","0","0","0","0","0","0","0","0","0","0","0","0","0","0","0","0","0","0","0","0","0","0","0","0","0","0","0","0","0","0","0","0","0","0","0","0","0","0","0","0","0","0","0","0","0","0","0","0","0","0","0","0","0","0","0","2.3203904501472","0","0","0","0","0","0","0","0","0","0","0","0","0","0","0","0","0","0","0","0","0","0","0","0","0","0","0","0","0","0","0","0","0","0","0","0","0","0","0","0","0","0","0","0","0","0","0","0","0","0","0","0","0","0","0","0","0","0","0","0","0","0","0","0","0","0","0","2.83554161175871","0","0","0","0","0","0","0","0","0","0","2.68699569439168","0","0","0","0","0","0","0","0","0","0","0","0","0","0","0","0","0","0","0","0","0","0","0","0","0","0","0","0","0","0","0","0","0","0","0","0","0","0","0","0","0","0","3.04605936239703","0","0","0","0","0","0","0","0","0","0","0","0","0","0","0","0","0","0","0","0","0","0","0","0","0","0","0","0","0","0","0","0","0","0","0","0","0","0","0","0","0","0","0","0","0","0","0","0","0","0","0","0","0","0","0","0","2.71536281073221","0","0","0","0","0","0","0","0","0","0","0","0","0","0","0","0","0","0","0","0","0","0","2.36520235608142","0","0","0","0","0","0","0","0","0","0","0","0","0","0","0","0","0","0","0","0","0","0","0","0","0","0","0","0","0","0","0","0","0","0","0","0","0","0","0"
"ANGPTL2__mural","0","0","0","0","0","0","0","0","0","0","0","0","0","0","0","0","0","0","0","0","0","0","0","0","0","0","0","0","0","0","0","0","0","0","0","0","0","0","0","0","0","0","0","0","0","0","0","0","0","0","0","0","0","0","0","0","0","0","0","0","0","0","0","0","0","0","0","0","0","0","0","0","0","0","0","0","0","0","0","0","0","0","0","0","0","0","0","0","0","0","0","0","0","0","0","0","0","0","0","0","0","0","0","0","0","0","0","0","0","0","0","0","0","0","0","0","0","0","0","0","0","0","0","0","0","0","0","0","0","0","0","0","0","0","0","0","0","0","0","0","0","0","0","0","0","0","0","0","0","0","0","0","0","0","0","0","0","0","0","0","0","0","0","0","0","0","0","0","0","0","0","0","0","0","0","0","0","0","0","0","0","0","0","0","0","0","0","0","0","0","0","0","0","0","0","0","0","0","0","0","0","0","0","0","0","0","0","0","0","0","0","0","0","0","0","0","0","0","0","0","0","0","0","0","0","0","0","0","0","0","0","0","0","0","0","0","0","0","0","0","0","0","0","0","0","0","0","0","0","0","0","0","0","0","0","0","0","0","0","0","0","0","0","0","0","0","0","0","0","0","0","0","0","0","0","0","0","0","0","0","0","1.58368124393988","0","0","0","0","0","0","0","0","0","0","0","0","0","0","0","0","0","0","0","0","0","0","0","0","0","0","0","0","0","0","0","0","0","0","0","0","0","0","0","0","0","0","0","0","0","4.30011720333871","0","0","0","0","0","0","0","0","0","0","0","0","0","0","0","0","0","0","0","0","0","2.0246933230237","0","0","0","0","0","0","0","0","0","0","3.57039246607316","0","0","0","0","0","0","0","0","0","0","0","0","0","0","0","0","0","0","0","0","0","0","0","0","0","0","0","0","0","0","0","0","0","0","0","0","0","0","0","0","0","0","2.21093867503131","0","0","0","0","0","0","0","0","0","0","0","0","0","0","0","0","0","0","0","0","0","0","0","0","0","0","0","0","0","0","0","0","0","0","0","0","0","0","0","0","0","0","0","0","0","0","0","0","0","0","0","0","0","0","0","0","0","0","0","0","0","0","0","0","0","0","0","0","0","0","0","0","0","0","0","0","0","0","0","0","0","0","0","0","0","0","0","0","0","0","0","0","0","0","0","0","0","0","0","0","0","0","0","0","0","0","0","0","0","0","0","0","0","0","0","0","0","0","0"
"RPH3A__mural","0","0","0","0","0","0","0","0","0","0","0","0","0","0","0","0","0","0","0","0","0","0","0","0","0","0","0","0","0","0","0","0","0","0","0","0","0","0","0","0","0","0","0","0","0","0","0","0","0","0","0","0","0","0","0","0","0","0","0","0","0","0","0","0","0","0","0","0","0","0","0","0","0","0","0","0","0","0","0","0","0","0","0","0","0","0","0","0","0","0","0","0","0","0","0","0","0","0","0","0","0","0","0","0","0","0","0","0","0","0","0","0","0","0","0","0","0","0","0","0","0","0","0","0","0","0","0","0","0","0","0","0","0","0","0","0","0","0","0","0","0","0","0","0","0","0","0","0","0","0","0","0","0","0","0","2.07981898156196","0","0","0","0","0","0","0","0","0","0","0","0","0","0","0","0","0","0","0","0","0","0","0","0","0","0","0","0","0","0","0","0","0","0","0","0","0","0","0","0","0","0","0","0","0","0","0","0","0","0","0","0","0","0","0","0","0","0","0","0","0","0","0","0","0","0","0","0","0","0","0","0","0","0","0","0","0","0","0","0","0","0","0","2.83935570363972","0","0","0","0","0","0","0","0","0","0","0","0","0","0","0","0","0","0","0","0","0","0","0","0","0","0","0","0","0","0","0","0","0","0","0","0","0","0","0","0","0","1.58368124393988","0","0","0","0","0","0","0","0","0","0","0","0","0","0","0","0","0","0","0","0","0","0","0","0","0","0","0","0","0","0","0","0","0","0","0","0","0","0","0","0","0","0","0","0","0","1.87633653348746","0","0","0","0","0","0","0","0","0","0","0","0","0","0","0","0","0","0","0","0","0","0","0","0","0","0","0","0","0","0","0","0","2.68699569439168","0","0","0","0","0","0","0","0","0","0","0","0","0","0","0","0","0","0","0","0","0","0","0","0","0","0","0","0","0","0","0","0","0","0","0","0","0","0","0","0","0","0","2.21093867503131","0","0","0","0","0","0","0","0","0","0","0","0","0","0","0","0","0","0","0","0","0","0","0","0","0","0","0","0","0","0","0","0","0","0","0","0","0","0","0","0","0","0","0","0","0","0","0","0","0","0","0","0","0","0","0","0","2.23625468282088","0","0","0","0","0","0","0","0","0","0","0","0","0","0","0","0","0","0","0","0","0","0","2.36520235608142","0","0","0","0","0","0","0","0","0","0","0","0","0","0","0","0","0","0","0","0","0","0","0","0","0","0","0","0","0","0","0","0","0","0","0","0","0","0","0"
"AGRN__astrocytes","0","0","0","0","0","0","0","0","0","0","0","0","0","0","0","0","0","0","0","0","0","0","0","0","0","0","0","0","0","0","0","0","0","0","0","0","1.75100543068502","0","0","0","0","3.30773119000046","0","0","0","0","0","0","0","0","0","0","0","0","0","0","0","0","0","0","0","0","0","0","0","0","0","0","0","0","0","0","0","0","0","0","0","0","0","0","0","0","0","0","0","0","0","0","0","0","0","0","0","0","0","0","0","0","0","0","0","0","0","0","0","0","0","0","0","0","0","0","0","0","0","0","0","2.06833986286999","0","0","0","0","0","0","0","0","0","0","0","0","0","0","0","0","0","0","0","0","0","0","0","0","0","0","0","0","0","0","0","0","0","0","0","0","0","0","0","0","0","0","0","0","0","0","0","0","0","0","0","0","2.29761670268927","0","0","0","0","0","0","0","0","0","0","0","0","0","0","0","0","0","0","0","0","0","0","0","0","0","0","0","0","0","0","0","0","0","0","0","0","0","0","0","0","0","0","0","0","0","0","0","0","0","0","0","0","0","0","0","0","0","0","0","0","0","0","0","0","0","0","0","0","0","0","0","0","0","3.17506601370974","0","0","0","0","0","0","0","0","0","0","0","0","0","0","0","0","0","0","0","0","0","0","0","0","0","0","0","0","0","0","0","0","0","0","0","0","0","2.14143241902884","0","0","0","0","0","0","0","0","0","0","0","0","0","0","1.36446213872592","0","0","0","0","0","0","0","0","0","0","0","0","0","0","0","0","0","0","0","0","0","0","0","0","0","0","0","0","0","0","0","0","0","0","0","0","0","1.83820956620443","0","0","0","0","0","0","0","0","0","0","1.09095931787067","0","0","0","0","0","0","0","0","0","0","2.81791733603125","0","0","0","0","0","0","0","0","0","0","0","0","0","0","0","0","0","0","0","0","0","0","0","0","0","0","0","0","0","0","0","0","0","0","0","0","0","0","0","0","0","0","0","0","0","0","0","0","0","0","0","0","0","0","0","0","0","0","0","0","0","0","0","0","0","0","0","0","0","0","0","0","0","0","0","0","0","0","0","0","0","0","0","0","0","0","0","0","0","0","0","0","0","0","0","0","0","0","0","0","2.32308294389111","2.38224756416117","0","0","0","0","0","0","0","0","0","0","0","0","0","0","0","0","0","0","0","0","0","0","0","0","0","0","2.37125580725093","0","0","0","0","0","0","0","0","0","0","0","0","0","0","0","0","0","2.66242519557775","0","0","0","0","0","0","0","0","0","0","0","0","0","0","0","0","0","0"
"IGSF11__astrocytes","0","0","0","0","0","0","0","0","0","0","0","0","0","0","0","0","0","0","0","0","0","0","0","0","0","0","0","0","0","0","0","0","0","0","0","0","2.51900367409471","0","0","0","0","0","3.10026412347343","0","2.08367849534613","0","0","0","0","0","0","0","0","0","0","0","0","0","0","0","0","0","0","0","0","0","0","0","0","0","0","0","0","0","0","0","0","0","0","0","0","0","0","0","0","0","0","0","0","0","0","0","0","0","0","0","0","0","0","2.93442559146439","0","0","0","0","0","0","0","0","0","0","0","0","0","0","0","0","0","2.06833986286999","0","0","0","0","0","0","0","0","0","0","0","0","0","0","0","0","0","0","2.44347713559622","0","0","0","0","0","0","0","0","0","0","0","0","0","0","0","0","0","0","0","0","0","0","2.80797339664877","0","0","0","0","0","0","0","0","0","0","0","0","0","0","0","0","0","0","0","0","0","0","0","0","0","0","0","0","0","0","0","0","0","0","0","0","0","0","0","0","0","2.27171626531967","0","0","0","0","0","0","0","0","0","0","0","0","0","0","0","0","0","0","0","0","0","0","0","0","0","0","0","0","0","0","0","0","0","0","0","0","0","0","0","0","0","0","0","0","0","0","0","0","0","0","0","0","0","0","0","0","0","0","0","0","0","0","0","0","0","0","0","0","0","0","0","0","0","0","0","0","0","0","0","0","2.6130597046017","0","0","0","0","0","0","0","0","0","0","0","0","0","0","0","0","0","0","0","0","0","0","0","0","0","0","0","0","0","0","0","0","0","0","0","0","0","0","0","0","0","0","0","0","0","0","0","0","0","0","0","0","0","0","0","0","0","0","0","0","0","0","0","1.09095931787067","0","0","0","0","0","0","0","0","0","0","2.81791733603125","0","0","0","0","0","0","0","0","0","0","0","0","0","0","0","0","0","0","0","0","0","0","0","0","0","0","0","0","0","0","0","0","0","0","0","0","0","0","0","0","0","0","0","0","0","0","0","0","0","0","0","0","0","0","0","0","0","0","0","0","0","0","0","0","0","2.59705557270918","0","0","2.12539609486081","0","0","0","0","0","0","0","0","0","0","0","0","0","0","0","0","0","0","0","0","0","0","0","0","0","0","0","0","0","0","0","1.58592493907632","0","0","0","0","0","0","0","0","0","0","0","0","0","0","0","0","0","0","0","0","0","0","0","0","0","0","0","2.37125580725093","0","0","0","2.93165171717485","0","0","0","0","0","0","0","0","0","0","0","0","0","2.66242519557775","0","0","0","0","0","0","1.21983331638004","0","0","0","0","0","0","0","0","0","0","0"
"RGMA__astrocytes","0","0","0","0","0","0","0","0","0","0","0","0","0","0","0","0","0","0","0","0","0","0","0","0","0","0","0","0","0","0","0","0","0","0","0","0","0","0","0","2.82606448595309","0","0","2.25938662881865","0","1.38925467040783","0","0","0","0","0","2.15388922697502","0","0","0","0","0","0","0","0","0","0","0","0","0","0","0","0","0","0","0","0","0","0","0","0","0","0","0","0","0","0","0","0","0","0","0","0","0","0","0","0","0","0","0","0","0","0","0","0","0","0","0","0","0","0","0","0","0","0","0","0","0","0","0","0","0","0","2.53382662081296","0","0","0","0","0","0","0","0","0","0","0","0","0","0","0","0","0","0","2.44347713559622","0","0","0","0","0","0","0","0","0","0","0","0","0","0","0","0","0","0","0","0","0","0","0","0","0","0","0","0","0","0","0","0","0","2.78129122412111","0","0","0","0","0","0","0","0","0","0","0","0","0","0","0","0","0","0","0","0","0","1.79415386585274","0","0","0","0","0","0","0","0","2.27171626531967","0","0","0","0","0","0","0","0","0","0","0","0","0","0","0","0","0","0","0","0","0","0","0","0","0","0","0","0","0","0","0","0","0","0","0","0","0","0","0","0","0","0","3.7057780962614","0","0","0","0","0","0","0","0","0","0","0","2.64635865313155","0","0","0","0","0","0","0","0","0","0","0","0","0","0","0","0","0","0","0","0","0","0","0","0","0","0","0","0","0","0","0","0","0","0","0","0","0","0","0","0","2.05297446486505","0","0","0","0","0","0","0","0","0","0","0","0","0","0","0","0","0","0","0","0","0","0","0","0","0","0","0","2.87978888120876","0","0","0","0","0","0","0","0","0","1.83820956620443","0","0","0","2.75016132887107","0","0","0","0","0","0","1.09095931787067","0","0","0","0","0","0","0","0","0","0","2.00924633351453","0","0","0","0","0","0","0","0","0","0","0","0","0","0","0","0","0","0","0","0","0","0","0","0","0","0","0","0","0","0","0","0","0","0","0","0","0","0","0","0","0","0","0","0","0","0","0","0","0","0","0","0","0","0","0","0","0","0","0","0","0","0","0","0","0","0","0","0","2.94980708630464","0","0","0","0","0","0","0","0","0","0","0","0","0","0","0","0","0","0","0","0","0","0","0","0","0","0","0","0","0","0","0","2.32308294389111","0","0","0","0","0","0","0","0","0","0","0","0","0","0","0","0","0","0","0","0","0","0","0","0","0","0","0","2.37125580725093","0","0","0","2.10933285105877","0","0","0","0","0","0","0","0","0","0","0","0","0","2.66242519557775","0","0","0","0","0","0","2.93470336096119","0","0","0","0","0","0","0","0","0","0","0"
"SHANK1__astrocytes","0","0","0","0","0","0","0","0","0","0","0","0","0","0","0","0","0","0","0","0","0","0","0","0","0","0","0","0","0","0","0","0","0","0","0","0","2.51900367409471","0","0","2.82606448595309","0","0","3.10026412347343","0","0","0","0","0","0","0","3.88762616595431","0","0","0","0","0","0","0","0","0","0","0","0","0","0","0","0","0","0","0","0","0","0","0","0","0","0","0","0","0","0","0","0","0","0","0","0","0","0","0","0","0","0","0","0","0","0","0","0","4.13842914851307","0","0","0","0","0","0","0","0","0","0","0","0","0","0","0","0","0","1.37685651229659","0","0","0","0","0","0","0","0","0","0","0","0","0","0","0","0","0","0","4.04773823634486","0","0","0","0","0","0","0","0","0","0","0","0","0","0","0","0","0","0","0","0","0","0","2.00054117976535","0","0","0","0","0","0","0","0","0","0","3.87848717431459","0","0","0","0","0","0","0","0","0","0","0","0","0","0","0","0","0","0","0","0","0","2.56954947675203","0","0","0","0","0","0","0","0","4.02820580154463","0","0","0","0","0","0","0","0","0","0","0","0","0","0","0","0","0","0","0","0","0","0","0","0","0","0","0","0","0","0","0","0","0","0","0","0","0","0","0","0","0","0","3.17506601370974","0","0","0","0","0","0","0","0","0","0","0","2.64635865313155","0","0","0","0","0","0","0","0","0","0","0","0","0","0","0","0","0","0","0","0","0","0","0","0","0","4.53468371814079","0","0","0","0","4.90811973591366","0","0","0","0","0","0","0","0","0","3.14958711340006","0","0","0","0","0","0","0","0","0","0","0","0","0","0","0","0","0","0","0","0","0","0","0","0","0","0","0","3.98559054121881","0","0","0","0","0","0","0","0","0","3.92278109610305","0","0","0","3.93732641195331","0","0","0","0","0","0","2.95994408956981","0","0","0","0","0","0","0","0","0","0","3.71181143144945","0","0","0","0","0","0","0","0","0","0","0","0","0","0","0","0","0","0","0","0","0","0","0","0","0","0","0","0","0","0","0","0","0","0","0","0","0","0","0","0","0","0","0","0","0","0","0","0","0","0","0","0","0","0","0","0","0","0","0","0","0","0","0","0","0","3.47261905086962","0","0","2.94980708630464","0","0","0","0","0","0","0","0","0","0","0","0","0","0","0","0","0","0","0","0","0","0","0","0","0","0","0","0","0","0","0","4.64524189768857","3.23679356947343","0","0","0","0","0","0","0","0","0","0","0","0","0","0","0","0","0","0","0","0","0","0","0","0","0","0","0","0","0","0","2.10933285105877","0","0","0","0","0","0","0","0","0","0","0","0","0","3.84070593266759","0","0","0","0","0","0","3.96543139805897","0","0","0","0","0","0","0","0","0","0","0"
"VEGFA__astrocytes","0","0","0","0","0","0","0","0","0","0","0","0","0","0","0","0","0","0","0","0","0","0","0","0","0","0","0","0","0","0","0","0","0","0","0","0","1.75100543068502","0","0","0","0","3.843292041264","2.25938662881865","0","2.08367849534613","0","0","0","0","0","0","0","0","0","0","0","0","0","0","0","0","0","0","0","0","0","0","0","0","0","0","0","0","0","0","0","0","0","0","0","0","0","0","0","0","0","0","0","0","0","0","0","0","0","0","0","0","0","0","2.93442559146439","0","0","0","0","0","0","0","0","0","0","0","0","0","0","0","0","0","0","0","0","0","0","0","0","0","0","0","0","0","0","0","0","0","0","0","0","0","0","0","0","0","0","0","0","0","0","0","0","0","0","0","0","0","0","0","0","0","0","0","2.00054117976535","0","0","0","0","0","0","0","0","0","0","2.29761670268927","0","0","0","0","0","0","0","0","0","0","0","0","0","0","0","0","0","0","0","0","0","0","0","0","0","0","0","0","0","0","2.27171626531967","0","0","0","0","0","0","0","0","0","0","0","0","0","0","0","0","0","0","0","0","0","0","0","0","0","0","0","0","0","0","0","0","0","0","0","0","0","0","0","0","0","0","3.17506601370974","0","0","0","0","0","0","0","0","0","0","0","3.15239043763343","0","0","0","0","0","0","0","0","0","0","0","0","0","0","0","0","0","0","0","0","0","0","0","0","0","2.14143241902884","0","0","0","0","3.21614751919141","0","0","0","0","0","0","0","0","0","2.05297446486505","0","0","0","0","0","0","0","0","0","0","0","0","0","0","0","0","0","0","0","0","0","0","0","0","0","0","0","2.87978888120876","0","0","0","0","0","0","0","0","0","2.62089603488506","0","0","0","2.75016132887107","0","0","0","0","0","0","2.73352391597126","0","0","0","0","0","0","0","0","0","0","3.71181143144945","0","0","0","0","0","0","0","0","0","0","0","0","0","0","0","0","0","0","0","0","0","0","0","0","0","0","0","0","0","0","0","0","0","0","0","0","0","0","0","0","0","0","0","0","0","0","0","0","0","0","0","0","0","0","0","0","0","0","0","0","0","0","0","0","0","2.59705557270918","0","0","2.12539609486081","0","0","0","0","0","0","0","0","0","0","0","0","0","0","0","0","0","0","0","0","0","0","0","0","0","0","0","0","0","0","0","2.32308294389111","1.63540223926831","0","0","0","0","0","0","0","0","0","0","0","0","0","0","0","0","0","0","0","0","0","0","0","0","0","0","1.62618516344767","0","0","0","0","0","0","0","0","0","0","0","0","0","0","0","0","0","3.16935518853305","0","0","0","0","0","0","0","0","0","0","0","0","0","0","0","0","0","0"
"GLG1__astrocytes","0","0","0","0","0","0","0","0","0","0","0","0","0","0","0","0","0","0","0","0","0","0","0","0","0","0","0","0","0","0","0","0","0","0","0","0","2.51900367409471","0","0","2.82606448595309","0","3.30773119000046","3.10026412347343","0","0","0","0","0","0","0","2.98194716293867","0","0","0","0","0","0","0","0","0","0","0","0","0","0","0","0","0","0","0","0","0","0","0","0","0","0","0","0","0","0","0","0","0","0","0","0","0","0","0","0","0","0","0","0","0","0","0","0","0","0","0","0","0","0","0","0","0","0","0","0","0","0","0","0","0","0","1.37685651229659","0","0","0","0","0","0","0","0","0","0","0","0","0","0","0","0","0","0","1.68695128438446","0","0","0","0","0","0","0","0","0","0","0","0","0","0","0","0","0","0","0","0","0","0","0","0","0","0","0","0","0","0","0","0","0","0","0","0","0","0","0","0","0","0","0","0","0","0","0","0","0","0","0","0","0","0","0","1.79415386585274","0","0","0","0","0","0","0","0","1.54324160990577","0","0","0","0","0","0","0","0","0","0","0","0","0","0","0","0","0","0","0","0","0","0","0","0","0","0","0","0","0","0","0","0","0","0","0","0","0","0","0","0","0","0","3.17506601370974","0","0","0","0","0","0","0","0","0","0","0","2.64635865313155","0","0","0","0","0","0","0","0","0","0","0","0","0","0","0","0","0","0","0","0","0","0","0","0","0","2.14143241902884","0","0","0","0","3.21614751919141","0","0","0","0","0","0","0","0","0","2.51712686714743","0","0","0","0","0","0","0","0","0","0","0","0","0","0","0","0","0","0","0","0","0","0","0","0","0","0","0","1.64161138481658","0","0","0","0","0","0","0","0","0","0","0","0","0","1.95008083660321","0","0","0","0","0","0","1.70501033112191","0","0","0","0","0","0","0","0","0","0","0","0","0","0","0","0","0","0","0","0","0","0","0","0","0","0","0","0","0","0","0","0","0","0","0","0","0","0","0","0","0","0","0","0","0","0","0","0","0","0","0","0","0","0","0","0","0","0","0","0","0","0","0","0","0","0","0","0","0","0","0","0","0","0","0","0","2.59705557270918","0","0","2.94980708630464","0","0","0","0","0","0","0","0","0","0","0","0","0","0","0","0","0","0","0","0","0","0","0","0","0","0","0","0","0","0","0","0","2.38224756416117","0","0","0","0","0","0","0","0","0","0","0","0","0","0","0","0","0","0","0","0","0","0","0","0","0","0","0","0","0","0","3.45216727780628","0","0","0","0","0","0","0","0","0","0","0","0","0","0","0","0","0","0","0","0","0","0","0","0","0","0","0","0","0","0","0","0"
"DAG1__astrocytes","0","0","0","0","0","0","0","0","0","0","0","0","0","0","0","0","0","0","0","0","0","0","0","0","0","0","0","0","0","0","0","0","0","0","0","0","3.38732426664861","0","0","2.82606448595309","0","3.843292041264","3.10026412347343","0","3.62480655310181","0","0","0","0","0","0","0","0","0","0","0","0","0","0","0","0","0","0","0","0","0","0","0","0","0","0","0","0","0","0","0","0","0","0","0","0","0","0","0","0","0","0","0","0","0","0","0","0","0","0","0","0","0","0","0","0","0","0","0","0","0","0","0","0","0","0","0","0","0","0","0","0","2.53382662081296","0","0","0","0","0","0","0","0","0","0","0","0","0","0","0","0","0","0","0","0","0","0","0","0","0","0","0","0","0","0","0","0","0","0","0","0","0","0","0","0","0","4.4601203576585","0","0","0","0","0","0","0","0","0","0","2.78129122412111","0","0","0","0","0","0","0","0","0","0","0","0","0","0","0","0","0","0","0","0","0","3.07113802036101","0","0","0","0","0","0","0","0","3.64234549490999","0","0","0","0","0","0","0","0","0","0","0","0","0","0","0","0","0","0","0","0","0","0","0","0","0","0","0","0","0","0","0","0","0","0","0","0","0","0","0","0","0","0","3.7057780962614","0","0","0","0","0","0","0","0","0","0","0","3.15239043763343","0","0","0","0","0","0","0","0","0","0","0","0","0","0","0","0","0","0","0","0","0","0","0","0","0","2.96790595085639","0","0","0","0","3.21614751919141","0","0","0","0","0","0","0","0","0","2.86774084185336","0","0","0","0","0","0","0","0","0","0","0","0","0","0","0","0","0","0","0","0","0","0","0","0","0","0","0","1.64161138481658","0","0","0","0","0","0","0","0","0","2.89513779413084","0","0","0","2.75016132887107","0","0","0","0","0","0","2.13437506488574","0","0","0","0","0","0","0","0","0","0","0","0","0","0","0","0","0","0","0","0","0","0","0","0","0","0","0","0","0","0","0","0","0","0","0","0","0","0","0","0","0","0","0","0","0","0","0","0","0","0","0","0","0","0","0","0","0","0","0","0","0","0","0","0","0","0","0","0","0","0","0","0","0","0","0","0","3.76831801286866","0","0","2.94980708630464","0","0","0","0","0","0","0","0","0","0","0","0","0","0","0","0","0","0","0","0","0","0","0","0","0","0","0","0","0","0","0","0","2.38224756416117","0","0","0","0","0","0","0","0","0","0","0","0","0","0","0","0","0","0","0","0","0","0","0","0","0","0","3.75720881407359","0","0","0","2.93165171717485","0","0","0","0","0","0","0","0","0","0","0","0","0","2.66242519557775","0","0","0","0","0","0","2.31834407555279","0","0","0","0","0","0","0","0","0","0","0"
"GAS6__astrocytes","0","0","0","0","0","0","0","0","0","0","0","0","0","0","0","0","0","0","0","0","0","0","0","0","0","0","0","0","0","0","0","0","0","0","0","0","0","0","0","2.82606448595309","0","3.30773119000046","3.10026412347343","0","2.08367849534613","0","0","0","0","0","2.98194716293867","0","0","0","0","0","0","0","0","0","0","0","0","0","0","0","0","0","0","0","0","0","0","0","0","0","0","0","0","0","0","0","0","0","0","0","0","0","0","0","0","0","0","0","0","0","0","0","0","2.93442559146439","0","0","0","0","0","0","0","0","0","0","0","0","0","0","0","0","0","2.88519862755131","0","0","0","0","0","0","0","0","0","0","0","0","0","0","0","0","0","0","2.44347713559622","0","0","0","0","0","0","0","0","0","0","0","0","0","0","0","0","0","0","0","0","0","0","0","0","0","0","0","0","0","0","0","0","0","0","0","0","0","0","0","0","0","0","0","0","0","0","0","0","0","0","0","0","0","0","0","0","0","0","0","0","0","0","0","0","0","0","0","0","0","0","0","0","0","0","0","0","0","0","0","0","0","0","0","0","0","0","0","0","0","0","0","0","0","0","0","0","0","0","0","0","0","0","0","0","0","0","0","3.17506601370974","0","0","0","0","0","0","0","0","0","0","0","0","0","0","0","0","0","0","0","0","0","0","0","0","0","0","0","0","0","0","0","0","0","0","0","0","0","0","0","0","0","0","0","0","0","0","0","0","0","0","0","0","0","0","0","0","0","0","0","0","0","0","0","0","0","0","0","0","0","0","0","0","0","0","0","0","0","0","0","0","0","0","0","0","0","0","0","0","0","0","1.83820956620443","0","0","0","0","0","0","0","0","0","0","0","0","0","0","0","0","0","0","0","0","0","0","0","0","0","0","0","0","0","0","0","0","0","0","0","0","0","0","0","0","0","0","0","0","0","0","0","0","0","0","0","0","0","0","0","0","0","0","0","0","0","0","0","0","0","0","0","0","0","0","0","0","0","0","0","0","0","0","0","0","0","0","0","0","0","0","0","2.59705557270918","0","0","2.94980708630464","0","0","0","0","0","0","0","0","0","0","0","0","0","0","0","0","0","0","0","0","0","0","0","0","0","0","0","0","0","0","0","0","0","0","0","0","0","0","0","0","0","0","0","0","0","0","0","0","0","0","0","0","0","0","0","0","0","0","0","0","0","0","0","0","0","0","0","0","0","0","0","0","0","0","0","0","0","0","0","0","0","0","0","0","1.87121128668823","0","0","0","0","0","0","0","0","0","0","0"
"BAG6__astrocytes","0","0","0","0","0","0","0","0","0","0","0","0","0","0","0","0","0","0","0","0","0","0","0","0","0","0","0","0","0","0","0","0","0","0","0","0","2.51900367409471","0","0","2.82606448595309","0","3.30773119000046","3.10026412347343","0","2.55048197494705","0","0","0","0","0","2.98194716293867","0","0","0","0","0","0","0","0","0","0","0","0","0","0","0","0","0","0","0","0","0","0","0","0","0","0","0","0","0","0","0","0","0","0","0","0","0","0","0","0","0","0","0","0","0","0","0","0","2.93442559146439","0","0","0","0","0","0","0","0","0","0","0","0","0","0","0","0","0","2.53382662081296","0","0","0","0","0","0","0","0","0","0","0","0","0","0","0","0","0","0","0","0","0","0","0","0","0","0","0","0","0","0","0","0","0","0","0","0","0","0","0","0","0","0","0","0","0","0","0","0","0","0","0","0","0","0","0","0","0","0","0","0","0","0","0","0","0","0","0","0","0","0","0","0","0","0","0","0","0","0","0","0","0","0","0","2.75348876488714","0","0","0","0","0","0","0","0","0","0","0","0","0","0","0","0","0","0","0","0","0","0","0","0","0","0","0","0","0","0","0","0","0","0","0","0","0","0","0","0","0","0","0","0","0","0","0","0","0","0","0","0","0","0","2.64635865313155","0","0","0","0","0","0","0","0","0","0","0","0","0","0","0","0","0","0","0","0","0","0","0","0","0","2.14143241902884","0","0","0","0","3.21614751919141","0","0","0","0","0","0","0","0","0","2.05297446486505","0","0","0","0","0","0","0","0","0","0","0","0","0","0","0","0","0","0","0","0","0","0","0","0","0","0","0","0","0","0","0","0","0","0","0","0","0","1.83820956620443","0","0","0","3.26181442835939","0","0","0","0","0","0","1.09095931787067","0","0","0","0","0","0","0","0","0","0","0","0","0","0","0","0","0","0","0","0","0","0","0","0","0","0","0","0","0","0","0","0","0","0","0","0","0","0","0","0","0","0","0","0","0","0","0","0","0","0","0","0","0","0","0","0","0","0","0","0","0","0","0","0","0","0","0","0","0","0","0","0","0","0","0","0","1.81772660613004","0","0","0","0","0","0","0","0","0","0","0","0","0","0","0","0","0","0","0","0","0","0","0","0","0","0","0","0","0","0","0","0","0","0","0","1.63540223926831","0","0","0","0","0","0","0","0","0","0","0","0","0","0","0","0","0","0","0","0","0","0","0","0","0","0","2.37125580725093","0","0","0","0","0","0","0","0","0","0","0","0","0","0","0","0","0","1.8740029240951","0","0","0","0","0","0","1.87121128668823","0","0","0","0","0","0","0","0","0","0","0"
"GRN__astrocytes","0","0","0","0","0","0","0","0","0","0","0","0","0","0","0","0","0","0","0","0","0","0","0","0","0","0","0","0","0","0","0","0","0","0","0","0","2.51900367409471","0","0","3.3415667979876","0","0","3.10026412347343","0","2.08367849534613","0","0","0","0","0","0","0","0","0","0","0","0","0","0","0","0","0","0","0","0","0","0","0","0","0","0","0","0","0","0","0","0","0","0","0","0","0","0","0","0","0","0","0","0","0","0","0","0","0","0","0","0","0","0","2.93442559146439","0","0","0","0","0","0","0","0","0","0","0","0","0","0","0","0","0","2.53382662081296","0","0","0","0","0","0","0","0","0","0","0","0","0","0","0","0","0","0","1.68695128438446","0","0","0","0","0","0","0","0","0","0","0","0","0","0","0","0","0","0","0","0","0","0","0","0","0","0","0","0","0","0","0","0","0","1.56473156389556","0","0","0","0","0","0","0","0","0","0","0","0","0","0","0","0","0","0","0","0","0","2.56954947675203","0","0","0","0","0","0","0","0","1.54324160990577","0","0","0","0","0","0","0","0","0","0","0","0","0","0","0","0","0","0","0","0","0","0","0","0","0","0","0","0","0","0","0","0","0","0","0","0","0","0","0","0","0","0","0","0","0","0","0","0","0","0","0","0","0","0","2.64635865313155","0","0","0","0","0","0","0","0","0","0","0","0","0","0","0","0","0","0","0","0","0","0","0","0","0","2.14143241902884","0","0","0","0","0","0","0","0","0","0","0","0","0","0","1.36446213872592","0","0","0","0","0","0","0","0","0","0","0","0","0","0","0","0","0","0","0","0","0","0","0","0","0","0","0","0","0","0","0","0","0","0","0","0","0","1.19397985894392","0","0","0","1.95008083660321","0","0","0","0","0","0","1.70501033112191","0","0","0","0","0","0","0","0","0","0","2.81791733603125","0","0","0","0","0","0","0","0","0","0","0","0","0","0","0","0","0","0","0","0","0","0","0","0","0","0","0","0","0","0","0","0","0","0","0","0","0","0","0","0","0","0","0","0","0","0","0","0","0","0","0","0","0","0","0","0","0","0","0","0","0","0","0","0","0","2.59705557270918","0","0","0","0","0","0","0","0","0","0","0","0","0","0","0","0","0","0","0","0","0","0","0","0","0","0","0","0","0","0","0","0","0","0","2.32308294389111","1.63540223926831","0","0","0","0","0","0","0","0","0","0","0","0","0","0","0","0","0","0","0","0","0","0","0","0","0","0","2.86014233641704","0","0","0","2.93165171717485","0","0","0","0","0","0","0","0","0","0","0","0","0","0","0","0","0","0","0","0","1.87121128668823","0","0","0","0","0","0","0","0","0","0","0"
"PTPRZ1__astrocytes","0","0","0","0","0","0","0","0","0","0","0","0","0","0","0","0","0","0","0","0","0","0","0","0","0","0","0","0","0","0","0","0","0","0","0","0","1.75100543068502","0","0","2.82606448595309","0","3.30773119000046","3.10026412347343","0","2.08367849534613","0","0","0","0","0","0","0","0","0","0","0","0","0","0","0","0","0","0","0","0","0","0","0","0","0","0","0","0","0","0","0","0","0","0","0","0","0","0","0","0","0","0","0","0","0","0","0","0","0","0","0","0","0","0","3.45506774646283","0","0","0","0","0","0","0","0","0","0","0","0","0","0","0","0","0","2.53382662081296","0","0","0","0","0","0","0","0","0","0","0","0","0","0","0","0","0","0","2.44347713559622","0","0","0","0","0","0","0","0","0","0","0","0","0","0","0","0","0","0","0","0","0","0","2.80797339664877","0","0","0","0","0","0","0","0","0","0","3.43177306644958","0","0","0","0","0","0","0","0","0","0","0","0","0","0","0","0","0","0","0","0","0","0","0","0","0","0","0","0","0","0","2.75348876488714","0","0","0","0","0","0","0","0","0","0","0","0","0","0","0","0","0","0","0","0","0","0","0","0","0","0","0","0","0","0","0","0","0","0","0","0","0","0","0","0","0","0","2.32655582953988","0","0","0","0","0","0","0","0","0","0","0","3.52628181992469","0","0","0","0","0","0","0","0","0","0","0","0","0","0","0","0","0","0","0","0","0","0","0","0","0","2.6130597046017","0","0","0","0","3.21614751919141","0","0","0","0","0","0","0","0","0","2.05297446486505","0","0","0","0","0","0","0","0","0","0","0","0","0","0","0","0","0","0","0","0","0","0","0","0","0","0","0","2.87978888120876","0","0","0","0","0","0","0","0","0","2.89513779413084","0","0","0","0","0","0","0","0","0","0","0","0","0","0","0","0","0","0","0","0","0","2.81791733603125","0","0","0","0","0","0","0","0","0","0","0","0","0","0","0","0","0","0","0","0","0","0","0","0","0","0","0","0","0","0","0","0","0","0","0","0","0","0","0","0","0","0","0","0","0","0","0","0","0","0","0","0","0","0","0","0","0","0","0","0","0","0","0","0","0","3.10026412347343","0","0","2.12539609486081","0","0","0","0","0","0","0","0","0","0","0","0","0","0","0","0","0","0","0","0","0","0","0","0","0","0","0","0","0","0","0","0","2.38224756416117","0","0","0","0","0","0","0","0","0","0","0","0","0","0","0","0","0","0","0","0","0","0","0","0","0","0","1.62618516344767","0","0","0","0","0","0","0","0","0","0","0","0","0","0","0","0","0","0","0","0","0","0","0","0","0","0","0","0","0","0","0","0","0","0","0","0"
"WNT7B__astrocytes","0","0","0","0","0","0","0","0","0","0","0","0","0","0","0","0","0","0","0","0","0","0","0","0","0","0","0","0","0","0","0","0","0","0","0","0","0","0","0","2.82606448595309","0","3.30773119000046","0","0","0","0","0","0","0","0","3.50471906533076","0","0","0","0","0","0","0","0","0","0","0","0","0","0","0","0","0","0","0","0","0","0","0","0","0","0","0","0","0","0","0","0","0","0","0","0","0","0","0","0","0","0","0","0","0","0","0","0","2.93442559146439","0","0","0","0","0","0","0","0","0","0","0","0","0","0","0","0","0","2.06833986286999","0","0","0","0","0","0","0","0","0","0","0","0","0","0","0","0","0","0","2.44347713559622","0","0","0","0","0","0","0","0","0","0","0","0","0","0","0","0","0","0","0","0","0","0","0","0","0","0","0","0","0","0","0","0","0","2.29761670268927","0","0","0","0","0","0","0","0","0","0","0","0","0","0","0","0","0","0","0","0","0","0","0","0","0","0","0","0","0","0","1.54324160990577","0","0","0","0","0","0","0","0","0","0","0","0","0","0","0","0","0","0","0","0","0","0","0","0","0","0","0","0","0","0","0","0","0","0","0","0","0","0","0","0","0","0","3.17506601370974","0","0","0","0","0","0","0","0","0","0","0","2.64635865313155","0","0","0","0","0","0","0","0","0","0","0","0","0","0","0","0","0","0","0","0","0","0","0","0","0","0","0","0","0","0","0","0","0","0","0","0","0","0","0","0","0","0","0","0","0","0","0","0","0","0","0","0","0","0","0","0","0","0","0","0","0","0","0","0","0","0","0","0","0","0","0","0","0","0","0","0","0","0","1.83820956620443","0","0","0","0","0","0","0","0","0","0","0","0","0","0","0","0","0","0","0","0","0","0","0","0","0","0","0","0","0","0","0","0","0","0","0","0","0","0","0","0","0","0","0","0","0","0","0","0","0","0","0","0","0","0","0","0","0","0","0","0","0","0","0","0","0","0","0","0","0","0","0","0","0","0","0","0","0","0","0","0","0","0","0","0","0","0","0","0","0","0","0","0","0","0","0","0","0","0","0","0","0","0","0","0","0","0","0","0","0","0","0","0","0","0","0","0","0","0","0","0","0","0","2.32308294389111","0","0","0","0","0","0","0","0","0","0","0","0","0","0","0","0","0","0","0","0","0","0","0","0","0","0","0","0","0","0","0","0","0","0","0","0","0","0","0","0","0","0","0","0","0","0","0","0","0","0","0","0","1.21983331638004","0","0","0","0","0","0","0","0","0","0","0"
"TIMP3__astrocytes","0","0","0","0","0","0","0","0","0","0","0","0","0","0","0","0","0","0","0","0","0","0","0","0","0","0","0","0","0","0","0","0","0","0","0","0","2.51900367409471","0","0","2.0163840945341","0","0","3.10026412347343","0","2.08367849534613","0","0","0","0","0","0","0","0","0","0","0","0","0","0","0","0","0","0","0","0","0","0","0","0","0","0","0","0","0","0","0","0","0","0","0","0","0","0","0","0","0","0","0","0","0","0","0","0","0","0","0","0","0","0","0","0","0","0","0","0","0","0","0","0","0","0","0","0","0","0","0","0","2.06833986286999","0","0","0","0","0","0","0","0","0","0","0","0","0","0","0","0","0","0","0","0","0","0","0","0","0","0","0","0","0","0","0","0","0","0","0","0","0","0","0","0","0","3.32257748624935","0","0","0","0","0","0","0","0","0","0","2.78129122412111","0","0","0","0","0","0","0","0","0","0","0","0","0","0","0","0","0","0","0","0","0","1.79415386585274","0","0","0","0","0","0","0","0","1.54324160990577","0","0","0","0","0","0","0","0","0","0","0","0","0","0","0","0","0","0","0","0","0","0","0","0","0","0","0","0","0","0","0","0","0","0","0","0","0","0","0","0","0","0","0","0","0","0","0","0","0","0","0","0","0","0","0","0","0","0","0","0","0","0","0","0","0","0","0","0","0","0","0","0","0","0","0","0","0","0","0","0","0","0","0","0","0","0","0","0","0","0","0","0","0","0","0","1.36446213872592","0","0","0","0","0","0","0","0","0","0","0","0","0","0","0","0","0","0","0","0","0","0","0","0","0","0","0","2.38964463962275","0","0","0","0","0","0","0","0","0","0","0","0","0","0","0","0","0","0","0","0","1.09095931787067","0","0","0","0","0","0","0","0","0","0","2.81791733603125","0","0","0","0","0","0","0","0","0","0","0","0","0","0","0","0","0","0","0","0","0","0","0","0","0","0","0","0","0","0","0","0","0","0","0","0","0","0","0","0","0","0","0","0","0","0","0","0","0","0","0","0","0","0","0","0","0","0","0","0","0","0","0","0","0","2.59705557270918","0","0","0","0","0","0","0","0","0","0","0","0","0","0","0","0","0","0","0","0","0","0","0","0","0","0","0","0","0","0","0","0","0","0","0","2.38224756416117","0","0","0","0","0","0","0","0","0","0","0","0","0","0","0","0","0","0","0","0","0","0","0","0","0","0","2.37125580725093","0","0","0","2.10933285105877","0","0","0","0","0","0","0","0","0","0","0","0","0","0","0","0","0","0","0","0","1.21983331638004","0","0","0","0","0","0","0","0","0","0","0"
"LAMB2__astrocytes","0","0","0","0","0","0","0","0","0","0","0","0","0","0","0","0","0","0","0","0","0","0","0","0","0","0","0","0","0","0","0","0","0","0","0","0","0","0","0","0","0","0","2.25938662881865","0","0","0","0","0","0","0","2.98194716293867","0","0","0","0","0","0","0","0","0","0","0","0","0","0","0","0","0","0","0","0","0","0","0","0","0","0","0","0","0","0","0","0","0","0","0","0","0","0","0","0","0","0","0","0","0","0","0","0","2.93442559146439","0","0","0","0","0","0","0","0","0","0","0","0","0","0","0","0","0","2.53382662081296","0","0","0","0","0","0","0","0","0","0","0","0","0","0","0","0","0","0","1.68695128438446","0","0","0","0","0","0","0","0","0","0","0","0","0","0","0","0","0","0","0","0","0","0","0","0","0","0","0","0","0","0","0","0","0","1.56473156389556","0","0","0","0","0","0","0","0","0","0","0","0","0","0","0","0","0","0","0","0","0","0","0","0","0","0","0","0","0","0","0","0","0","0","0","0","0","0","0","0","0","0","0","0","0","0","0","0","0","0","0","0","0","0","0","0","0","0","0","0","0","0","0","0","0","0","0","0","0","0","0","0","0","0","0","0","0","0","0","0","0","0","0","0","0","0","0","0","0","0","0","0","0","0","0","0","0","0","0","0","0","0","0","0","0","0","0","0","0","0","0","0","0","0","0","0","0","0","0","0","0","0","0","0","0","0","2.05297446486505","0","0","0","0","0","0","0","0","0","0","0","0","0","0","0","0","0","0","0","0","0","0","0","0","0","0","0","0","0","0","0","0","0","0","0","0","0","1.83820956620443","0","0","0","2.75016132887107","0","0","0","0","0","0","1.09095931787067","0","0","0","0","0","0","0","0","0","0","2.81791733603125","0","0","0","0","0","0","0","0","0","0","0","0","0","0","0","0","0","0","0","0","0","0","0","0","0","0","0","0","0","0","0","0","0","0","0","0","0","0","0","0","0","0","0","0","0","0","0","0","0","0","0","0","0","0","0","0","0","0","0","0","0","0","0","0","0","2.59705557270918","0","0","2.12539609486081","0","0","0","0","0","0","0","0","0","0","0","0","0","0","0","0","0","0","0","0","0","0","0","0","0","0","0","0","0","0","0","0","0","0","0","0","0","0","0","0","0","0","0","0","0","0","0","0","0","0","0","0","0","0","0","0","0","0","0","0","0","0","0","2.10933285105877","0","0","0","0","0","0","0","0","0","0","0","0","0","0","0","0","0","0","0","0","0","0","0","0","0","0","0","0","0","0","0","0"
"GDF10__astrocytes","0","0","0","0","0","0","0","0","0","0","0","0","0","0","0","0","0","0","0","0","0","0","0","0","0","0","0","0","0","0","0","0","0","0","0","0","2.51900367409471","0","0","0","0","0","3.62803122261304","0","2.55048197494705","0","0","0","0","0","2.15388922697502","0","0","0","0","0","0","0","0","0","0","0","0","0","0","0","0","0","0","0","0","0","0","0","0","0","0","0","0","0","0","0","0","0","0","0","0","0","0","0","0","0","0","0","0","0","0","0","0","0","0","0","0","0","0","0","0","0","0","0","0","0","0","0","0","0","0","2.06833986286999","0","0","0","0","0","0","0","0","0","0","0","0","0","0","0","0","0","0","0","0","0","0","0","0","0","0","0","0","0","0","0","0","0","0","0","0","0","0","0","0","0","2.80797339664877","0","0","0","0","0","0","0","0","0","0","2.29761670268927","0","0","0","0","0","0","0","0","0","0","0","0","0","0","0","0","0","0","0","0","0","0","0","0","0","0","0","0","0","0","2.27171626531967","0","0","0","0","0","0","0","0","0","0","0","0","0","0","0","0","0","0","0","0","0","0","0","0","0","0","0","0","0","0","0","0","0","0","0","0","0","0","0","0","0","0","0","0","0","0","0","0","0","0","0","0","0","0","0","0","0","0","0","0","0","0","0","0","0","0","0","0","0","0","0","0","0","0","0","0","0","0","0","0","2.96790595085639","0","0","0","0","0","0","0","0","0","0","0","0","0","0","0","0","0","0","0","0","0","0","0","0","0","0","0","0","0","0","0","0","0","0","0","0","0","0","0","0","0","0","0","0","0","0","0","0","0","0","0","0","0","0","0","0","0","0","0","0","0","0","0","0","0","0","0","0","0","0","0","0","0","0","0","0","0","0","0","0","0","0","0","0","0","0","0","0","0","0","0","0","0","0","0","0","0","0","0","0","0","0","0","0","0","0","0","0","0","0","0","0","0","0","0","0","0","0","0","0","0","0","0","0","0","0","0","0","0","0","0","0","0","0","0","0","0","0","0","0","0","0","0","0","0","0","0","0","0","0","0","0","0","0","0","0","0","0","0","0","0","0","0","0","0","0","0","0","0","0","0","0","0","0","0","1.58592493907632","2.38224756416117","0","0","0","0","0","0","0","0","0","0","0","0","0","0","0","0","0","0","0","0","0","0","0","0","0","0","0","0","0","0","3.83386853901076","0","0","0","0","0","0","0","0","0","0","0","0","0","2.66242519557775","0","0","0","0","0","0","0","0","0","0","0","0","0","0","0","0","0","0"
"FN1__astrocytes","0","0","0","0","0","0","0","0","0","0","0","0","0","0","0","0","0","0","0","0","0","0","0","0","0","0","0","0","0","0","0","0","0","0","0","0","3.38732426664861","0","0","0","0","0","0","0","0","0","0","0","0","0","0","0","0","0","0","0","0","0","0","0","0","0","0","0","0","0","0","0","0","0","0","0","0","0","0","0","0","0","0","0","0","0","0","0","0","0","0","0","0","0","0","0","0","0","0","0","0","0","0","0","0","0","0","0","0","0","0","0","0","0","0","0","0","0","0","0","0","1.37685651229659","0","0","0","0","0","0","0","0","0","0","0","0","0","0","0","0","0","0","1.68695128438446","0","0","0","0","0","0","0","0","0","0","0","0","0","0","0","0","0","0","0","0","0","0","3.32257748624935","0","0","0","0","0","0","0","0","0","0","0","0","0","0","0","0","0","0","0","0","0","0","0","0","0","0","0","0","0","0","0","0","2.56954947675203","0","0","0","0","0","0","0","0","1.54324160990577","0","0","0","0","0","0","0","0","0","0","0","0","0","0","0","0","0","0","0","0","0","0","0","0","0","0","0","0","0","0","0","0","0","0","0","0","0","0","0","0","0","0","0","0","0","0","0","0","0","0","0","0","0","0","0","0","0","0","0","0","0","0","0","0","0","0","0","0","0","0","0","0","0","0","0","0","0","0","0","0","2.14143241902884","0","0","0","0","2.36359443568057","0","0","0","0","0","0","0","0","0","1.36446213872592","0","0","0","0","0","0","0","0","0","0","0","0","0","0","0","0","0","0","0","0","0","0","0","0","0","0","0","1.64161138481658","0","0","0","0","0","0","0","0","0","2.28199195715832","0","0","0","1.95008083660321","0","0","0","0","0","0","1.09095931787067","0","0","0","0","0","0","0","0","0","0","2.00924633351453","0","0","0","0","0","0","0","0","0","0","0","0","0","0","0","0","0","0","0","0","0","0","0","0","0","0","0","0","0","0","0","0","0","0","0","0","0","0","0","0","0","0","0","0","0","0","0","0","0","0","0","0","0","0","0","0","0","0","0","0","0","0","0","0","0","0","0","0","2.12539609486081","0","0","0","0","0","0","0","0","0","0","0","0","0","0","0","0","0","0","0","0","0","0","0","0","0","0","0","0","0","0","0","3.17120810995681","2.38224756416117","0","0","0","0","0","0","0","0","0","0","0","0","0","0","0","0","0","0","0","0","0","0","0","0","0","0","1.62618516344767","0","0","0","2.93165171717485","0","0","0","0","0","0","0","0","0","0","0","0","0","0","0","0","0","0","0","0","3.69630352009871","0","0","0","0","0","0","0","0","0","0","0"
"LAMC1__astrocytes","0","0","0","0","0","0","0","0","0","0","0","0","0","0","0","0","0","0","0","0","0","0","0","0","0","0","0","0","0","0","0","0","0","0","0","0","1.75100543068502","0","0","0","0","0","0","0","1.38925467040783","0","0","0","0","0","2.15388922697502","0","0","0","0","0","0","0","0","0","0","0","0","0","0","0","0","0","0","0","0","0","0","0","0","0","0","0","0","0","0","0","0","0","0","0","0","0","0","0","0","0","0","0","0","0","0","0","0","0","0","0","0","0","0","0","0","0","0","0","0","0","0","0","0","0","0","1.37685651229659","0","0","0","0","0","0","0","0","0","0","0","0","0","0","0","0","0","0","1.68695128438446","0","0","0","0","0","0","0","0","0","0","0","0","0","0","0","0","0","0","0","0","0","0","2.00054117976535","0","0","0","0","0","0","0","0","0","0","0","0","0","0","0","0","0","0","0","0","0","0","0","0","0","0","0","0","0","0","0","0","0","0","0","0","0","0","0","0","0","1.54324160990577","0","0","0","0","0","0","0","0","0","0","0","0","0","0","0","0","0","0","0","0","0","0","0","0","0","0","0","0","0","0","0","0","0","0","0","0","0","0","0","0","0","0","2.32655582953988","0","0","0","0","0","0","0","0","0","0","0","0","0","0","0","0","0","0","0","0","0","0","0","0","0","0","0","0","0","0","0","0","0","0","0","0","0","1.43616153613175","0","0","0","0","0","0","0","0","0","0","0","0","0","0","1.36446213872592","0","0","0","0","0","0","0","0","0","0","0","0","0","0","0","0","0","0","0","0","0","0","0","0","0","0","0","1.64161138481658","0","0","0","0","0","0","0","0","0","1.19397985894392","0","0","0","3.26181442835939","0","0","0","0","0","0","1.70501033112191","0","0","0","0","0","0","0","0","0","0","0","0","0","0","0","0","0","0","0","0","0","0","0","0","0","0","0","0","0","0","0","0","0","0","0","0","0","0","0","0","0","0","0","0","0","0","0","0","0","0","0","0","0","0","0","0","0","0","0","0","0","0","0","0","0","0","0","0","0","0","0","0","0","0","0","0","2.59705557270918","0","0","2.12539609486081","0","0","0","0","0","0","0","0","0","0","0","0","0","0","0","0","0","0","0","0","0","0","0","0","0","0","0","0","0","0","0","0","0","0","0","0","0","0","0","0","0","0","0","0","0","0","0","0","0","0","0","0","0","0","0","0","0","0","0","1.62618516344767","0","0","0","0","0","0","0","0","0","0","0","0","0","0","0","0","0","0","0","0","0","0","0","0","1.87121128668823","0","0","0","0","0","0","0","0","0","0","0"
"APLN__astrocytes","0","0","0","0","0","0","0","0","0","0","0","0","0","0","0","0","0","0","0","0","0","0","0","0","0","0","0","0","0","0","0","0","0","0","0","0","2.51900367409471","0","0","0","0","0","0","0","0","0","0","0","0","0","2.98194716293867","0","0","0","0","0","0","0","0","0","0","0","0","0","0","0","0","0","0","0","0","0","0","0","0","0","0","0","0","0","0","0","0","0","0","0","0","0","0","0","0","0","0","0","0","0","0","0","0","2.11178556995809","0","0","0","0","0","0","0","0","0","0","0","0","0","0","0","0","0","0","0","0","0","0","0","0","0","0","0","0","0","0","0","0","0","0","0","0","1.68695128438446","0","0","0","0","0","0","0","0","0","0","0","0","0","0","0","0","0","0","0","0","0","0","2.00054117976535","0","0","0","0","0","0","0","0","0","0","0","0","0","0","0","0","0","0","0","0","0","0","0","0","0","0","0","0","0","0","0","0","1.79415386585274","0","0","0","0","0","0","0","0","1.54324160990577","0","0","0","0","0","0","0","0","0","0","0","0","0","0","0","0","0","0","0","0","0","0","0","0","0","0","0","0","0","0","0","0","0","0","0","0","0","0","0","0","0","0","0","0","0","0","0","0","0","0","0","0","0","0","1.86013854908526","0","0","0","0","0","0","0","0","0","0","0","0","0","0","0","0","0","0","0","0","0","0","0","0","0","1.43616153613175","0","0","0","0","0","0","0","0","0","0","0","0","0","0","2.05297446486505","0","0","0","0","0","0","0","0","0","0","0","0","0","0","0","0","0","0","0","0","0","0","0","0","0","0","0","0","0","0","0","0","0","0","0","0","0","2.28199195715832","0","0","0","1.95008083660321","0","0","0","0","0","0","2.13437506488574","0","0","0","0","0","0","0","0","0","0","2.00924633351453","0","0","0","0","0","0","0","0","0","0","0","0","0","0","0","0","0","0","0","0","0","0","0","0","0","0","0","0","0","0","0","0","0","0","0","0","0","0","0","0","0","0","0","0","0","0","0","0","0","0","0","0","0","0","0","0","0","0","0","0","0","0","0","0","0","0","0","0","0","0","0","0","0","0","0","0","0","0","0","0","0","0","0","0","0","0","0","0","0","0","0","0","0","0","0","0","0","0","0","0","0","2.38224756416117","0","0","0","0","0","0","0","0","0","0","0","0","0","0","0","0","0","0","0","0","0","0","0","0","0","0","1.62618516344767","0","0","0","0","0","0","0","0","0","0","0","0","0","0","0","0","0","1.8740029240951","0","0","0","0","0","0","1.21983331638004","0","0","0","0","0","0","0","0","0","0","0"
"CDH2__astrocytes","0","0","0","0","0","0","0","0","0","0","0","0","0","0","0","0","0","0","0","0","0","0","0","0","0","0","0","0","0","0","0","0","0","0","0","0","2.51900367409471","0","0","0","0","2.44653112992949","2.25938662881865","0","2.08367849534613","0","0","0","0","0","0","0","0","0","0","0","0","0","0","0","0","0","0","0","0","0","0","0","0","0","0","0","0","0","0","0","0","0","0","0","0","0","0","0","0","0","0","0","0","0","0","0","0","0","0","0","0","0","0","0","0","0","0","0","0","0","0","0","0","0","0","0","0","0","0","0","0","0","0","0","0","0","0","0","0","0","0","0","0","0","0","0","0","0","0","0","2.44347713559622","0","0","0","0","0","0","0","0","0","0","0","0","0","0","0","0","0","0","0","0","0","0","0","0","0","0","0","0","0","0","0","0","0","1.56473156389556","0","0","0","0","0","0","0","0","0","0","0","0","0","0","0","0","0","0","0","0","0","0","0","0","0","0","0","0","0","0","0","0","0","0","0","0","0","0","0","0","0","0","0","0","0","0","0","0","0","0","0","0","0","0","0","0","0","0","0","0","0","0","0","0","0","0","0","0","0","0","0","0","0","2.32655582953988","0","0","0","0","0","0","0","0","0","0","0","1.86013854908526","0","0","0","0","0","0","0","0","0","0","0","0","0","0","0","0","0","0","0","0","0","0","0","0","0","0","0","0","0","0","0","0","0","0","0","0","0","0","0","0","0","0","0","0","0","0","0","0","0","0","0","0","0","0","0","0","0","0","0","0","0","0","0","0","0","0","0","0","2.38964463962275","0","0","0","0","0","0","0","0","0","2.28199195715832","0","0","0","2.75016132887107","0","0","0","0","0","0","0","0","0","0","0","0","0","0","0","0","0","0","0","0","0","0","0","0","0","0","0","0","0","0","0","0","0","0","0","0","0","0","0","0","0","0","0","0","0","0","0","0","0","0","0","0","0","0","0","0","0","0","0","0","0","0","0","0","0","0","0","0","0","0","0","0","0","0","0","0","0","0","0","0","0","0","0","0","0","0","0","0","0","0","0","0","0","0","0","0","0","0","0","0","0","0","0","0","0","0","0","0","0","0","0","0","0","0","0","0","0","0","1.58592493907632","2.38224756416117","0","0","0","0","0","0","0","0","0","0","0","0","0","0","0","0","0","0","0","0","0","0","0","0","0","0","2.37125580725093","0","0","0","0","0","0","0","0","0","0","0","0","0","0","0","0","0","0","0","0","0","0","0","0","0","0","0","0","0","0","0","0","0","0","0","0"
"SEMA6D__astrocytes","0","0","0","0","0","0","0","0","0","0","0","0","0","0","0","0","0","0","0","0","0","0","0","0","0","0","0","0","0","0","0","0","0","0","0","0","1.75100543068502","0","0","0","0","2.44653112992949","0","0","1.38925467040783","0","0","0","0","0","0","0","0","0","0","0","0","0","0","0","0","0","0","0","0","0","0","0","0","0","0","0","0","0","0","0","0","0","0","0","0","0","0","0","0","0","0","0","0","0","0","0","0","0","0","0","0","0","0","0","0","0","0","0","0","0","0","0","0","0","0","0","0","0","0","0","0","0","0","0","0","0","0","0","0","0","0","0","0","0","0","0","0","0","0","0","1.68695128438446","0","0","0","0","0","0","0","0","0","0","0","0","0","0","0","0","0","0","0","0","0","0","2.00054117976535","0","0","0","0","0","0","0","0","0","0","0","0","0","0","0","0","0","0","0","0","0","0","0","0","0","0","0","0","0","0","0","0","1.79415386585274","0","0","0","0","0","0","0","0","0","0","0","0","0","0","0","0","0","0","0","0","0","0","0","0","0","0","0","0","0","0","0","0","0","0","0","0","0","0","0","0","0","0","0","0","0","0","0","0","0","0","0","2.32655582953988","0","0","0","0","0","0","0","0","0","0","0","0","0","0","0","0","0","0","0","0","0","0","0","0","0","0","0","0","0","0","0","0","0","0","0","0","0","2.96790595085639","0","0","0","0","0","0","0","0","0","0","0","0","0","0","0","0","0","0","0","0","0","0","0","0","0","0","0","0","0","0","0","0","0","0","0","0","0","0","0","0","0","0","0","0","0","0","0","0","0","0","0","0","1.19397985894392","0","0","0","0","0","0","0","0","0","0","1.09095931787067","0","0","0","0","0","0","0","0","0","0","2.00924633351453","0","0","0","0","0","0","0","0","0","0","0","0","0","0","0","0","0","0","0","0","0","0","0","0","0","0","0","0","0","0","0","0","0","0","0","0","0","0","0","0","0","0","0","0","0","0","0","0","0","0","0","0","0","0","0","0","0","0","0","0","0","0","0","0","0","0","0","0","2.12539609486081","0","0","0","0","0","0","0","0","0","0","0","0","0","0","0","0","0","0","0","0","0","0","0","0","0","0","0","0","0","0","0","1.58592493907632","2.87188793760174","0","0","0","0","0","0","0","0","0","0","0","0","0","0","0","0","0","0","0","0","0","0","0","0","0","0","1.62618516344767","0","0","0","2.93165171717485","0","0","0","0","0","0","0","0","0","0","0","0","0","0","0","0","0","0","0","0","1.21983331638004","0","0","0","0","0","0","0","0","0","0","0"
"LRRC4B__astrocytes","0","0","0","0","0","0","0","0","0","0","0","0","0","0","0","0","0","0","0","0","0","0","0","0","0","0","0","0","0","0","0","0","0","0","0","0","3.01752855043601","0","0","3.3415667979876","0","0","2.25938662881865","0","1.38925467040783","0","0","0","0","0","3.50471906533076","0","0","0","0","0","0","0","0","0","0","0","0","0","0","0","0","0","0","0","0","0","0","0","0","0","0","0","0","0","0","0","0","0","0","0","0","0","0","0","0","0","0","0","0","0","0","0","0","2.11178556995809","0","0","0","0","0","0","0","0","0","0","0","0","0","0","0","0","0","3.16753367568274","0","0","0","0","0","0","0","0","0","0","0","0","0","0","0","0","0","0","3.30436841638788","0","0","0","0","0","0","0","0","0","0","0","0","0","0","0","0","0","0","0","0","0","0","2.00054117976535","0","0","0","0","0","0","0","0","0","0","3.14288687986903","0","0","0","0","0","0","0","0","0","0","0","0","0","0","0","0","0","0","0","0","0","2.56954947675203","0","0","0","0","0","0","0","0","1.54324160990577","0","0","0","0","0","0","0","0","0","0","0","0","0","0","0","0","0","0","0","0","0","0","0","0","0","0","0","0","0","0","0","0","0","0","0","0","0","0","0","0","0","0","0","0","0","0","0","0","0","0","0","0","0","0","3.15239043763343","0","0","0","0","0","0","0","0","0","0","0","0","0","0","0","0","0","0","0","0","0","0","0","0","0","2.6130597046017","0","0","0","0","3.74841078740953","0","0","0","0","0","0","0","0","0","1.36446213872592","0","0","0","0","0","0","0","0","0","0","0","0","0","0","0","0","0","0","0","0","0","0","0","0","0","0","0","2.38964463962275","0","0","0","0","0","0","0","0","0","2.62089603488506","0","0","0","3.26181442835939","0","0","0","0","0","0","2.95994408956981","0","0","0","0","0","0","0","0","0","0","0","0","0","0","0","0","0","0","0","0","0","0","0","0","0","0","0","0","0","0","0","0","0","0","0","0","0","0","0","0","0","0","0","0","0","0","0","0","0","0","0","0","0","0","0","0","0","0","0","0","0","0","0","0","0","0","0","0","0","0","0","0","0","0","0","0","1.81772660613004","0","0","2.12539609486081","0","0","0","0","0","0","0","0","0","0","0","0","0","0","0","0","0","0","0","0","0","0","0","0","0","0","0","0","0","0","0","3.46074387545043","1.63540223926831","0","0","0","0","0","0","0","0","0","0","0","0","0","0","0","0","0","0","0","0","0","0","0","0","0","0","3.51535703323529","0","0","0","3.45216727780628","0","0","0","0","0","0","0","0","0","0","0","0","0","2.66242519557775","0","0","0","0","0","0","1.87121128668823","0","0","0","0","0","0","0","0","0","0","0"
"RPH3A__astrocytes","0","0","0","0","0","0","0","0","0","0","0","0","0","0","0","0","0","0","0","0","0","0","0","0","0","0","0","0","0","0","0","0","0","0","0","0","0","0","0","0","0","0","0","0","1.38925467040783","0","0","0","0","0","0","0","0","0","0","0","0","0","0","0","0","0","0","0","0","0","0","0","0","0","0","0","0","0","0","0","0","0","0","0","0","0","0","0","0","0","0","0","0","0","0","0","0","0","0","0","0","0","0","0","0","0","0","0","0","0","0","0","0","0","0","0","0","0","0","0","0","1.37685651229659","0","0","0","0","0","0","0","0","0","0","0","0","0","0","0","0","0","0","1.68695128438446","0","0","0","0","0","0","0","0","0","0","0","0","0","0","0","0","0","0","0","0","0","0","0","0","0","0","0","0","0","0","0","0","0","2.29761670268927","0","0","0","0","0","0","0","0","0","0","0","0","0","0","0","0","0","0","0","0","0","0","0","0","0","0","0","0","0","0","2.27171626531967","0","0","0","0","0","0","0","0","0","0","0","0","0","0","0","0","0","0","0","0","0","0","0","0","0","0","0","0","0","0","0","0","0","0","0","0","0","0","0","0","0","0","2.32655582953988","0","0","0","0","0","0","0","0","0","0","0","0","0","0","0","0","0","0","0","0","0","0","0","0","0","0","0","0","0","0","0","0","0","0","0","0","0","1.43616153613175","0","0","0","0","2.36359443568057","0","0","0","0","0","0","0","0","0","1.36446213872592","0","0","0","0","0","0","0","0","0","0","0","0","0","0","0","0","0","0","0","0","0","0","0","0","0","0","0","3.7782977490766","0","0","0","0","0","0","0","0","0","1.83820956620443","0","0","0","0","0","0","0","0","0","0","1.70501033112191","0","0","0","0","0","0","0","0","0","0","2.81791733603125","0","0","0","0","0","0","0","0","0","0","0","0","0","0","0","0","0","0","0","0","0","0","0","0","0","0","0","0","0","0","0","0","0","0","0","0","0","0","0","0","0","0","0","0","0","0","0","0","0","0","0","0","0","0","0","0","0","0","0","0","0","0","0","0","0","0","0","0","0","0","0","0","0","0","0","0","0","0","0","0","0","0","0","0","0","0","0","0","0","0","0","0","0","0","0","0","0","0","0","0","2.32308294389111","0","0","0","0","0","0","0","0","0","0","0","0","0","0","0","0","0","0","0","0","0","0","0","0","0","0","0","2.86014233641704","0","0","0","2.93165171717485","0","0","0","0","0","0","0","0","0","0","0","0","0","1.8740029240951","0","0","0","0","0","0","2.31834407555279","0","0","0","0","0","0","0","0","0","0","0"
"LGI4__astrocytes","0","0","0","0","0","0","0","0","0","0","0","0","0","0","0","0","0","0","0","0","0","0","0","0","0","0","0","0","0","0","0","0","0","0","0","0","2.51900367409471","0","0","0","0","0","0","0","0","0","0","0","0","0","0","0","0","0","0","0","0","0","0","0","0","0","0","0","0","0","0","0","0","0","0","0","0","0","0","0","0","0","0","0","0","0","0","0","0","0","0","0","0","0","0","0","0","0","0","0","0","0","0","2.11178556995809","0","0","0","0","0","0","0","0","0","0","0","0","0","0","0","0","0","1.37685651229659","0","0","0","0","0","0","0","0","0","0","0","0","0","0","0","0","0","0","0","0","0","0","0","0","0","0","0","0","0","0","0","0","0","0","0","0","0","0","0","0","0","2.00054117976535","0","0","0","0","0","0","0","0","0","0","0","0","0","0","0","0","0","0","0","0","0","0","0","0","0","0","0","0","0","0","0","0","0","0","0","0","0","0","0","0","0","1.54324160990577","0","0","0","0","0","0","0","0","0","0","0","0","0","0","0","0","0","0","0","0","0","0","0","0","0","0","0","0","0","0","0","0","0","0","0","0","0","0","0","0","0","0","2.32655582953988","0","0","0","0","0","0","0","0","0","0","0","1.86013854908526","0","0","0","0","0","0","0","0","0","0","0","0","0","0","0","0","0","0","0","0","0","0","0","0","0","0","0","0","0","0","2.36359443568057","0","0","0","0","0","0","0","0","0","1.36446213872592","0","0","0","0","0","0","0","0","0","0","0","0","0","0","0","0","0","0","0","0","0","0","0","0","0","0","0","1.64161138481658","0","0","0","0","0","0","0","0","0","1.83820956620443","0","0","0","1.95008083660321","0","0","0","0","0","0","1.70501033112191","0","0","0","0","0","0","0","0","0","0","0","0","0","0","0","0","0","0","0","0","0","0","0","0","0","0","0","0","0","0","0","0","0","0","0","0","0","0","0","0","0","0","0","0","0","0","0","0","0","0","0","0","0","0","0","0","0","0","0","0","0","0","0","0","0","0","0","0","0","0","0","0","0","0","0","0","2.59705557270918","0","0","2.94980708630464","0","0","0","0","0","0","0","0","0","0","0","0","0","0","0","0","0","0","0","0","0","0","0","0","0","0","0","0","0","0","0","0","0","0","0","0","0","0","0","0","0","0","0","0","0","0","0","0","0","0","0","0","0","0","0","0","0","0","0","0","0","0","0","0","0","0","0","0","0","0","0","0","0","0","0","0","0","1.8740029240951","0","0","0","0","0","0","2.65919211392799","0","0","0","0","0","0","0","0","0","0","0"
"CLDN11__OPC","0","0","0","0","0","0","0","0","0","0","0","0","0","0","0","0","0","0","0","0","0","0","0","0","0","0","0","0","0","0","0","0","0","0","0","0","0","0","0","0","0","0","0","0","0","0","0","0","0","0","0","0","0","0","0","0","0","0","0","0","0","0","0","0","0","0","0","0","0","0","0","0","0","0","0","0","0","0","0","0","0","0","0","0","0","0","0","0","0","0","0","0","0","0","0","0","0","0","0","0","0","0","0","0","3.46930862006969","2.55679844409898","0","0","0","0","0","0","0","0","0","0","0","0","0","0","0","0","0","0","0","0","0","0","0","0","0","0","0","0","0","0","0","0","0","0","0","0","0","0","0","0","0","0","0","0","0","0","0","0","0","0","0","0","0","0","0","0","0","0","0","0","0","0","0","0","0","0","0","0","0","0","0","0","0","0","0","0","0","0","0","0","0","0","0","0","0","0","0","0","0","0","0","0","0","0","0","0","0","0","0","0","0","0","0","0","0","0","0","0","0","0","0","0","0","0","0","0","0","0","0","0","0","0","0","0","0","0","0","0","0","0","0","0","0","0","0","0","0","0","0","0","0","0","0","0","0","0","0","0","0","0","0","0","0","0","0","0","0","0","0","0","0","0","0","0","0","0","0","0","0","0","0","0","0","0","0","0","0","0","0","0","0","0","0","0","0","0","0","0","0","0","0","0","0","0","0","0","0","0","0","0","0","0","0","0","0","0","0","0","0","0","0","0","0","0","0","0","0","0","0","0","0","0","0","0","0","0","0","0","0","0","0","0","0","0","0","0","0","0","0","0","0","0","0","0","0","0","0","0","0","0","0","0","0","0","0","0","0","0","0","0","0","0","0","0","0","0","0","0","0","0","0","0","0","0","0","0","0","0","0","0","0","0","0","0","0","0","0","0","0","0","0","0","0","0","0","0","0","0","0","0","0","0","0","0","0","0","0","0","0","0","0","0","0","0","0","0","0","0","5.29750155361284","4.63373815848265","0","1.84201039611034","0","0","0","3.29814863463797","0","0","0","0","0","0","0","0","0","0","0","0","0","0","0","3.63148923291879","0","0","0","0","0","0","0","0","0","0","0","0","0","0","0","0","0","0","0","0","0","0","0","0","0","0","0","0","0","0","0","0","0","0","0","0","0","4.90774908717856","0","0","0","0","0","0","0","0","0","0","0","0","0","0","0","0","0","0","0","0","3.51604411222749","0","0","0","0","0","0","0","0","0","0","0","0","0","0","0","0"
"CSPG4__OPC","0","0","0","0","0","0","0","0","0","0","0","0","0","0","0","0","0","0","0","0","0","0","0","0","0","0","0","0","0","0","0","0","0","0","0","0","0","3.46052506649992","0","0","0","0","0","0","0","0","0","1.72621226101334","0","0","0","0","0","2.97371703898138","0","0","0","0","0","0","0","0","0","0","0","0","0","0","0","0","0","0","0","0","0","0","0","0","0","0","0","0","0","0","0","0","0","0","0","0","0","0","0","0","0","0","0","0","0","0","0","0","0","0","0","1.78324812092941","0","0","0","0","0","0","0","0","0","0","0","0","0","0","0","0","0","3.1987798641145","0","0","0","0","0","0","0","0","0","0","0","0","0","0","0","0","0","0","0","0","0","2.14079817817525","0","0","0","0","0","0","0","0","0","0","0","0","0","0","0","0","0","0","0","0","0","0","0","0","0","0","0","0","0","0","0","0","0","0","0","0","0","0","0","0","0","0","0","0","0","0","0","0","0","0","0","0","0","0","0","0","0","0","0","0","0","0","0","0","0","0","0","0","0","0","0","0","0","0","0","0","0","0","0","0","0","0","0","0","0","0","0","0","0","0","0","0","0","0","0","0","0","0","0","0","0","0","0","0","0","0","0","0","0","0","0","0","0","0","0","0","0","0","0","0","0","0","0","0","0","0","0","0","0","0","0","0","0","0","0","0","0","0","0","0","0","0","0","0","0","0","0","0","0","0","0","0","0","0","0","3.74173815334338","0","0","0","0","0","0","0","0","0","0","0","0","0","0","0","2.96362086928207","0","0","0","0","0","0","0","0","0","0","0","0","0","0","0","0","0","0","0","0","0","0","0","0","0","0","0","0","0","0","0","0","0","0","0","0","0","0","0","0","0","0","0","0","0","0","0","0","0","0","0","0","0","0","0","0","0","0","0","0","0","0","0","0","0","0","0","0","0","0","0","0","0","0","0","0","0","0","0","0","0","0","0","0","0","0","0","0","0","0","0","0","0","0","0","0","0","0","0","0","0","0","0","0","0","0","0","0","0","3.50339587387823","0","0","0","3.29814863463797","0","0","0","0","0","0","0","0","0","0","0","0","0","0","0","0","0","0","0","0","0","0","0","0","0","0","0","0","0","0","0","0","0","0","0","0","0","0","0","0","0","0","0","0","0","0","0","0","0","0","0","0","0","0","0","0","0","0","0","0","0","0","0","0","0","0","0","0","0","0","0","0","0","0","0","0","0","0","0","0","0","0","0","0","0","0","0","0","0","0","0"
"DSCAM__OPC","0","0","0","0","0","0","0","0","0","0","0","0","0","0","0","0","0","0","0","0","0","0","0","0","0","0","0","0","0","0","0","0","0","0","0","0","0","3.46052506649992","0","0","0","0","0","0","0","0","0","0","0","0","0","0","0","2.35426751568364","0","0","0","0","0","0","0","0","0","0","0","0","0","0","0","0","0","0","0","0","0","0","0","0","0","0","0","0","0","0","0","0","0","0","0","0","0","0","0","0","0","0","0","0","0","0","0","0","0","0","0","3.05762482789799","0","0","0","0","0","0","0","0","0","0","0","0","0","0","0","0","0","0","0","0","0","0","0","0","0","0","0","0","0","0","0","0","0","0","0","0","0","0","0","0","0","0","0","0","0","0","0","0","0","0","0","0","0","0","0","0","0","0","0","0","0","0","0","0","0","0","0","0","0","0","0","0","0","0","0","0","0","0","0","0","0","0","0","0","0","0","0","0","0","0","0","0","0","0","0","0","0","0","0","0","0","0","0","0","0","0","0","0","0","0","0","0","0","0","0","0","0","0","0","0","0","0","0","0","0","0","0","0","0","0","0","0","0","0","0","0","0","0","0","0","0","0","0","0","0","0","0","0","0","0","0","0","0","0","0","0","0","0","0","0","0","0","0","0","0","0","0","0","0","0","0","0","0","0","0","0","0","0","0","0","0","0","0","0","0","0","0","0","0","0","0","0","0","0","0","0","0","0","0","0","0","0","0","0","0","0","0","0","0","1.17630668618444","0","1.43306539149518","0","0","0","0","0","0","0","0","0","0","0","0","0","0","0","0","0","0","0","0","0","0","0","0","0","0","0","0","0","0","0","0","0","0","0","0","0","0","0","0","0","0","0","0","0","0","0","0","0","0","0","0","0","0","0","0","0","0","0","0","0","0","0","0","0","0","0","0","0","0","0","0","0","0","0","0","0","0","0","0","0","0","0","0","0","0","0","0","0","0","0","0","0","0","0","0","0","0","0","0","0","0","0","0","0","0","1.37685651229659","0","0","2.62531380815","0","0","0","1.68218271687118","0","0","0","0","0","0","0","0","0","0","0","0","0","0","0","2.74344026054355","0","0","0","0","0","0","0","0","0","0","0","0","0","0","0","0","0","0","0","0","3.32030617786337","0","0","0","0","0","0","0","0","0","0","0","0","0","0","0","0","0","0","0","0","0","0","0","0","0","0","0","0","0","0","0","0","0","0","0","0","0","0","0","0","0","0","0","0","0","0","0","0","0","0","0","0","0","0"
"SEMA6B__OPC","0","0","0","0","0","0","0","0","0","0","0","0","0","0","0","0","0","0","0","0","0","0","0","0","0","0","0","0","0","0","0","0","0","0","0","0","0","0","0","0","0","0","0","0","0","0","0","2.48984101206949","0","0","0","0","0","2.35426751568364","0","0","0","0","0","0","0","0","0","0","0","0","0","0","0","0","0","0","0","0","0","0","0","0","0","0","0","0","0","0","0","0","0","0","0","0","0","0","0","0","0","0","0","0","0","0","0","0","0","0","2.59401899650618","0","0","0","0","0","0","0","0","0","0","0","0","0","0","0","0","0","0","2.69031550086738","0","0","0","0","0","0","0","0","0","0","0","0","0","0","0","0","0","0","0","0","0","1.43564450788913","0","0","0","0","0","0","0","0","0","0","0","0","0","0","0","0","0","0","0","0","0","0","0","0","0","0","0","0","0","0","0","0","0","0","0","0","0","0","0","0","0","0","0","0","0","0","0","0","0","0","0","0","0","0","0","0","0","0","0","0","0","0","0","0","0","0","0","0","0","0","0","0","0","0","0","0","0","0","0","0","0","0","0","0","0","0","0","0","0","0","0","0","0","0","0","0","0","0","0","0","0","0","0","0","0","0","0","0","0","0","0","0","0","0","0","0","0","0","0","0","0","0","0","0","0","0","0","0","0","0","0","0","0","0","0","0","0","0","0","0","0","0","0","0","0","0","0","0","0","0","0","0","0","0","0","0","0","0","0","0","0","0","0","0","0","0","0","0","0","0","0","0","0","0","0","0","0","0","0","0","0","0","0","0","0","0","0","0","0","0","0","0","0","0","0","0","0","0","0","0","0","0","0","0","0","0","0","0","0","0","0","0","0","0","0","0","0","0","0","0","0","0","0","0","0","0","0","0","0","0","0","0","0","0","0","0","0","0","0","0","0","0","0","0","0","0","0","0","0","0","0","0","0","0","0","0","0","0","0","0","0","0","0","0","0","0","0","0","0","0","0","0","0","0","0","0","0","0","0","0","0","2.62531380815","0","0","0","0","0","0","0","0","0","0","0","0","0","0","0","0","0","0","0","1.94423124607156","0","0","0","0","0","0","0","0","0","0","0","0","0","0","0","0","0","0","0","0","0","0","0","0","0","0","0","0","0","0","0","0","0","0","0","0","0","2.45003292063505","0","0","0","0","0","0","0","0","0","0","0","0","0","0","0","0","0","0","0","0","1.03141140780319","0","0","0","0","0","0","0","0","0","0","0","0","0","0","0","0"
"SHANK1__OPC","0","0","0","0","0","0","0","0","0","0","0","0","0","0","0","0","0","0","0","0","0","0","0","0","0","0","0","0","0","0","0","0","0","0","0","0","0","0","0","0","0","0","0","0","0","0","0","2.48984101206949","0","0","0","0","0","3.73769071562945","0","0","0","0","0","0","0","0","0","0","0","0","0","0","0","0","0","0","0","0","0","0","0","0","0","0","0","0","0","0","0","0","0","0","0","0","0","0","0","0","0","0","0","0","0","0","0","0","0","0","2.59401899650618","3.05762482789799","0","0","0","0","0","0","0","0","0","0","0","0","0","0","0","0","0","1.89812038598079","0","0","0","0","0","0","0","0","0","0","0","0","0","0","0","0","0","0","0","0","0","2.61237361740428","0","0","0","0","0","0","0","0","0","0","0","0","0","0","0","0","0","0","0","0","0","0","0","0","0","0","0","0","0","0","0","0","0","0","0","0","0","0","0","0","0","0","0","0","0","0","0","0","0","0","0","0","0","0","0","0","0","0","0","0","0","0","0","0","0","0","0","0","0","0","0","0","0","0","0","0","0","0","0","0","0","0","0","0","0","0","0","0","0","0","0","0","0","0","0","0","0","0","0","0","0","0","0","0","0","0","0","0","0","0","0","0","0","0","0","0","0","0","0","0","0","0","0","0","0","0","0","0","0","0","0","0","0","0","0","0","0","0","0","0","0","0","0","0","0","0","0","0","0","0","0","0","0","0","0","3.362208347557","0","0","0","0","0","0","0","0","0","0","0","0","0","3.2956971092038","0","3.48558012325917","0","0","0","0","0","0","0","0","0","0","0","0","0","0","0","0","0","0","0","0","0","0","0","0","0","0","0","0","0","0","0","0","0","0","0","0","0","0","0","0","0","0","0","0","0","0","0","0","0","0","0","0","0","0","0","0","0","0","0","0","0","0","0","0","0","0","0","0","0","0","0","0","0","0","0","0","0","0","0","0","0","0","0","0","0","0","0","0","0","0","0","0","0","0","0","0","0","0","0","0","0","0","0","0","0","0","0","2.3135013376493","0","3.50339587387823","0","0","0","2.43783019672824","0","0","0","0","0","0","0","0","0","0","0","0","0","0","0","3.63148923291879","0","0","0","0","0","0","0","0","0","0","0","0","0","0","0","0","0","0","0","0","4.24622018183499","0","0","0","0","0","0","0","0","0","0","0","0","0","0","0","0","2.94418913703149","0","0","0","0","0","0","0","0","0","0","0","0","0","0","0","0","0","0","0","0","3.51604411222749","0","0","0","0","0","0","0","0","0","0","0","0","0","0","0","0"
"VCAN__OPC","0","0","0","0","0","0","0","0","0","0","0","0","0","0","0","0","0","0","0","0","0","0","0","0","0","0","0","0","0","0","0","0","0","0","0","0","0","0","0","0","0","0","0","0","0","0","0","2.48984101206949","0","0","0","0","0","1.90389836423085","0","0","0","0","0","0","0","0","0","0","0","0","0","0","0","0","0","0","0","0","0","0","0","0","0","0","0","0","0","0","0","0","0","0","0","0","0","0","0","0","0","0","0","0","0","0","0","0","0","0","0","2.55679844409898","0","0","0","0","0","0","0","0","0","0","0","0","0","0","0","0","0","1.89812038598079","0","0","0","0","0","0","0","0","0","0","0","0","0","0","0","0","0","0","0","0","0","2.61237361740428","0","0","0","0","0","0","0","0","0","0","0","0","0","0","0","0","0","0","0","0","0","0","0","0","0","0","0","0","0","0","0","0","0","0","0","0","0","0","0","0","0","0","0","0","0","0","0","0","0","0","0","0","0","0","0","0","0","0","0","0","0","0","0","0","0","0","0","0","0","0","0","0","0","0","0","0","0","0","0","0","0","0","0","0","0","0","0","0","0","0","0","0","0","0","0","0","0","0","0","0","0","0","0","0","0","0","0","0","0","0","0","0","0","0","0","0","0","0","0","0","0","0","0","0","0","0","0","0","0","0","0","0","0","0","0","0","0","0","0","0","0","0","0","0","0","0","0","0","0","0","0","0","0","0","0","2.03364449285321","0","0","0","0","0","0","0","0","0","0","0","0","0","3.2956971092038","0","2.13763359420572","0","0","0","0","0","0","0","0","0","0","0","0","0","0","0","0","0","0","0","0","0","0","0","0","0","0","0","0","0","0","0","0","0","0","0","0","0","0","0","0","0","0","0","0","0","0","0","0","0","0","0","0","0","0","0","0","0","0","0","0","0","0","0","0","0","0","0","0","0","0","0","0","0","0","0","0","0","0","0","0","0","0","0","0","0","0","0","0","0","0","0","0","0","0","0","0","0","0","0","0","0","0","0","0","0","0","0","0","0","0","0","0","0","3.29814863463797","0","0","0","0","0","0","0","0","0","0","0","0","0","0","0","2.39848442972182","0","0","0","0","0","0","0","0","0","0","0","0","0","0","0","0","0","0","0","0","0","0","0","0","0","0","0","0","0","0","0","0","0","0","0","0","0","0","0","0","0","0","0","0","0","0","0","0","0","0","0","0","0","0","0","0","0","0","1.62669421394164","0","0","0","0","0","0","0","0","0","0","0","0","0","0","0","0"
"CADM3__OPC","0","0","0","0","0","0","0","0","0","0","0","0","0","0","0","0","0","0","0","0","0","0","0","0","0","0","0","0","0","0","0","0","0","0","0","0","0","3.46052506649992","0","0","0","0","0","0","0","0","0","0","0","0","0","0","0","1.90389836423085","0","0","0","0","0","0","0","0","0","0","0","0","0","0","0","0","0","0","0","0","0","0","0","0","0","0","0","0","0","0","0","0","0","0","0","0","0","0","0","0","0","0","0","0","0","0","0","0","0","0","0","2.55679844409898","0","0","0","0","0","0","0","0","0","0","0","0","0","0","0","0","0","2.69031550086738","0","0","0","0","0","0","0","0","0","0","0","0","0","0","0","0","0","0","0","0","0","2.14079817817525","0","0","0","0","0","0","0","0","0","0","0","0","0","0","0","0","0","0","0","0","0","0","0","0","0","0","0","0","0","0","0","0","0","0","0","0","0","0","0","0","0","0","0","0","0","0","0","0","0","0","0","0","0","0","0","0","0","0","0","0","0","0","0","0","0","0","0","0","0","0","0","0","0","0","0","0","0","0","0","0","0","0","0","0","0","0","0","0","0","0","0","0","0","0","0","0","0","0","0","0","0","0","0","0","0","0","0","0","0","0","0","0","0","0","0","0","0","0","0","0","0","0","0","0","0","0","0","0","0","0","0","0","0","0","0","0","0","0","0","0","0","0","0","0","0","0","0","0","0","0","0","0","0","0","0","0","0","0","0","0","0","0","0","0","0","0","0","0","0","1.81555477235792","0","2.13763359420572","0","0","0","0","0","0","0","0","0","0","0","0","0","0","0","0","0","0","0","0","0","0","0","0","0","0","0","0","0","0","0","0","0","0","0","0","0","0","0","0","0","0","0","0","0","0","0","0","0","0","0","0","0","0","0","0","0","0","0","0","0","0","0","0","0","0","0","0","0","0","0","0","0","0","0","0","0","0","0","0","0","0","0","0","0","0","0","0","0","0","0","0","0","0","0","0","0","0","0","0","0","0","0","0","0","0","1.37685651229659","2.3135013376493","0","0","0","0","0","0","0","0","0","0","0","0","0","0","0","0","0","0","0","0","0","0","0","0","0","0","0","0","0","0","0","0","0","0","0","0","0","0","0","0","0","0","0","0","0","0","0","0","0","0","0","0","0","0","0","0","0","0","0","2.45003292063505","0","0","0","0","0","0","0","0","0","0","0","0","0","0","0","0","0","0","0","0","0","0","0","0","0","0","0","0","0","0","0","0","0","0","0","0","0"
"NTRK3__OPC","0","0","0","0","0","0","0","0","0","0","0","0","0","0","0","0","0","0","0","0","0","0","0","0","0","0","0","0","0","0","0","0","0","0","0","0","0","2.58596485957541","0","0","0","0","0","0","0","0","0","1.72621226101334","0","0","0","0","0","1.90389836423085","0","0","0","0","0","0","0","0","0","0","0","0","0","0","0","0","0","0","0","0","0","0","0","0","0","0","0","0","0","0","0","0","0","0","0","0","0","0","0","0","0","0","0","0","0","0","0","0","0","0","0","2.55679844409898","0","0","0","0","0","0","0","0","0","0","0","0","0","0","0","0","0","0","0","0","0","0","0","0","0","0","0","0","0","0","0","0","0","0","0","0","0","0","0","0","0","0","0","0","0","0","0","0","0","0","0","0","0","0","0","0","0","0","0","0","0","0","0","0","0","0","0","0","0","0","0","0","0","0","0","0","0","0","0","0","0","0","0","0","0","0","0","0","0","0","0","0","0","0","0","0","0","0","0","0","0","0","0","0","0","0","0","0","0","0","0","0","0","0","0","0","0","0","0","0","0","0","0","0","0","0","0","0","0","0","0","0","0","0","0","0","0","0","0","0","0","0","0","0","0","0","0","0","0","0","0","0","0","0","0","0","0","0","0","0","0","0","0","0","0","0","0","0","0","0","0","0","0","0","0","0","0","0","0","0","0","0","0","0","0","0","0","0","0","0","0","0","0","0","0","2.84574235574871","0","0","0","0","0","0","0","0","0","0","0","0","0","1.81555477235792","0","2.13763359420572","0","0","0","0","0","0","0","0","0","0","0","0","0","0","0","0","0","0","0","0","0","0","0","0","0","0","0","0","0","0","0","0","0","0","0","0","0","0","0","0","0","0","0","0","0","0","0","0","0","0","0","0","0","0","0","0","0","0","0","0","0","0","0","0","0","0","0","0","0","0","0","0","0","0","0","0","0","0","0","0","0","0","0","0","0","0","0","0","0","0","0","0","0","0","0","0","0","0","0","0","0","0","0","0","0","0","0","0","0","0","0","0","0","0","0","0","0","0","0","0","0","0","0","0","0","0","0","0","0","0","0","0","0","0","0","0","0","0","0","0","0","0","0","0","0","0","0","0","0","0","3.32030617786337","0","0","0","0","0","0","0","0","0","0","0","0","0","0","0","0","2.45003292063505","0","0","0","0","0","0","0","0","0","0","0","0","0","0","0","0","0","0","0","0","0","0","0","0","0","0","0","0","0","0","0","0","0","0","0","0","0"
"GLG1__OPC","0","0","0","0","0","0","0","0","0","0","0","0","0","0","0","0","0","0","0","0","0","0","0","0","0","0","0","0","0","0","0","0","0","0","0","0","0","0","0","0","0","0","0","0","0","0","0","2.48984101206949","0","0","0","0","0","1.24556574145914","0","0","0","0","0","0","0","0","0","0","0","0","0","0","0","0","0","0","0","0","0","0","0","0","0","0","0","0","0","0","0","0","0","0","0","0","0","0","0","0","0","0","0","0","0","0","0","0","0","0","1.81512110826651","1.78324812092941","0","0","0","0","0","0","0","0","0","0","0","0","0","0","0","0","0","0","0","0","0","0","0","0","0","0","0","0","0","0","0","0","0","0","0","0","0","0","0","2.61237361740428","0","0","0","0","0","0","0","0","0","0","0","0","0","0","0","0","0","0","0","0","0","0","0","0","0","0","0","0","0","0","0","0","0","0","0","0","0","0","0","0","0","0","0","0","0","0","0","0","0","0","0","0","0","0","0","0","0","0","0","0","0","0","0","0","0","0","0","0","0","0","0","0","0","0","0","0","0","0","0","0","0","0","0","0","0","0","0","0","0","0","0","0","0","0","0","0","0","0","0","0","0","0","0","0","0","0","0","0","0","0","0","0","0","0","0","0","0","0","0","0","0","0","0","0","0","0","0","0","0","0","0","0","0","0","0","0","0","0","0","0","0","0","0","0","0","0","0","0","0","0","0","0","0","0","0","0","0","0","0","0","0","0","0","0","0","0","0","0","0","1.17630668618444","0","2.6089499741241","0","0","0","0","0","0","0","0","0","0","0","0","0","0","0","0","0","0","0","0","0","0","0","0","0","0","0","0","0","0","0","0","0","0","0","0","0","0","0","0","0","0","0","0","0","0","0","0","0","0","0","0","0","0","0","0","0","0","0","0","0","0","0","0","0","0","0","0","0","0","0","0","0","0","0","0","0","0","0","0","0","0","0","0","0","0","0","0","0","0","0","0","0","0","0","0","0","0","0","0","0","0","0","0","0","0","1.37685651229659","2.79832436595025","0","0","0","0","0","2.43783019672824","0","0","0","0","0","0","0","0","0","0","0","0","0","0","0","1.94423124607156","0","0","0","0","0","0","0","0","0","0","0","0","0","0","0","0","0","0","0","0","0","0","0","0","0","0","0","0","0","0","0","0","0","0","0","0","0","0","0","0","0","0","0","0","0","0","0","0","0","0","0","0","0","0","0","0","0","0","0","0","0","0","0","0","0","0","0","0","0","0","0","0","0","0","0"
"DAG1__OPC","0","0","0","0","0","0","0","0","0","0","0","0","0","0","0","0","0","0","0","0","0","0","0","0","0","0","0","0","0","0","0","0","0","0","0","0","0","3.46052506649992","0","0","0","0","0","0","0","0","0","3.35534346912853","0","0","0","0","0","2.69698659214263","0","0","0","0","0","0","0","0","0","0","0","0","0","0","0","0","0","0","0","0","0","0","0","0","0","0","0","0","0","0","0","0","0","0","0","0","0","0","0","0","0","0","0","0","0","0","0","0","0","0","2.59401899650618","2.55679844409898","0","0","0","0","0","0","0","0","0","0","0","0","0","0","0","0","0","0","0","0","0","0","0","0","0","0","0","0","0","0","0","0","0","0","0","0","0","0","0","2.14079817817525","0","0","0","0","0","0","0","0","0","0","0","0","0","0","0","0","0","0","0","0","0","0","0","0","0","0","0","0","0","0","0","0","0","0","0","0","0","0","0","0","0","0","0","0","0","0","0","0","0","0","0","0","0","0","0","0","0","0","0","0","0","0","0","0","0","0","0","0","0","0","0","0","0","0","0","0","0","0","0","0","0","0","0","0","0","0","0","0","0","0","0","0","0","0","0","0","0","0","0","0","0","0","0","0","0","0","0","0","0","0","0","0","0","0","0","0","0","0","0","0","0","0","0","0","0","0","0","0","0","0","0","0","0","0","0","0","0","0","0","0","0","0","0","0","0","0","0","0","0","0","0","0","0","0","0","0","0","0","0","0","0","0","0","0","0","0","0","0","0","1.81555477235792","0","1.43306539149518","0","0","0","0","0","0","0","0","0","0","0","0","0","0","0","0","0","0","0","0","0","0","0","0","0","0","0","0","0","0","0","0","0","0","0","0","0","0","0","0","0","0","0","0","0","0","0","0","0","0","0","0","0","0","0","0","0","0","0","0","0","0","0","0","0","0","0","0","0","0","0","0","0","0","0","0","0","0","0","0","0","0","0","0","0","0","0","0","0","0","0","0","0","0","0","0","0","0","0","0","0","0","0","0","0","0","2.06833986286999","3.16055889229396","0","2.62531380815","0","0","0","2.43783019672824","0","0","0","0","0","0","0","0","0","0","0","0","0","0","0","1.27748688941324","0","0","0","0","0","0","0","0","0","0","0","0","0","0","0","0","0","0","0","0","0","0","0","0","0","0","0","0","0","0","0","0","0","0","0","0","0","2.45003292063505","0","0","0","0","0","0","0","0","0","0","0","0","0","0","0","0","0","0","0","0","2.04686431248401","0","0","0","0","0","0","0","0","0","0","0","0","0","0","0","0"
"YARS__OPC","0","0","0","0","0","0","0","0","0","0","0","0","0","0","0","0","0","0","0","0","0","0","0","0","0","0","0","0","0","0","0","0","0","0","0","0","0","0","0","0","0","0","0","0","0","0","0","1.72621226101334","0","0","0","0","0","1.24556574145914","0","0","0","0","0","0","0","0","0","0","0","0","0","0","0","0","0","0","0","0","0","0","0","0","0","0","0","0","0","0","0","0","0","0","0","0","0","0","0","0","0","0","0","0","0","0","0","0","0","0","2.59401899650618","0","0","0","0","0","0","0","0","0","0","0","0","0","0","0","0","0","0","0","0","0","0","0","0","0","0","0","0","0","0","0","0","0","0","0","0","0","0","0","0","1.43564450788913","0","0","0","0","0","0","0","0","0","0","0","0","0","0","0","0","0","0","0","0","0","0","0","0","0","0","0","0","0","0","0","0","0","0","0","0","0","0","0","0","0","0","0","0","0","0","0","0","0","0","0","0","0","0","0","0","0","0","0","0","0","0","0","0","0","0","0","0","0","0","0","0","0","0","0","0","0","0","0","0","0","0","0","0","0","0","0","0","0","0","0","0","0","0","0","0","0","0","0","0","0","0","0","0","0","0","0","0","0","0","0","0","0","0","0","0","0","0","0","0","0","0","0","0","0","0","0","0","0","0","0","0","0","0","0","0","0","0","0","0","0","0","0","0","0","0","0","0","0","0","0","0","0","0","0","2.03364449285321","0","0","0","0","0","0","0","0","0","0","0","0","0","0","0","2.13763359420572","0","0","0","0","0","0","0","0","0","0","0","0","0","0","0","0","0","0","0","0","0","0","0","0","0","0","0","0","0","0","0","0","0","0","0","0","0","0","0","0","0","0","0","0","0","0","0","0","0","0","0","0","0","0","0","0","0","0","0","0","0","0","0","0","0","0","0","0","0","0","0","0","0","0","0","0","0","0","0","0","0","0","0","0","0","0","0","0","0","0","0","0","0","0","0","0","0","0","0","0","0","0","0","0","0","0","2.06833986286999","2.3135013376493","0","0","0","0","0","0","0","0","0","0","0","0","0","0","0","0","0","0","0","0","0","1.27748688941324","0","0","0","0","0","0","0","0","0","0","0","0","0","0","0","0","0","0","0","0","3.32030617786337","0","0","0","0","0","0","0","0","0","0","0","0","0","0","0","0","2.45003292063505","0","0","0","0","0","0","0","0","0","0","0","0","0","0","0","0","0","0","0","0","2.636941217207","0","0","0","0","0","0","0","0","0","0","0","0","0","0","0","0"
"BAG6__OPC","0","0","0","0","0","0","0","0","0","0","0","0","0","0","0","0","0","0","0","0","0","0","0","0","0","0","0","0","0","0","0","0","0","0","0","0","0","3.46052506649992","0","0","0","0","0","0","0","0","0","2.48984101206949","0","0","0","0","0","2.35426751568364","0","0","0","0","0","0","0","0","0","0","0","0","0","0","0","0","0","0","0","0","0","0","0","0","0","0","0","0","0","0","0","0","0","0","0","0","0","0","0","0","0","0","0","0","0","0","0","0","0","0","2.59401899650618","2.55679844409898","0","0","0","0","0","0","0","0","0","0","0","0","0","0","0","0","0","3.1987798641145","0","0","0","0","0","0","0","0","0","0","0","0","0","0","0","0","0","0","0","0","0","2.14079817817525","0","0","0","0","0","0","0","0","0","0","0","0","0","0","0","0","0","0","0","0","0","0","0","0","0","0","0","0","0","0","0","0","0","0","0","0","0","0","0","0","0","0","0","0","0","0","0","0","0","0","0","0","0","0","0","0","0","0","0","0","0","0","0","0","0","0","0","0","0","0","0","0","0","0","0","0","0","0","0","0","0","0","0","0","0","0","0","0","0","0","0","0","0","0","0","0","0","0","0","0","0","0","0","0","0","0","0","0","0","0","0","0","0","0","0","0","0","0","0","0","0","0","0","0","0","0","0","0","0","0","0","0","0","0","0","0","0","0","0","0","0","0","0","0","0","0","0","0","0","0","0","0","0","0","0","0","0","0","0","0","0","0","0","0","0","0","0","0","0","1.81555477235792","0","1.43306539149518","0","0","0","0","0","0","0","0","0","0","0","0","0","0","0","0","0","0","0","0","0","0","0","0","0","0","0","0","0","0","0","0","0","0","0","0","0","0","0","0","0","0","0","0","0","0","0","0","0","0","0","0","0","0","0","0","0","0","0","0","0","0","0","0","0","0","0","0","0","0","0","0","0","0","0","0","0","0","0","0","0","0","0","0","0","0","0","0","0","0","0","0","0","0","0","0","0","0","0","0","0","0","0","0","0","0","1.37685651229659","2.3135013376493","0","1.84201039611034","0","0","0","1.68218271687118","0","0","0","0","0","0","0","0","0","0","0","0","0","0","0","1.27748688941324","0","0","0","0","0","0","0","0","0","0","0","0","0","0","0","0","0","0","0","0","2.45795722398584","0","0","0","0","0","0","0","0","0","0","0","0","0","0","0","0","0","0","0","0","0","0","0","0","0","0","0","0","0","0","0","0","0","0","0","0","0","2.636941217207","0","0","0","0","0","0","0","0","0","0","0","0","0","0","0","0"
"GRN__OPC","0","0","0","0","0","0","0","0","0","0","0","0","0","0","0","0","0","0","0","0","0","0","0","0","0","0","0","0","0","0","0","0","0","0","0","0","0","3.46052506649992","0","0","0","0","0","0","0","0","0","0","0","0","0","0","0","2.69698659214263","0","0","0","0","0","0","0","0","0","0","0","0","0","0","0","0","0","0","0","0","0","0","0","0","0","0","0","0","0","0","0","0","0","0","0","0","0","0","0","0","0","0","0","0","0","0","0","0","0","0","1.81512110826651","3.05762482789799","0","0","0","0","0","0","0","0","0","0","0","0","0","0","0","0","0","0","0","0","0","0","0","0","0","0","0","0","0","0","0","0","0","0","0","0","0","0","0","0","0","0","0","0","0","0","0","0","0","0","0","0","0","0","0","0","0","0","0","0","0","0","0","0","0","0","0","0","0","0","0","0","0","0","0","0","0","0","0","0","0","0","0","0","0","0","0","0","0","0","0","0","0","0","0","0","0","0","0","0","0","0","0","0","0","0","0","0","0","0","0","0","0","0","0","0","0","0","0","0","0","0","0","0","0","0","0","0","0","0","0","0","0","0","0","0","0","0","0","0","0","0","0","0","0","0","0","0","0","0","0","0","0","0","0","0","0","0","0","0","0","0","0","0","0","0","0","0","0","0","0","0","0","0","0","0","0","0","0","0","0","0","0","0","0","0","0","0","0","0","0","0","0","0","0","0","0","0","0","0","0","0","0","0","0","0","0","0","0","2.25698780096204","0","2.13763359420572","0","0","0","0","0","0","0","0","0","0","0","0","0","0","0","0","0","0","0","0","0","0","0","0","0","0","0","0","0","0","0","0","0","0","0","0","0","0","0","0","0","0","0","0","0","0","0","0","0","0","0","0","0","0","0","0","0","0","0","0","0","0","0","0","0","0","0","0","0","0","0","0","0","0","0","0","0","0","0","0","0","0","0","0","0","0","0","0","0","0","0","0","0","0","0","0","0","0","0","0","0","0","0","0","0","0","1.37685651229659","2.3135013376493","0","0","0","0","0","2.43783019672824","0","0","0","0","0","0","0","0","0","0","0","0","0","0","0","0","0","0","0","0","0","0","0","0","0","0","0","0","0","0","0","0","0","0","0","0","0","0","0","0","0","0","0","0","0","0","0","0","0","0","0","0","0","2.45003292063505","0","0","0","0","0","0","0","0","0","0","0","0","0","0","0","0","0","0","0","0","2.37186322494605","0","0","0","0","0","0","0","0","0","0","0","0","0","0","0","0"
"PTPRZ1__OPC","0","0","0","0","0","0","0","0","0","0","0","0","0","0","0","0","0","0","0","0","0","0","0","0","0","0","0","0","0","0","0","0","0","0","0","0","0","2.58596485957541","0","0","0","0","0","0","0","0","0","1.72621226101334","0","0","0","0","0","2.97371703898138","0","0","0","0","0","0","0","0","0","0","0","0","0","0","0","0","0","0","0","0","0","0","0","0","0","0","0","0","0","0","0","0","0","0","0","0","0","0","0","0","0","0","0","0","0","0","0","0","0","0","2.59401899650618","2.55679844409898","0","0","0","0","0","0","0","0","0","0","0","0","0","0","0","0","0","2.69031550086738","0","0","0","0","0","0","0","0","0","0","0","0","0","0","0","0","0","0","0","0","0","2.96719062637565","0","0","0","0","0","0","0","0","0","0","0","0","0","0","0","0","0","0","0","0","0","0","0","0","0","0","0","0","0","0","0","0","0","0","0","0","0","0","0","0","0","0","0","0","0","0","0","0","0","0","0","0","0","0","0","0","0","0","0","0","0","0","0","0","0","0","0","0","0","0","0","0","0","0","0","0","0","0","0","0","0","0","0","0","0","0","0","0","0","0","0","0","0","0","0","0","0","0","0","0","0","0","0","0","0","0","0","0","0","0","0","0","0","0","0","0","0","0","0","0","0","0","0","0","0","0","0","0","0","0","0","0","0","0","0","0","0","0","0","0","0","0","0","0","0","0","0","0","0","0","0","0","0","0","0","3.74173815334338","0","0","0","0","0","0","0","0","0","0","0","0","0","0","0","3.48558012325917","0","0","0","0","0","0","0","0","0","0","0","0","0","0","0","0","0","0","0","0","0","0","0","0","0","0","0","0","0","0","0","0","0","0","0","0","0","0","0","0","0","0","0","0","0","0","0","0","0","0","0","0","0","0","0","0","0","0","0","0","0","0","0","0","0","0","0","0","0","0","0","0","0","0","0","0","0","0","0","0","0","0","0","0","0","0","0","0","0","0","0","0","0","0","0","0","0","0","0","0","0","0","0","0","0","0","2.06833986286999","1.57794362555452","0","2.62531380815","0","0","0","0","0","0","0","0","0","0","0","0","0","0","0","0","0","0","0","1.94423124607156","0","0","0","0","0","0","0","0","0","0","0","0","0","0","0","0","0","0","0","0","3.32030617786337","0","0","0","0","0","0","0","0","0","0","0","0","0","0","0","0","0","0","0","0","0","0","0","0","0","0","0","0","0","0","0","0","0","0","0","0","0","0","0","0","0","0","0","0","0","0","0","0","0","0","0","0","0","0"
"NLGN2__OPC","0","0","0","0","0","0","0","0","0","0","0","0","0","0","0","0","0","0","0","0","0","0","0","0","0","0","0","0","0","0","0","0","0","0","0","0","0","0","0","0","0","0","0","0","0","0","0","0","0","0","0","0","0","2.35426751568364","0","0","0","0","0","0","0","0","0","0","0","0","0","0","0","0","0","0","0","0","0","0","0","0","0","0","0","0","0","0","0","0","0","0","0","0","0","0","0","0","0","0","0","0","0","0","0","0","0","0","2.59401899650618","3.05762482789799","0","0","0","0","0","0","0","0","0","0","0","0","0","0","0","0","0","2.69031550086738","0","0","0","0","0","0","0","0","0","0","0","0","0","0","0","0","0","0","0","0","0","0","0","0","0","0","0","0","0","0","0","0","0","0","0","0","0","0","0","0","0","0","0","0","0","0","0","0","0","0","0","0","0","0","0","0","0","0","0","0","0","0","0","0","0","0","0","0","0","0","0","0","0","0","0","0","0","0","0","0","0","0","0","0","0","0","0","0","0","0","0","0","0","0","0","0","0","0","0","0","0","0","0","0","0","0","0","0","0","0","0","0","0","0","0","0","0","0","0","0","0","0","0","0","0","0","0","0","0","0","0","0","0","0","0","0","0","0","0","0","0","0","0","0","0","0","0","0","0","0","0","0","0","0","0","0","0","0","0","0","0","0","0","0","0","0","0","0","0","0","0","0","0","0","0","0","0","0","0","0","0","0","0","0","0","0","0","0","0","0","0","1.81555477235792","0","0","0","0","0","0","0","0","0","0","0","0","0","0","0","0","0","0","0","0","0","0","0","0","0","0","0","0","0","0","0","0","0","0","0","0","0","0","0","0","0","0","0","0","0","0","0","0","0","0","0","0","0","0","0","0","0","0","0","0","0","0","0","0","0","0","0","0","0","0","0","0","0","0","0","0","0","0","0","0","0","0","0","0","0","0","0","0","0","0","0","0","0","0","0","0","0","0","0","0","0","0","0","0","0","0","0","0","2.06833986286999","1.57794362555452","0","1.84201039611034","0","0","0","0","0","0","0","0","0","0","0","0","0","0","0","0","0","0","0","1.94423124607156","0","0","0","0","0","0","0","0","0","0","0","0","0","0","0","0","0","0","0","0","0","0","0","0","0","0","0","0","0","0","0","0","0","0","0","0","0","1.6924909650256","0","0","0","0","0","0","0","0","0","0","0","0","0","0","0","0","0","0","0","0","1.62669421394164","0","0","0","0","0","0","0","0","0","0","0","0","0","0","0","0"
"SEMA5A__OPC","0","0","0","0","0","0","0","0","0","0","0","0","0","0","0","0","0","0","0","0","0","0","0","0","0","0","0","0","0","0","0","0","0","0","0","0","0","0","0","0","0","0","0","0","0","0","0","0","0","0","0","0","0","2.35426751568364","0","0","0","0","0","0","0","0","0","0","0","0","0","0","0","0","0","0","0","0","0","0","0","0","0","0","0","0","0","0","0","0","0","0","0","0","0","0","0","0","0","0","0","0","0","0","0","0","0","0","2.59401899650618","2.55679844409898","0","0","0","0","0","0","0","0","0","0","0","0","0","0","0","0","0","0","0","0","0","0","0","0","0","0","0","0","0","0","0","0","0","0","0","0","0","0","0","1.43564450788913","0","0","0","0","0","0","0","0","0","0","0","0","0","0","0","0","0","0","0","0","0","0","0","0","0","0","0","0","0","0","0","0","0","0","0","0","0","0","0","0","0","0","0","0","0","0","0","0","0","0","0","0","0","0","0","0","0","0","0","0","0","0","0","0","0","0","0","0","0","0","0","0","0","0","0","0","0","0","0","0","0","0","0","0","0","0","0","0","0","0","0","0","0","0","0","0","0","0","0","0","0","0","0","0","0","0","0","0","0","0","0","0","0","0","0","0","0","0","0","0","0","0","0","0","0","0","0","0","0","0","0","0","0","0","0","0","0","0","0","0","0","0","0","0","0","0","0","0","0","0","0","0","0","0","0","0","0","0","0","0","0","0","0","0","0","0","0","0","0","1.17630668618444","0","0","0","0","0","0","0","0","0","0","0","0","0","0","0","0","0","0","0","0","0","0","0","0","0","0","0","0","0","0","0","0","0","0","0","0","0","0","0","0","0","0","0","0","0","0","0","0","0","0","0","0","0","0","0","0","0","0","0","0","0","0","0","0","0","0","0","0","0","0","0","0","0","0","0","0","0","0","0","0","0","0","0","0","0","0","0","0","0","0","0","0","0","0","0","0","0","0","0","0","0","0","0","0","0","0","0","0","2.53382662081296","2.79832436595025","0","2.62531380815","0","0","0","2.93119007888612","0","0","0","0","0","0","0","0","0","0","0","0","0","0","0","1.94423124607156","0","0","0","0","0","0","0","0","0","0","0","0","0","0","0","0","0","0","0","0","0","0","0","0","0","0","0","0","0","0","0","0","0","0","0","0","0","3.3115861506659","0","0","0","0","0","0","0","0","0","0","0","0","0","0","0","0","0","0","0","0","1.62669421394164","0","0","0","0","0","0","0","0","0","0","0","0","0","0","0","0"
"SEMA4C__OPC","0","0","0","0","0","0","0","0","0","0","0","0","0","0","0","0","0","0","0","0","0","0","0","0","0","0","0","0","0","0","0","0","0","0","0","0","0","0","0","0","0","0","0","0","0","0","0","2.48984101206949","0","0","0","0","0","1.90389836423085","0","0","0","0","0","0","0","0","0","0","0","0","0","0","0","0","0","0","0","0","0","0","0","0","0","0","0","0","0","0","0","0","0","0","0","0","0","0","0","0","0","0","0","0","0","0","0","0","0","0","0","2.55679844409898","0","0","0","0","0","0","0","0","0","0","0","0","0","0","0","0","0","2.69031550086738","0","0","0","0","0","0","0","0","0","0","0","0","0","0","0","0","0","0","0","0","0","2.61237361740428","0","0","0","0","0","0","0","0","0","0","0","0","0","0","0","0","0","0","0","0","0","0","0","0","0","0","0","0","0","0","0","0","0","0","0","0","0","0","0","0","0","0","0","0","0","0","0","0","0","0","0","0","0","0","0","0","0","0","0","0","0","0","0","0","0","0","0","0","0","0","0","0","0","0","0","0","0","0","0","0","0","0","0","0","0","0","0","0","0","0","0","0","0","0","0","0","0","0","0","0","0","0","0","0","0","0","0","0","0","0","0","0","0","0","0","0","0","0","0","0","0","0","0","0","0","0","0","0","0","0","0","0","0","0","0","0","0","0","0","0","0","0","0","0","0","0","0","0","0","0","0","0","0","0","0","0","0","0","0","0","0","0","0","0","0","0","0","0","0","0","0","2.13763359420572","0","0","0","0","0","0","0","0","0","0","0","0","0","0","0","0","0","0","0","0","0","0","0","0","0","0","0","0","0","0","0","0","0","0","0","0","0","0","0","0","0","0","0","0","0","0","0","0","0","0","0","0","0","0","0","0","0","0","0","0","0","0","0","0","0","0","0","0","0","0","0","0","0","0","0","0","0","0","0","0","0","0","0","0","0","0","0","0","0","0","0","0","0","0","0","0","0","0","0","0","0","0","0","0","0","0","3.16753367568274","0","0","0","0","0","0","0","0","0","0","0","0","0","0","0","0","0","0","0","0","0","0","1.94423124607156","0","0","0","0","0","0","0","0","0","0","0","0","0","0","0","0","0","0","0","0","0","0","0","0","0","0","0","0","0","0","0","0","0","0","0","0","0","2.94418913703149","0","0","0","0","0","0","0","0","0","0","0","0","0","0","0","0","0","0","0","0","1.03141140780319","0","0","0","0","0","0","0","0","0","0","0","0","0","0","0","0"
"MAG__OPC","0","0","0","0","0","0","0","0","0","0","0","0","0","0","0","0","0","0","0","0","0","0","0","0","0","0","0","0","0","0","0","0","0","0","0","0","0","0","0","0","0","0","0","0","0","0","0","0","0","0","0","0","0","0","0","0","0","0","0","0","0","0","0","0","0","0","0","0","0","0","0","0","0","0","0","0","0","0","0","0","0","0","0","0","0","0","0","0","0","0","0","0","0","0","0","0","0","0","0","0","0","0","0","0","2.59401899650618","0","0","0","0","0","0","0","0","0","0","0","0","0","0","0","0","0","0","0","0","0","0","0","0","0","0","0","0","0","0","0","0","0","0","0","0","0","0","0","0","0","0","0","0","0","0","0","0","0","0","0","0","0","0","0","0","0","0","0","0","0","0","0","0","0","0","0","0","0","0","0","0","0","0","0","0","0","0","0","0","0","0","0","0","0","0","0","0","0","0","0","0","0","0","0","0","0","0","0","0","0","0","0","0","0","0","0","0","0","0","0","0","0","0","0","0","0","0","0","0","0","0","0","0","0","0","0","0","0","0","0","0","0","0","0","0","0","0","0","0","0","0","0","0","0","0","0","0","0","0","0","0","0","0","0","0","0","0","0","0","0","0","0","0","0","0","0","0","0","0","0","0","0","0","0","0","0","0","0","0","0","0","0","0","0","0","0","0","0","0","0","0","0","0","0","0","0","0","0","0","0","0","0","0","0","0","0","0","0","0","2.25698780096204","0","0","0","0","0","0","0","0","0","0","0","0","0","0","0","0","0","0","0","0","0","0","0","0","0","0","0","0","0","0","0","0","0","0","0","0","0","0","0","0","0","0","0","0","0","0","0","0","0","0","0","0","0","0","0","0","0","0","0","0","0","0","0","0","0","0","0","0","0","0","0","0","0","0","0","0","0","0","0","0","0","0","0","0","0","0","0","0","0","0","0","0","0","0","0","0","0","0","0","0","0","0","0","0","0","0","0","0","4.81502823152381","4.5134807126825","0","1.84201039611034","0","0","0","2.93119007888612","0","0","0","0","0","0","0","0","0","0","0","0","0","0","0","3.45537892667465","0","0","0","0","0","0","0","0","0","0","0","0","0","0","0","0","0","0","0","0","0","0","0","0","0","0","0","0","0","0","0","0","0","0","0","0","0","4.05528243550119","0","0","0","0","0","0","0","0","0","0","0","0","0","0","0","0","0","0","0","0","4.306875636311","0","0","0","0","0","0","0","0","0","0","0","0","0","0","0","0"
"LAMC1__OPC","0","0","0","0","0","0","0","0","0","0","0","0","0","0","0","0","0","0","0","0","0","0","0","0","0","0","0","0","0","0","0","0","0","0","0","0","0","0","0","0","0","0","0","0","0","0","0","1.72621226101334","0","0","0","0","0","1.24556574145914","0","0","0","0","0","0","0","0","0","0","0","0","0","0","0","0","0","0","0","0","0","0","0","0","0","0","0","0","0","0","0","0","0","0","0","0","0","0","0","0","0","0","0","0","0","0","0","0","0","0","0","0","0","0","0","0","0","0","0","0","0","0","0","0","0","0","0","0","0","0","0","0","0","0","0","0","0","0","0","0","0","0","0","0","0","0","0","0","0","0","0","0","0","0","0","0","0","0","0","0","0","0","0","0","0","0","0","0","0","0","0","0","0","0","0","0","0","0","0","0","0","0","0","0","0","0","0","0","0","0","0","0","0","0","0","0","0","0","0","0","0","0","0","0","0","0","0","0","0","0","0","0","0","0","0","0","0","0","0","0","0","0","0","0","0","0","0","0","0","0","0","0","0","0","0","0","0","0","0","0","0","0","0","0","0","0","0","0","0","0","0","0","0","0","0","0","0","0","0","0","0","0","0","0","0","0","0","0","0","0","0","0","0","0","0","0","0","0","0","0","0","0","0","0","0","0","0","0","0","0","0","0","0","0","0","0","0","0","0","0","0","0","0","0","0","0","0","0","0","0","0","0","0","0","0","0","0","0","0","0","0","1.81555477235792","0","3.24807812026782","0","0","0","0","0","0","0","0","0","0","0","0","0","0","0","0","0","0","0","0","0","0","0","0","0","0","0","0","0","0","0","0","0","0","0","0","0","0","0","0","0","0","0","0","0","0","0","0","0","0","0","0","0","0","0","0","0","0","0","0","0","0","0","0","0","0","0","0","0","0","0","0","0","0","0","0","0","0","0","0","0","0","0","0","0","0","0","0","0","0","0","0","0","0","0","0","0","0","0","0","0","0","0","0","0","0","2.53382662081296","2.3135013376493","0","0","0","0","0","1.68218271687118","0","0","0","0","0","0","0","0","0","0","0","0","0","0","0","1.94423124607156","0","0","0","0","0","0","0","0","0","0","0","0","0","0","0","0","0","0","0","0","0","0","0","0","0","0","0","0","0","0","0","0","0","0","0","0","0","0","0","0","0","0","0","0","0","0","0","0","0","0","0","0","0","0","0","0","0","0","2.37186322494605","0","0","0","0","0","0","0","0","0","0","0","0","0","0","0","0"
"SEMA6D__OPC","0","0","0","0","0","0","0","0","0","0","0","0","0","0","0","0","0","0","0","0","0","0","0","0","0","0","0","0","0","0","0","0","0","0","0","0","0","2.58596485957541","0","0","0","0","0","0","0","0","0","1.72621226101334","0","0","0","0","0","1.24556574145914","0","0","0","0","0","0","0","0","0","0","0","0","0","0","0","0","0","0","0","0","0","0","0","0","0","0","0","0","0","0","0","0","0","0","0","0","0","0","0","0","0","0","0","0","0","0","0","0","0","0","0","0","0","0","0","0","0","0","0","0","0","0","0","0","0","0","0","0","0","0","0","0","0","0","0","0","0","0","0","0","0","0","0","0","0","0","0","0","0","0","0","2.14079817817525","0","0","0","0","0","0","0","0","0","0","0","0","0","0","0","0","0","0","0","0","0","0","0","0","0","0","0","0","0","0","0","0","0","0","0","0","0","0","0","0","0","0","0","0","0","0","0","0","0","0","0","0","0","0","0","0","0","0","0","0","0","0","0","0","0","0","0","0","0","0","0","0","0","0","0","0","0","0","0","0","0","0","0","0","0","0","0","0","0","0","0","0","0","0","0","0","0","0","0","0","0","0","0","0","0","0","0","0","0","0","0","0","0","0","0","0","0","0","0","0","0","0","0","0","0","0","0","0","0","0","0","0","0","0","0","0","0","0","0","0","0","0","0","0","0","0","0","0","0","0","0","0","0","0","0","0","0","0","0","0","0","0","0","0","0","0","0","0","0","0","0","2.13763359420572","0","0","0","0","0","0","0","0","0","0","0","0","0","0","0","0","0","0","0","0","0","0","0","0","0","0","0","0","0","0","0","0","0","0","0","0","0","0","0","0","0","0","0","0","0","0","0","0","0","0","0","0","0","0","0","0","0","0","0","0","0","0","0","0","0","0","0","0","0","0","0","0","0","0","0","0","0","0","0","0","0","0","0","0","0","0","0","0","0","0","0","0","0","0","0","0","0","0","0","0","0","0","0","0","0","0","2.53382662081296","2.3135013376493","0","1.84201039611034","0","0","0","2.43783019672824","0","0","0","0","0","0","0","0","0","0","0","0","0","0","0","0","0","0","0","0","0","0","0","0","0","0","0","0","0","0","0","0","0","0","0","0","0","0","0","0","0","0","0","0","0","0","0","0","0","0","0","0","0","2.45003292063505","0","0","0","0","0","0","0","0","0","0","0","0","0","0","0","0","0","0","0","0","2.04686431248401","0","0","0","0","0","0","0","0","0","0","0","0","0","0","0","0"
"NFASC__OPC","0","0","0","0","0","0","0","0","0","0","0","0","0","0","0","0","0","0","0","0","0","0","0","0","0","0","0","0","0","0","0","0","0","0","0","0","0","2.58596485957541","0","0","0","0","0","0","0","0","0","0","0","0","0","0","0","0","0","0","0","0","0","0","0","0","0","0","0","0","0","0","0","0","0","0","0","0","0","0","0","0","0","0","0","0","0","0","0","0","0","0","0","0","0","0","0","0","0","0","0","0","0","0","0","0","0","0","1.81512110826651","1.78324812092941","0","0","0","0","0","0","0","0","0","0","0","0","0","0","0","0","0","0","0","0","0","0","0","0","0","0","0","0","0","0","0","0","0","0","0","0","0","0","0","0","0","0","0","0","0","0","0","0","0","0","0","0","0","0","0","0","0","0","0","0","0","0","0","0","0","0","0","0","0","0","0","0","0","0","0","0","0","0","0","0","0","0","0","0","0","0","0","0","0","0","0","0","0","0","0","0","0","0","0","0","0","0","0","0","0","0","0","0","0","0","0","0","0","0","0","0","0","0","0","0","0","0","0","0","0","0","0","0","0","0","0","0","0","0","0","0","0","0","0","0","0","0","0","0","0","0","0","0","0","0","0","0","0","0","0","0","0","0","0","0","0","0","0","0","0","0","0","0","0","0","0","0","0","0","0","0","0","0","0","0","0","0","0","0","0","0","0","0","0","0","0","0","0","0","0","0","0","0","0","0","0","0","0","0","0","0","0","0","0","2.25698780096204","0","0","0","0","0","0","0","0","0","0","0","0","0","0","0","0","0","0","0","0","0","0","0","0","0","0","0","0","0","0","0","0","0","0","0","0","0","0","0","0","0","0","0","0","0","0","0","0","0","0","0","0","0","0","0","0","0","0","0","0","0","0","0","0","0","0","0","0","0","0","0","0","0","0","0","0","0","0","0","0","0","0","0","0","0","0","0","0","0","0","0","0","0","0","0","0","0","0","0","0","0","0","0","0","0","0","0","0","4.9700878963942","4.5134807126825","0","0","0","0","0","2.93119007888612","0","0","0","0","0","0","0","0","0","0","0","0","0","0","0","4.38807146122683","0","0","0","0","0","0","0","0","0","0","0","0","0","0","0","0","0","0","0","0","2.45795722398584","0","0","0","0","0","0","0","0","0","0","0","0","0","0","0","0","3.60415606595447","0","0","0","0","0","0","0","0","0","0","0","0","0","0","0","0","0","0","0","0","3.225303275655","0","0","0","0","0","0","0","0","0","0","0","0","0","0","0","0"
"LRRC4B__OPC","0","0","0","0","0","0","0","0","0","0","0","0","0","0","0","0","0","0","0","0","0","0","0","0","0","0","0","0","0","0","0","0","0","0","0","0","0","0","0","0","0","0","0","0","0","0","0","0","0","0","0","0","0","2.69698659214263","0","0","0","0","0","0","0","0","0","0","0","0","0","0","0","0","0","0","0","0","0","0","0","0","0","0","0","0","0","0","0","0","0","0","0","0","0","0","0","0","0","0","0","0","0","0","0","0","0","0","2.59401899650618","1.78324812092941","0","0","0","0","0","0","0","0","0","0","0","0","0","0","0","0","0","3.1987798641145","0","0","0","0","0","0","0","0","0","0","0","0","0","0","0","0","0","0","0","0","0","0","0","0","0","0","0","0","0","0","0","0","0","0","0","0","0","0","0","0","0","0","0","0","0","0","0","0","0","0","0","0","0","0","0","0","0","0","0","0","0","0","0","0","0","0","0","0","0","0","0","0","0","0","0","0","0","0","0","0","0","0","0","0","0","0","0","0","0","0","0","0","0","0","0","0","0","0","0","0","0","0","0","0","0","0","0","0","0","0","0","0","0","0","0","0","0","0","0","0","0","0","0","0","0","0","0","0","0","0","0","0","0","0","0","0","0","0","0","0","0","0","0","0","0","0","0","0","0","0","0","0","0","0","0","0","0","0","0","0","0","0","0","0","0","0","0","0","0","0","0","0","0","0","0","0","0","2.84574235574871","0","0","0","0","0","0","0","0","0","0","0","0","0","2.86787156296411","0","2.13763359420572","0","0","0","0","0","0","0","0","0","0","0","0","0","0","0","0","0","0","0","0","0","0","0","0","0","0","0","0","0","0","0","0","0","0","0","0","0","0","0","0","0","0","0","0","0","0","0","0","0","0","0","0","0","0","0","0","0","0","0","0","0","0","0","0","0","0","0","0","0","0","0","0","0","0","0","0","0","0","0","0","0","0","0","0","0","0","0","0","0","0","0","0","0","0","0","0","0","0","0","0","0","0","0","0","0","0","2.53382662081296","2.3135013376493","0","2.62531380815","0","0","0","1.68218271687118","0","0","0","0","0","0","0","0","0","0","0","0","0","0","0","1.27748688941324","0","0","0","0","0","0","0","0","0","0","0","0","0","0","0","0","0","0","0","0","2.45795722398584","0","0","0","0","0","0","0","0","0","0","0","0","0","0","0","0","2.94418913703149","0","0","0","0","0","0","0","0","0","0","0","0","0","0","0","0","0","0","0","0","3.05452913548883","0","0","0","0","0","0","0","0","0","0","0","0","0","0","0","0"
"TNR__OPC","0","0","0","0","0","0","0","0","0","0","0","0","0","0","0","0","0","0","0","0","0","0","0","0","0","0","0","0","0","0","0","0","0","0","0","0","0","0","0","0","0","0","0","0","0","0","0","0","0","0","0","0","0","2.35426751568364","0","0","0","0","0","0","0","0","0","0","0","0","0","0","0","0","0","0","0","0","0","0","0","0","0","0","0","0","0","0","0","0","0","0","0","0","0","0","0","0","0","0","0","0","0","0","0","0","0","0","2.59401899650618","0","0","0","0","0","0","0","0","0","0","0","0","0","0","0","0","0","0","1.89812038598079","0","0","0","0","0","0","0","0","0","0","0","0","0","0","0","0","0","0","0","0","0","0","0","0","0","0","0","0","0","0","0","0","0","0","0","0","0","0","0","0","0","0","0","0","0","0","0","0","0","0","0","0","0","0","0","0","0","0","0","0","0","0","0","0","0","0","0","0","0","0","0","0","0","0","0","0","0","0","0","0","0","0","0","0","0","0","0","0","0","0","0","0","0","0","0","0","0","0","0","0","0","0","0","0","0","0","0","0","0","0","0","0","0","0","0","0","0","0","0","0","0","0","0","0","0","0","0","0","0","0","0","0","0","0","0","0","0","0","0","0","0","0","0","0","0","0","0","0","0","0","0","0","0","0","0","0","0","0","0","0","0","0","0","0","0","0","0","0","0","0","0","0","0","0","0","0","0","0","0","0","0","0","0","0","0","0","0","0","0","0","0","3.09758531379301","0","0","0","0","0","0","0","0","0","0","0","0","0","0","0","0","0","0","0","0","0","0","0","0","0","0","0","0","0","0","0","0","0","0","0","0","0","0","0","0","0","0","0","0","0","0","0","0","0","0","0","0","0","0","0","0","0","0","0","0","0","0","0","0","0","0","0","0","0","0","0","0","0","0","0","0","0","0","0","0","0","0","0","0","0","0","0","0","0","0","0","0","0","0","0","0","0","0","0","0","0","0","0","0","0","0","0","0","2.06833986286999","2.3135013376493","0","0","0","0","0","0","0","0","0","0","0","0","0","0","0","0","0","0","0","0","0","3.254742148144","0","0","0","0","0","0","0","0","0","0","0","0","0","0","0","0","0","0","0","0","0","0","0","0","0","0","0","0","0","0","0","0","0","0","0","0","0","2.45003292063505","0","0","0","0","0","0","0","0","0","0","0","0","0","0","0","0","0","0","0","0","2.636941217207","0","0","0","0","0","0","0","0","0","0","0","0","0","0","0","0"
"RPH3A__OPC","0","0","0","0","0","0","0","0","0","0","0","0","0","0","0","0","0","0","0","0","0","0","0","0","0","0","0","0","0","0","0","0","0","0","0","0","0","0","0","0","0","0","0","0","0","0","0","1.72621226101334","0","0","0","0","0","1.90389836423085","0","0","0","0","0","0","0","0","0","0","0","0","0","0","0","0","0","0","0","0","0","0","0","0","0","0","0","0","0","0","0","0","0","0","0","0","0","0","0","0","0","0","0","0","0","0","0","0","0","0","0","0","0","0","0","0","0","0","0","0","0","0","0","0","0","0","0","0","0","0","0","0","0","0","0","0","0","0","0","0","0","0","0","0","0","0","0","0","0","0","0","0","0","0","0","0","0","0","0","0","0","0","0","0","0","0","0","0","0","0","0","0","0","0","0","0","0","0","0","0","0","0","0","0","0","0","0","0","0","0","0","0","0","0","0","0","0","0","0","0","0","0","0","0","0","0","0","0","0","0","0","0","0","0","0","0","0","0","0","0","0","0","0","0","0","0","0","0","0","0","0","0","0","0","0","0","0","0","0","0","0","0","0","0","0","0","0","0","0","0","0","0","0","0","0","0","0","0","0","0","0","0","0","0","0","0","0","0","0","0","0","0","0","0","0","0","0","0","0","0","0","0","0","0","0","0","0","0","0","0","0","0","0","0","0","0","0","0","0","0","0","0","0","0","0","0","0","2.03364449285321","0","0","0","0","0","0","0","0","0","0","0","0","0","1.17630668618444","0","3.48558012325917","0","0","0","0","0","0","0","0","0","0","0","0","0","0","0","0","0","0","0","0","0","0","0","0","0","0","0","0","0","0","0","0","0","0","0","0","0","0","0","0","0","0","0","0","0","0","0","0","0","0","0","0","0","0","0","0","0","0","0","0","0","0","0","0","0","0","0","0","0","0","0","0","0","0","0","0","0","0","0","0","0","0","0","0","0","0","0","0","0","0","0","0","0","0","0","0","0","0","0","0","0","0","0","0","0","0","1.37685651229659","0","0","2.62531380815","0","0","0","2.43783019672824","0","0","0","0","0","0","0","0","0","0","0","0","0","0","0","1.27748688941324","0","0","0","0","0","0","0","0","0","0","0","0","0","0","0","0","0","0","0","0","2.45795722398584","0","0","0","0","0","0","0","0","0","0","0","0","0","0","0","0","0","0","0","0","0","0","0","0","0","0","0","0","0","0","0","0","0","0","0","0","0","1.03141140780319","0","0","0","0","0","0","0","0","0","0","0","0","0","0","0","0"
"ADAM11__L4-eNeuron","0","0","0","0","0","0","0","0","0","0","0","0","0","0","0","0","0","0","0","0","0","0","0","0","0","0","0","0","0","0","0","0","0","0","0","0","0","0","0","0","0","0","0","0","0","0","0","0","0","0","0","0","0","0","1.2640592017821","0","0","0","0","0","0","0","0","1.64577986530611","1.22865500779224","0","0","0","0","0","0","0","0","0","0","0","0","0","0","0","0","0","0","0","0","0","0","0","1.60991308769211","2.01052316286273","0","0","0","0","0","2.39585179888105","0","0","0","0","0","2.15797189080686","0","1.0289811994184","0","0","0","0","0","0","0","0","0","0","0","0","0","0","1.77180566401594","2.1193609370209","0","1.51595885391001","1.6571880791741","0","0.770518153877233","0","2.27573988570995","1.57868481492439","0","1.64927153325981","1.96709345048297","2.14795899856499","2.04924605171892","1.39724818583532","0","1.37508791229979","0","0","2.11893644538617","1.47530045647733","1.75287373487443","1.64172686066752","2.46594492559597","1.16560047249889","1.75220597096532","0","1.64670937664467","0","0","1.29690840917502","0","1.69496605686994","1.12413554559687","2.65731074350557","0","0","1.0845116026341","1.03179621902016","0.984853456246135","0","2.50501167472052","1.5346758134395","2.34963743329402","2.20638809563836","0","1.95084680691112","1.56317483388238","0","2.12145683897274","2.57817220725475","0","1.79570395037116","2.28140176966303","2.23286268765223","0.925555440579204","0","0","0","1.5081503684848","2.15926495006226","2.54709689685017","1.57004997143737","0","1.42640631335804","0","1.87005089178425","2.42235818572724","1.19888164752621","0","1.90100436707711","3.80891881927404","0.848767062740803","0","1.62145092311782","0","1.88684124776886","1.47667248963273","0","0","0.974485623739181","1.22772977791819","0","2.04297215642041","0","2.222471143135","0","0","1.00775644363443","2.54584243420778","0","1.7562211259344","1.20471366132516","0","0","0","0.963784653766577","1.50080827247726","2.23397250662199","2.00390406312951","0","0","1.47543753521912","2.74373160334846","0.806891471752261","1.11962568136845","0","0","0","0","0","0","0","0","0","0","0","1.99278067322269","0","0","0","1.38565369249775","0","0","0","0","0","0","0","0","0","0","0","0","0","0","0","0","0","0","0","0","0","0","0","0","0","0","0","0","0","0","0","0","0","0","0","0","0","0","0","0","0","0","0","0","0","0","0","0","0","0","0","0","0","1.35766655822841","0","0","0","0","0","0","0","0","0","0","0","0","0","0","0","0","0","0","0","0","0","0","0","0","0","0","0","0","0","0","0","0","0","0","0","0","0","0","0","0","0","0","0","0","0","0","0","0","0","0","0","0","0","0","0","0","0","0","0","0","0","0","0","0","0","0","0","0","0","0","0","0","0","0","0","0","0","0","0","0","0","0","0","0","0","0","0","0","0","0","0","0","0","0","0","0","0","1.70897689535182","0","0","0","0","0","0","0","0","0","0","0","0","0","0","0","0","0","0","0","0","0","0","0","0","0","0","0","0","0","0","0","0","0","0","0","0","0","0","0","0","0","0","0","0","0","0","0","0","0","0","0","0","0","0","0","0","0","0","0","0","0","0","0","0","0","0","0","0","0","0","0","0","0","0","0","0","0","0","0","0","0","0","0","0","0","0","0","0","0","0","0","0","0","0","0","0","0","0","0","0","0","0","0","0","0","0","0","0","0","0","0","0","0","0","0","0","0","0","0","0","0","0","0","0","0","0","0","0","0","0"
"AGRN__L4-eNeuron","0","0","0","0","0","0","0","0","0","0","0","0","0","0","0","0","0","0","0","0","0","0","0","0","0","0","0","0","0","0","0","0","0","0","0","0","0","0","0","0","0","0","0","0","0","0","0","0","0","0","0","0","0","0","0.766258207296402","0","0","0","0","0","0","0","0","2.06824238726455","1.22865500779224","0","0","0","0","0","0","0","0","0","0","0","0","0","0","0","0","1.58144451062728","0","0","0","0","0","0","0","1.59432020657423","0","0","0","0","0","1.64682564723995","0","0","0","0","0","1.10721254624079","0","1.0289811994184","0","0","0","0","0","0","0","0","0","0","0","0","0","0","0.851948439102505","0.967698640920222","0","0","0","0","1.93490497177812","0","1.54657574773138","1.21701322196684","1.19537604343961","1.04849851769119","0","1.44148439109457","1.36145849892387","1.39724818583532","0","1.37508791229979","0","0","1.22496292543008","0","1.75287373487443","1.93628481856646","0","1.16560047249889","0","0","0","1.49829941124629","1.74087469139667","0","0","0.803968914575403","1.12413554559687","2.31655706606115","0","0","1.0845116026341","0","1.97722013134371","0","0","0","0","1.14081873485189","0","1.28274042729664","1.56317483388238","0","1.69341818176082","1.99389017587256","0","0.867065757780001","0.825622968027725","2.23286268765223","1.48482425251214","0","0","0","0.942777694870002","1.72737509942865","0","0","0","0","0","1.2189220976784","1.96605266807666","2.62818239832783","1.73791996179815","0","0","0","0","1.02745246962271","0","1.48482425251214","2.19096935698265","0","0","0.974485623739181","1.22772977791819","0","0","0","0","0","1.56038125660968","0.590138093862511","2.28439336830439","1.88810450069273","1.7562211259344","1.20471366132516","0","0","0","1.53647049377447","2.22033750893568","1.51204362380989","1.14034388970343","0","0","1.47543753521912","0","1.69969099363141","0.665804723685547","0","0","0","0","0","0","0","0","0","0","0","0.674466757458708","0","0","0","2.07922669115058","0","0","0","0","0","0","0","0","0","0","0","0","1.59269814950076","0","0","0","0","0","0","0","0","0","0","0","0","0","0","0","0","0","0","0","0","0","0","0","0","0","0","0","0","0","0","0","0","0","0","0","0","0","0","0","0","0","0","0","0","0","0","0","0","0","0","0","0","1.36284302878384","0","0","0","0","0","0","0","0","0","0","0","0","0","0","0","0","0","0","0","0","0","0","0","0","0","0","0","0","0","0","0","0","0","0","0","0","0","0","0","0","0","0","0","0","0","0","0","0","0","0","0","0","0","0","0","0","0","0","0","0","0","0","0","0","0","0","0","0","0","0","0","0","0","0","0","0","0","0","0","0","0","0","0","0","0","0","0","0","0","0","0","0","0","0","0","0","0","0","0","0","0","0","0","0","0","0","0","0","0","0","0","0","0","0","0","0","0","0","0","0","0","0","0","0","0","0","0","0","0","0","0","0","0","0","0","0","0","0","0","0","0","0","0","0","0","0","0","0","0","0","0","0","0","0","0","0","0","0","0","0","0","0","0","0","0","0","0","0","0","0","0","0","0","0","0","0","0","0","0","0","0","0","0","0","0","0","0","0","0","0","0","0","0","0","0","0","0","0","0","0","0","0","0","0","0","0","0","0","0","0","0","0","0","0","0","0"
"CNTN2__L4-eNeuron","0","0","0","0","0","0","0","0","0","0","0","0","0","0","0","0","0","0","0","0","0","0","0","0","0","0","0","0","0","0","0","0","0","0","0","0","0","0","0","0","0","0","0","0","0","0","0","0","0","0","0","0","0","0","0","0","0","0","0","0","0","0","0","1.04585168479067","1.22865500779224","0","0","0","0","0","0","0","0","0","0","0","0","0","0","0","0","0","0","0","0","0","0","0","1.60991308769211","1.00702396354048","0","0","0","0","0","0","0","0","0","0","0","1.10721254624079","0","0","0","0","0","0","0","0","0","0","0","0","0","0","0","0","2.07715677188267","1.54173128363151","0","2.23871863970859","0","0","0","0","0","1.86761937654944","0","1.04849851769119","2.54835290249192","0.893751167938702","0","0","0","0.845525041708732","0","0","1.87773987443992","0","1.36748004131983","0.771291506445822","0","0","0","0","1.2754784735745","0","0","1.96865700325634","0","0.803968914575403","0","1.86958719155305","0","0","2.12498062729692","0","1.56473156389556","0","0","1.5346758134395","0","1.14081873485189","3.09705030573624","0","1.9754655928803","0","1.69341818176082","1.57953282513015","0","0","0.825622968027725","1.79373163819363","1.48482425251214","0","0","0","1.5081503684848","1.72737509942865","0","0","0","0","1.61875926779216","1.2189220976784","1.96605266807666","1.84447925642081","1.73791996179815","2.69364578059952","0","0","0","1.62145092311782","0","1.48482425251214","1.47667248963273","0","0","0","0.740703816074195","0","2.04297215642041","0","1.50256517055777","0","1.56038125660968","1.81842283242723","1.55375177019182","0","0","2.09162806188065","0","0","0","1.53647049377447","1.15056496215034","2.23397250662199","1.76920945093728","0","0","1.47543753521912","2.74373160334846","0","1.11962568136845","2.37653269724085","0","0","0","0","0","0","0","0","0","0","1.99278067322269","0","0","0","1.38565369249775","0","0","0","0","0","0","0","0","0","0","0","0","0","0","0","0","0","0","0","0","0","0","0","0","0","0","0","0","0","0","0","0","0","0","0","0","0","0","0","0","0","0","0","0","0","0","0","0","0","0","0","0","0","0.832972413293929","0","0","0","0","0","0","0","0","0","0","0","0.836697796489702","0","0","0","0","0","0","0","0","0","0","0","0","0","0","0","0","0","0","0","0","0","0","0","0","0","0","0","0","0","0","0","0","0","0","0","0","0","0","0","0","0","0","0","0","0","0","0","0","0","0","0","0","0","0","0","0","0","0","0","0","0","0","0","0","0","0","0","0","0","0","0","0","0","0","0","0","0","0","0","0","0","0","0","0","0","1.09399581108957","0","0","0","0","0","0","0","0","0","0","0","0","0","0","0","0","0","0","0","0","0","0","0","0","0","0","0","0","0","0","0","0","0","0","0","0","0","0","0","0","0","0","0","0","0","0","0","0","0","0","0","0","0","0","0","0","0","0","0","0","0","0","0","0","0","0","0","0","0","0","0","0","0","0","0","0","0","0","0","0","0","0","0","0","0","0","0","0","0","0","0","0","0","0","0","0","0","0","0","0","0","0","0","0","0","0","0","0","0","0","0","0","0","0","0","0","0","0","0","0","0","0","0","0","0","0","0","0","0","0"
"SHANK1__L4-eNeuron","0","0","0","0","0","0","0","0","0","0","0","0","0","0","0","0","0","0","0","0","0","0","0","0","0","0","0","0","0","0","0","0","0","0","0","0","0","0","0","0","0","0","0","0","0","0","0","0","0","0","0","0","0","0","3.23423036052771","0","0","0","0","0","0","0","0","2.88508795780039","2.81673863669624","0","0","0","0","0","0","0","0","0","0","0","0","0","0","0","0","2.99538087639885","0","0","0","0","0","0","3.20309747311822","4.1006561474676","0","0","0","0","0","3.66935711463202","0","0","0","0","0","2.48984101206949","0","3.75349679176554","0","0","0","0","0","0","0","0","0","0","0","0","0","0","2.54340226102026","4.02604701557415","0","4.14885242487701","3.68336691622479","0","3.77672330340394","0","3.26986098310827","3.4508643483159","4.15141942991222","2.88952346363843","3.41944734455634","3.26002694806274","3.76081542933441","3.97323309043721","0","3.28778319997708","0","0","3.70458979748776","3.54627621597718","3.92806270634754","3.70216432051628","3.32909111815555","3.99269482000845","3.27580468143012","0","3.62834518477088","2.88515119629304","2.77735527975283","3.96071368986252","0","2.80057494142934","4.13059536070597","2.93276043416173","0","0","3.14479725143184","2.37247102109643","4.21909267629846","0","2.85506994803847","3.25361862552144","3.20068055847485","2.20638809563836","3.62468728356581","3.02945900481539","2.55767611383766","0","2.94535720352207","3.79978655613882","0","3.33105223186713","2.99108215782553","2.84152296767232","3.85710821907512","0","0","0","3.9777937250962","3.65033264734936","3.04733859387967","3.67975030452643","2.82795331192607","3.4759386069663","2.85066425230862","3.3637446219951","2.42235818572724","3.66226800114227","3.19761175298443","3.7340364636043","4.61042438651888","2.72393596605399","0","3.50896303424561","0","2.45866466174683","3.02365344659717","0","0","2.76333571349161","3.1782190460798","0","3.13788721357262","0","1.90696406942081","0","3.42580687048406","2.01161908326683","3.86300402989415","3.56144140920707","3.68824822979605","3.03157754959526","0","0","0","3.51785737339157","3.72247491383605","3.48371998759562","2.93051894809863","0","0","3.84349119365883","3.10389051803321","3.3209546772326","3.20325458988874","2.37653269724085","0","0","0","0","0","0","0","0","0","0","3.31326055749915","0","0","0","3.30319153230578","0","0","0","0","0","0","0","0","0","0","0","0","3.7111396067983","0","0","0","0","0","0","0","0","0","0","0","0","0","0","0","0","0","0","0","0","0","0","0","0","0","0","0","0","0","0","0","0","0","0","0","0","0","0","0","0","3.91306472789362","0","0","0","0","0","0","0","0","0","0","0","3.26986098310827","0","0","0","0","0","0","0","0","0","0","0","0","0","0","0","0","0","0","0","0","0","0","0","0","0","0","0","0","0","0","0","0","0","0","0","0","0","0","0","0","0","0","0","0","0","0","0","0","0","0","0","0","0","0","0","0","0","0","0","0","0","0","0","0","0","0","0","0","0","0","0","0","0","0","0","0","0","0","0","0","0","0","0","0","0","2.96492845377636","0","0","0","0","0","0","0","0","0","0","0","0","0","0","0","0","0","0","0","0","0","0","0","0","0","0","0","0","0","0","0","0","0","0","0","0","0","0","0","0","0","0","0","0","0","0","0","0","0","0","0","0","0","0","0","0","0","0","0","0","0","0","0","0","0","0","0","0","0","0","0","0","0","0","0","0","0","0","0","0","0","0","0","0","0","0","0","0","0","0","0","0","0","0","0","0","0","0","0","0","0","0","0","0","0","0","0","0","0","0","0","0","0","0","0","0","0","0","0","0","0","0","0","0","0","0","0","0","0","0"
"CADM3__L4-eNeuron","0","0","0","0","0","0","0","0","0","0","0","0","0","0","0","0","0","0","0","0","0","0","0","0","0","0","0","0","0","0","0","0","0","0","0","0","0","0","0","0","0","0","0","0","0","0","0","0","0","0","0","0","0","0","3.23423036052771","0","0","0","0","0","0","0","0","2.39460722205799","0.741352257480596","0","0","0","0","0","0","0","0","0","0","0","0","0","0","0","0","1.99604165735058","0","0","0","0","0","0","2.83935570363972","2.33315008030588","0","0","0","0","0","2.66188565605307","0","0","0","0","0","2.75946491630186","0","3.2210514022582","0","0","0","0","0","0","0","0","0","0","0","0","0","0","2.32903307920422","1.76098561879507","0","2.71801418006876","3.094074131708","0","2.38827058971606","0","2.75781027394491","2.31439158728556","2.28396189903561","2.88952346363843","2.76968556177539","3.38377470643853","1.36145849892387","2.09355133885378","0","2.88271125091414","0","0","2.50620343617171","2.85428575454148","2.87199728396298","1.93628481856646","3.32909111815555","1.80179242872614","3.15312042182278","0","1.94170047895053","3.20365970015904","2.50709818027277","1.96865700325634","0","3.41908960734521","1.74821132035854","3.16395595544748","0","0","2.72318440867161","3.22597604641145","2.55962918884804","0","2.04183623946268","1.9433024200868","2.83702328208804","2.54107989108174","3.62468728356581","2.75104111390734","2.2957431299265","0","2.4511297596042","1.99389017587256","0","2.3560726098237","2.28140176966303","1.79373163819363","2.67728097424832","2.46906856576534","0","0","2.22925029613238","2.15926495006226","2.54709689685017","0","2.01803961730222","2.95439266221309","1.61875926779216","2.31706730103934","2.42235818572724","2.28890467248","2.50362306046202","1.90100436707711","2.63368084189384","2.5374866543499","0","2.63043063358071","0","1.88684124776886","2.66657090707079","0","0","2.28088565606502","2.32939487748276","0","1.35640760793973","0","2.48120893629135","0","2.55416994198741","2.92030871095781","2.76710140234506","2.67874161874008","3.22085995423723","2.91161027150605","0","0","0","1.9453302634011","2.55582413735105","2.49322311848086","2.54036022964312","0","0","0.918645600850859","1.53572215318106","2.24707367369012","1.97536043459299","2.37653269724085","0","0","0","0","0","0","0","0","0","0","3.02716839642929","0","0","0","2.73230421679634","0","0","0","0","0","0","0","0","0","0","0","0","2.59462559807188","0","0","0","0","0","0","0","0","0","0","0","0","0","0","0","0","0","0","0","0","0","0","0","0","0","0","0","0","0","0","0","0","0","0","0","0","0","0","0","0","2.29477032344632","0","0","0","0","0","0","0","0","0","0","0","3.14723758827412","0","0","0","0","0","0","0","0","0","0","0","0","0","0","0","0","0","0","0","0","0","0","0","0","0","0","0","0","0","0","0","0","0","0","0","0","0","0","0","0","0","0","0","0","0","0","0","0","0","0","0","0","0","0","0","0","0","0","0","0","0","0","0","0","0","0","0","0","0","0","0","0","0","0","0","0","0","0","0","0","0","0","0","0","0","2.13879266261507","0","0","0","0","0","0","0","0","0","0","0","0","0","0","0","0","0","0","0","0","0","0","0","0","0","0","0","0","0","0","0","0","0","0","0","0","0","0","0","0","0","0","0","0","0","0","0","0","0","0","0","0","0","0","0","0","0","0","0","0","0","0","0","0","0","0","0","0","0","0","0","0","0","0","0","0","0","0","0","0","0","0","0","0","0","0","0","0","0","0","0","0","0","0","0","0","0","0","0","0","0","0","0","0","0","0","0","0","0","0","0","0","0","0","0","0","0","0","0","0","0","0","0","0","0","0","0","0","0","0"
"ICAM5__L4-eNeuron","0","0","0","0","0","0","0","0","0","0","0","0","0","0","0","0","0","0","0","0","0","0","0","0","0","0","0","0","0","0","0","0","0","0","0","0","0","0","0","0","0","0","0","0","0","0","0","0","0","0","0","0","0","0","0.766258207296402","0","0","0","0","0","0","0","0","2.39460722205799","1.59226621366842","0","0","0","0","0","0","0","0","0","0","0","0","0","0","0","0","0.997362311996941","0","0","0","0","0","0","2.02803928731263","2.33315008030588","0","0","0","0","0","2.66188565605307","0","0","0","0","0","1.10721254624079","0","2.36802262111893","0","0","0","0","0","0","0","0","0","0","0","0","0","0","1.77180566401594","1.95127264452442","0","0","2.40817481067194","0","1.93490497177812","0","0.971306113733302","2.10823130466268","1.83999597807023","2.39876195956601","0.978145906928045","2.62011837306356","2.51307233678049","2.56119433478821","0","1.37508791229979","0","0","2.32552551959799","0","1.36748004131983","1.27118305277883","0","1.80179242872614","0","0","1.2754784735745","1.49829941124629","2.77735527975283","1.96865700325634","0","2.80057494142934","2.78629211468031","0","0","0","1.0845116026341","2.04743534279775","1.56473156389556","0","1.3554935794833","1.5346758134395","2.34963743329402","2.20638809563836","2.25650876626852","2.40572578450996","1.9754655928803","0","1.69341818176082","1.99389017587256","0","2.1029261077298","2.28140176966303","1.15934025080115","2.20090025871053","2.46906856576534","0","0","1.5081503684848","1.72737509942865","1.77495991850557","0","0","0","0","1.87005089178425","2.42235818572724","1.84447925642081","1.73791996179815","1.24328248827521","2.63368084189384","0","0","2.36560475145366","0","0","2.66657090707079","0","0","1.96155720578312","1.88125869673926","0","2.50624760248239","0","1.90696406942081","0","2.2923799402736","2.33431846661998","1.9648400216745","0","1.7562211259344","1.20471366132516","0","0","0","0","1.15056496215034","2.23397250662199","1.76920945093728","0","0","1.47543753521912","2.74373160334846","1.69969099363141","1.74235627472738","2.86578189572212","0","0","0","0","0","0","0","0","0","0","1.75874108736524","0","0","0","2.07922669115058","0","0","0","0","0","0","0","0","0","0","0","0","1.59269814950076","0","0","0","0","0","0","0","0","0","0","0","0","0","0","0","0","0","0","0","0","0","0","0","0","0","0","0","0","0","0","0","0","0","0","0","0","0","0","0","0","2.29477032344632","0","0","0","0","0","0","0","0","0","0","0","2.05096489907069","0","0","0","0","0","0","0","0","0","0","0","0","0","0","0","0","0","0","0","0","0","0","0","0","0","0","0","0","0","0","0","0","0","0","0","0","0","0","0","0","0","0","0","0","0","0","0","0","0","0","0","0","0","0","0","0","0","0","0","0","0","0","0","0","0","0","0","0","0","0","0","0","0","0","0","0","0","0","0","0","0","0","0","0","0","2.13879266261507","0","0","0","0","0","0","0","0","0","0","0","0","0","0","0","0","0","0","0","0","0","0","0","0","0","0","0","0","0","0","0","0","0","0","0","0","0","0","0","0","0","0","0","0","0","0","0","0","0","0","0","0","0","0","0","0","0","0","0","0","0","0","0","0","0","0","0","0","0","0","0","0","0","0","0","0","0","0","0","0","0","0","0","0","0","0","0","0","0","0","0","0","0","0","0","0","0","0","0","0","0","0","0","0","0","0","0","0","0","0","0","0","0","0","0","0","0","0","0","0","0","0","0","0","0","0","0","0","0","0"
"GLG1__L4-eNeuron","0","0","0","0","0","0","0","0","0","0","0","0","0","0","0","0","0","0","0","0","0","0","0","0","0","0","0","0","0","0","0","0","0","0","0","0","0","0","0","0","0","0","0","0","0","0","0","0","0","0","0","0","0","0","0","0","0","0","0","0","0","0","0","1.04585168479067","0","0","0","0","0","0","0","0","0","0","0","0","0","0","0","0","0","1.58144451062728","0","0","0","0","0","0","0","1.00702396354048","0","0","0","0","0","0","0","0","0","0","0","0","0","1.6234761544038","0","0","0","0","0","0","0","0","0","0","0","0","0","0","2.07715677188267","1.76098561879507","0","1.51595885391001","2.40817481067194","0","2.38827058971606","0","0","2.10823130466268","1.83999597807023","1.64927153325981","2.76968556177539","1.44148439109457","0","1.7870062766658","0","1.37508791229979","0","0","2.32552551959799","1.47530045647733","2.70723368642464","1.64172686066752","0","1.80179242872614","1.36689856268864","0","0.774329923239854","1.49829941124629","1.74087469139667","0","0","1.69496605686994","1.74821132035854","1.86958719155305","0","0","1.0845116026341","1.62720361633866","1.97722013134371","0","2.04183623946268","1.5346758134395","2.83702328208804","0","0","1.95084680691112","1.9754655928803","0","2.12145683897274","0.995929660283152","0","2.3560726098237","2.49410860602263","1.79373163819363","1.48482425251214","2.46906856576534","0","0","2.70782377397699","1.72737509942865","2.54709689685017","2.30401447277481","0","1.42640631335804","1.61875926779216","2.31706730103934","0","1.84447925642081","2.50362306046202","1.90100436707711","2.63368084189384","1.76675774362161","0","1.62145092311782","0","2.20090025871053","2.19096935698265","0","0","1.96155720578312","0.740703816074195","0","0","0","1.50256517055777","0","1.56038125660968","1.81842283242723","1.9648400216745","1.88810450069273","2.19130425827592","1.851931041252","0","0","0","0","2.01792915118766","1.91770156028756","2.38271556179362","0","0","0.918645600850859","0","1.99918886423801","1.97536043459299","2.37653269724085","0","0","0","0","0","0","0","0","0","0","1.47924104721688","0","0","0","2.07922669115058","0","0","0","0","0","0","0","0","0","0","0","0","0","0","0","0","0","0","0","0","0","0","0","0","0","0","0","0","0","0","0","0","0","0","0","0","0","0","0","0","0","0","0","0","0","0","0","0","0","0","0","0","0","1.35766655822841","0","0","0","0","0","0","0","0","0","0","0","1.74754752663938","0","0","0","0","0","0","0","0","0","0","0","0","0","0","0","0","0","0","0","0","0","0","0","0","0","0","0","0","0","0","0","0","0","0","0","0","0","0","0","0","0","0","0","0","0","0","0","0","0","0","0","0","0","0","0","0","0","0","0","0","0","0","0","0","0","0","0","0","0","0","0","0","0","0","0","0","0","0","0","0","0","0","0","0","0","2.13879266261507","0","0","0","0","0","0","0","0","0","0","0","0","0","0","0","0","0","0","0","0","0","0","0","0","0","0","0","0","0","0","0","0","0","0","0","0","0","0","0","0","0","0","0","0","0","0","0","0","0","0","0","0","0","0","0","0","0","0","0","0","0","0","0","0","0","0","0","0","0","0","0","0","0","0","0","0","0","0","0","0","0","0","0","0","0","0","0","0","0","0","0","0","0","0","0","0","0","0","0","0","0","0","0","0","0","0","0","0","0","0","0","0","0","0","0","0","0","0","0","0","0","0","0","0","0","0","0","0","0","0"
"DAG1__L4-eNeuron","0","0","0","0","0","0","0","0","0","0","0","0","0","0","0","0","0","0","0","0","0","0","0","0","0","0","0","0","0","0","0","0","0","0","0","0","0","0","0","0","0","0","0","0","0","0","0","0","0","0","0","0","0","0","0","0","0","0","0","0","0","0","0","1.64577986530611","2.12390130390066","0","0","0","0","0","0","0","0","0","0","0","0","0","0","0","0","0.997362311996941","0","0","0","0","0","0","1.60991308769211","1.00702396354048","0","0","0","0","0","2.66188565605307","0","0","0","0","0","1.72621226101334","0","1.0289811994184","0","0","0","0","0","0","0","0","0","0","0","0","0","0","0","1.76098561879507","0","2.23871863970859","2.08100474513633","0","1.93490497177812","0","1.54657574773138","0.73320226161344","0","1.64927153325981","2.54835290249192","1.83754067341114","1.36145849892387","1.7870062766658","0","0.845525041708732","0","0","1.22496292543008","1.47530045647733","2.05671869888534","1.64172686066752","0","1.16560047249889","0","0","1.2754784735745","1.90212861704828","1.74087469139667","1.96865700325634","0","1.69496605686994","2.18241485880496","1.86958719155305","0","0","2.12498062729692","1.62720361633866","2.29761670268927","0","1.3554935794833","0","2.34963743329402","2.20638809563836","0","0","2.55767611383766","0","1.69341818176082","0.995929660283152","0","2.1029261077298","1.34743907851003","1.79373163819363","1.48482425251214","2.46906856576534","0","0","1.91329229155164","2.15926495006226","0","1.57004997143737","0","0","0","1.87005089178425","1.29483443400509","0","2.17098537096172","0","0","1.3795778839182","0","1.62145092311782","0","2.20090025871053","0","0","0","2.54218435940128","1.22772977791819","0","2.04297215642041","0","0","0","1.97231644131429","0.590138093862511","1.9648400216745","0","1.7562211259344","2.29711672369468","0","0","0","0.963784653766577","1.50080827247726","0","1.76920945093728","0","0","1.47543753521912","1.53572215318106","0","0.665804723685547","2.37653269724085","0","0","0","0","0","0","0","0","0","0","1.47924104721688","0","0","0","0","0","0","0","0","0","0","0","0","0","0","0","0","1.00580562168121","0","0","0","0","0","0","0","0","0","0","0","0","0","0","0","0","0","0","0","0","0","0","0","0","0","0","0","0","0","0","0","0","0","0","0","0","0","0","0","0","0.832972413293929","0","0","0","0","0","0","0","0","0","0","0","1.36284302878384","0","0","0","0","0","0","0","0","0","0","0","0","0","0","0","0","0","0","0","0","0","0","0","0","0","0","0","0","0","0","0","0","0","0","0","0","0","0","0","0","0","0","0","0","0","0","0","0","0","0","0","0","0","0","0","0","0","0","0","0","0","0","0","0","0","0","0","0","0","0","0","0","0","0","0","0","0","0","0","0","0","0","0","0","0","0","0","0","0","0","0","0","0","0","0","0","0","0","0","0","0","0","0","0","0","0","0","0","0","0","0","0","0","0","0","0","0","0","0","0","0","0","0","0","0","0","0","0","0","0","0","0","0","0","0","0","0","0","0","0","0","0","0","0","0","0","0","0","0","0","0","0","0","0","0","0","0","0","0","0","0","0","0","0","0","0","0","0","0","0","0","0","0","0","0","0","0","0","0","0","0","0","0","0","0","0","0","0","0","0","0","0","0","0","0","0","0","0","0","0","0","0","0","0","0","0","0","0","0","0","0","0","0","0","0","0"
"GAS6__L4-eNeuron","0","0","0","0","0","0","0","0","0","0","0","0","0","0","0","0","0","0","0","0","0","0","0","0","0","0","0","0","0","0","0","0","0","0","0","0","0","0","0","0","0","0","0","0","0","0","0","0","0","0","0","0","0","0","1.2640592017821","0","0","0","0","0","0","0","0","1.64577986530611","1.88243497492727","0","0","0","0","0","0","0","0","0","0","0","0","0","0","0","0","1.99604165735058","0","0","0","0","0","0","1.01875327720246","0","0","0","0","0","0","1.64682564723995","0","0","0","0","0","1.10721254624079","0","1.6234761544038","0","0","0","0","0","0","0","0","0","0","0","0","0","0","1.77180566401594","1.76098561879507","0","2.23871863970859","1.05450533069334","0","0.770518153877233","0","2.27573988570995","1.86761937654944","0","0","0.978145906928045","1.44148439109457","2.04924605171892","0","0","1.37508791229979","0","0","1.22496292543008","0.918544781074442","2.30757052216916","1.27118305277883","1.70595288984939","1.16560047249889","1.75220597096532","0","0.774329923239854","1.49829941124629","0","0","0","0.803968914575403","0","1.86958719155305","0","0","1.69657919018461","1.03179621902016","1.56473156389556","0","0","1.5346758134395","2.34963743329402","0","0","1.95084680691112","1.56317483388238","0","1.69341818176082","1.99389017587256","0","1.40484805507296","0","0","1.48482425251214","0","0","0","1.5081503684848","0","2.54709689685017","0","2.82795331192607","2.12945692991497","0","0","1.96605266807666","0","1.11621140239619","1.24328248827521","0","0.848767062740803","0","2.04098526412452","0","0","2.19096935698265","0","0","0.974485623739181","1.22772977791819","0","0","0","0.938647373463932","0","0.981603443194084","0","0.9766554801535","0","0","0.724613245946843","0","0","0","0.963784653766577","2.01792915118766","1.51204362380989","2.38271556179362","0","0","1.87618075393585","0","1.32127922276588","1.11962568136845","1.63060865475928","0","0","0","0","0","0","0","0","0","0","0.674466757458708","0","0","0","1.38565369249775","0","0","0","0","0","0","0","0","0","0","0","0","1.59269814950076","0","0","0","0","0","0","0","0","0","0","0","0","0","0","0","0","0","0","0","0","0","0","0","0","0","0","0","0","0","0","0","0","0","0","0","0","0","0","0","0","1.35766655822841","0","0","0","0","0","0","0","0","0","0","0","1.74754752663938","0","0","0","0","0","0","0","0","0","0","0","0","0","0","0","0","0","0","0","0","0","0","0","0","0","0","0","0","0","0","0","0","0","0","0","0","0","0","0","0","0","0","0","0","0","0","0","0","0","0","0","0","0","0","0","0","0","0","0","0","0","0","0","0","0","0","0","0","0","0","0","0","0","0","0","0","0","0","0","0","0","0","0","0","0","1.70897689535182","0","0","0","0","0","0","0","0","0","0","0","0","0","0","0","0","0","0","0","0","0","0","0","0","0","0","0","0","0","0","0","0","0","0","0","0","0","0","0","0","0","0","0","0","0","0","0","0","0","0","0","0","0","0","0","0","0","0","0","0","0","0","0","0","0","0","0","0","0","0","0","0","0","0","0","0","0","0","0","0","0","0","0","0","0","0","0","0","0","0","0","0","0","0","0","0","0","0","0","0","0","0","0","0","0","0","0","0","0","0","0","0","0","0","0","0","0","0","0","0","0","0","0","0","0","0","0","0","0","0"
"BAG6__L4-eNeuron","0","0","0","0","0","0","0","0","0","0","0","0","0","0","0","0","0","0","0","0","0","0","0","0","0","0","0","0","0","0","0","0","0","0","0","0","0","0","0","0","0","0","0","0","0","0","0","0","0","0","0","0","0","0","1.92729377670397","0","0","0","0","0","0","0","0","2.06824238726455","2.12390130390066","0","0","0","0","0","0","0","0","0","0","0","0","0","0","0","0","2.58056367106673","0","0","0","0","0","0","1.01875327720246","2.01052316286273","0","0","0","0","0","1.04664426939299","0","0","0","0","0","1.10721254624079","0","2.85668623884293","0","0","0","0","0","0","0","0","0","0","0","0","0","0","1.38398009873636","2.40619179641792","0","1.51595885391001","1.05450533069334","0","2.38827058971606","0","1.54657574773138","1.21701322196684","2.62297264897608","2.07214978575584","0","1.83754067341114","2.04924605171892","2.34623850229354","0","2.06614924871064","0","0","2.50620343617171","2.44653112992949","2.05671869888534","1.64172686066752","2.46594492559597","2.24177824495123","1.36689856268864","0","2.395713434636","0.935495600513225","2.17426778970275","1.96865700325634","0","1.99406926148916","3.21069480240115","2.31655706606115","0","0","1.69657919018461","0","1.56473156389556","0","2.50501167472052","0.962450261683602","2.34963743329402","1.7698235715001","2.25650876626852","2.40572578450996","1.56317483388238","0","2.71930438052002","1.57953282513015","0","2.1029261077298","2.03181886196898","0","2.20090025871053","2.96445279106215","0","0","1.5081503684848","1.72737509942865","0","2.30401447277481","2.82795331192607","2.60010109755908","1.61875926779216","1.87005089178425","1.96605266807666","2.62818239832783","2.50362306046202","1.90100436707711","2.63368084189384","1.76675774362161","0","1.02745246962271","0","1.48482425251214","2.19096935698265","0","0","2.28088565606502","1.88125869673926","0","1.35640760793973","0","2.48120893629135","0","1.56038125660968","1.81842283242723","1.55375177019182","2.67874161874008","1.7562211259344","0.724613245946843","0","0","0","1.53647049377447","2.39781075481917","1.91770156028756","1.48877381340017","0","0","0.918645600850859","2.26263474359224","1.69969099363141","1.74235627472738","1.63060865475928","0","0","0","0","0","0","0","0","0","0","1.99278067322269","0","0","0","1.77372414417632","0","0","0","0","0","0","0","0","0","0","0","0","1.59269814950076","0","0","0","0","0","0","0","0","0","0","0","0","0","0","0","0","0","0","0","0","0","0","0","0","0","0","0","0","0","0","0","0","0","0","0","0","0","0","0","0","2.04453644217123","0","0","0","0","0","0","0","0","0","0","0","2.301525545427","0","0","0","0","0","0","0","0","0","0","0","0","0","0","0","0","0","0","0","0","0","0","0","0","0","0","0","0","0","0","0","0","0","0","0","0","0","0","0","0","0","0","0","0","0","0","0","0","0","0","0","0","0","0","0","0","0","0","0","0","0","0","0","0","0","0","0","0","0","0","0","0","0","0","0","0","0","0","0","0","0","0","0","0","0","1.70897689535182","0","0","0","0","0","0","0","0","0","0","0","0","0","0","0","0","0","0","0","0","0","0","0","0","0","0","0","0","0","0","0","0","0","0","0","0","0","0","0","0","0","0","0","0","0","0","0","0","0","0","0","0","0","0","0","0","0","0","0","0","0","0","0","0","0","0","0","0","0","0","0","0","0","0","0","0","0","0","0","0","0","0","0","0","0","0","0","0","0","0","0","0","0","0","0","0","0","0","0","0","0","0","0","0","0","0","0","0","0","0","0","0","0","0","0","0","0","0","0","0","0","0","0","0","0","0","0","0","0","0"
"SEMA7A__L4-eNeuron","0","0","0","0","0","0","0","0","0","0","0","0","0","0","0","0","0","0","0","0","0","0","0","0","0","0","0","0","0","0","0","0","0","0","0","0","0","0","0","0","0","0","0","0","0","0","0","0","0","0","0","0","0","0","1.63345823296415","0","0","0","0","0","0","0","0","2.66059189237728","1.88243497492727","0","0","0","0","0","0","0","0","0","0","0","0","0","0","0","0","1.58144451062728","0","0","0","0","0","0","1.60991308769211","1.59432020657423","0","0","0","0","0","1.64682564723995","0","0","0","0","0","0","0","0","0","0","0","0","0","0","0","0","0","0","0","0","0","0","2.07715677188267","0.967698640920222","0","2.23871863970859","1.6571880791741","0","0.770518153877233","0","0","1.21701322196684","0","1.04849851769119","0","0.893751167938702","0","0","0","0.845525041708732","0","0","0","0","0.840038123857707","0","0","2.24177824495123","0","0","0.774329923239854","0.935495600513225","1.74087469139667","0","0","1.31718545612423","1.74821132035854","1.21855801365499","0","0","2.12498062729692","0","0","0","2.85506994803847","1.9433024200868","2.34963743329402","0","0","1.28274042729664","0","0","1.08209650815192","0","0","0","0.825622968027725","1.15934025080115","0.925555440579204","0","0","0","0.942777694870002","0","1.77495991850557","1.57004997143737","2.82795331192607","2.12945692991497","0","0","1.96605266807666","1.84447925642081","2.17098537096172","0","0","0.848767062740803","0","0","0","1.48482425251214","0","0","0","1.55084206476562","1.22772977791819","0","0","0","1.90696406942081","0","1.97231644131429","1.00775644363443","1.55375177019182","0","0","0","0","0","0","1.9453302634011","1.78241538700304","1.91770156028756","1.48877381340017","0","0","0.918645600850859","2.26263474359224","1.32127922276588","1.74235627472738","2.37653269724085","0","0","0","0","0","0","0","0","0","0","1.47924104721688","0","0","0","1.38565369249775","0","0","0","0","0","0","0","0","0","0","0","0","1.59269814950076","0","0","0","0","0","0","0","0","0","0","0","0","0","0","0","0","0","0","0","0","0","0","0","0","0","0","0","0","0","0","0","0","0","0","0","0","0","0","0","0","1.35766655822841","0","0","0","0","0","0","0","0","0","0","0","1.36284302878384","0","0","0","0","0","0","0","0","0","0","0","0","0","0","0","0","0","0","0","0","0","0","0","0","0","0","0","0","0","0","0","0","0","0","0","0","0","0","0","0","0","0","0","0","0","0","0","0","0","0","0","0","0","0","0","0","0","0","0","0","0","0","0","0","0","0","0","0","0","0","0","0","0","0","0","0","0","0","0","0","0","0","0","0","0","0","0","0","0","0","0","0","0","0","0","0","0","0","0","0","0","0","0","0","0","0","0","0","0","0","0","0","0","0","0","0","0","0","0","0","0","0","0","0","0","0","0","0","0","0","0","0","0","0","0","0","0","0","0","0","0","0","0","0","0","0","0","0","0","0","0","0","0","0","0","0","0","0","0","0","0","0","0","0","0","0","0","0","0","0","0","0","0","0","0","0","0","0","0","0","0","0","0","0","0","0","0","0","0","0","0","0","0","0","0","0","0","0","0","0","0","0","0","0","0","0","0","0","0","0","0","0","0","0","0","0"
"NLGN2__L4-eNeuron","0","0","0","0","0","0","0","0","0","0","0","0","0","0","0","0","0","0","0","0","0","0","0","0","0","0","0","0","0","0","0","0","0","0","0","0","0","0","0","0","0","0","0","0","0","0","0","0","0","0","0","0","0","0","2.17129123433768","0","0","0","0","0","0","0","0","1.64577986530611","0.741352257480596","0","0","0","0","0","0","0","0","0","0","0","0","0","0","0","0","0","0","0","0","0","0","0","1.60991308769211","1.59432020657423","0","0","0","0","0","2.06941280189362","0","0","0","0","0","2.15797189080686","0","1.0289811994184","0","0","0","0","0","0","0","0","0","0","0","0","0","0","2.07715677188267","0.967698640920222","0","0","1.6571880791741","0","0.770518153877233","0","1.95674228288404","1.57868481492439","2.28396189903561","2.39876195956601","0.978145906928045","1.44148439109457","1.36145849892387","0","0","0.845525041708732","0","0","0.738765427813689","2.18929666850891","0","2.18077966818962","0","1.80179242872614","1.75220597096532","0","1.2754784735745","0.935495600513225","1.11848515495156","1.29690840917502","0","1.31718545612423","1.74821132035854","1.86958719155305","0","0","0","1.62720361633866","1.56473156389556","0","2.04183623946268","1.5346758134395","1.60809041708723","2.20638809563836","0","1.95084680691112","0.983690174812954","0","2.4511297596042","0.995929660283152","0","0","1.34743907851003","2.84152296767232","0","0","0","0","0.942777694870002","1.72737509942865","1.77495991850557","0","0","0","2.36239023620847","1.87005089178425","2.42235818572724","2.28890467248","0","0","2.63368084189384","1.76675774362161","0","2.04098526412452","0","1.88684124776886","0","0","0","1.55084206476562","0.740703816074195","0","2.04297215642041","0","1.90696406942081","0","0","1.81842283242723","1.55375177019182","0","2.52512738860571","1.56431610366985","0","0","0","0","1.78241538700304","1.91770156028756","1.76920945093728","0","0","1.87618075393585","1.53572215318106","0.806891471752261","1.4643330688149","2.37653269724085","0","0","0","0","0","0","0","0","0","0","1.99278067322269","0","0","0","0","0","0","0","0","0","0","0","0","0","0","0","0","1.59269814950076","0","0","0","0","0","0","0","0","0","0","0","0","0","0","0","0","0","0","0","0","0","0","0","0","0","0","0","0","0","0","0","0","0","0","0","0","0","0","0","0","1.35766655822841","0","0","0","0","0","0","0","0","0","0","0","2.301525545427","0","0","0","0","0","0","0","0","0","0","0","0","0","0","0","0","0","0","0","0","0","0","0","0","0","0","0","0","0","0","0","0","0","0","0","0","0","0","0","0","0","0","0","0","0","0","0","0","0","0","0","0","0","0","0","0","0","0","0","0","0","0","0","0","0","0","0","0","0","0","0","0","0","0","0","0","0","0","0","0","0","0","0","0","0","0","0","0","0","0","0","0","0","0","0","0","0","0","0","0","0","0","0","0","0","0","0","0","0","0","0","0","0","0","0","0","0","0","0","0","0","0","0","0","0","0","0","0","0","0","0","0","0","0","0","0","0","0","0","0","0","0","0","0","0","0","0","0","0","0","0","0","0","0","0","0","0","0","0","0","0","0","0","0","0","0","0","0","0","0","0","0","0","0","0","0","0","0","0","0","0","0","0","0","0","0","0","0","0","0","0","0","0","0","0","0","0","0","0","0","0","0","0","0","0","0","0","0","0","0","0","0","0","0","0","0"
"RGMB__L4-eNeuron","0","0","0","0","0","0","0","0","0","0","0","0","0","0","0","0","0","0","0","0","0","0","0","0","0","0","0","0","0","0","0","0","0","0","0","0","0","0","0","0","0","0","0","0","0","0","0","0","0","0","0","0","0","0","0","0","0","0","0","0","0","0","0","1.04585168479067","0","0","0","0","0","0","0","0","0","0","0","0","0","0","0","0","0","0.997362311996941","0","0","0","0","0","0","1.01875327720246","1.00702396354048","0","0","0","0","0","1.04664426939299","0","0","0","0","0","0","0","1.0289811994184","0","0","0","0","0","0","0","0","0","0","0","0","0","0","0.851948439102505","0.563508817267721","0","0","1.05450533069334","0","2.17932369944456","0","1.95674228288404","1.57868481492439","1.19537604343961","1.64927153325981","1.55574951941622","2.14795899856499","0","0","0","1.76160686252445","0","0","1.58796097724181","1.87602500379451","1.36748004131983","1.27118305277883","1.70595288984939","0","1.36689856268864","0","1.2754784735745","0.935495600513225","0","1.29690840917502","0","1.31718545612423","0","0","0","0","0","0","1.97722013134371","0","2.04183623946268","1.5346758134395","1.60809041708723","1.14081873485189","0","2.40572578450996","1.9754655928803","0","1.69341818176082","1.57953282513015","0","1.40484805507296","1.72983573584279","1.15934025080115","0.925555440579204","0","0","0","2.48829087236008","2.15926495006226","2.54709689685017","0","2.82795331192607","0","1.61875926779216","1.87005089178425","1.29483443400509","1.84447925642081","1.73791996179815","0","0","1.76675774362161","0","0","0","1.48482425251214","1.47667248963273","0","0","2.54218435940128","1.22772977791819","0","2.85636278933519","0","1.50256517055777","0","1.56038125660968","1.81842283242723","0.9766554801535","0","1.7562211259344","2.09162806188065","0","0","0","0.963784653766577","1.78241538700304","1.51204362380989","0.680025257270435","0","0","1.47543753521912","1.53572215318106","1.32127922276588","1.4643330688149","0","0","0","0","0","0","0","0","0","0","0","1.13225668972592","0","0","0","1.38565369249775","0","0","0","0","0","0","0","0","0","0","0","0","0","0","0","0","0","0","0","0","0","0","0","0","0","0","0","0","0","0","0","0","0","0","0","0","0","0","0","0","0","0","0","0","0","0","0","0","0","0","0","0","0","1.74159866874157","0","0","0","0","0","0","0","0","0","0","0","1.74754752663938","0","0","0","0","0","0","0","0","0","0","0","0","0","0","0","0","0","0","0","0","0","0","0","0","0","0","0","0","0","0","0","0","0","0","0","0","0","0","0","0","0","0","0","0","0","0","0","0","0","0","0","0","0","0","0","0","0","0","0","0","0","0","0","0","0","0","0","0","0","0","0","0","0","0","0","0","0","0","0","0","0","0","0","0","0","0","0","0","0","0","0","0","0","0","0","0","0","0","0","0","0","0","0","0","0","0","0","0","0","0","0","0","0","0","0","0","0","0","0","0","0","0","0","0","0","0","0","0","0","0","0","0","0","0","0","0","0","0","0","0","0","0","0","0","0","0","0","0","0","0","0","0","0","0","0","0","0","0","0","0","0","0","0","0","0","0","0","0","0","0","0","0","0","0","0","0","0","0","0","0","0","0","0","0","0","0","0","0","0","0","0","0","0","0","0","0","0","0","0","0","0","0","0","0","0","0","0","0","0","0","0","0","0","0","0","0"
"NTNG2__L4-eNeuron","0","0","0","0","0","0","0","0","0","0","0","0","0","0","0","0","0","0","0","0","0","0","0","0","0","0","0","0","0","0","0","0","0","0","0","0","0","0","0","0","0","0","0","0","0","0","0","0","0","0","0","0","0","0","1.63345823296415","0","0","0","0","0","0","0","0","0","1.22865500779224","0","0","0","0","0","0","0","0","0","0","0","0","0","0","0","0","0.997362311996941","0","0","0","0","0","0","0","0","0","0","0","0","0","1.04664426939299","0","0","0","0","0","2.48984101206949","0","1.0289811994184","0","0","0","0","0","0","0","0","0","0","0","0","0","0","1.77180566401594","0","0","2.23871863970859","1.05450533069334","0","1.93490497177812","0","2.53681731793714","1.21701322196684","1.83999597807023","1.64927153325981","0","0.893751167938702","1.36145849892387","0","0","1.76160686252445","0","0","0","1.47530045647733","2.30757052216916","1.27118305277883","0","1.16560047249889","0.839619084173484","0","0","1.49829941124629","0","1.29690840917502","0","1.31718545612423","1.12413554559687","2.65731074350557","0","0","1.69657919018461","0","1.56473156389556","0","1.3554935794833","0.962450261683602","1.60809041708723","1.7698235715001","2.25650876626852","2.75104111390734","0.983690174812954","0","2.12145683897274","0.995929660283152","0","0.867065757780001","1.34743907851003","2.5690561098118","1.48482425251214","2.46906856576534","0","0","1.5081503684848","1.72737509942865","0","3.1500071768949","0","0","0","1.87005089178425","0","2.62818239832783","0","1.24328248827521","0","2.32331408014252","0","1.02745246962271","0","0.925555440579204","0","0","0","1.55084206476562","2.12265752952074","0","0","0","1.50256517055777","0","1.97231644131429","1.00775644363443","1.9648400216745","1.88810450069273","1.13031192109476","0.724613245946843","0","0","0","0","0","1.91770156028756","0.680025257270435","0","0","1.47543753521912","0","1.32127922276588","1.4643330688149","0","0","0","0","0","0","0","0","0","0","0","1.47924104721688","0","0","0","1.77372414417632","0","0","0","0","0","0","0","0","0","0","0","0","2.33120590847537","0","0","0","0","0","0","0","0","0","0","0","0","0","0","0","0","0","0","0","0","0","0","0","0","0","0","0","0","0","0","0","0","0","0","0","0","0","0","0","0","0","0","0","0","0","0","0","0","0","0","0","0","0.836697796489702","0","0","0","0","0","0","0","0","0","0","0","0","0","0","0","0","0","0","0","0","0","0","0","0","0","0","0","0","0","0","0","0","0","0","0","0","0","0","0","0","0","0","0","0","0","0","0","0","0","0","0","0","0","0","0","0","0","0","0","0","0","0","0","0","0","0","0","0","0","0","0","0","0","0","0","0","0","0","0","0","0","0","0","0","0","0","0","0","0","0","0","0","0","0","0","0","0","0","0","0","0","0","0","0","0","0","0","0","0","0","0","0","0","0","0","0","0","0","0","0","0","0","0","0","0","0","0","0","0","0","0","0","0","0","0","0","0","0","0","0","0","0","0","0","0","0","0","0","0","0","0","0","0","0","0","0","0","0","0","0","0","0","0","0","0","0","0","0","0","0","0","0","0","0","0","0","0","0","0","0","0","0","0","0","0","0","0","0","0","0","0","0","0","0","0","0","0","0","0","0","0","0","0","0","0","0","0","0","0","0","0","0","0","0","0","0"
"LRRC4B__L4-eNeuron","0","0","0","0","0","0","0","0","0","0","0","0","0","0","0","0","0","0","0","0","0","0","0","0","0","0","0","0","0","0","0","0","0","0","0","0","0","0","0","0","0","0","0","0","0","0","0","0","0","0","0","0","0","0","2.56217376651377","0","0","0","0","0","0","0","0","2.06824238726455","1.59226621366842","0","0","0","0","0","0","0","0","0","0","0","0","0","0","0","0","2.80283021426688","0","0","0","0","0","0","2.35181743329737","2.59665017985853","0","0","0","0","0","3.08066372128379","0","0","0","0","0","2.48984101206949","0","2.36802262111893","0","0","0","0","0","0","0","0","0","0","0","0","0","0","2.32903307920422","2.40619179641792","0","0","2.40817481067194","0","2.73271612116485","0","0.971306113733302","1.21701322196684","2.28396189903561","1.04849851769119","2.76968556177539","0.893751167938702","2.04924605171892","1.39724818583532","0","1.76160686252445","0","0","2.66675152731797","0","1.36748004131983","2.18077966818962","0","1.80179242872614","1.75220597096532","0","2.57839972641679","2.21728969923508","2.77735527975283","1.96865700325634","0","2.24168395441573","3.01404351408123","1.86958719155305","0","0","1.69657919018461","2.04743534279775","2.78129122412111","0","2.50501167472052","0.962450261683602","2.34963743329402","1.7698235715001","2.25650876626852","2.75104111390734","2.2957431299265","0","3.31279341641445","0.995929660283152","0","2.1029261077298","2.28140176966303","2.84152296767232","0.925555440579204","0","0","0","0.942777694870002","3.18418002582946","2.54709689685017","1.57004997143737","2.01803961730222","2.12945692991497","1.61875926779216","1.87005089178425","1.96605266807666","0","2.17098537096172","2.35109022199246","0","2.72393596605399","0","2.04098526412452","0","1.48482425251214","0","0","0","1.96155720578312","2.12265752952074","0","0","0","1.50256517055777","0","1.97231644131429","1.59529518618462","0","2.67874161874008","2.79603767918631","2.63683588454213","0","0","0","1.9453302634011","2.39781075481917","0.945659266085999","2.20570742675513","0","0","1.87618075393585","0","1.69969099363141","1.74235627472738","0","0","0","0","0","0","0","0","0","0","0","1.75874108736524","0","0","0","1.77372414417632","0","0","0","0","0","0","0","0","0","0","0","0","1.59269814950076","0","0","0","0","0","0","0","0","0","0","0","0","0","0","0","0","0","0","0","0","0","0","0","0","0","0","0","0","0","0","0","0","0","0","0","0","0","0","0","0","1.74159866874157","0","0","0","0","0","0","0","0","0","0","0","1.74754752663938","0","0","0","0","0","0","0","0","0","0","0","0","0","0","0","0","0","0","0","0","0","0","0","0","0","0","0","0","0","0","0","0","0","0","0","0","0","0","0","0","0","0","0","0","0","0","0","0","0","0","0","0","0","0","0","0","0","0","0","0","0","0","0","0","0","0","0","0","0","0","0","0","0","0","0","0","0","0","0","0","0","0","0","0","0","2.13879266261507","0","0","0","0","0","0","0","0","0","0","0","0","0","0","0","0","0","0","0","0","0","0","0","0","0","0","0","0","0","0","0","0","0","0","0","0","0","0","0","0","0","0","0","0","0","0","0","0","0","0","0","0","0","0","0","0","0","0","0","0","0","0","0","0","0","0","0","0","0","0","0","0","0","0","0","0","0","0","0","0","0","0","0","0","0","0","0","0","0","0","0","0","0","0","0","0","0","0","0","0","0","0","0","0","0","0","0","0","0","0","0","0","0","0","0","0","0","0","0","0","0","0","0","0","0","0","0","0","0","0"
"SLITRK1__L4-eNeuron","0","0","0","0","0","0","0","0","0","0","0","0","0","0","0","0","0","0","0","0","0","0","0","0","0","0","0","0","0","0","0","0","0","0","0","0","0","0","0","0","0","0","0","0","0","0","0","0","0","0","0","0","0","0","0.766258207296402","0","0","0","0","0","0","0","0","1.04585168479067","1.59226621366842","0","0","0","0","0","0","0","0","0","0","0","0","0","0","0","0","2.58056367106673","0","0","0","0","0","0","2.35181743329737","2.81937514755498","0","0","0","0","0","1.04664426939299","0","0","0","0","0","0","0","1.6234761544038","0","0","0","0","0","0","0","0","0","0","0","0","0","0","1.38398009873636","1.28307876255221","0","2.23871863970859","1.05450533069334","0","1.64045761331286","0","1.54657574773138","0.73320226161344","3.32629516170912","1.64927153325981","0.978145906928045","1.83754067341114","0","1.7870062766658","0","1.37508791229979","0","0","0","0","0.840038123857707","1.64172686066752","1.70595288984939","2.57847083647411","1.36689856268864","0","0.774329923239854","0.935495600513225","1.11848515495156","1.29690840917502","0","0.803968914575403","0","0","0","0","2.12498062729692","1.03179621902016","1.56473156389556","0","2.04183623946268","0.962450261683602","0","1.7698235715001","0","2.40572578450996","2.2957431299265","0","0","1.57953282513015","0","1.79570395037116","2.28140176966303","1.79373163819363","2.45866466174683","0","0","0","1.91329229155164","2.49121076758534","0","2.30401447277481","0","1.42640631335804","1.61875926779216","2.65784793339327","1.29483443400509","1.84447925642081","1.73791996179815","1.24328248827521","0","1.3795778839182","0","0","0","0.925555440579204","0","0","0","1.96155720578312","1.88125869673926","0","1.35640760793973","0","1.50256517055777","0","0.981603443194084","1.59529518618462","1.55375177019182","0","1.13031192109476","1.56431610366985","0","0","0","1.53647049377447","1.15056496215034","2.23397250662199","1.48877381340017","0","0","1.47543753521912","1.53572215318106","1.69969099363141","1.74235627472738","2.37653269724085","0","0","0","0","0","0","0","0","0","0","1.99278067322269","0","0","0","2.33120590847537","0","0","0","0","0","0","0","0","0","0","0","0","0","0","0","0","0","0","0","0","0","0","0","0","0","0","0","0","0","0","0","0","0","0","0","0","0","0","0","0","0","0","0","0","0","0","0","0","0","0","0","0","0","2.04453644217123","0","0","0","0","0","0","0","0","0","0","0","1.74754752663938","0","0","0","0","0","0","0","0","0","0","0","0","0","0","0","0","0","0","0","0","0","0","0","0","0","0","0","0","0","0","0","0","0","0","0","0","0","0","0","0","0","0","0","0","0","0","0","0","0","0","0","0","0","0","0","0","0","0","0","0","0","0","0","0","0","0","0","0","0","0","0","0","0","0","0","0","0","0","0","0","0","0","0","0","0","2.13879266261507","0","0","0","0","0","0","0","0","0","0","0","0","0","0","0","0","0","0","0","0","0","0","0","0","0","0","0","0","0","0","0","0","0","0","0","0","0","0","0","0","0","0","0","0","0","0","0","0","0","0","0","0","0","0","0","0","0","0","0","0","0","0","0","0","0","0","0","0","0","0","0","0","0","0","0","0","0","0","0","0","0","0","0","0","0","0","0","0","0","0","0","0","0","0","0","0","0","0","0","0","0","0","0","0","0","0","0","0","0","0","0","0","0","0","0","0","0","0","0","0","0","0","0","0","0","0","0","0","0","0"
"RPH3A__L4-eNeuron","0","0","0","0","0","0","0","0","0","0","0","0","0","0","0","0","0","0","0","0","0","0","0","0","0","0","0","0","0","0","0","0","0","0","0","0","0","0","0","0","0","0","0","0","0","0","0","0","0","0","0","0","0","0","0.766258207296402","0","0","0","0","0","0","0","0","1.64577986530611","1.59226621366842","0","0","0","0","0","0","0","0","0","0","0","0","0","0","0","0","0","0","0","0","0","0","0","1.60991308769211","0","0","0","0","0","0","1.04664426939299","0","0","0","0","0","0","0","0","0","0","0","0","0","0","0","0","0","0","0","0","0","0","2.89520480423337","0.967698640920222","0","2.23871863970859","1.6571880791741","0","2.17932369944456","0","0.971306113733302","1.21701322196684","1.83999597807023","2.07214978575584","0.978145906928045","0.893751167938702","0","2.09355133885378","0","1.37508791229979","0","0","2.11893644538617","2.18929666850891","0.840038123857707","0.771291506445822","0","1.80179242872614","1.36689856268864","0","0.774329923239854","2.21728969923508","2.17426778970275","2.42520520200282","0","1.69496605686994","1.12413554559687","1.21855801365499","0","0","1.69657919018461","2.04743534279775","0.984853456246135","0","0","0","1.60809041708723","1.14081873485189","0","1.28274042729664","1.56317483388238","0","2.94535720352207","2.31541002767221","0","0.867065757780001","2.49410860602263","1.79373163819363","2.20090025871053","1.70859824152826","0","0","0.942777694870002","1.72737509942865","2.54709689685017","1.57004997143737","0","1.42640631335804","1.61875926779216","1.2189220976784","1.29483443400509","0","1.73791996179815","0","0","2.07170934403279","0","0","0","1.88684124776886","2.19096935698265","0","0","2.76333571349161","2.32939487748276","0","3.37334319387005","0","1.90696406942081","0","1.56038125660968","2.92030871095781","0.9766554801535","1.88810450069273","0","1.851931041252","0","0","0","0","2.39781075481917","2.49322311848086","2.38271556179362","0","0","0.918645600850859","1.53572215318106","2.45854672064152","1.11962568136845","2.86578189572212","0","0","0","0","0","0","0","0","0","0","1.99278067322269","0","0","0","2.54564957669633","0","0","0","0","0","0","0","0","0","0","0","0","2.33120590847537","0","0","0","0","0","0","0","0","0","0","0","0","0","0","0","0","0","0","0","0","0","0","0","0","0","0","0","0","0","0","0","0","0","0","0","0","0","0","0","0","2.29477032344632","0","0","0","0","0","0","0","0","0","0","0","2.05096489907069","0","0","0","0","0","0","0","0","0","0","0","0","0","0","0","0","0","0","0","0","0","0","0","0","0","0","0","0","0","0","0","0","0","0","0","0","0","0","0","0","0","0","0","0","0","0","0","0","0","0","0","0","0","0","0","0","0","0","0","0","0","0","0","0","0","0","0","0","0","0","0","0","0","0","0","0","0","0","0","0","0","0","0","0","0","1.70897689535182","0","0","0","0","0","0","0","0","0","0","0","0","0","0","0","0","0","0","0","0","0","0","0","0","0","0","0","0","0","0","0","0","0","0","0","0","0","0","0","0","0","0","0","0","0","0","0","0","0","0","0","0","0","0","0","0","0","0","0","0","0","0","0","0","0","0","0","0","0","0","0","0","0","0","0","0","0","0","0","0","0","0","0","0","0","0","0","0","0","0","0","0","0","0","0","0","0","0","0","0","0","0","0","0","0","0","0","0","0","0","0","0","0","0","0","0","0","0","0","0","0","0","0","0","0","0","0","0","0","0"
"ADAM11__L5-eNeuron","0","0","0","0","0","0","0","0","0","0","0","0","0","0","0","0","0","0","0","0","0","0","0","0","0","0","0","0","0","0","0","0","0","0","0","0","0","0","0","0","0","0","0","0","0","0","0","0","0","0","0","0","0","0","0","0","0","0","0","0","0","0","0","0","0","0","0","0","0","0","0","0","0","0","0","0","0","0","0","0","0","0","0","0","0","0","0","0","0","0","0","0","0","0","0","0","0","0","0","0","0","0","0","0","0","0","0","0","0","0","0","0","0","0","0","0","0","0","0","0","0","0","0","0","0","0","0","0","0","0","0","0","0","0","1.65442241555219","0","0","1.68401323277009","0","0","0","0","0","0","0","0","0","0","0","0","0","0","0","0","0","0","0","0","0","0","0","0","0","0","0","0","0","0","0","0","0","0","0","0","0","0","0","0","0","0","0","0","0","0","0","0","0","0","0","0","0","0","0","0","0","0","0","0","0","0","0","0","0","0","0","0","0","0","0","0","0","0","0","0","0","0","0","0","0","0","0","0","0","0","0","0","0","1.65683444560443","2.60536728020763","0","2.19100656224599","1.87167590302446","0","1.16659544759685","0","1.74354357432991","0","0","0","0","0","1.28654067315666","2.32717454501277","2.32028071241788","0","0","0","0","0","1.90771877455789","1.34231245596429","0","0","0","0","2.36359443568057","0","1.40992292537743","1.21792142039839","2.08462568194681","0","2.15485452649076","1.91117755999461","0","0","0","0","0","0","1.14702979120788","0","1.06290011726025","0","0.944910442000684","0","0","0","2.21014071396839","0","1.46361418049911","0.75409853761067","0","0","1.32301106381665","1.7527401364893","1.65665769149671","0","0","0","0","0","0","2.57913476743103","0","0","1.89704146355466","0","0","1.85120545658153","0.861818303272118","0.756322964800095","0","0","1.7678464494201","0","0","0","1.64080355646312","0","0","1.8133022690244","0","1.73341108779085","0","0","0","0","0","0","0","0","0","0","0","0","0","0","0","0","0","0","0","0","0","0","0","0","0","0","0","0","0","1.08138832684066","0","0","0","0","0","0","0","0","0","0","0","0","0","0","0","0","0","0","0","0","0","0","0","0","0","0.624624657403329","0","0","0","0","1.69583424280838","0","0","0","0","0","0","0","0","0","0","0","0","0","0","0","0","0","1.65984567087825","0","0","1.62930153185039","0","1.66304727616028","2.27451880301846","0","0","1.13598427227133","0","0","0","0","0","0","0","0","0","0","0","0","0","1.44091979648354","0","0","1.43015447307838","0","0","0","0","0","0","0","0","0","0","0","0","0","0","0","0","1.30443377197665","0","0","0","0","0","0","0","0","0","0","0","0","0","0","0","0","0","0","0","0","0","0","0","0","0","0","0","0","0","0","0","1.26566780565678","0","0","0","0","0","0","0","0","0","0","0","1.671021452135","1.28477329443273","0","0","0","0","0","0","0","0","0","0","0","0","0","1.75833734896972","0","0","0","0","0","0.643450691564095","0","0","0","0","0","0","0","0","0","0","0","0","0","0","0","0.91523051037356","0","0","0","0","0","0","0"
"AGRN__L5-eNeuron","0","0","0","0","0","0","0","0","0","0","0","0","0","0","0","0","0","0","0","0","0","0","0","0","0","0","0","0","0","0","0","0","0","0","0","0","0","0","0","0","0","0","0","0","0","0","0","0","0","0","0","0","0","0","0","0","0","0","0","0","0","0","0","0","0","0","0","0","0","0","0","0","0","0","0","0","0","0","0","0","0","0","0","0","0","0","0","0","0","0","0","0","0","0","0","0","0","0","0","0","0","0","0","0","0","0","0","0","0","0","0","0","0","0","0","0","0","0","0","0","0","0","0","0","0","0","0","0","0","0","0","0","0","0","0.779041526739946","0","0","1.68401323277009","0","0","0","0","0","0","0","0","0","0","0","0","0","0","0","0","0","0","0","0","0","0","0","0","0","0","0","0","0","0","0","0","0","0","0","0","0","0","0","0","0","0","0","0","0","0","0","0","0","0","0","0","0","0","0","0","0","0","0","0","0","0","0","0","0","0","0","0","0","0","0","0","0","0","0","0","0","0","0","0","0","0","0","0","0","0","0","0","0","1.05423683565765","0.885634758290521","2.12539609486081","1.37016170048394","1.58240226040259","0","0","0.995453059887703","1.46541283841779","0","0","0","0","0","1.5455890223964","0.850913956187821","0","0","0","0","0","0","1.78507277986327","1.01700690607062","0","0","0","0","1.41066890776489","0","0","1.86877634449648","0.668474046354282","0","1.44711296544758","1.50628361684171","0","0","0","0","0","0","0.490424620993583","0","1.39708572032375","0","0","0","0","0","2.00815340026828","0","0","0.75409853761067","0","0","2.0013535841877","1.36736370310013","1.65665769149671","0","0","0","0","0","0","0","0","0","1.24015747796675","0","0","1.03083475155407","1.39761388206955","1.24996695436877","0","0","1.7678464494201","1.04459931738302","0","0","1.64080355646312","0","0","1.59051411974181","0","0.827854458562362","0","0","0","0","0","0","0","0","0","0","0","0","0","0","0","0","0","0","0","0","0","0","0","0","0","0","0","0","0","1.41905727073118","0","0","0","0","0","0","0","0","0","0","0","0","0","1.73087413775132","0","0","0","0","0","0","0","0","0","0","0","1.05909169754004","0","0","0","0","1.69583424280838","0","0","0","0","0","0","0","0","0","0","0","0","0","0","0","0","0","0","0","0","1.03338137016907","0","0","1.54556373985622","0","0","1.37679748018951","0","0","0","0","0","1.21312424937827","0","0","0","0","0","0","0","1.44091979648354","0","0","1.09074310080226","0","0","0","0","0","0","0","0","0","0","0","0","0","0","0","0","0","0","0","0","0","0","0","0","0","0","0","0","0","0","0","0","0","0","0","0","0","0","0","0","0","0","0","0","0","0","0","0","0.553978018787616","0","0","0","0","0","0","0","0","0","0","0","1.06502068208253","1.95340503836244","0","0","0","0","0","0","0","0","0","0","0","0","0","0","0","0","0","0","0","0","0","0","0","0","0","1.89190584693684","0","0","0","0","0","0","0","0","0","0.91523051037356","1.41366137119697","0","0","0","0","0","0"
"CNTN2__L5-eNeuron","0","0","0","0","0","0","0","0","0","0","0","0","0","0","0","0","0","0","0","0","0","0","0","0","0","0","0","0","0","0","0","0","0","0","0","0","0","0","0","0","0","0","0","0","0","0","0","0","0","0","0","0","0","0","0","0","0","0","0","0","0","0","0","0","0","0","0","0","0","0","0","0","0","0","0","0","0","0","0","0","0","0","0","0","0","0","0","0","0","0","0","0","0","0","0","0","0","0","0","0","0","0","0","0","0","0","0","0","0","0","0","0","0","0","0","0","0","0","0","0","0","0","0","0","0","0","0","0","0","0","0","0","0","0","0.779041526739946","0","0","1.68401323277009","0","0","0","0","0","0","0","0","0","0","0","0","0","0","0","0","0","0","0","0","0","0","0","0","0","0","0","0","0","0","0","0","0","0","0","0","0","0","0","0","0","0","0","0","0","0","0","0","0","0","0","0","0","0","0","0","0","0","0","0","0","0","0","0","0","0","0","0","0","0","0","0","0","0","0","0","0","0","0","0","0","0","0","0","0","0","0","0","0","0","1.43036807587127","1.69695193703081","1.57591456470475","0.735429995254981","0","0","1.57889672374455","1.46541283841779","0","0","0","0","0","0.56541007811925","1.38254904642007","1.09843762761007","0","0","0","0","0","1.15262427222307","1.01700690607062","1.86212677788675","0","0","0","0","0","0","1.21792142039839","1.46893405023394","0","1.84395493261375","1.50628361684171","0","0","0","0","0","0","0","0","1.06290011726025","0","1.91655618752345","0","0","0","1.14343783530178","0","0.665387973615777","1.24680622416683","0","0","1.70168922554422","1.36736370310013","0.621255414713163","0","0","0","0","0","0","0.871293272963674","0","0","1.60566724805888","0","0","1.03083475155407","1.39761388206955","1.61708198138552","0","0","2.20419661324845","1.04459931738302","0","0","1.27038729817705","0","0","2.00624407170854","0","0.827854458562362","0","0","0","0","0","0","0","0","0","0","0","0","0","0","0","0","0","0","0","0","0","0","0","0","0","0","0","0","0","1.41905727073118","0","0","0","0","0","0","0","0","0","0","0","0","0","1.73087413775132","0","0","0","0","0","0","0","0","0","0","0","0","0","0","0","0","1.69583424280838","0","0","0","0","0","0","0","0","0","0","0","0","0","0","0","0","0","0.78236025447494","0","0","1.26048012656926","0","1.05895620969412","0","0","0","0","0","0","0","0","0","1.86266289488606","0","0","0","0","0","0","0","1.44091979648354","0","0","1.43015447307838","0","0","0","0","0","0","0","0","0","0","0","0","0","0","0","0","0","0","0","0","0","0","0","0","0","0","0","0","2.21780655006598","0","0","0","0","0","0","0","0","0","0","0","0","0","0","0","0","0","0","0","0.953270107690089","0","0","0","0","0","0","0","0","0","0","0","1.06502068208253","0","0","0","0","0","0","0","0","0","0","0","0","0","0","1.13194505432223","0","0","0","0","0","0","0","0","0","0","0","0","0","0","0","0","0","0","0","0","0","0","1.41366137119697","0","0","0","0","0","0"
"IGFBP4__L5-eNeuron","0","0","0","0","0","0","0","0","0","0","0","0","0","0","0","0","0","0","0","0","0","0","0","0","0","0","0","0","0","0","0","0","0","0","0","0","0","0","0","0","0","0","0","0","0","0","0","0","0","0","0","0","0","0","0","0","0","0","0","0","0","0","0","0","0","0","0","0","0","0","0","0","0","0","0","0","0","0","0","0","0","0","0","0","0","0","0","0","0","0","0","0","0","0","0","0","0","0","0","0","0","0","0","0","0","0","0","0","0","0","0","0","0","0","0","0","0","0","0","0","0","0","0","0","0","0","0","0","0","0","0","0","0","0","1.28213190246646","0","0","1.07491827141864","0","0","0","0","0","0","0","0","0","0","0","0","0","0","0","0","0","0","0","0","0","0","0","0","0","0","0","0","0","0","0","0","0","0","0","0","0","0","0","0","0","0","0","0","0","0","0","0","0","0","0","0","0","0","0","0","0","0","0","0","0","0","0","0","0","0","0","0","0","0","0","0","0","0","0","0","0","0","0","0","0","0","0","0","0","0","0","0","0","1.05423683565765","0.885634758290521","0","1.75595280754666","1.22019820792354","0","0","0","1.12053986202582","0","0","0","0","0","3.5892344536251","2.89319627370276","3.16809446030424","0","0","0","0","0","3.65766319375972","3.35239763733883","3.6847563201268","0","0","0","0","0","1.40992292537743","3.89958077733754","2.65638622820611","0","0","3.35104389996965","0","0","0","0","0","0","0.490424620993583","0","1.66823432076789","0","2.71158659333249","0","0","0","1.7732098082759","0","0","1.24680622416683","0","0","0.808128554236777","0.839954281522677","1.05410264166645","0","0","0","0","0","2.11086501706946","1.41066890776489","0","0","0.749424065330643","0","0","3.44763977806884","0","0","0","0","3.0384988813441","1.37528418226204","0","0","1.27038729817705","0","0","0","0","2.76825356644538","0","0","0","0","0","0","0","0","0","0","0","0","0","0","0","0","0","0","0","0","0","0","0","0","0","0","0","0","0","0.639728304152048","0","0","0","0","0","0","0","0","0","0","0","0","0","0","0","0","0","0","0","0","0","0","0","0","0","1.05909169754004","0","0","0","0","1.08394233058248","0","0","0","0","0","0","0","0","0","0","0","0","0","0","0","0","0","1.2868130375026","0","0","0.763732195265691","0","1.05895620969412","0","0","0","1.37679748018951","0","0","0","0","0","0","0","0","0","0","0","0","0","0.652276612750025","0","0","2.73317764320225","0","0","0","0","0","0","0","0","0","0","0","0","0","0","0","0","3.18337096964817","0","0","0","0","0","0","0","0","0","0","0","0","0","0","0","0","0","0","0","0","0","0","0","0","0","0","0","0","0","0","0","0.553978018787616","0","0","0","0","0","0","0","0","0","0","0","1.06502068208253","1.95340503836244","0","0","0","0","0","0","0","0","0","0","0","0","0","0","0","0","0","0","0","1.08686648090803","0","0","0","0","0","0","0","0","0","0","0","0","0","0","0","1.47079231612238","1.41366137119697","0","0","0","0","0","0"
"SEMA6B__L5-eNeuron","0","0","0","0","0","0","0","0","0","0","0","0","0","0","0","0","0","0","0","0","0","0","0","0","0","0","0","0","0","0","0","0","0","0","0","0","0","0","0","0","0","0","0","0","0","0","0","0","0","0","0","0","0","0","0","0","0","0","0","0","0","0","0","0","0","0","0","0","0","0","0","0","0","0","0","0","0","0","0","0","0","0","0","0","0","0","0","0","0","0","0","0","0","0","0","0","0","0","0","0","0","0","0","0","0","0","0","0","0","0","0","0","0","0","0","0","0","0","0","0","0","0","0","0","0","0","0","0","0","0","0","0","0","0","2.58782897303489","0","0","1.68401323277009","0","0","0","0","0","0","0","0","0","0","0","0","0","0","0","0","0","0","0","0","0","0","0","0","0","0","0","0","0","0","0","0","0","0","0","0","0","0","0","0","0","0","0","0","0","0","0","0","0","0","0","0","0","0","0","0","0","0","0","0","0","0","0","0","0","0","0","0","0","0","0","0","0","0","0","0","0","0","0","0","0","0","0","0","0","0","0","0","0","0","1.43036807587127","1.69695193703081","0","0.735429995254981","0","0","0.995453059887703","1.97662318563631","0","0","0","0","0","1.76512750257653","0.850913956187821","1.09843762761007","0","0","0","0","0","1.15262427222307","1.01700690607062","1.21270377184709","0","0","0","0","0","0","1.86877634449648","1.30654072164332","0","0.897867214963046","2.07770546522288","0","0","0","0","0","0","1.14702979120788","0","1.06290011726025","0","0","0","0","0","1.14343783530178","0","0.665387973615777","0.75409853761067","0","0","1.70168922554422","0.839954281522677","1.05410264166645","0","0","0","0","0","1.41129121038878","1.41066890776489","0","0","1.89704146355466","0","0","1.03083475155407","1.39761388206955","1.24996695436877","0","0","1.92841242735322","2.23871863970859","0","0","1.64080355646312","0","0","1.8133022690244","0","1.1127437593902","0","0","0","0","0","0","0","0","0","0","0","0","0","0","0","0","0","0","0","0","0","0","0","0","0","0","0","0","0","1.6924909650256","0","0","0","0","0","0","0","0","0","0","0","0","0","0","0","0","0","0","0","0","0","0","0","0","0","1.05909169754004","0","0","0","0","0","0","0","0","0","0","0","0","0","0","0","0","0","0","0","0","0","0","1.2868130375026","0","0","0.763732195265691","0","1.05895620969412","1.83143471949769","0","0","1.13598427227133","0","0","0","0","0","0","0","0","0","0","0","0","0","1.71658945813442","0","0","2.13406034323714","0","0","0","0","0","0","0","0","0","0","0","0","0","0","0","0","0.794880661358197","0","0","0","0","0","0","0","0","0","0","0","0","0","0","0","0","0","0","0","0","0","0","0","0","0","0","0","0","0","0","0","0.953270107690089","0","0","0","0","0","0","0","0","0","0","0","1.89936888508003","1.28477329443273","0","0","0","0","0","0","0","0","0","0","0","0","0","1.47887351639776","0","0","0","0","0","0.643450691564095","0","0","0","0","0","1.89190584693684","0","0","0","0","0","0","0","0","0","1.87090168806323","1.41366137119697","0","0","0","0","0","0"
"SHANK1__L5-eNeuron","0","0","0","0","0","0","0","0","0","0","0","0","0","0","0","0","0","0","0","0","0","0","0","0","0","0","0","0","0","0","0","0","0","0","0","0","0","0","0","0","0","0","0","0","0","0","0","0","0","0","0","0","0","0","0","0","0","0","0","0","0","0","0","0","0","0","0","0","0","0","0","0","0","0","0","0","0","0","0","0","0","0","0","0","0","0","0","0","0","0","0","0","0","0","0","0","0","0","0","0","0","0","0","0","0","0","0","0","0","0","0","0","0","0","0","0","0","0","0","0","0","0","0","0","0","0","0","0","0","0","0","0","0","0","3.55334290602398","0","0","2.70774865367233","0","0","0","0","0","0","0","0","0","0","0","0","0","0","0","0","0","0","0","0","0","0","0","0","0","0","0","0","0","0","0","0","0","0","0","0","0","0","0","0","0","0","0","0","0","0","0","0","0","0","0","0","0","0","0","0","0","0","0","0","0","0","0","0","0","0","0","0","0","0","0","0","0","0","0","0","0","0","0","0","0","0","0","0","0","0","0","0","0","3.41813255417282","4.57800809918255","3.85328857313924","3.68789664113343","3.16651033702955","0","3.74933396908788","3.31373325639781","4.1720959353638","0","0","0","0","0","3.5892344536251","3.79267744219221","2.47635764901394","0","0","0","0","0","2.89174794489444","3.61599026921984","3.29053839055907","0","0","0","2.11009860803379","0","2.57813903158027","2.80064321392711","3.38270258004804","0","3.1325413378967","2.80374628329133","0","0","0","0","0","0","3.42177524791072","0","3.86928770129353","0","3.22120032806169","0","0","0","3.41583221622093","0","3.45442733496782","3.20772561099045","0","0","3.93242357587103","3.49440465475504","3.4178979222074","0","0","0","0","0","2.57996528394479","3.99344214203237","0","0","3.30079446467811","0","0","4.22762588066719","3.72899908848336","3.31604990524139","0","0","4.36768750091063","2.39263986371486","0","0","3.77719542834294","0","0","3.09480600809771","0","3.78536424868869","0","0","0","0","0","0","0","0","0","0","0","0","0","0","0","0","0","0","0","0","0","0","0","0","0","0","0","0","0","3.13955135239879","0","0","0","0","0","0","0","0","0","0","0","0","0","4.00678065657203","0","0","0","0","0","0","0","0","0","0","0","3.56513320708096","0","0","0","0","3.85178400982249","0","0","0","0","0","0","0","0","0","0","0","0","0","0","0","0","0","2.75692490873364","0","0","2.6401765933684","0","3.10164424924247","3.40543501064679","0","0","3.94225303435311","0","0","0","0","0","3.15548200076122","0","0","0","0","0","0","0","3.8225125398489","0","0","3.24393992086931","0","0","0","0","0","0","0","0","0","0","0","0","0","0","0","0","2.78229760055702","0","0","0","0","0","0","0","0","0","0","0","3.57961089835585","0","0","0","0","0","0","0","0","0","0","0","0","0","0","0","0","0","0","0","2.82490376203077","0","0","0","0","0","0","0","0","0","0","0","3.7020145696111","3.46663539938582","0","0","0","0","0","0","0","0","0","0","0","0","0","1.99235157081857","0","0","0","0","0","2.95321507057062","0","0","0","0","0","3.77109408733885","0","0","0","0","0","0","0","0","0","3.92352249082145","3.75284832544737","0","0","0","0","0","0"
"CADM3__L5-eNeuron","0","0","0","0","0","0","0","0","0","0","0","0","0","0","0","0","0","0","0","0","0","0","0","0","0","0","0","0","0","0","0","0","0","0","0","0","0","0","0","0","0","0","0","0","0","0","0","0","0","0","0","0","0","0","0","0","0","0","0","0","0","0","0","0","0","0","0","0","0","0","0","0","0","0","0","0","0","0","0","0","0","0","0","0","0","0","0","0","0","0","0","0","0","0","0","0","0","0","0","0","0","0","0","0","0","0","0","0","0","0","0","0","0","0","0","0","0","0","0","0","0","0","0","0","0","0","0","0","0","0","0","0","0","0","2.58782897303489","0","0","2.11096725425824","0","0","0","0","0","0","0","0","0","0","0","0","0","0","0","0","0","0","0","0","0","0","0","0","0","0","0","0","0","0","0","0","0","0","0","0","0","0","0","0","0","0","0","0","0","0","0","0","0","0","0","0","0","0","0","0","0","0","0","0","0","0","0","0","0","0","0","0","0","0","0","0","0","0","0","0","0","0","0","0","0","0","0","0","0","0","0","0","0","1.05423683565765","1.43036807587127","2.72364181511554","2.31106374233254","1.87167590302446","0","3.08217113080276","3.16183161811251","1.46541283841779","0","0","0","0","0","1.76512750257653","2.72802982891089","1.71477463421347","0","0","0","0","0","1.33855223826655","2.19629427297083","2.17437740581709","0","0","0","2.11009860803379","0","2.93147858028237","1.21792142039839","2.18153061169842","0","1.44711296544758","1.50628361684171","0","0","0","0","0","0","2.64689024986436","0","2.4212926635816","0","2.71158659333249","0","0","0","2.38729030370169","0","2.5079107635039","2.69880061665668","0","0","2.0013535841877","2.30741893156115","2.79084384901505","0","0","0","0","0","2.11086501706946","3.33946837498048","0","0","3.08616168753991","0","0","1.85120545658153","2.34671205651342","2.54207454502934","0","0","1.58714587296154","3.40124003114054","0","0","2.73314879221716","0","0","2.46624199544108","0","2.28546672616349","0","0","0","0","0","0","0","0","0","0","0","0","0","0","0","0","0","0","0","0","0","0","0","0","0","0","0","0","0","2.94418913703149","0","0","0","0","0","0","0","0","0","0","0","0","0","3.18863997659542","0","0","0","0","0","0","0","0","0","0","0","2.68214546857237","0","0","0","0","1.08394233058248","0","0","0","0","0","0","0","0","0","0","0","0","0","0","0","0","0","2.90293828893699","0","0","3.11713816611664","0","3.10164424924247","1.83143471949769","0","0","2.31969931150239","0","0","0","0","0","0","0","0","0","0","0","0","0","2.32236787390034","0","0","1.93530614932418","0","0","0","0","0","0","0","0","0","0","0","0","0","0","0","0","0","0","0","0","0","0","0","0","0","0","0","0","0","0","0","0","0","0","0","0","0","0","0","0","0","0","0","0","0","0","0","0","1.74012509762475","0","0","0","0","0","0","0","0","0","0","0","2.42459952526689","3.03248671659635","0","0","0","0","0","0","0","0","0","0","0","0","0","1.13194505432223","0","0","0","0","0","2.72696390821068","0","0","0","0","0","2.68313574641616","0","0","0","0","0","0","0","0","0","1.47079231612238","1.41366137119697","0","0","0","0","0","0"
"ICAM5__L5-eNeuron","0","0","0","0","0","0","0","0","0","0","0","0","0","0","0","0","0","0","0","0","0","0","0","0","0","0","0","0","0","0","0","0","0","0","0","0","0","0","0","0","0","0","0","0","0","0","0","0","0","0","0","0","0","0","0","0","0","0","0","0","0","0","0","0","0","0","0","0","0","0","0","0","0","0","0","0","0","0","0","0","0","0","0","0","0","0","0","0","0","0","0","0","0","0","0","0","0","0","0","0","0","0","0","0","0","0","0","0","0","0","0","0","0","0","0","0","0","0","0","0","0","0","0","0","0","0","0","0","0","0","0","0","0","0","2.58782897303489","0","0","2.93350019534796","0","0","0","0","0","0","0","0","0","0","0","0","0","0","0","0","0","0","0","0","0","0","0","0","0","0","0","0","0","0","0","0","0","0","0","0","0","0","0","0","0","0","0","0","0","0","0","0","0","0","0","0","0","0","0","0","0","0","0","0","0","0","0","0","0","0","0","0","0","0","0","0","0","0","0","0","0","0","0","0","0","0","0","0","0","0","0","0","0","1.05423683565765","2.79348837339389","1.08479647341909","1.37016170048394","1.22019820792354","0","2.57996528394479","2.31464609608982","1.97662318563631","0","0","0","0","0","0","2.07538637921565","2.145247176602","0","0","0","0","0","1.90771877455789","1.34231245596429","2.3083456935039","0","0","0","0","0","1.80150821233103","2.31566480669238","1.9807400026576","0","0","2.36225652821407","0","0","0","0","0","0","2.21528244443115","0","1.66823432076789","0","2.23274594106306","0","0","0","2.00815340026828","0","2.64937461451694","2.14824660569825","0","0","1.70168922554422","2.52104080899586","1.05410264166645","0","0","0","0","0","2.11086501706946","0","0","0","1.89704146355466","0","0","1.3588514944484","2.09400270548934","2.3603865435157","0","0","1.92841242735322","2.39263986371486","0","0","1.27038729817705","0","0","0","0","1.5546423792164","0","0","0","0","0","0","0","0","0","0","0","0","0","0","0","0","0","0","0","0","0","0","0","0","0","0","0","0","0","2.59031971089066","0","0","0","0","0","0","0","0","0","0","0","0","0","1.73087413775132","0","0","0","0","0","0","0","0","0","0","0","2.26082885669785","0","0","0","0","1.69583424280838","0","0","0","0","0","0","0","0","0","0","0","0","0","0","0","0","0","2.20154354031312","0","0","1.78348620560025","0","2.90699479517094","2.88699303215626","0","0","2.4306893176356","0","0","0","0","0","1.86266289488606","0","0","0","0","0","0","0","2.14726698301476","0","0","2.60508346952175","0","0","0","0","0","0","0","0","0","0","0","0","0","0","0","0","0","0","0","0","0","0","0","0","0","0","0","0","3.05375653236542","0","0","0","0","0","0","0","0","0","0","0","0","0","0","0","0","0","0","0","1.52231345646889","0","0","0","0","0","0","0","0","0","0","0","2.42459952526689","1.95340503836244","0","0","0","0","0","0","0","0","0","0","0","0","0","0","0","0","0","0","0","0.643450691564095","0","0","0","0","0","0.928844464761243","0","0","0","0","0","0","0","0","0","2.4407799778351","1.41366137119697","0","0","0","0","0","0"
"GLG1__L5-eNeuron","0","0","0","0","0","0","0","0","0","0","0","0","0","0","0","0","0","0","0","0","0","0","0","0","0","0","0","0","0","0","0","0","0","0","0","0","0","0","0","0","0","0","0","0","0","0","0","0","0","0","0","0","0","0","0","0","0","0","0","0","0","0","0","0","0","0","0","0","0","0","0","0","0","0","0","0","0","0","0","0","0","0","0","0","0","0","0","0","0","0","0","0","0","0","0","0","0","0","0","0","0","0","0","0","0","0","0","0","0","0","0","0","0","0","0","0","0","0","0","0","0","0","0","0","0","0","0","0","0","0","0","0","0","0","2.19533256249603","0","0","1.68401323277009","0","0","0","0","0","0","0","0","0","0","0","0","0","0","0","0","0","0","0","0","0","0","0","0","0","0","0","0","0","0","0","0","0","0","0","0","0","0","0","0","0","0","0","0","0","0","0","0","0","0","0","0","0","0","0","0","0","0","0","0","0","0","0","0","0","0","0","0","0","0","0","0","0","0","0","0","0","0","0","0","0","0","0","0","0","0","0","0","0","1.05423683565765","0.885634758290521","2.12539609486081","1.13010489329797","2.31885526083774","0","2.57996528394479","1.57889672374455","1.46541283841779","0","0","0","0","0","1.95562841356235","1.77016495640602","1.09843762761007","0","0","0","0","0","1.50323111133295","1.83158957458684","1.46307551632414","0","0","0","1.41066890776489","0","2.10917977782834","1.21792142039839","1.30654072164332","0","0.897867214963046","0.941396746082112","0","0","0","0","0","0","1.93885338388371","0","1.66823432076789","0","1.91655618752345","0","0","0","1.7732098082759","0","1.46361418049911","1.24680622416683","0","0","2.64537211875555","1.36736370310013","2.40754447928858","0","0","0","0","0","0","2.11009860803379","0","0","1.24015747796675","0","0","1.85120545658153","2.56168393363774","2.15247529744373","0","0","1.58714587296154","1.64412704500359","0","0","1.64080355646312","0","0","2.3285874787331","0","0.827854458562362","0","0","0","0","0","0","0","0","0","0","0","0","0","0","0","0","0","0","0","0","0","0","0","0","0","0","0","0","0","2.29462074889163","0","0","0","0","0","0","0","0","0","0","0","0","0","1.11079376626929","0","0","0","0","0","0","0","0","0","0","0","2.08775402079824","0","0","0","0","1.69583424280838","0","0","0","0","0","0","0","0","0","0","0","0","0","0","0","0","0","1.65984567087825","0","0","1.45664490776264","0","2.08755478243132","1.83143471949769","0","0","1.92394671699387","0","0","0","0","0","1.86266289488606","0","0","0","0","0","0","0","2.7477017750828","0","0","1.43015447307838","0","0","0","0","0","0","0","0","0","0","0","0","0","0","0","0","1.30443377197665","0","0","0","0","0","0","0","0","0","0","0","2.21780655006598","0","0","0","0","0","0","0","0","0","0","0","0","0","0","0","0","0","0","0","1.74012509762475","0","0","0","0","0","0","0","0","0","0","0","1.06502068208253","1.95340503836244","0","0","0","0","0","0","0","0","0","0","0","0","0","1.47887351639776","0","0","0","0","0","1.69965981270311","0","0","0","0","0","1.89190584693684","0","0","0","0","0","0","0","0","0","1.47079231612238","1.41366137119697","0","0","0","0","0","0"
"YARS__L5-eNeuron","0","0","0","0","0","0","0","0","0","0","0","0","0","0","0","0","0","0","0","0","0","0","0","0","0","0","0","0","0","0","0","0","0","0","0","0","0","0","0","0","0","0","0","0","0","0","0","0","0","0","0","0","0","0","0","0","0","0","0","0","0","0","0","0","0","0","0","0","0","0","0","0","0","0","0","0","0","0","0","0","0","0","0","0","0","0","0","0","0","0","0","0","0","0","0","0","0","0","0","0","0","0","0","0","0","0","0","0","0","0","0","0","0","0","0","0","0","0","0","0","0","0","0","0","0","0","0","0","0","0","0","0","0","0","0.779041526739946","0","0","0","0","0","0","0","0","0","0","0","0","0","0","0","0","0","0","0","0","0","0","0","0","0","0","0","0","0","0","0","0","0","0","0","0","0","0","0","0","0","0","0","0","0","0","0","0","0","0","0","0","0","0","0","0","0","0","0","0","0","0","0","0","0","0","0","0","0","0","0","0","0","0","0","0","0","0","0","0","0","0","0","0","0","0","0","0","0","0","0","0","1.65683444560443","0","1.08479647341909","1.37016170048394","1.22019820792354","0","1.16659544759685","0","1.97662318563631","0","0","0","0","0","0.970571089228786","1.38254904642007","1.09843762761007","0","0","0","0","0","1.33855223826655","1.01700690607062","0.909563686799592","0","0","0","0","0","1.80150821233103","1.21792142039839","0.913865158942435","0","1.84395493261375","1.25131301702247","0","0","0","0","0","0","1.14702979120788","0","1.66823432076789","0","1.5110321593047","0","0","0","1.49241827334036","0","1.74156574606812","0","0","0","1.70168922554422","0.839954281522677","2.08041166607603","0","0","0","0","0","0","1.41066890776489","0","0","1.24015747796675","0","0","1.6259307700405","1.78742494961022","1.90947340088853","0","0","0.486362962769144","1.04459931738302","0","0","1.27038729817705","0","0","0","0","1.5546423792164","0","0","0","0","0","0","0","0","0","0","0","0","0","0","0","0","0","0","0","0","0","0","0","0","0","0","0","0","0","0.639728304152048","0","0","0","0","0","0","0","0","0","0","0","0","0","1.73087413775132","0","0","0","0","0","0","0","0","0","0","0","1.39255314408637","0","0","0","0","1.69583424280838","0","0","0","0","0","0","0","0","0","0","0","0","0","0","0","0","0","1.95597098740835","0","0","1.03338137016907","0","1.66304727616028","1.54556373985622","0","0","1.37679748018951","0","0","0","0","0","1.86266289488606","0","0","0","0","0","0","0","1.09982887445445","0","0","1.70472778966581","0","0","0","0","0","0","0","0","0","0","0","0","0","0","0","0","0","0","0","0","0","0","0","0","0","0","0","0","0","0","0","0","0","0","0","0","0","0","0","0","0","0","0","0","0","0","0","0","0.953270107690089","0","0","0","0","0","0","0","0","0","0","0","1.39960851765464","0","0","0","0","0","0","0","0","0","0","0","0","0","0","1.47887351639776","0","0","0","0","0","0.643450691564095","0","0","0","0","0","0","0","0","0","0","0","0","0","0","0","2.18379819519479","0.873468427690206","0","0","0","0","0","0"
"GAS6__L5-eNeuron","0","0","0","0","0","0","0","0","0","0","0","0","0","0","0","0","0","0","0","0","0","0","0","0","0","0","0","0","0","0","0","0","0","0","0","0","0","0","0","0","0","0","0","0","0","0","0","0","0","0","0","0","0","0","0","0","0","0","0","0","0","0","0","0","0","0","0","0","0","0","0","0","0","0","0","0","0","0","0","0","0","0","0","0","0","0","0","0","0","0","0","0","0","0","0","0","0","0","0","0","0","0","0","0","0","0","0","0","0","0","0","0","0","0","0","0","0","0","0","0","0","0","0","0","0","0","0","0","0","0","0","0","0","0","0.779041526739946","0","0","1.07491827141864","0","0","0","0","0","0","0","0","0","0","0","0","0","0","0","0","0","0","0","0","0","0","0","0","0","0","0","0","0","0","0","0","0","0","0","0","0","0","0","0","0","0","0","0","0","0","0","0","0","0","0","0","0","0","0","0","0","0","0","0","0","0","0","0","0","0","0","0","0","0","0","0","0","0","0","0","0","0","0","0","0","0","0","0","0","0","0","0","0","1.65683444560443","1.43036807587127","1.08479647341909","1.57591456470475","1.87167590302446","0","0","0.995453059887703","0","0","0","0","0","0","2.12388352364282","1.38254904642007","2.32028071241788","0","0","0","0","0","2.76767628426507","2.34904373752032","1.86212677788675","0","0","0","2.36359443568057","0","1.80150821233103","1.57974498400016","2.58732254548251","0","1.84395493261375","1.91117755999461","0","0","0","0","0","0","1.14702979120788","0","1.06290011726025","0","0","0","0","0","1.14343783530178","0","1.74156574606812","1.61340540441622","0","0","2.0013535841877","1.7527401364893","1.05410264166645","0","0","0","0","0","2.11086501706946","1.41066890776489","0","0","0.749424065330643","0","0","2.75224198824922","1.78742494961022","1.61708198138552","0","0","2.53876279867882","2.23871863970859","0","0","1.27038729817705","0","0","0.587740980620394","0","2.76825356644538","0","0","0","0","0","0","0","0","0","0","0","0","0","0","0","0","0","0","0","0","0","0","0","0","0","0","0","0","0","1.41905727073118","0","0","0","0","0","0","0","0","0","0","0","0","0","1.11079376626929","0","0","0","0","0","0","0","0","0","0","0","0","0","0","0","0","0","0","0","0","0","0","0","0","0","0","0","0","0","0","0","0","0","0","1.95597098740835","0","0","1.03338137016907","0","0","0.713455682718768","0","0","1.13598427227133","0","0","0","0","0","0","0","0","0","0","0","0","0","1.71658945813442","0","0","1.09074310080226","0","0","0","0","0","0","0","0","0","0","0","0","0","0","0","0","1.68023503206134","0","0","0","0","0","0","0","0","0","0","0","0","0","0","0","0","0","0","0","0","0","0","0","0","0","0","0","0","0","0","0","0.553978018787616","0","0","0","0","0","0","0","0","0","0","0","1.89936888508003","0","0","0","0","0","0","0","0","0","0","0","0","0","0","1.13194505432223","0","0","0","0","0","1.69965981270311","0","0","0","0","0","1.48928660314066","0","0","0","0","0","0","0","0","0","1.47079231612238","0","0","0","0","0","0","0"
"BAG6__L5-eNeuron","0","0","0","0","0","0","0","0","0","0","0","0","0","0","0","0","0","0","0","0","0","0","0","0","0","0","0","0","0","0","0","0","0","0","0","0","0","0","0","0","0","0","0","0","0","0","0","0","0","0","0","0","0","0","0","0","0","0","0","0","0","0","0","0","0","0","0","0","0","0","0","0","0","0","0","0","0","0","0","0","0","0","0","0","0","0","0","0","0","0","0","0","0","0","0","0","0","0","0","0","0","0","0","0","0","0","0","0","0","0","0","0","0","0","0","0","0","0","0","0","0","0","0","0","0","0","0","0","0","0","0","0","0","0","2.58782897303489","0","0","1.07491827141864","0","0","0","0","0","0","0","0","0","0","0","0","0","0","0","0","0","0","0","0","0","0","0","0","0","0","0","0","0","0","0","0","0","0","0","0","0","0","0","0","0","0","0","0","0","0","0","0","0","0","0","0","0","0","0","0","0","0","0","0","0","0","0","0","0","0","0","0","0","0","0","0","0","0","0","0","0","0","0","0","0","0","0","0","0","0","0","0","0","2.89912080126805","2.1343226036965","2.45530878860708","1.37016170048394","1.87167590302446","0","0","0.995453059887703","1.74354357432991","0","0","0","0","0","1.5455890223964","0.850913956187821","1.09843762761007","0","0","0","0","0","1.50323111133295","1.01700690607062","1.46307551632414","0","0","0","2.11009860803379","0","0.870751226980918","2.10945532839505","1.12352180408601","0","2.15485452649076","1.7228884562515","0","0","0","0","0","0","1.59659720120456","0","2.26661988037693","0","0.944910442000684","0","0","0","2.00815340026828","0","1.46361418049911","1.61340540441622","0","0","1.32301106381665","1.7527401364893","2.40754447928858","0","0","0","0","0","0","1.41066890776489","0","0","2.34673837187091","0","0","2.37095224019684","2.09400270548934","2.54207454502934","0","0","2.53876279867882","1.87065409297068","0","0","1.93528107014402","0","0","1.59051411974181","0","1.1127437593902","0","0","0","0","0","0","0","0","0","0","0","0","0","0","0","0","0","0","0","0","0","0","0","0","0","0","0","0","0","1.6924909650256","0","0","0","0","0","0","0","0","0","0","0","0","0","1.73087413775132","0","0","0","0","0","0","0","0","0","0","0","1.66322554455896","0","0","0","0","1.08394233058248","0","0","0","0","0","0","0","0","0","0","0","0","0","0","0","0","0","1.65984567087825","0","0","1.26048012656926","0","2.08755478243132","1.18868835854727","0","0","0.846759118672958","0","0","0","0","0","1.21312424937827","0","0","0","0","0","0","0","0.652276612750025","0","0","1.09074310080226","0","0","0","0","0","0","0","0","0","0","0","0","0","0","0","0","2.22486430183009","0","0","0","0","0","0","0","0","0","0","0","2.21780655006598","0","0","0","0","0","0","0","0","0","0","0","0","0","0","0","0","0","0","0","1.26566780565678","0","0","0","0","0","0","0","0","0","0","0","2.09646414606068","0","0","0","0","0","0","0","0","0","0","0","0","0","0","1.47887351639776","0","0","0","0","0","1.69965981270311","0","0","0","0","0","0.928844464761243","0","0","0","0","0","0","0","0","0","2.65883349721008","0.873468427690206","0","0","0","0","0","0"
"GRN__L5-eNeuron","0","0","0","0","0","0","0","0","0","0","0","0","0","0","0","0","0","0","0","0","0","0","0","0","0","0","0","0","0","0","0","0","0","0","0","0","0","0","0","0","0","0","0","0","0","0","0","0","0","0","0","0","0","0","0","0","0","0","0","0","0","0","0","0","0","0","0","0","0","0","0","0","0","0","0","0","0","0","0","0","0","0","0","0","0","0","0","0","0","0","0","0","0","0","0","0","0","0","0","0","0","0","0","0","0","0","0","0","0","0","0","0","0","0","0","0","0","0","0","0","0","0","0","0","0","0","0","0","0","0","0","0","0","0","2.40488751849766","0","0","1.68401323277009","0","0","0","0","0","0","0","0","0","0","0","0","0","0","0","0","0","0","0","0","0","0","0","0","0","0","0","0","0","0","0","0","0","0","0","0","0","0","0","0","0","0","0","0","0","0","0","0","0","0","0","0","0","0","0","0","0","0","0","0","0","0","0","0","0","0","0","0","0","0","0","0","0","0","0","0","0","0","0","0","0","0","0","0","0","0","0","0","0","1.65683444560443","1.43036807587127","1.69695193703081","0.481556086538088","1.87167590302446","0","1.16659544759685","2.31464609608982","0","0","0","0","0","0","1.76512750257653","1.38254904642007","0.651328119553746","0","0","0","0","0","1.15262427222307","1.34231245596429","0.909563686799592","0","0","0","1.41066890776489","0","0","1.86877634449648","1.30654072164332","0","1.84395493261375","0.546159346736355","0","0","0","0","0","0","1.77785092774752","0","1.39708572032375","0","0","0","0","0","1.14343783530178","0","0.665387973615777","2.14824660569825","0","0","1.32301106381665","0.839954281522677","2.08041166607603","0","0","0","0","0","2.11086501706946","0","0","0","1.24015747796675","0","0","1.3588514944484","1.39761388206955","0.756322964800095","0","0","0.486362962769144","1.87065409297068","0","0","1.93528107014402","0","0","1.32692551236061","0","2.03568527040126","0","0","0","0","0","0","0","0","0","0","0","0","0","0","0","0","0","0","0","0","0","0","0","0","0","0","0","0","0","1.41905727073118","0","0","0","0","0","0","0","0","0","0","0","0","0","2.76515744895911","0","0","0","0","0","0","0","0","0","0","0","1.66322554455896","0","0","0","0","0","0","0","0","0","0","0","0","0","0","0","0","0","0","0","0","0","0","0.78236025447494","0","0","1.03338137016907","0","0","1.18868835854727","0","0","0.846759118672958","0","0","0","0","0","1.21312424937827","0","0","0","0","0","0","0","0.652276612750025","0","0","0.646087577515351","0","0","0","0","0","0","0","0","0","0","0","0","0","0","0","0","1.68023503206134","0","0","0","0","0","0","0","0","0","0","0","0","0","0","0","0","0","0","0","0","0","0","0","0","0","0","0","0","0","0","0","1.52231345646889","0","0","0","0","0","0","0","0","0","0","0","0.628633574714146","1.95340503836244","0","0","0","0","0","0","0","0","0","0","0","0","0","1.47887351639776","0","0","0","0","0","1.69965981270311","0","0","0","0","0","1.48928660314066","0","0","0","0","0","0","0","0","0","1.47079231612238","1.41366137119697","0","0","0","0","0","0"
"SEMA7A__L5-eNeuron","0","0","0","0","0","0","0","0","0","0","0","0","0","0","0","0","0","0","0","0","0","0","0","0","0","0","0","0","0","0","0","0","0","0","0","0","0","0","0","0","0","0","0","0","0","0","0","0","0","0","0","0","0","0","0","0","0","0","0","0","0","0","0","0","0","0","0","0","0","0","0","0","0","0","0","0","0","0","0","0","0","0","0","0","0","0","0","0","0","0","0","0","0","0","0","0","0","0","0","0","0","0","0","0","0","0","0","0","0","0","0","0","0","0","0","0","0","0","0","0","0","0","0","0","0","0","0","0","0","0","0","0","0","0","1.28213190246646","0","0","0","0","0","0","0","0","0","0","0","0","0","0","0","0","0","0","0","0","0","0","0","0","0","0","0","0","0","0","0","0","0","0","0","0","0","0","0","0","0","0","0","0","0","0","0","0","0","0","0","0","0","0","0","0","0","0","0","0","0","0","0","0","0","0","0","0","0","0","0","0","0","0","0","0","0","0","0","0","0","0","0","0","0","0","0","0","0","0","0","0","2.40775454494265","0.885634758290521","0","1.37016170048394","0.735429995254981","0","1.16659544759685","2.31464609608982","2.65174617453131","0","0","0","0","0","1.5455890223964","1.38254904642007","1.43927218263793","0","0","0","0","0","1.78507277986327","0.59632268465258","1.6763546467007","0","0","0","1.8023611647667","0","1.40992292537743","1.21792142039839","1.74741483560044","0","2.15485452649076","1.91117755999461","0","0","0","0","0","0","1.14702979120788","0","0.627199129664848","0","1.5110321593047","0","0","0","2.00815340026828","0","0.665387973615777","1.24680622416683","0","0","2.0013535841877","0","1.05410264166645","0","0","0","0","0","1.41129121038878","2.57913476743103","0","0","1.24015747796675","0","0","1.6259307700405","1.39761388206955","0.756322964800095","0","0","1.58714587296154","1.04459931738302","0","0","1.27038729817705","0","0","1.00416571577361","0","2.03568527040126","0","0","0","0","0","0","0","0","0","0","0","0","0","0","0","0","0","0","0","0","0","0","0","0","0","0","0","0","0","1.41905727073118","0","0","0","0","0","0","0","0","0","0","0","0","0","1.73087413775132","0","0","0","0","0","0","0","0","0","0","0","1.05909169754004","0","0","0","0","1.69583424280838","0","0","0","0","0","0","0","0","0","0","0","0","0","0","0","0","0","0.78236025447494","0","0","2.04978680891547","0","1.66304727616028","1.18868835854727","0","0","2.06826675516186","0","0","0","0","0","0","0","0","0","0","0","0","0","1.09982887445445","0","0","1.43015447307838","0","0","0","0","0","0","0","0","0","0","0","0","0","0","0","0","1.68023503206134","0","0","0","0","0","0","0","0","0","0","0","0","0","0","0","0","0","0","0","0","0","0","0","0","0","0","0","0","0","0","0","0.953270107690089","0","0","0","0","0","0","0","0","0","0","0","0.628633574714146","1.28477329443273","0","0","0","0","0","0","0","0","0","0","0","0","0","0.674252759022089","0","0","0","0","0","1.08686648090803","0","0","0","0","0","1.89190584693684","0","0","0","0","0","0","0","0","0","2.65883349721008","1.41366137119697","0","0","0","0","0","0"
"NLGN2__L5-eNeuron","0","0","0","0","0","0","0","0","0","0","0","0","0","0","0","0","0","0","0","0","0","0","0","0","0","0","0","0","0","0","0","0","0","0","0","0","0","0","0","0","0","0","0","0","0","0","0","0","0","0","0","0","0","0","0","0","0","0","0","0","0","0","0","0","0","0","0","0","0","0","0","0","0","0","0","0","0","0","0","0","0","0","0","0","0","0","0","0","0","0","0","0","0","0","0","0","0","0","0","0","0","0","0","0","0","0","0","0","0","0","0","0","0","0","0","0","0","0","0","0","0","0","0","0","0","0","0","0","0","0","0","0","0","0","1.28213190246646","0","0","0","0","0","0","0","0","0","0","0","0","0","0","0","0","0","0","0","0","0","0","0","0","0","0","0","0","0","0","0","0","0","0","0","0","0","0","0","0","0","0","0","0","0","0","0","0","0","0","0","0","0","0","0","0","0","0","0","0","0","0","0","0","0","0","0","0","0","0","0","0","0","0","0","0","0","0","0","0","0","0","0","0","0","0","0","0","0","0","0","0","1.65683444560443","1.43036807587127","1.08479647341909","2.19100656224599","1.58240226040259","0","0","0.995453059887703","1.12053986202582","0","0","0","0","0","1.76512750257653","0.850913956187821","1.94600729049834","0","0","0","0","0","1.50323111133295","1.83158957458684","1.21270377184709","0","0","0","1.41066890776489","0","0","1.57974498400016","1.46893405023394","0","1.84395493261375","1.7228884562515","0","0","0","0","0","0","1.77785092774752","0","1.39708572032375","0","1.5110321593047","0","0","0","1.7732098082759","0","0.665387973615777","0.75409853761067","0","0","0","1.36736370310013","1.65665769149671","0","0","0","0","0","2.11086501706946","1.41066890776489","0","0","1.60566724805888","0","0","1.3588514944484","1.39761388206955","0","0","0","2.07288434088694","1.64412704500359","0","0","1.64080355646312","0","0","1.8133022690244","0","1.89245032061056","0","0","0","0","0","0","0","0","0","0","0","0","0","0","0","0","0","0","0","0","0","0","0","0","0","0","0","0","0","2.12042304002474","0","0","0","0","0","0","0","0","0","0","0","0","0","1.11079376626929","0","0","0","0","0","0","0","0","0","0","0","1.66322554455896","0","0","0","0","2.45398720231182","0","0","0","0","0","0","0","0","0","0","0","0","0","0","0","0","0","0.78236025447494","0","0","1.03338137016907","0","1.05895620969412","2.27451880301846","0","0","1.76356835157076","0","0","0","0","0","0","0","0","0","0","0","0","0","0.652276612750025","0","0","1.43015447307838","0","0","0","0","0","0","0","0","0","0","0","0","0","0","0","0","0.794880661358197","0","0","0","0","0","0","0","0","0","0","0","3.05375653236542","0","0","0","0","0","0","0","0","0","0","0","0","0","0","0","0","0","0","0","0","0","0","0","0","0","0","0","0","0","0","0","1.671021452135","1.28477329443273","0","0","0","0","0","0","0","0","0","0","0","0","0","1.13194505432223","0","0","0","0","0","1.08686648090803","0","0","0","0","0","1.48928660314066","0","0","0","0","0","0","0","0","0","2.18379819519479","1.41366137119697","0","0","0","0","0","0"
"RGMB__L5-eNeuron","0","0","0","0","0","0","0","0","0","0","0","0","0","0","0","0","0","0","0","0","0","0","0","0","0","0","0","0","0","0","0","0","0","0","0","0","0","0","0","0","0","0","0","0","0","0","0","0","0","0","0","0","0","0","0","0","0","0","0","0","0","0","0","0","0","0","0","0","0","0","0","0","0","0","0","0","0","0","0","0","0","0","0","0","0","0","0","0","0","0","0","0","0","0","0","0","0","0","0","0","0","0","0","0","0","0","0","0","0","0","0","0","0","0","0","0","0","0","0","0","0","0","0","0","0","0","0","0","0","0","0","0","0","0","0.779041526739946","0","0","1.07491827141864","0","0","0","0","0","0","0","0","0","0","0","0","0","0","0","0","0","0","0","0","0","0","0","0","0","0","0","0","0","0","0","0","0","0","0","0","0","0","0","0","0","0","0","0","0","0","0","0","0","0","0","0","0","0","0","0","0","0","0","0","0","0","0","0","0","0","0","0","0","0","0","0","0","0","0","0","0","0","0","0","0","0","0","0","0","0","0","0","0","1.05423683565765","2.1343226036965","1.69695193703081","1.13010489329797","0.735429995254981","0","0","0.995453059887703","1.46541283841779","0","0","0","0","0","2.27454931093683","2.07538637921565","2.61718578193403","0","0","0","0","0","2.40084593492014","1.01700690607062","1.46307551632414","0","0","0","0.871293272963674","0","1.40992292537743","1.86877634449648","1.86878920884379","0","1.84395493261375","1.7228884562515","0","0","0","0","0","0","1.14702979120788","0","0","0","0","0","0","0","2.38729030370169","0","1.11901709695108","0.75409853761067","0","0","0.808128554236777","0","1.38661198825321","0","0","0","0","0","0","2.57913476743103","0","0","1.60566724805888","0","0","1.03083475155407","1.78742494961022","1.90947340088853","0","0","2.53876279867882","1.87065409297068","0","0","0.770728910728296","0","0","1.8133022690244","0","2.49831765822051","0","0","0","0","0","0","0","0","0","0","0","0","0","0","0","0","0","0","0","0","0","0","0","0","0","0","0","0","0","1.6924909650256","0","0","0","0","0","0","0","0","0","0","0","0","0","0","0","0","0","0","0","0","0","0","0","0","0","1.39255314408637","0","0","0","0","0","0","0","0","0","0","0","0","0","0","0","0","0","0","0","0","0","0","0","0","0","1.03338137016907","0","1.05895620969412","0","0","0","1.13598427227133","0","0","0","0","0","0","0","0","0","0","0","0","0","0.652276612750025","0","0","1.09074310080226","0","0","0","0","0","0","0","0","0","0","0","0","0","0","0","0","0.794880661358197","0","0","0","0","0","0","0","0","0","0","0","0","0","0","0","0","0","0","0","0","0","0","0","0","0","0","0","0","0","0","0","1.92932502015423","0","0","0","0","0","0","0","0","0","0","0","0.628633574714146","0","0","0","0","0","0","0","0","0","0","0","0","0","0","0","0","0","0","0","0","1.08686648090803","0","0","0","0","0","0","0","0","0","0","0","0","0","0","0","1.47079231612238","0.873468427690206","0","0","0","0","0","0"
"NTNG2__L5-eNeuron","0","0","0","0","0","0","0","0","0","0","0","0","0","0","0","0","0","0","0","0","0","0","0","0","0","0","0","0","0","0","0","0","0","0","0","0","0","0","0","0","0","0","0","0","0","0","0","0","0","0","0","0","0","0","0","0","0","0","0","0","0","0","0","0","0","0","0","0","0","0","0","0","0","0","0","0","0","0","0","0","0","0","0","0","0","0","0","0","0","0","0","0","0","0","0","0","0","0","0","0","0","0","0","0","0","0","0","0","0","0","0","0","0","0","0","0","0","0","0","0","0","0","0","0","0","0","0","0","0","0","0","0","0","0","1.65442241555219","0","0","0","0","0","0","0","0","0","0","0","0","0","0","0","0","0","0","0","0","0","0","0","0","0","0","0","0","0","0","0","0","0","0","0","0","0","0","0","0","0","0","0","0","0","0","0","0","0","0","0","0","0","0","0","0","0","0","0","0","0","0","0","0","0","0","0","0","0","0","0","0","0","0","0","0","0","0","0","0","0","0","0","0","0","0","0","0","0","0","0","0","1.05423683565765","1.43036807587127","1.69695193703081","2.06004418489445","0.735429995254981","0","1.16659544759685","0","1.12053986202582","0","0","0","0","0","0.56541007811925","0.850913956187821","0.651328119553746","0","0","0","0","0","0","1.01700690607062","0.52530583805049","0","0","0","0","0","2.57813903158027","0","0.372612808932356","0","0","1.25131301702247","0","0","0","0","0","0","1.59659720120456","0","2.4212926635816","0","0.944910442000684","0","0","0","1.14343783530178","0","0","0","0","0","2.24935230373705","2.30741893156115","2.54693598214663","0","0","0","0","0","0","1.8023611647667","0","0","2.13934110093078","0","0","0.605592052694677","1.78742494961022","1.61708198138552","0","0","0.486362962769144","1.37528418226204","0","0","1.64080355646312","0","0","2.00624407170854","0","0","0","0","0","0","0","0","0","0","0","0","0","0","0","0","0","0","0","0","0","0","0","0","0","0","0","0","0","0","0","2.12042304002474","0","0","0","0","0","0","0","0","0","0","0","0","0","1.11079376626929","0","0","0","0","0","0","0","0","0","0","0","2.08775402079824","0","0","0","0","2.12415026422606","0","0","0","0","0","0","0","0","0","0","0","0","0","0","0","0","0","2.20154354031312","0","0","2.04978680891547","0","2.08755478243132","0.713455682718768","0","0","2.06826675516186","0","0","0","0","0","0","0","0","0","0","0","0","0","2.7477017750828","0","0","1.43015447307838","0","0","0","0","0","0","0","0","0","0","0","0","0","0","0","0","1.30443377197665","0","0","0","0","0","0","0","0","0","0","0","0","0","0","0","0","0","0","0","0","0","0","0","0","0","0","0","0","0","0","0","1.52231345646889","0","0","0","0","0","0","0","0","0","0","0","0","0","0","0","0","0","0","0","0","0","0","0","0","0","0","1.13194505432223","0","0","0","0","0","1.42555741639533","0","0","0","0","0","1.48928660314066","0","0","0","0","0","0","0","0","0","0.91523051037356","0","0","0","0","0","0","0"
"LRRC4B__L5-eNeuron","0","0","0","0","0","0","0","0","0","0","0","0","0","0","0","0","0","0","0","0","0","0","0","0","0","0","0","0","0","0","0","0","0","0","0","0","0","0","0","0","0","0","0","0","0","0","0","0","0","0","0","0","0","0","0","0","0","0","0","0","0","0","0","0","0","0","0","0","0","0","0","0","0","0","0","0","0","0","0","0","0","0","0","0","0","0","0","0","0","0","0","0","0","0","0","0","0","0","0","0","0","0","0","0","0","0","0","0","0","0","0","0","0","0","0","0","0","0","0","0","0","0","0","0","0","0","0","0","0","0","0","0","0","0","2.58782897303489","0","0","2.11096725425824","0","0","0","0","0","0","0","0","0","0","0","0","0","0","0","0","0","0","0","0","0","0","0","0","0","0","0","0","0","0","0","0","0","0","0","0","0","0","0","0","0","0","0","0","0","0","0","0","0","0","0","0","0","0","0","0","0","0","0","0","0","0","0","0","0","0","0","0","0","0","0","0","0","0","0","0","0","0","0","0","0","0","0","0","0","0","0","0","0","2.08060931523574","2.38898485526256","2.12539609486081","1.75595280754666","2.11252269039739","0","1.16659544759685","1.57889672374455","2.78060742524384","0","0","0","0","0","2.41095775232855","3.70649162371405","1.94600729049834","0","0","0","0","0","1.90771877455789","2.02543576432276","2.43092391360965","0","0","0","2.57913476743103","0","1.80150821233103","2.10945532839505","2.35775938274176","0","1.84395493261375","1.91117755999461","0","0","0","0","0","0","1.38925467040783","0","2.09335080450467","0","2.71158659333249","0","0","0","2.68724124809869","0","2.5079107635039","2.69880061665668","0","0","1.32301106381665","2.70707281047354","1.65665769149671","0","0","0","0","0","2.93338457511995","1.8023611647667","0","0","2.83392114152923","0","0","2.50955081545593","1.78742494961022","2.15247529744373","0","0","2.32454774533826","2.53171087235247","0","0","2.73314879221716","0","0","2.70748236094992","0","2.3958140612443","0","0","0","0","0","0","0","0","0","0","0","0","0","0","0","0","0","0","0","0","0","0","0","0","0","0","0","0","0","2.29462074889163","0","0","0","0","0","0","0","0","0","0","0","0","0","1.11079376626929","0","0","0","0","0","0","0","0","0","0","0","2.26082885669785","0","0","0","0","2.72227018573038","0","0","0","0","0","0","0","0","0","0","0","0","0","0","0","0","0","1.95597098740835","0","0","1.45664490776264","0","1.05895620969412","2.27451880301846","0","0","1.92394671699387","0","0","0","0","0","2.64928578551002","0","0","0","0","0","0","0","2.14726698301476","0","0","1.70472778966581","0","0","0","0","0","0","0","0","0","0","0","0","0","0","0","0","1.97809874755702","0","0","0","0","0","0","0","0","0","0","0","3.05375653236542","0","0","0","0","0","0","0","0","0","0","0","0","0","0","0","0","0","0","0","1.26566780565678","0","0","0","0","0","0","0","0","0","0","0","1.671021452135","2.75397896773542","0","0","0","0","0","0","0","0","0","0","0","0","0","2.19365197001499","0","0","0","0","0","1.92990627605204","0","0","0","0","0","1.48928660314066","0","0","0","0","0","0","0","0","0","2.4407799778351","2.58312737142787","0","0","0","0","0","0"
"SLITRK1__L5-eNeuron","0","0","0","0","0","0","0","0","0","0","0","0","0","0","0","0","0","0","0","0","0","0","0","0","0","0","0","0","0","0","0","0","0","0","0","0","0","0","0","0","0","0","0","0","0","0","0","0","0","0","0","0","0","0","0","0","0","0","0","0","0","0","0","0","0","0","0","0","0","0","0","0","0","0","0","0","0","0","0","0","0","0","0","0","0","0","0","0","0","0","0","0","0","0","0","0","0","0","0","0","0","0","0","0","0","0","0","0","0","0","0","0","0","0","0","0","0","0","0","0","0","0","0","0","0","0","0","0","0","0","0","0","0","0","1.28213190246646","0","0","0","0","0","0","0","0","0","0","0","0","0","0","0","0","0","0","0","0","0","0","0","0","0","0","0","0","0","0","0","0","0","0","0","0","0","0","0","0","0","0","0","0","0","0","0","0","0","0","0","0","0","0","0","0","0","0","0","0","0","0","0","0","0","0","0","0","0","0","0","0","0","0","0","0","0","0","0","0","0","0","0","0","0","0","0","0","0","0","0","0","1.05423683565765","1.43036807587127","1.69695193703081","1.57591456470475","1.22019820792354","0","2.57996528394479","0.995453059887703","1.46541283841779","0","0","0","0","0","1.5455890223964","2.32717454501277","1.71477463421347","0","0","0","0","0","2.1255661138729","2.19629427297083","1.86212677788675","0","0","0","1.8023611647667","0","1.40992292537743","0.733837348980741","1.86878920884379","0","1.44711296544758","2.2269851105653","0","0","0","0","0","0","1.38925467040783","0","1.66823432076789","0","1.5110321593047","0","0","0","0.682154365113343","0","1.97451963216493","0.75409853761067","0","0","2.46090819298215","0","1.38661198825321","0","0","0","0","0","2.11086501706946","2.36359443568057","0","0","2.68906934923396","0","0","1.6259307700405","2.56168393363774","1.24996695436877","0","0","1.3805271610461","2.23871863970859","0","0","2.17972055363163","0","0","1.00416571577361","0","1.5546423792164","0","0","0","0","0","0","0","0","0","0","0","0","0","0","0","0","0","0","0","0","0","0","0","0","0","0","0","0","0","1.6924909650256","0","0","0","0","0","0","0","0","0","0","0","0","0","2.16315512615919","0","0","0","0","0","0","0","0","0","0","0","2.26082885669785","0","0","0","0","1.69583424280838","0","0","0","0","0","0","0","0","0","0","0","0","0","0","0","0","0","2.20154354031312","0","0","1.78348620560025","0","2.08755478243132","2.27451880301846","0","0","1.76356835157076","0","0","0","0","0","2.64928578551002","0","0","0","0","0","0","0","1.09982887445445","0","0","1.09074310080226","0","0","0","0","0","0","0","0","0","0","0","0","0","0","0","0","0.794880661358197","0","0","0","0","0","0","0","0","0","0","0","0","0","0","0","0","0","0","0","0","0","0","0","0","0","0","0","0","0","0","0","1.92932502015423","0","0","0","0","0","0","0","0","0","0","0","1.89936888508003","1.95340503836244","0","0","0","0","0","0","0","0","0","0","0","0","0","1.47887351639776","0","0","0","0","0","1.92990627605204","0","0","0","0","0","1.89190584693684","0","0","0","0","0","0","0","0","0","1.87090168806323","2.36745791454169","0","0","0","0","0","0"
"RPH3A__L5-eNeuron","0","0","0","0","0","0","0","0","0","0","0","0","0","0","0","0","0","0","0","0","0","0","0","0","0","0","0","0","0","0","0","0","0","0","0","0","0","0","0","0","0","0","0","0","0","0","0","0","0","0","0","0","0","0","0","0","0","0","0","0","0","0","0","0","0","0","0","0","0","0","0","0","0","0","0","0","0","0","0","0","0","0","0","0","0","0","0","0","0","0","0","0","0","0","0","0","0","0","0","0","0","0","0","0","0","0","0","0","0","0","0","0","0","0","0","0","0","0","0","0","0","0","0","0","0","0","0","0","0","0","0","0","0","0","2.40488751849766","0","0","2.70774865367233","0","0","0","0","0","0","0","0","0","0","0","0","0","0","0","0","0","0","0","0","0","0","0","0","0","0","0","0","0","0","0","0","0","0","0","0","0","0","0","0","0","0","0","0","0","0","0","0","0","0","0","0","0","0","0","0","0","0","0","0","0","0","0","0","0","0","0","0","0","0","0","0","0","0","0","0","0","0","0","0","0","0","0","0","0","0","0","0","0","3.09361694740348","2.9598848859717","3.14527534080325","2.31106374233254","2.65973026912313","0","2.24319374005872","2.57737628619767","2.65174617453131","0","0","0","0","0","2.85549243938353","2.89319627370276","1.71477463421347","0","0","0","0","0","1.65102352341913","2.48715764146288","2.17437740581709","0","0","0","2.36359443568057","0","0.870751226980918","1.86877634449648","2.43840789527758","0","1.44711296544758","3.1413160135817","0","0","0","0","0","0","2.21528244443115","0","2.68832236391871","0","2.4919420664534","0","0","0","2.38729030370169","0","2.35105245967561","2.35599290252342","0","0","2.64537211875555","2.056574395969","1.88403740255298","0","0","0","0","0","3.65744076480084","2.36359443568057","0","0","2.83392114152923","0","0","2.21760962071659","1.78742494961022","1.24996695436877","0","0","3.65836609331686","2.39263986371486","0","0","3.13215685930238","0","0","2.59189869291939","0","2.28546672616349","0","0","0","0","0","0","0","0","0","0","0","0","0","0","0","0","0","0","0","0","0","0","0","0","0","0","0","0","0","2.29462074889163","0","0","0","0","0","0","0","0","0","0","0","0","0","0","0","0","0","0","0","0","0","0","0","0","0","1.8910490243331","0","0","0","0","1.08394233058248","0","0","0","0","0","0","0","0","0","0","0","0","0","0","0","0","0","1.95597098740835","0","0","2.16651828980467","0","1.05895620969412","0.713455682718768","0","0","1.13598427227133","0","0","0","0","0","1.21312424937827","0","0","0","0","0","0","0","2.32236787390034","0","0","2.85082024812426","0","0","0","0","0","0","0","0","0","0","0","0","0","0","0","0","1.97809874755702","0","0","0","0","0","0","0","0","0","0","0","0","0","0","0","0","0","0","0","0","0","0","0","0","0","0","0","0","0","0","0","1.92932502015423","0","0","0","0","0","0","0","0","0","0","0","1.06502068208253","1.28477329443273","0","0","0","0","0","0","0","0","0","0","0","0","0","2.19365197001499","0","0","0","0","0","1.42555741639533","0","0","0","0","0","0.928844464761243","0","0","0","0","0","0","0","0","0","0.91523051037356","0.873468427690206","0","0","0","0","0","0"
"ADAM11__L6-eNeuron","0","0","0","0","0","0","0","0","0","0","0","0","0","0","0","0","0","0","0","0","0","0","0","0","0","0","0","0","0","0","0","0","0","0","0","0","0","0","0","0","0","0","0","0","0","0","0","0","0","0","0","0","0","0","0","0","0","0","0","0","0","0","0","0","0","0","0","0","0","0","0","0","0","0","0","0","0","0","0","0","0","0","0","0","0","0","0","0","0","0","0","0","0","0","0","0","0","0","0","0","0","0","0","0","0","0","0","0","0","0","0","0","0","0","0","0","0","0","0","0","0","0","0","0","0","0","0","0","0","0","0","0","0","0","0","0","0","0","0","0","0","0","0","0","0","0","0","0","0","0","0","0","0","0","0","0","0","0","0","0","0","0","0","0","0","0","0","0","0","0","0","0","0","0","0","0","0","0","0","0","0","0","0","0","0","0","0","0","0","0","0","0","0","0","0","0","0","0","0","0","0","0","0","0","0","0","0","0","0","0","0","0","0","0","0","0","0","0","0","0","0","0","0","0","0","0","0","0","0","0","0","0","2.09596126150675","0","0","0","0","1.33881901814132","1.41591472325645","0","0","0","0","0","0","0","0","0.89508699461117","0","0","0","0","0","0","1.49314480567051","0","0","0","0","0","0","0","0","0","0","0","0","0","0","0","0","0","1.14831266012037","0","0","1.70162670162061","0.947644230846228","0","0","0","0","0","0","0","0","0","1.33108440301854","0","2.41929258540192","0","1.73145885113182","0","0","0","0","0","0","0","0","0","0","0","0","0","0","0","0","0","0","0","0","1.42827773655716","0","0","0","0","2.24994660350708","0","0","1.64022707412213","0.965793451877066","0","1.62567646446057","1.08636606711327","1.55318931762565","0","0","0","1.29659686132546","0","0","0","1.41704430867308","0","2.33276093236137","0","0.880430865657869","0.97699900622018","0","0","0","2.31235794343659","0","0.804505647517932","0","1.74166451826574","0","2.43913049126628","1.53922124232405","0","0","1.26121379349379","1.6169144634975","0","1.30264855791609","2.83871909296694","0","0","0","0.969160819235741","0","0","1.40165019281711","2.39502190572467","0","1.80392727720248","0","0","0","1.61207303096073","0","0","0","0","1.43100929815821","1.23686122961532","1.67363813967984","0","1.25847939073469","0","0","0","1.21402631256198","1.76866396738503","0","2.25411723554815","1.59518679035316","0","0","1.88369151831372","1.26346937727993","0","0","0","0","0","0","0","0","2.25650876626852","0","2.54999770513605","1.66572575809154","0","1.95957635604281","1.16394614895289","0","0","1.08550933617653","0","0","0","0","2.45420734513562","0","0","1.95468704575193","0","0.831081461981321","1.32605349551267","1.06866672175585","0","0","0","0","0","0","0","0","0","0","0","0","0","0","0","0","0","1.66126691869563","0.86769270789587","1.82143222021814","0","0","1.22220925104058","0","0.519442015727231","0","0","0","0.759105416596786","0","0","0","0.704860812515114","1.6270903853743","0","0.805812207555703","0","0","0","0","0","0","0.872198229613347","1.37591265095271","0","0","0","0","0","0.865101403303047","0.887320937472938","0","0.96680111116517","0","2.34608070232575","2.14254340578144","2.08665875943596","0","0","0","0","1.65550980705519","0","0","0","0","0","1.13499121133293","0","0","2.06134887355808","1.75571810430568","0","0.920059483519071","0","0","0","1.5719365376049","0","2.08110363003623","0","2.28439336830439","0.831081461981321","0","0","0","1.37744713275193","0","0","1.40386242372217","0","0","1.32127922276588","1.85374782754206","0","0","1.34451513933231","1.6447355514536","1.12321519713812","2.16423866981538","1.34800293773385","0"
"DSCAM__L6-eNeuron","0","0","0","0","0","0","0","0","0","0","0","0","0","0","0","0","0","0","0","0","0","0","0","0","0","0","0","0","0","0","0","0","0","0","0","0","0","0","0","0","0","0","0","0","0","0","0","0","0","0","0","0","0","0","0","0","0","0","0","0","0","0","0","0","0","0","0","0","0","0","0","0","0","0","0","0","0","0","0","0","0","0","0","0","0","0","0","0","0","0","0","0","0","0","0","0","0","0","0","0","0","0","0","0","0","0","0","0","0","0","0","0","0","0","0","0","0","0","0","0","0","0","0","0","0","0","0","0","0","0","0","0","0","0","0","0","0","0","0","0","0","0","0","0","0","0","0","0","0","0","0","0","0","0","0","0","0","0","0","0","0","0","0","0","0","0","0","0","0","0","0","0","0","0","0","0","0","0","0","0","0","0","0","0","0","0","0","0","0","0","0","0","0","0","0","0","0","0","0","0","0","0","0","0","0","0","0","0","0","0","0","0","0","0","0","0","0","0","0","0","0","0","0","0","0","0","0","0","0","0","0","0","0","0","0","0","0","0","1.80835742021544","0","0","0","0","0","0","0","0","1.44331174212033","2.49916158072274","0","0","0","0","0","0.539783976173412","0","0","0","0","0","0","0","0","0","0","0","0","0","0","0","0","0","0.685511877826009","0","0","0","0","0","0","0","0","0","0","0","0","0","2.01143633388139","0","0.90289734074654","0","0","0","0","0","0","0","0","0","0","0","0","0","0","0","0","0","0","0","1.73087413775132","0","0","1.93310202791569","0","0","0","0","1.17134613713543","0","0","0","0","2.17580360569397","0","0","0.717985776872894","0","1.44044243613422","0","0.789306682346217","0","0","0","1.41704430867308","0","2.33276093236137","0","0.880430865657869","0","1.6228004573832","0","0","0","0","0.804505647517932","0","0","0","1.68328049553604","0.709695230044994","0","0","1.9236993156001","1.02403006936308","0","0.793610164443387","0","0","0","0","0","0","0","1.40165019281711","1.64612829599756","0","1.16725975952248","0","0","0","0","0","0","0","0","1.43100929815821","1.23686122961532","1.06701245748358","1.87183083341264","1.92024332114552","0","0.772207520000369","0","2.10420380749158","1.3812400411938","0","0","0","0","0","0","0","0","0","0","0","0","0","0","0","1.93875744636059","0","0","1.66572575809154","0","0","0","0","0","1.08550933617653","0","0","0","2.06980328338618","1.6960204114085","0","0","0.969950046213462","0","1.35503706050138","1.32605349551267","1.06866672175585","0","0","0","0","0","0","0","0","0","0","0","0","0","0","2.49808762000428","1.84650481625663","0","1.66126691869563","0.86769270789587","0.708036865980651","2.29349968656085","0","1.22220925104058","2.07068249528073","1.45080373876257","0","0","0","1.25391770921437","0","1.34305826165138","0","1.53105062312785","1.9203665050082","0","0.805812207555703","1.03799416498604","0","0","0","0","1.18156745820472","1.41191410546115","0","2.07244353493546","0","1.82340093365685","0","1.38565369249775","1.40214115023153","1.43267938767421","0","0.96680111116517","0","1.89644266620401","0.890524078892915","2.08665875943596","0","0","0","0","0.620667328400656","0","0","0","0","0","0.67634516039317","0","0","1.37121412314157","1.12992380932443","0","1.47735954590213","0","0","0","1.98533749080992","0","1.65727651369375","0","0.9766554801535","1.35503706050138","0","0","0","1.37744713275193","0","0","0.866350384949237","0","0.61967467655509","0","0.725605732001658","0","0","0.823524528655488","2.39336422116695","1.12321519713812","1.25877175966312","1.73048457386627","1.33770818581566"
"IGFBP4__L6-eNeuron","0","0","0","0","0","0","0","0","0","0","0","0","0","0","0","0","0","0","0","0","0","0","0","0","0","0","0","0","0","0","0","0","0","0","0","0","0","0","0","0","0","0","0","0","0","0","0","0","0","0","0","0","0","0","0","0","0","0","0","0","0","0","0","0","0","0","0","0","0","0","0","0","0","0","0","0","0","0","0","0","0","0","0","0","0","0","0","0","0","0","0","0","0","0","0","0","0","0","0","0","0","0","0","0","0","0","0","0","0","0","0","0","0","0","0","0","0","0","0","0","0","0","0","0","0","0","0","0","0","0","0","0","0","0","0","0","0","0","0","0","0","0","0","0","0","0","0","0","0","0","0","0","0","0","0","0","0","0","0","0","0","0","0","0","0","0","0","0","0","0","0","0","0","0","0","0","0","0","0","0","0","0","0","0","0","0","0","0","0","0","0","0","0","0","0","0","0","0","0","0","0","0","0","0","0","0","0","0","0","0","0","0","0","0","0","0","0","0","0","0","0","0","0","0","0","0","0","0","0","0","0","0","2.09596126150675","0","0","0","0","2.02108293438513","0.875107151884263","0","0","0","0","0","0","0","0","3.12722025475206","1.35116992082328","0","0","0","0","0","3.33272174090346","0","0","0","0","0","0","0","0","0","0","0","0","0","0","0","0","0","3.33971998936308","0","0","0","1.92073616505467","0","0","0","0","0","0","0","0","0","2.01143633388139","0","2.41929258540192","0","2.76587114506144","0","0","0","0","0","0","0","0","0","0","0","0","0","0","0","0","0","1.11079376626929","0","0","3.32481249737919","0","0","0","0","1.80918183952857","0","0","1.26989048951125","1.94838114939827","1.11954957031892","2.04572336176324","1.08636606711327","2.46314831036458","0","0.892989683785406","0","2.21450364789798","0","0","0","1.41704430867308","0","0","0","0.880430865657869","0","2.63210689434974","0","0","2.31235794343659","0","0.804505647517932","0","2.77831785383052","0","0","0","0","3.03816026929752","1.9236993156001","1.02403006936308","0","1.6781710969062","1.86289276660852","0","0","0","0","0","0","0","0","0","0","0","0","0","1.61207303096073","1.89309734709671","1.7328249004412","0","0","1.82559404034265","1.23686122961532","2.4277030767514","0","0","0","0.772207520000369","0","1.57519731160175","3.79070678993142","0","2.59149531885437","1.23116052694252","0.692441863425144","1.42251040106183","1.88369151831372","2.37911385649625","0","0","0","0","0","0","0","0","1.53065447887287","0","2.54999770513605","2.09054803314247","0","2.41527630755058","2.84869282809869","0","0","2.12643559921288","0","0","0","2.39626700862741","1.08408458994763","0","0","1.95468704575193","0","1.7385755987909","1.7051987500517","0","0","0","0","0","0","0","0","0","0","0","0","0","0","0","2.99531103578411","0","0","2.41302078998972","1.40571170700675","1.18088586039039","0","0","1.22220925104058","2.07068249528073","0.900568533537931","0","0","0","2.85438823151183","0","2.27566657641096","0","1.53105062312785","2.16397850245198","0","1.69794682026288","2.38224756416117","0","0","0","0","1.82230661085013","0","2.88387132577173","0","0","3.10725858918406","0","2.54564957669633","1.40214115023153","1.82749956126794","0","0.96680111116517","1.61107534104029","0","1.43706730516241","2.90597926901717","0","0","0","0","1.65550980705519","0","0","0","0","0","2.80340503583701","0","0","2.52623043753816","2.91391287291014","0","1.87836434820249","0","0","2.03111770826289","3.30431511637179","0","2.08110363003623","0","0.9766554801535","2.85442410072317","0","0","0","1.37744713275193","0","0","3.07166098512745","0","0.61967467655509","2.45854672064152","2.47901408862564","0","0","1.72647051845489","0","3.38219016511754","1.92061292695835","2.68023042991345","0"
"SEMA6B__L6-eNeuron","0","0","0","0","0","0","0","0","0","0","0","0","0","0","0","0","0","0","0","0","0","0","0","0","0","0","0","0","0","0","0","0","0","0","0","0","0","0","0","0","0","0","0","0","0","0","0","0","0","0","0","0","0","0","0","0","0","0","0","0","0","0","0","0","0","0","0","0","0","0","0","0","0","0","0","0","0","0","0","0","0","0","0","0","0","0","0","0","0","0","0","0","0","0","0","0","0","0","0","0","0","0","0","0","0","0","0","0","0","0","0","0","0","0","0","0","0","0","0","0","0","0","0","0","0","0","0","0","0","0","0","0","0","0","0","0","0","0","0","0","0","0","0","0","0","0","0","0","0","0","0","0","0","0","0","0","0","0","0","0","0","0","0","0","0","0","0","0","0","0","0","0","0","0","0","0","0","0","0","0","0","0","0","0","0","0","0","0","0","0","0","0","0","0","0","0","0","0","0","0","0","0","0","0","0","0","0","0","0","0","0","0","0","0","0","0","0","0","0","0","0","0","0","0","0","0","0","0","0","0","0","0","1.06467805763924","0","0","0","0","0.81944001273962","1.41591472325645","0","0","0","0","0","0","0","0.885728261521389","1.44331174212033","2.03646060266844","0","0","0","0","0","1.23955963356947","0","0","0","0","0","0","0","0","0","0","0","0","0","0","0","0","0","0.685511877826009","0","0","1.70162670162061","1.51472389928797","0","0","0","0","0","0","0","0","0","0","0","1.85177982460817","0","1.11124312812236","0","0","0","0","0","0","0","0","0","0","0","0","0","0","0","0","0","1.73087413775132","0","0","1.08916024692131","0","0","0","0","1.17134613713543","0","0","0","1.53917113262007","1.74225741474185","1.62567646446057","1.08636606711327","1.1952013317374","0","0.892989683785406","0","0","0","0","0","1.80964819076634","0","1.59399550454768","0","1.42322856619273","1.55421229050209","0","0","0","2.31235794343659","0","0","0","1.11909313202289","0","0","2.06256832078413","0","1.13907966561197","1.9236993156001","1.02403006936308","0","0","0","0","0","0","0","0","0","0","1.64612829599756","0","2.04075847648666","0","0","0","1.61207303096073","2.34240598587822","0","0","0","0.886102478136144","0","1.67363813967984","0","0","0","1.27247841861921","0","1.21402631256198","1.76866396738503","0","0","1.59518679035316","0","1.42251040106183","1.4820500084174","0.765841798643795","0","0","0","0","0","0","0","0","1.53065447887287","0","1.77743727882969","0","0","1.28968029985828","1.16394614895289","0","0","1.69788460202919","0","0","0","1.6471745680409","1.6960204114085","0","0","0.564998904050969","0","2.04126883101506","2.00515491019096","2.43027890823276","0","0","0","0","0","0","0","0","0","0","0","0","0","0","0","0","0","1.28804019917055","1.79669193899473","1.82143222021814","1.56131123265651","0","1.58474879978151","2.07068249528073","0.900568533537931","0","0","0","1.62167567352282","0","1.34305826165138","0","1.53105062312785","1.6270903853743","0","1.99729916606134","1.03799416498604","0","0","0","0","2.26444408776267","1.41191410546115","0","0","0","0","0","0","1.40214115023153","1.82749956126794","0","1.54052534773964","0","1.89644266620401","1.43706730516241","2.08665875943596","0","0","0","0","1.05323124938955","0","0","0","0","0","1.48246542679913","0","0","1.37121412314157","1.75571810430568","0","1.47735954590213","0","0","2.03111770826289","1.5719365376049","0","1.38717165294423","0","0","0.831081461981321","0","0","0","0","0","0","0","0","1.38382093559561","1.99918886423801","1.56597939735358","0","0","1.34451513933231","0","1.12321519713812","1.25877175966312","1.73048457386627","0.818644000412032"
"SHANK1__L6-eNeuron","0","0","0","0","0","0","0","0","0","0","0","0","0","0","0","0","0","0","0","0","0","0","0","0","0","0","0","0","0","0","0","0","0","0","0","0","0","0","0","0","0","0","0","0","0","0","0","0","0","0","0","0","0","0","0","0","0","0","0","0","0","0","0","0","0","0","0","0","0","0","0","0","0","0","0","0","0","0","0","0","0","0","0","0","0","0","0","0","0","0","0","0","0","0","0","0","0","0","0","0","0","0","0","0","0","0","0","0","0","0","0","0","0","0","0","0","0","0","0","0","0","0","0","0","0","0","0","0","0","0","0","0","0","0","0","0","0","0","0","0","0","0","0","0","0","0","0","0","0","0","0","0","0","0","0","0","0","0","0","0","0","0","0","0","0","0","0","0","0","0","0","0","0","0","0","0","0","0","0","0","0","0","0","0","0","0","0","0","0","0","0","0","0","0","0","0","0","0","0","0","0","0","0","0","0","0","0","0","0","0","0","0","0","0","0","0","0","0","0","0","0","0","0","0","0","0","0","0","0","0","0","0","3.92525317552295","0","0","0","0","4.43612609643249","2.58613201419978","0","0","0","0","0","0","0","3.58737245217743","4.18542577938025","3.90310608345946","0","0","0","0","0","3.77664463329661","0","0","0","0","0","0","0","0","0","0","0","0","0","0","0","0","0","3.65044033160237","0","0","3.32347098305811","4.18438604962717","0","0","0","0","0","0","0","0","0","3.33564085686622","0","3.51573869564732","0","2.16380509857216","0","0","0","0","0","0","0","0","0","0","0","0","0","0","0","0","0","4.66405792744394","0","0","3.61765305195951","0","0","0","0","2.86018560685632","0","0","2.87802819118766","3.25976008765405","2.17580360569397","3.64065277693636","2.95239149728212","3.41592882926329","0","3.49623800339488","0","2.60826660033344","0","0","0","3.84428811946625","0","3.71293194993384","0","2.59587362116397","3.12877732645124","2.36721599759255","0","0","3.68939158470331","0","2.94839993485685","0","1.74166451826574","0","2.43913049126628","3.30690676543567","0","3.23524204706386","4.15085847652619","1.02403006936308","0","3.18070061019446","3.29148698132323","0","0","0","2.53319143424762","0","0","3.20322944977545","3.78445715380188","4.00904892183127","3.6820730058557","0","0","0","2.84211865796636","3.56770023584279","3.90136702548035","0","0","3.24515551648907","2.9605599935569","4.21112479402974","3.30254692430993","2.71583578416659","0","3.62364416965664","0","3.61101343417419","3.03951532689426","0","2.86473855608107","4.15740509873978","2.83999268669436","3.79534628167664","3.03100969201381","3.97339076106156","0","0","0","0","0","0","0","0","2.73714728235244","0","3.57612909855309","3.69488321846203","0","3.47419865094054","3.07795540743704","0","0","3.31860556067538","0","0","0","3.25229221687963","3.46992097646078","0","0","3.80151384306043","0","3.66508306680742","2.46505424496924","3.28982744963898","0","0","0","0","0","0","0","0","0","0","0","0","0","0","4.2925935132083","2.63053532088746","0","2.75869637163848","2.10399073125754","3.47732445963846","2.77687431560284","0","3.2727310961473","3.60916247799556","2.2929603853435","0","0","0","2.54771780548271","0","3.24075223950277","0","2.25698780096204","2.71597771730177","0","3.61140200495484","3.38961321385038","0","0","0","0","4.41221877049942","3.99531236983597","2.88387132577173","3.78909674890661","0","4.23066539506933","0","3.79734774870222","3.32713325401862","0.887320937472938","0","3.39849001943301","3.73647143590109","3.72827248278988","2.80259568102611","3.80637847867624","0","0","0","0","3.74033217408521","0","0","0","0","0","2.80340503583701","0","0","2.52623043753816","3.39338525201217","0","3.02459387662432","0","3.21383650110574","3.12400290857926","3.44163962971938","0","3.85437297584932","0","2.54584243420778","2.85442410072317","0","0","0","2.72099811267815","0","0","2.57004308088542","0","2.67022547263783","3.61371655395375","3.03378285662921","0","0","4.16461992810719","3.98989626609748","3.80338289780375","4.25610119591045","3.89824274908952","3.63879347704611"
"CADM3__L6-eNeuron","0","0","0","0","0","0","0","0","0","0","0","0","0","0","0","0","0","0","0","0","0","0","0","0","0","0","0","0","0","0","0","0","0","0","0","0","0","0","0","0","0","0","0","0","0","0","0","0","0","0","0","0","0","0","0","0","0","0","0","0","0","0","0","0","0","0","0","0","0","0","0","0","0","0","0","0","0","0","0","0","0","0","0","0","0","0","0","0","0","0","0","0","0","0","0","0","0","0","0","0","0","0","0","0","0","0","0","0","0","0","0","0","0","0","0","0","0","0","0","0","0","0","0","0","0","0","0","0","0","0","0","0","0","0","0","0","0","0","0","0","0","0","0","0","0","0","0","0","0","0","0","0","0","0","0","0","0","0","0","0","0","0","0","0","0","0","0","0","0","0","0","0","0","0","0","0","0","0","0","0","0","0","0","0","0","0","0","0","0","0","0","0","0","0","0","0","0","0","0","0","0","0","0","0","0","0","0","0","0","0","0","0","0","0","0","0","0","0","0","0","0","0","0","0","0","0","0","0","0","0","0","0","1.67057121622999","0","0","0","0","0.81944001273962","2.37036561169738","0","0","0","0","0","0","0","3.24442600722181","1.83962348487864","2.49916158072274","0","0","0","0","0","1.23955963356947","0","0","0","0","0","0","0","0","0","0","0","0","0","0","0","0","0","2.69475821134054","0","0","2.46083431241063","2.37274127430493","0","0","0","0","0","0","0","0","0","2.01143633388139","0","1.85177982460817","0","1.73145885113182","0","0","0","0","0","0","0","0","0","0","0","0","0","0","0","0","0","2.63654334960716","0","0","1.42827773655716","0","0","0","0","2.04633168478171","0","0","1.93465433255303","0.965793451877066","2.50872400019671","2.85949348523705","1.69900530722411","2.76637366041295","0","2.14668184155679","0","2.21450364789798","0","0","0","2.11794674051674","0","1.59399550454768","0","2.78376572105052","2.54642122544365","1.02847109639296","0","0","2.31235794343659","0","2.45398720231182","0","2.50802690014506","0","0","2.60494159334615","0","1.76757413184696","1.9236993156001","2.03589665669077","0","2.22250578282952","2.17519994348299","0","0","0","2.27226393638834","0","0","2.09898281091112","1.64612829599756","2.86630393871912","3.08322750684277","0","0","0","3.20596033381851","1.89309734709671","2.76753828451681","0","0","2.13510984015109","2.68423714748632","1.06701245748358","1.4716097528306","1.92024332114552","0","2.7361824182984","0","2.65061901325635","2.32547403302901","0","2.59149531885437","1.88561930542748","2.83999268669436","2.12466915180206","2.45513247590979","1.92654883437903","0","0","0","0","0","0","0","0","2.92829274802187","0","3.57612909855309","2.41831529677692","0","1.95957635604281","3.07795540743704","0","0","3.96232868979186","0","0","0","2.88686001277101","2.72249866776917","0","0","2.12290614753698","0","2.04126883101506","2.00515491019096","1.67581056247683","0","0","0","0","0","0","0","0","0","0","0","0","0","0","0","1.20046626962519","0","1.28804019917055","2.10399073125754","2.60137271836702","2.29349968656085","0","1.58474879978151","2.07068249528073","1.45080373876257","0","0","0","2.15775655854966","0","0","0","1.81555477235792","0.762389653266178","0","0.805812207555703","1.03799416498604","0","0","0","0","2.26444408776267","1.80378477660568","1.37591265095271","1.38017101757248","0","0","0","2.07922669115058","1.40214115023153","2.60843740153565","0","1.94991071472643","1.61107534104029","1.2396854447301","2.39759686059473","0","0","0","0","0","2.07912801436645","0","0","0","0","0","1.76228268515863","0","0","1.75716096436671","1.75571810430568","0","2.44915631799966","0","1.40905368712984","2.03111770826289","1.98533749080992","0","1.05457247676583","0","1.55375177019182","1.35503706050138","0","0","0","2.06907127146133","0","0","1.40386242372217","0","0.61967467655509","1.32127922276588","1.85374782754206","0","0","1.34451513933231","2.39336422116695","0","0.762527127581105","0","0.818644000412032"
"ICAM5__L6-eNeuron","0","0","0","0","0","0","0","0","0","0","0","0","0","0","0","0","0","0","0","0","0","0","0","0","0","0","0","0","0","0","0","0","0","0","0","0","0","0","0","0","0","0","0","0","0","0","0","0","0","0","0","0","0","0","0","0","0","0","0","0","0","0","0","0","0","0","0","0","0","0","0","0","0","0","0","0","0","0","0","0","0","0","0","0","0","0","0","0","0","0","0","0","0","0","0","0","0","0","0","0","0","0","0","0","0","0","0","0","0","0","0","0","0","0","0","0","0","0","0","0","0","0","0","0","0","0","0","0","0","0","0","0","0","0","0","0","0","0","0","0","0","0","0","0","0","0","0","0","0","0","0","0","0","0","0","0","0","0","0","0","0","0","0","0","0","0","0","0","0","0","0","0","0","0","0","0","0","0","0","0","0","0","0","0","0","0","0","0","0","0","0","0","0","0","0","0","0","0","0","0","0","0","0","0","0","0","0","0","0","0","0","0","0","0","0","0","0","0","0","0","0","0","0","0","0","0","0","0","0","0","0","0","1.06467805763924","0","0","0","0","2.48241599339926","0","0","0","0","0","0","0","0","1.82500862922528","1.44331174212033","1.35116992082328","0","0","0","0","0","0.539783976173412","0","0","0","0","0","0","0","0","0","0","0","0","0","0","0","0","0","2.01484177428069","0","0","0","1.92073616505467","0","0","0","0","0","0","0","0","0","2.01143633388139","0","2.16326342287636","0","1.73145885113182","0","0","0","0","0","0","0","0","0","0","0","0","0","0","0","0","0","2.16315512615919","0","0","2.30633683877106","0","0","0","0","3.08971928565103","0","0","2.57046635908059","3.39662178264716","3.00661174838876","2.63567792679497","1.08636606711327","2.46314831036458","0","2.40193135023072","0","2.77102979416351","0","0","0","3.22525843809387","0","1.59399550454768","0","2.59587362116397","1.96535951655975","1.6228004573832","0","0","2.79709875298055","0","2.45398720231182","0","2.1751450847426","0","0","3.10860860256649","0","2.20389474538092","2.37599016317544","3.36489813385292","0","2.61679211477303","1.86289276660852","0","0","0","3.11463556961441","0","0","1.40165019281711","3.4039036411484","1.81425448107529","2.24413858968419","0","0","0","1.61207303096073","1.23704908598705","1.7328249004412","0","0","0.886102478136144","2.68423714748632","2.92039660447775","2.6599097155901","2.99316207290107","0","1.93791845695602","0","1.86381289799665","3.17386439526084","0","2.25411723554815","2.67586790513075","1.79246629620522","3.14443881483613","1.88369151831372","2.723098666866","0","0","0","0","0","0","0","0","2.92829274802187","0","1.77743727882969","2.91038664837959","0","1.95957635604281","2.23942381774605","0","0","2.12643559921288","0","0","0","2.06980328338618","2.45420734513562","0","0","2.12290614753698","0","2.04126883101506","2.96018093542797","1.67581056247683","0","0","0","0","0","0","0","0","0","0","0","0","0","0","1.73321564277013","1.20046626962519","0","0.783230778758174","1.40571170700675","2.44229545173815","2.77687431560284","0","2.11523063660289","2.88785805077686","0","0","0","0","1.62167567352282","0","1.34305826165138","0","2.25698780096204","2.16397850245198","0","1.69794682026288","1.63540223926831","0","0","0","0","0","2.36520235608142","0","1.38017101757248","0","0","0","1.38565369249775","1.79260679053317","1.43267938767421","0","1.54052534773964","0","0","1.83250456108269","1.39166653396064","0","0","0","0","2.07912801436645","0","0","0","0","0","1.13499121133293","0","0","0.842730195224954","1.75571810430568","0","1.47735954590213","0","1.40905368712984","2.03111770826289","0.990241570205761","0","0.62157254553022","0","0","0.831081461981321","0","0","0","0","0","0","1.7945763173363","0","1.38382093559561","0","0.725605732001658","0","0","1.72647051845489","0","2.18108880610643","1.62731686470054","1.34800293773385","0.818644000412032"
"NTRK3__L6-eNeuron","0","0","0","0","0","0","0","0","0","0","0","0","0","0","0","0","0","0","0","0","0","0","0","0","0","0","0","0","0","0","0","0","0","0","0","0","0","0","0","0","0","0","0","0","0","0","0","0","0","0","0","0","0","0","0","0","0","0","0","0","0","0","0","0","0","0","0","0","0","0","0","0","0","0","0","0","0","0","0","0","0","0","0","0","0","0","0","0","0","0","0","0","0","0","0","0","0","0","0","0","0","0","0","0","0","0","0","0","0","0","0","0","0","0","0","0","0","0","0","0","0","0","0","0","0","0","0","0","0","0","0","0","0","0","0","0","0","0","0","0","0","0","0","0","0","0","0","0","0","0","0","0","0","0","0","0","0","0","0","0","0","0","0","0","0","0","0","0","0","0","0","0","0","0","0","0","0","0","0","0","0","0","0","0","0","0","0","0","0","0","0","0","0","0","0","0","0","0","0","0","0","0","0","0","0","0","0","0","0","0","0","0","0","0","0","0","0","0","0","0","0","0","0","0","0","0","0","0","0","0","0","0","1.06467805763924","0","0","0","0","2.02108293438513","0","0","0","0","0","0","0","0","1.43049627064593","0.89508699461117","0","0","0","0","0","0","1.89628305968435","0","0","0","0","0","0","0","0","0","0","0","0","0","0","0","0","0","1.49815767318388","0","0","1.08837062234645","1.51472389928797","0","0","0","0","0","0","0","0","0","2.01143633388139","0","2.63666035373551","0","0","0","0","0","0","0","0","0","0","0","0","0","0","0","0","0","0","0","0.659762189335918","0","0","1.70265900095382","0","0","0","0","1.17134613713543","0","0","1.26989048951125","1.94838114939827","0","0","2.12768458250531","1.55318931762565","0","2.40193135023072","0","1.96826584701979","0","0","0","1.41704430867308","0","0","0","0.880430865657869","1.55421229050209","2.36721599759255","0","0","0","0","1.31793753304032","0","0","0","0","0.709695230044994","0","1.13907966561197","1.9236993156001","1.6169144634975","0","2.43307696717194","1.46374891375208","0","0","0","0.969160819235741","0","0","2.91993963443032","1.64612829599756","0","1.52043269076922","0","0","0","1.02038050885184","2.34240598587822","1.11229312375888","0","0","2.60621917927989","1.89285891026989","1.06701245748358","0.915831265555044","1.92024332114552","0","1.64322968309632","0","0.731114415992262","0","0","2.25411723554815","1.23116052694252","2.23146268832933","1.69629974959652","0","1.63277333135023","0","0","0","0","0","0","0","0","1.93875744636059","0","2.2148242499558","2.41831529677692","0","1.95957635604281","2.5759849046019","0","0","2.45641144937936","0","0","0","1.6471745680409","2.12435778353306","0","0","1.54475517599483","0","2.50439427720046","1.32605349551267","0","0","0","0","0","0","0","0","0","0","0","0","0","0","0","1.73321564277013","0","0","1.95751427751549","2.35718919937516","1.18088586039039","2.29349968656085","0","1.8742359880486","1.37874841692544","1.45080373876257","0","0","0","1.62167567352282","0","1.34305826165138","0","1.17630668618444","0","0","0","1.63540223926831","0","0","0","0","0","2.5807964711416","0","2.07244353493546","0","2.60366558194322","0","0","1.40214115023153","1.82749956126794","0","1.54052534773964","0","1.2396854447301","1.83250456108269","3.18888825633311","0","0","0","0","1.65550980705519","0","0","0","0","0","1.99654444136378","0","0","0.842730195224954","1.47648939179916","0","0","0","1.40905368712984","1.34687572456218","2.30628276621778","0","0.62157254553022","0","0","1.7385755987909","0","0","0","1.76431364687381","0","0","1.40386242372217","0","1.88074166405103","0.806891471752261","0.725605732001658","0","0","1.34451513933231","2.39336422116695","1.74701689777975","1.25877175966312","1.73048457386627","1.7186322684371"
"GLG1__L6-eNeuron","0","0","0","0","0","0","0","0","0","0","0","0","0","0","0","0","0","0","0","0","0","0","0","0","0","0","0","0","0","0","0","0","0","0","0","0","0","0","0","0","0","0","0","0","0","0","0","0","0","0","0","0","0","0","0","0","0","0","0","0","0","0","0","0","0","0","0","0","0","0","0","0","0","0","0","0","0","0","0","0","0","0","0","0","0","0","0","0","0","0","0","0","0","0","0","0","0","0","0","0","0","0","0","0","0","0","0","0","0","0","0","0","0","0","0","0","0","0","0","0","0","0","0","0","0","0","0","0","0","0","0","0","0","0","0","0","0","0","0","0","0","0","0","0","0","0","0","0","0","0","0","0","0","0","0","0","0","0","0","0","0","0","0","0","0","0","0","0","0","0","0","0","0","0","0","0","0","0","0","0","0","0","0","0","0","0","0","0","0","0","0","0","0","0","0","0","0","0","0","0","0","0","0","0","0","0","0","0","0","0","0","0","0","0","0","0","0","0","0","0","0","0","0","0","0","0","0","0","0","0","0","0","2.09596126150675","0","0","0","0","0.81944001273962","1.80835742021544","0","0","0","0","0","0","0","1.82500862922528","1.44331174212033","0","0","0","0","0","0","1.70874968061969","0","0","0","0","0","0","0","0","0","0","0","0","0","0","0","0","0","1.49815767318388","0","0","1.08837062234645","1.25886924805463","0","0","0","0","0","0","0","0","0","2.01143633388139","0","0.90289734074654","0","1.73145885113182","0","0","0","0","0","0","0","0","0","0","0","0","0","0","0","0","0","1.96314520354761","0","0","1.70265900095382","0","0","0","0","0.701423730396037","0","0","1.93465433255303","0.965793451877066","1.74225741474185","0","0","1.1952013317374","0","2.14668184155679","0","1.96826584701979","0","0","0","2.11794674051674","0","2.33276093236137","0","2.12555194440151","1.96535951655975","1.6228004573832","0","0","1.57699178961258","0","0.804505647517932","0","1.11909313202289","0","1.68328049553604","1.18327509122577","0","1.76757413184696","0","2.03589665669077","0","1.6781710969062","0.910057874687202","0","0","0","1.95349044544234","0","0","1.40165019281711","1.64612829599756","1.17529417414816","2.24413858968419","0","0","0","1.02038050885184","0","1.7328249004412","0","0","1.82559404034265","1.89285891026989","1.06701245748358","0.915831265555044","2.37220084272507","0","1.93791845695602","0","2.10420380749158","1.76866396738503","0","1.81295628964461","1.88561930542748","1.50997411024126","1.92632548016896","2.197521904328","1.63277333135023","0","0","0","0","0","0","0","0","1.53065447887287","0","1.1467095450538","0","0","1.95957635604281","1.79966326509193","0","0","2.95098107421885","0","0","0","1.0469087428997","2.12435778353306","0","0","1.76423230759855","0","0","1.7051987500517","1.67581056247683","0","0","0","0","0","0","0","0","0","0","0","0","0","0","1.73321564277013","1.84650481625663","0","2.20317066284985","1.79669193899473","1.82143222021814","2.29349968656085","0","0.736837377401023","0","1.45080373876257","0","0","0","1.25391770921437","0","2.0263647039994","0","1.81555477235792","1.25857683100733","0","1.99729916606134","1.03799416498604","0","0","0","0","1.82230661085013","1.41191410546115","2.06717086196283","0","0","2.60366558194322","0","0","1.40214115023153","1.82749956126794","0","1.94991071472643","0","2.34608070232575","2.14254340578144","2.55371631667059","0","0","0","0","1.05323124938955","0","0","0","0","0","2.37478990927299","0","0","1.75716096436671","1.75571810430568","0","1.47735954590213","0","2.10810899384056","1.34687572456218","1.98533749080992","0","1.65727651369375","5.41503749927884","1.9648400216745","2.29133602876229","0","0","0","1.76431364687381","0","0","1.40386242372217","0","1.05176000689749","1.69969099363141","1.20613653057853","0","0","1.34451513933231","0","1.74701689777975","1.92061292695835","1.34800293773385","0"
"YARS__L6-eNeuron","0","0","0","0","0","0","0","0","0","0","0","0","0","0","0","0","0","0","0","0","0","0","0","0","0","0","0","0","0","0","0","0","0","0","0","0","0","0","0","0","0","0","0","0","0","0","0","0","0","0","0","0","0","0","0","0","0","0","0","0","0","0","0","0","0","0","0","0","0","0","0","0","0","0","0","0","0","0","0","0","0","0","0","0","0","0","0","0","0","0","0","0","0","0","0","0","0","0","0","0","0","0","0","0","0","0","0","0","0","0","0","0","0","0","0","0","0","0","0","0","0","0","0","0","0","0","0","0","0","0","0","0","0","0","0","0","0","0","0","0","0","0","0","0","0","0","0","0","0","0","0","0","0","0","0","0","0","0","0","0","0","0","0","0","0","0","0","0","0","0","0","0","0","0","0","0","0","0","0","0","0","0","0","0","0","0","0","0","0","0","0","0","0","0","0","0","0","0","0","0","0","0","0","0","0","0","0","0","0","0","0","0","0","0","0","0","0","0","0","0","0","0","0","0","0","0","0","0","0","0","0","0","0","0","0","0","0","0.81944001273962","0","0","0","0","0","0","0","0","1.82500862922528","0","2.03646060266844","0","0","0","0","0","1.23955963356947","0","0","0","0","0","0","0","0","0","0","0","0","0","0","0","0","0","0","0","0","0","1.51472389928797","0","0","0","0","0","0","0","0","0","0","0","1.45398352631491","0","1.73145885113182","0","0","0","0","0","0","0","0","0","0","0","0","0","0","0","0","0","0","0","0","1.70265900095382","0","0","0","0","1.17134613713543","0","0","0.770377714847564","0.965793451877066","1.11954957031892","1.0306426821104","1.69900530722411","1.1952013317374","0","0.892989683785406","0","1.67117159060559","0","0","0","1.41704430867308","0","0","0","1.42322856619273","1.55421229050209","1.02847109639296","0","0","0","0","1.31793753304032","0","1.74166451826574","0","1.68328049553604","0.709695230044994","0","1.76757413184696","0","0","0","1.30264855791609","1.46374891375208","0","0","0","1.54369533904016","0","0","1.40165019281711","1.64612829599756","0","0","0","0","0","0","0","1.7328249004412","0","0","1.43100929815821","1.89285891026989","1.67363813967984","0.915831265555044","0","0","0.772207520000369","0","0.731114415992262","1.3812400411938","0","1.81295628964461","1.88561930542748","0.692441863425144","1.08429805228929","0.923512002905691","1.26346937727993","0","0","0","0","0","0","0","0","0.959461840125123","0","1.77743727882969","2.09054803314247","0","0","0","0","0","2.12643559921288","0","0","0","0","1.08408458994763","0","0","0.969950046213462","0","1.35503706050138","1.7051987500517","1.67581056247683","0","0","0","0","0","0","0","0","0","0","0","0","0","0","2.49808762000428","1.84650481625663","0","0","0.86769270789587","0","0","0","1.58474879978151","2.07068249528073","0.900568533537931","0","0","0","1.62167567352282","0","0","0","0.704860812515114","1.25857683100733","0","0.805812207555703","1.63540223926831","0","0","0","0","0","0.872198229613347","2.06717086196283","0","0","1.82340093365685","0","2.07922669115058","1.40214115023153","0.887320937472938","0","0.96680111116517","2.35320726137522","0","0","0","0","0","0","0","1.38557389883031","0","0","0","0","0","2.19802787293725","0","0","0.842730195224954","1.12992380932443","0","1.87836434820249","0","1.40905368712984","1.34687572456218","0","0","1.65727651369375","0","0","0.831081461981321","0","0","0","1.37744713275193","0","0","0.866350384949237","0","1.88074166405103","0","1.20613653057853","0","0","0.823524528655488","1.6447355514536","1.74701689777975","1.62731686470054","1.34800293773385","1.7186322684371"
"GAS6__L6-eNeuron","0","0","0","0","0","0","0","0","0","0","0","0","0","0","0","0","0","0","0","0","0","0","0","0","0","0","0","0","0","0","0","0","0","0","0","0","0","0","0","0","0","0","0","0","0","0","0","0","0","0","0","0","0","0","0","0","0","0","0","0","0","0","0","0","0","0","0","0","0","0","0","0","0","0","0","0","0","0","0","0","0","0","0","0","0","0","0","0","0","0","0","0","0","0","0","0","0","0","0","0","0","0","0","0","0","0","0","0","0","0","0","0","0","0","0","0","0","0","0","0","0","0","0","0","0","0","0","0","0","0","0","0","0","0","0","0","0","0","0","0","0","0","0","0","0","0","0","0","0","0","0","0","0","0","0","0","0","0","0","0","0","0","0","0","0","0","0","0","0","0","0","0","0","0","0","0","0","0","0","0","0","0","0","0","0","0","0","0","0","0","0","0","0","0","0","0","0","0","0","0","0","0","0","0","0","0","0","0","0","0","0","0","0","0","0","0","0","0","0","0","0","0","0","0","0","0","0","0","0","0","0","0","2.09596126150675","0","0","0","0","1.33881901814132","0.875107151884263","0","0","0","0","0","0","0","2.13447999636394","1.83962348487864","0","0","0","0","0","0","2.2110242114777","0","0","0","0","0","0","0","0","0","0","0","0","0","0","0","0","0","1.14831266012037","0","0","2.130605593517","0.947644230846228","0","0","0","0","0","0","0","0","0","2.01143633388139","0","0","0","1.11124312812236","0","0","0","0","0","0","0","0","0","0","0","0","0","0","0","0","0","1.45389499501408","0","0","1.93310202791569","0","0","0","0","0.701423730396037","0","0","1.64022707412213","1.53917113262007","1.74225741474185","1.62567646446057","1.69900530722411","1.1952013317374","0","1.83635288979305","0","0.789306682346217","0","0","0","0.875928892442071","0","0","0","1.42322856619273","1.96535951655975","0","0","0","2.31235794343659","0","1.69583424280838","0","0","0","2.93257557096966","0","0","1.76757413184696","1.26121379349379","0","0","1.6781710969062","1.46374891375208","0","0","0","0","0","0","2.09898281091112","0","1.17529417414816","1.80392727720248","0","0","0","0","1.23704908598705","0","0","0","0","0","0","1.4716097528306","1.92024332114552","0","0","0","0.731114415992262","1.3812400411938","0","2.25411723554815","1.23116052694252","1.50997411024126","1.08429805228929","1.4820500084174","1.92654883437903","0","0","0","0","0","0","0","0","0.959461840125123","0","1.77743727882969","1.06099233718116","0","1.95957635604281","1.16394614895289","0","0","0","0","0","0","0","2.12435778353306","0","0","0","0","1.35503706050138","1.32605349551267","2.43027890823276","0","0","0","0","0","0","0","0","0","0","0","0","0","0","0","1.84650481625663","0","1.28804019917055","1.79669193899473","0","0","0","1.22220925104058","2.07068249528073","0.519442015727231","0","0","0","1.25391770921437","0","1.72479338559276","0","0.704860812515114","1.25857683100733","0","2.24508439019363","0","0","0","0","0","0","1.41191410546115","0","0","0","0","0","1.38565369249775","1.79260679053317","0.887320937472938","0","0","0","0","1.43706730516241","0","0","0","0","0","1.88281173758123","0","0","0","0","0","1.13499121133293","0","0","1.75716096436671","1.47648939179916","0","2.44915631799966","0","1.40905368712984","1.34687572456218","1.5719365376049","0","0","0","0","0.831081461981321","0","0","0","0","0","0","2.10171093891398","0","2.07695988752972","2.24707367369012","0.725605732001658","0","0","0","0","1.12321519713812","1.25877175966312","1.73048457386627","0"
"BAG6__L6-eNeuron","0","0","0","0","0","0","0","0","0","0","0","0","0","0","0","0","0","0","0","0","0","0","0","0","0","0","0","0","0","0","0","0","0","0","0","0","0","0","0","0","0","0","0","0","0","0","0","0","0","0","0","0","0","0","0","0","0","0","0","0","0","0","0","0","0","0","0","0","0","0","0","0","0","0","0","0","0","0","0","0","0","0","0","0","0","0","0","0","0","0","0","0","0","0","0","0","0","0","0","0","0","0","0","0","0","0","0","0","0","0","0","0","0","0","0","0","0","0","0","0","0","0","0","0","0","0","0","0","0","0","0","0","0","0","0","0","0","0","0","0","0","0","0","0","0","0","0","0","0","0","0","0","0","0","0","0","0","0","0","0","0","0","0","0","0","0","0","0","0","0","0","0","0","0","0","0","0","0","0","0","0","0","0","0","0","0","0","0","0","0","0","0","0","0","0","0","0","0","0","0","0","0","0","0","0","0","0","0","0","0","0","0","0","0","0","0","0","0","0","0","0","0","0","0","0","0","0","0","0","0","0","0","1.67057121622999","0","0","0","0","1.33881901814132","1.80835742021544","0","0","0","0","0","0","0","2.38914975972251","2.15019833787556","2.03646060266844","0","0","0","0","0","1.70874968061969","0","0","0","0","0","0","0","0","0","0","0","0","0","0","0","0","0","1.77950768891558","0","0","1.70162670162061","0.550270609629284","0","0","0","0","0","0","0","0","0","2.01143633388139","0","2.16326342287636","0","2.49601963363202","0","0","0","0","0","0","0","0","0","0","0","0","0","0","0","0","0","0.659762189335918","0","0","2.13175571484118","0","0","0","0","2.04633168478171","0","0","1.26989048951125","2.52749253315181","1.11954957031892","2.04572336176324","1.08636606711327","1.55318931762565","0","1.44044243613422","0","0.789306682346217","0","0","0","2.11794674051674","0","1.59399550454768","0","0.880430865657869","2.28494840221857","1.02847109639296","0","0","1.57699178961258","0","1.99501007060267","0","1.74166451826574","0","0","1.18327509122577","0","1.13907966561197","2.37599016317544","1.02403006936308","0","1.97586005131763","0.910057874687202","0","0","0","0","0","0","2.09898281091112","1.04611574045302","0","1.52043269076922","0","0","0","1.61207303096073","1.23704908598705","0","0","0","0","0","1.06701245748358","1.4716097528306","1.92024332114552","0","2.57414209481922","0","1.86381289799665","0.849967948067405","0","0","1.59518679035316","1.50997411024126","2.29901088301255","0.923512002905691","1.26346937727993","0","0","0","0","0","0","0","0","0.959461840125123","0","1.77743727882969","2.68522939326435","0","1.28968029985828","1.79966326509193","0","0","0","0","0","0","1.6471745680409","1.6960204114085","0","0","1.28579230417034","0","1.35503706050138","1.7051987500517","1.67581056247683","0","0","0","0","0","0","0","0","0","0","0","0","0","0","2.49808762000428","0","0","1.95751427751549","1.40571170700675","0.708036865980651","0","0","2.11523063660289","0","1.45080373876257","0","0","0","1.25391770921437","0","2.27566657641096","0","2.05308943557771","1.25857683100733","0","1.31976783238107","1.63540223926831","0","0","0","0","1.18156745820472","1.41191410546115","1.37591265095271","2.53828405723201","0","0","0","1.38565369249775","2.35257166435567","0","0","0.96680111116517","0","1.2396854447301","0.890524078892915","0","0","0","0","0","2.40618014343199","0","0","0","0","0","1.76228268515863","0","0","0.842730195224954","1.12992380932443","0","0","0","0","0","0","0","1.38717165294423","0","1.9648400216745","2.04126883101506","0","0","0","1.76431364687381","0","0","2.10171093891398","0","1.05176000689749","0.806891471752261","1.56597939735358","0","0","2.27757446111096","1.6447355514536","0","1.92061292695835","2.4948725823436","1.7186322684371"
"GRN__L6-eNeuron","0","0","0","0","0","0","0","0","0","0","0","0","0","0","0","0","0","0","0","0","0","0","0","0","0","0","0","0","0","0","0","0","0","0","0","0","0","0","0","0","0","0","0","0","0","0","0","0","0","0","0","0","0","0","0","0","0","0","0","0","0","0","0","0","0","0","0","0","0","0","0","0","0","0","0","0","0","0","0","0","0","0","0","0","0","0","0","0","0","0","0","0","0","0","0","0","0","0","0","0","0","0","0","0","0","0","0","0","0","0","0","0","0","0","0","0","0","0","0","0","0","0","0","0","0","0","0","0","0","0","0","0","0","0","0","0","0","0","0","0","0","0","0","0","0","0","0","0","0","0","0","0","0","0","0","0","0","0","0","0","0","0","0","0","0","0","0","0","0","0","0","0","0","0","0","0","0","0","0","0","0","0","0","0","0","0","0","0","0","0","0","0","0","0","0","0","0","0","0","0","0","0","0","0","0","0","0","0","0","0","0","0","0","0","0","0","0","0","0","0","0","0","0","0","0","0","0","0","0","0","0","0","1.06467805763924","0","0","0","0","0","1.41591472325645","0","0","0","0","0","0","0","0","0","0","0","0","0","0","0","1.70874968061969","0","0","0","0","0","0","0","0","0","0","0","0","0","0","0","0","0","1.14831266012037","0","0","1.70162670162061","0","0","0","0","0","0","0","0","0","0","0","0","1.85177982460817","0","1.11124312812236","0","0","0","0","0","0","0","0","0","0","0","0","0","0","0","0","0","0","0","0","0","0","0","0","0","2.04633168478171","0","0","2.17905922496818","0.965793451877066","1.11954957031892","1.0306426821104","2.45773625244079","1.1952013317374","0","1.44044243613422","0","1.67117159060559","0","0","0","1.41704430867308","0","2.81895842997776","0","1.42322856619273","1.96535951655975","1.02847109639296","0","0","0","0","0","0","0","0","0","1.18327509122577","0","1.76757413184696","1.26121379349379","1.6169144634975","0","1.30264855791609","2.17519994348299","0","0","0","1.54369533904016","0","0","1.40165019281711","1.64612829599756","0","1.52043269076922","0","0","0","0","1.23704908598705","0","0","0","0","1.89285891026989","0","0.915831265555044","0","0","0","0","1.21402631256198","1.3812400411938","0","1.81295628964461","1.88561930542748","1.50997411024126","1.08429805228929","1.88369151831372","1.26346937727993","0","0","0","0","0","0","0","0","1.53065447887287","0","1.77743727882969","0","0","0","1.79966326509193","0","0","2.12643559921288","0","0","0","1.0469087428997","0","0","0","0","0","0.831081461981321","1.32605349551267","2.10181214017302","0","0","0","0","0","0","0","0","0","0","0","0","0","0","0","1.84650481625663","0","0.783230778758174","1.40571170700675","1.82143222021814","0","0","2.32167164996096","0","1.20176072097749","0","0","0","1.62167567352282","0","1.34305826165138","0","1.17630668618444","1.9203665050082","0","0.805812207555703","1.03799416498604","0","0","0","0","0","1.80378477660568","2.06717086196283","2.07244353493546","0","0","0","2.07922669115058","0.865101403303047","0.887320937472938","0","1.54052534773964","0","0","0.890524078892915","2.08665875943596","0","0","0","0","1.65550980705519","0","0","0","0","0","1.99654444136378","0","0","1.75716096436671","1.75571810430568","0","1.47735954590213","0","0","0","0.990241570205761","0","0.62157254553022","0","1.9648400216745","0","0","0","0","0.847228186653513","0","0","0.866350384949237","0","1.88074166405103","0.806891471752261","0.725605732001658","0","0","0","0","1.74701689777975","0","2.28213956130592","1.33770818581566"
"SEMA7A__L6-eNeuron","0","0","0","0","0","0","0","0","0","0","0","0","0","0","0","0","0","0","0","0","0","0","0","0","0","0","0","0","0","0","0","0","0","0","0","0","0","0","0","0","0","0","0","0","0","0","0","0","0","0","0","0","0","0","0","0","0","0","0","0","0","0","0","0","0","0","0","0","0","0","0","0","0","0","0","0","0","0","0","0","0","0","0","0","0","0","0","0","0","0","0","0","0","0","0","0","0","0","0","0","0","0","0","0","0","0","0","0","0","0","0","0","0","0","0","0","0","0","0","0","0","0","0","0","0","0","0","0","0","0","0","0","0","0","0","0","0","0","0","0","0","0","0","0","0","0","0","0","0","0","0","0","0","0","0","0","0","0","0","0","0","0","0","0","0","0","0","0","0","0","0","0","0","0","0","0","0","0","0","0","0","0","0","0","0","0","0","0","0","0","0","0","0","0","0","0","0","0","0","0","0","0","0","0","0","0","0","0","0","0","0","0","0","0","0","0","0","0","0","0","0","0","0","0","0","0","0","0","0","0","0","0","2.09596126150675","0","0","0","0","1.71991178172662","0","0","0","0","0","0","0","0","1.82500862922528","0","1.35116992082328","0","0","0","0","0","1.49314480567051","0","0","0","0","0","0","0","0","0","0","0","0","0","0","0","0","0","1.14831266012037","0","0","1.08837062234645","1.25886924805463","0","0","0","0","0","0","0","0","0","2.01143633388139","0","2.41929258540192","0","1.11124312812236","0","0","0","0","0","0","0","0","0","0","0","0","0","0","0","0","0","1.45389499501408","0","0","1.42827773655716","0","0","0","0","0","0","0","0","1.53917113262007","2.17580360569397","0","1.69900530722411","0.717985776872894","0","1.83635288979305","0","1.67117159060559","0","0","0","1.41704430867308","0","2.33276093236137","0","0.880430865657869","1.96535951655975","0","0","0","0","0","0","0","1.11909313202289","0","2.93257557096966","1.82449674237261","0","1.76757413184696","1.26121379349379","1.6169144634975","0","1.30264855791609","1.46374891375208","0","0","0","1.95349044544234","0","0","0","1.64612829599756","1.81425448107529","0","0","0","0","2.35440012894213","1.23704908598705","1.7328249004412","0","0","2.79436074548109","2.34214403928567","0","1.87183083341264","1.92024332114552","0","0","0","0.731114415992262","1.76866396738503","0","0","1.59518679035316","1.15835826294497","2.12466915180206","1.4820500084174","0.765841798643795","0","0","0","0","0","0","0","0","1.93875744636059","0","1.77743727882969","2.09054803314247","0","0","2.23942381774605","0","0","1.08550933617653","0","0","0","0","1.6960204114085","0","0","0.969950046213462","0","1.35503706050138","1.32605349551267","2.10181214017302","0","0","0","0","0","0","0","0","0","0","0","0","0","0","0","1.20046626962519","0","1.28804019917055","0","0.708036865980651","1.56131123265651","0","1.22220925104058","1.37874841692544","0.900568533537931","0","0","0","0","0","1.34305826165138","0","0.704860812515114","1.25857683100733","0","1.31976783238107","1.63540223926831","0","0","0","0","1.82230661085013","1.80378477660568","0","2.07244353493546","0","0","0","0","2.09958834491657","1.43267938767421","0","1.54052534773964","2.35320726137522","0","0.890524078892915","1.39166653396064","0","0","0","0","1.38557389883031","0","0","0","0","0","1.48246542679913","0","0","0.842730195224954","1.12992380932443","0","0","0","0","2.03111770826289","0.990241570205761","0","1.05457247676583","0","1.55375177019182","0.831081461981321","0","0","0","1.37744713275193","0","0","2.10171093891398","0","1.88074166405103","0.806891471752261","0","0","0","0.823524528655488","2.39336422116695","1.74701689777975","1.62731686470054","1.34800293773385","1.7186322684371"
"NLGN2__L6-eNeuron","0","0","0","0","0","0","0","0","0","0","0","0","0","0","0","0","0","0","0","0","0","0","0","0","0","0","0","0","0","0","0","0","0","0","0","0","0","0","0","0","0","0","0","0","0","0","0","0","0","0","0","0","0","0","0","0","0","0","0","0","0","0","0","0","0","0","0","0","0","0","0","0","0","0","0","0","0","0","0","0","0","0","0","0","0","0","0","0","0","0","0","0","0","0","0","0","0","0","0","0","0","0","0","0","0","0","0","0","0","0","0","0","0","0","0","0","0","0","0","0","0","0","0","0","0","0","0","0","0","0","0","0","0","0","0","0","0","0","0","0","0","0","0","0","0","0","0","0","0","0","0","0","0","0","0","0","0","0","0","0","0","0","0","0","0","0","0","0","0","0","0","0","0","0","0","0","0","0","0","0","0","0","0","0","0","0","0","0","0","0","0","0","0","0","0","0","0","0","0","0","0","0","0","0","0","0","0","0","0","0","0","0","0","0","0","0","0","0","0","0","0","0","0","0","0","0","0","0","0","0","0","0","1.06467805763924","0","0","0","0","1.71991178172662","2.37036561169738","0","0","0","0","0","0","0","0.885728261521389","0.89508699461117","1.35116992082328","0","0","0","0","0","1.49314480567051","0","0","0","0","0","0","0","0","0","0","0","0","0","0","0","0","0","1.77950768891558","0","0","1.70162670162061","1.51472389928797","0","0","0","0","0","0","0","0","0","0","0","0.90289734074654","0","1.11124312812236","0","0","0","0","0","0","0","0","0","0","0","0","0","0","0","0","0","1.96314520354761","0","0","1.08916024692131","0","0","0","0","1.80918183952857","0","0","1.93465433255303","1.53917113262007","1.11954957031892","1.62567646446057","1.08636606711327","1.839772461667","0","1.44044243613422","0","0.789306682346217","0","0","0","0.875928892442071","0","0","0","0.880430865657869","0.97699900622018","0","0","0","2.31235794343659","0","2.24267447748625","0","1.11909313202289","0","0","2.06256832078413","0","0","1.26121379349379","2.03589665669077","0","1.97586005131763","2.17519994348299","0","0","0","0","0","0","0","1.04611574045302","0","1.16725975952248","0","0","0","1.02038050885184","0","2.16532349618256","0","0","0","1.89285891026989","1.06701245748358","0","1.92024332114552","0","1.64322968309632","0","2.10420380749158","0","0","0","0","1.50997411024126","1.08429805228929","0.923512002905691","2.37911385649625","0","0","0","0","0","0","0","0","1.53065447887287","0","1.1467095450538","1.66572575809154","0","1.95957635604281","0","0","0","0","0","0","0","1.0469087428997","1.08408458994763","0","0","1.28579230417034","0","1.35503706050138","1.32605349551267","0","0","0","0","0","0","0","0","0","0","0","0","0","0","0","0","1.84650481625663","0","1.66126691869563","1.40571170700675","1.18088586039039","2.29349968656085","0","1.8742359880486","0","1.45080373876257","0","0","0","2.36587310744231","0","0.822479411616069","0","1.81555477235792","0","0","1.69794682026288","1.03799416498604","0","0","0","0","1.82230661085013","1.41191410546115","0","2.07244353493546","0","0","0","0","0.865101403303047","0","0","1.94991071472643","0","0","1.83250456108269","0","0","0","0","0","1.65550980705519","0","0","0","0","0","1.76228268515863","0","0","0.842730195224954","1.75571810430568","0","1.47735954590213","0","2.10810899384056","0","1.5719365376049","0","1.65727651369375","0","1.55375177019182","0.831081461981321","0","0","0","1.37744713275193","0","0","0.866350384949237","0","0","1.32127922276588","1.85374782754206","0","0","0.823524528655488","2.39336422116695","2.18108880610643","0","1.34800293773385","1.33770818581566"
"SEMA5A__L6-eNeuron","0","0","0","0","0","0","0","0","0","0","0","0","0","0","0","0","0","0","0","0","0","0","0","0","0","0","0","0","0","0","0","0","0","0","0","0","0","0","0","0","0","0","0","0","0","0","0","0","0","0","0","0","0","0","0","0","0","0","0","0","0","0","0","0","0","0","0","0","0","0","0","0","0","0","0","0","0","0","0","0","0","0","0","0","0","0","0","0","0","0","0","0","0","0","0","0","0","0","0","0","0","0","0","0","0","0","0","0","0","0","0","0","0","0","0","0","0","0","0","0","0","0","0","0","0","0","0","0","0","0","0","0","0","0","0","0","0","0","0","0","0","0","0","0","0","0","0","0","0","0","0","0","0","0","0","0","0","0","0","0","0","0","0","0","0","0","0","0","0","0","0","0","0","0","0","0","0","0","0","0","0","0","0","0","0","0","0","0","0","0","0","0","0","0","0","0","0","0","0","0","0","0","0","0","0","0","0","0","0","0","0","0","0","0","0","0","0","0","0","0","0","0","0","0","0","0","0","0","0","0","0","0","0","0","0","0","0","1.33881901814132","0","0","0","0","0","0","0","0","1.43049627064593","1.44331174212033","2.03646060266844","0","0","0","0","0","0.539783976173412","0","0","0","0","0","0","0","0","0","0","0","0","0","0","0","0","0","1.14831266012037","0","0","1.70162670162061","2.08764016486072","0","0","0","0","0","0","0","0","0","0","0","0.90289734074654","0","1.73145885113182","0","0","0","0","0","0","0","0","0","0","0","0","0","0","0","0","0","0","0","0","0","0","0","0","0","1.80918183952857","0","0","1.64022707412213","0.965793451877066","1.74225741474185","0","1.08636606711327","1.1952013317374","0","2.61873729873025","0","1.96826584701979","0","0","0","0.875928892442071","0","2.81895842997776","0","2.37979424349661","0.97699900622018","1.02847109639296","0","0","0","0","2.24267447748625","0","3.20237500993464","0","0","1.53922124232405","0","2.20389474538092","1.9236993156001","1.6169144634975","0","1.6781710969062","0","0","0","0","0","0","0","2.5670850099909","3.07976023330623","0","2.72384517004551","0","0","0","0","1.89309734709671","0","0","0","2.96077327043854","2.34214403928567","1.67363813967984","2.44182317111354","0","0","0.772207520000369","0","0","2.32547403302901","0","0","0.74310885888955","1.79246629620522","0","0","0","0","0","0","0","0","0","0","0","0.959461840125123","0","1.77743727882969","1.06099233718116","0","1.95957635604281","1.16394614895289","0","0","1.69788460202919","0","0","0","1.6471745680409","0","0","0","1.76423230759855","0","1.35503706050138","2.64962845325284","1.06866672175585","0","0","0","0","0","0","0","0","0","0","0","0","0","0","0","1.84650481625663","0","2.75869637163848","0","0","0","0","1.22220925104058","0","1.66311857843687","0","0","0","0.759105416596786","0","1.72479338559276","0","1.81555477235792","1.25857683100733","0","1.31976783238107","1.63540223926831","0","0","0","0","0","1.41191410546115","0","2.07244353493546","0","1.82340093365685","0","0","1.40214115023153","2.13715985574886","0","0","0","0","0.890524078892915","1.39166653396064","0","0","0","0","0.620667328400656","0","0","0","0","0","1.76228268515863","0","0","0","0.672865132085138","0","1.47735954590213","0","0","1.34687572456218","0.990241570205761","0","0.62157254553022","0","1.9648400216745","0.831081461981321","0","0","0","2.06907127146133","0","0","0.866350384949237","0","1.05176000689749","0","1.20613653057853","0","0","0.823524528655488","2.39336422116695","1.74701689777975","1.25877175966312","1.73048457386627","0.818644000412032"
"LRRC4B__L6-eNeuron","0","0","0","0","0","0","0","0","0","0","0","0","0","0","0","0","0","0","0","0","0","0","0","0","0","0","0","0","0","0","0","0","0","0","0","0","0","0","0","0","0","0","0","0","0","0","0","0","0","0","0","0","0","0","0","0","0","0","0","0","0","0","0","0","0","0","0","0","0","0","0","0","0","0","0","0","0","0","0","0","0","0","0","0","0","0","0","0","0","0","0","0","0","0","0","0","0","0","0","0","0","0","0","0","0","0","0","0","0","0","0","0","0","0","0","0","0","0","0","0","0","0","0","0","0","0","0","0","0","0","0","0","0","0","0","0","0","0","0","0","0","0","0","0","0","0","0","0","0","0","0","0","0","0","0","0","0","0","0","0","0","0","0","0","0","0","0","0","0","0","0","0","0","0","0","0","0","0","0","0","0","0","0","0","0","0","0","0","0","0","0","0","0","0","0","0","0","0","0","0","0","0","0","0","0","0","0","0","0","0","0","0","0","0","0","0","0","0","0","0","0","0","0","0","0","0","0","0","0","0","0","0","2.09596126150675","0","0","0","0","2.27011158715723","2.37036561169738","0","0","0","0","0","0","0","0.885728261521389","2.40561397446238","2.49916158072274","0","0","0","0","0","2.7863480871877","0","0","0","0","0","0","0","0","0","0","0","0","0","0","0","0","0","2.01484177428069","0","0","1.70162670162061","2.23722189401374","0","0","0","0","0","0","0","0","0","2.47190313787043","0","2.99250355716533","0","2.49601963363202","0","0","0","0","0","0","0","0","0","0","0","0","0","0","0","0","0","2.76515744895911","0","0","2.73064174287225","0","0","0","0","2.97951250864801","0","0","2.17905922496818","2.93959555096067","2.17580360569397","2.63567792679497","2.45773625244079","2.8970156204766","0","2.80717827994153","0","1.96826584701979","0","0","0","1.41704430867308","0","3.71293194993384","0","1.8167123542196","2.28494840221857","1.02847109639296","0","0","0","0","1.99501007060267","0","2.50802690014506","0","1.68328049553604","2.26686194429212","0","1.13907966561197","2.7198171009443","2.36018640110526","0","1.97586005131763","1.46374891375208","0","0","0","2.27226393638834","0","0","2.5670850099909","2.39502190572467","1.81425448107529","1.80392727720248","0","0","0","2.6187718032205","1.89309734709671","3.19112517336242","0","0","0.886102478136144","2.34214403928567","2.09938645481224","1.87183083341264","3.42586760015272","0","1.27247841861921","0","2.31020191108388","2.07376660931772","0","2.25411723554815","2.51511985147109","1.79246629620522","2.29901088301255","2.197521904328","2.37911385649625","0","0","0","0","0","0","0","0","2.51675192236172","0","2.2148242499558","2.09054803314247","0","2.41527630755058","1.16394614895289","0","0","1.08550933617653","0","0","0","1.6471745680409","2.12435778353306","0","0","2.40992784976721","0","2.04126883101506","2.00515491019096","0","0","0","0","0","0","0","0","0","0","0","0","0","0","0","2.49808762000428","2.63053532088746","0","1.28804019917055","1.79669193899473","1.82143222021814","1.56131123265651","0","2.32167164996096","0","1.20176072097749","0","0","0","1.62167567352282","0","2.27566657641096","0","1.81555477235792","2.55436441443821","0","2.24508439019363","0","0","0","0","0","0","1.41191410546115","2.88387132577173","2.07244353493546","0","1.82340093365685","0","2.89755273102918","2.56774162273042","1.82749956126794","0","0.96680111116517","1.61107534104029","2.34608070232575","1.83250456108269","2.55371631667059","0","0","0","0","2.8974408113924","0","0","0","0","0","2.19802787293725","0","0","2.87725877681367","1.12992380932443","0","2.44915631799966","0","0","2.4933452084386","2.30628276621778","0","2.40827990512075","0","1.9648400216745","2.29133602876229","0","0","0","2.32054410401532","0","0","2.3547980774467","0","1.88074166405103","1.69969099363141","2.29911821197928","0","0","2.67537995808595","1.6447355514536","2.18108880610643","2.71626164051501","2.4948725823436","2.48090739851108"
"SLITRK1__L6-eNeuron","0","0","0","0","0","0","0","0","0","0","0","0","0","0","0","0","0","0","0","0","0","0","0","0","0","0","0","0","0","0","0","0","0","0","0","0","0","0","0","0","0","0","0","0","0","0","0","0","0","0","0","0","0","0","0","0","0","0","0","0","0","0","0","0","0","0","0","0","0","0","0","0","0","0","0","0","0","0","0","0","0","0","0","0","0","0","0","0","0","0","0","0","0","0","0","0","0","0","0","0","0","0","0","0","0","0","0","0","0","0","0","0","0","0","0","0","0","0","0","0","0","0","0","0","0","0","0","0","0","0","0","0","0","0","0","0","0","0","0","0","0","0","0","0","0","0","0","0","0","0","0","0","0","0","0","0","0","0","0","0","0","0","0","0","0","0","0","0","0","0","0","0","0","0","0","0","0","0","0","0","0","0","0","0","0","0","0","0","0","0","0","0","0","0","0","0","0","0","0","0","0","0","0","0","0","0","0","0","0","0","0","0","0","0","0","0","0","0","0","0","0","0","0","0","0","0","0","0","0","0","0","0","0","0","0","0","0","2.02108293438513","1.41591472325645","0","0","0","0","0","0","0","1.82500862922528","2.15019833787556","2.49916158072274","0","0","0","0","0","1.89628305968435","0","0","0","0","0","0","0","0","0","0","0","0","0","0","0","0","0","1.14831266012037","0","0","2.46083431241063","1.25886924805463","0","0","0","0","0","0","0","0","0","1.33108440301854","0","1.45398352631491","0","1.73145885113182","0","0","0","0","0","0","0","0","0","0","0","0","0","0","0","0","0","1.11079376626929","0","0","0","0","0","0","0","1.52523010294614","0","0","2.17905922496818","2.26680142250793","1.74225741474185","1.0306426821104","0","2.0787531422778","0","1.83635288979305","0","1.96826584701979","0","0","0","1.41704430867308","0","0","0","0.880430865657869","1.55421229050209","2.04249867929695","0","0","3.15928757046006","0","0.804505647517932","0","1.74166451826574","0","1.68328049553604","1.82449674237261","0","2.80983094390259","2.37599016317544","1.6169144634975","0","1.30264855791609","2.17519994348299","0","0","0","2.75407703525639","0","0","2.09898281091112","1.64612829599756","2.25555142606432","2.24413858968419","0","0","0","1.61207303096073","2.68451267765531","1.11229312375888","0","0","2.60621917927989","0","1.06701245748358","1.87183083341264","0","0","1.27247841861921","0","2.10420380749158","2.7262265881022","0","1.81295628964461","1.59518679035316","1.79246629620522","1.69629974959652","2.197521904328","1.63277333135023","0","0","0","0","0","0","0","0","1.53065447887287","0","1.77743727882969","2.91038664837959","0","0","0","0","0","1.08550933617653","0","0","0","2.39626700862741","0","0","0","1.54475517599483","0","2.29133602876229","0.810302840035155","1.67581056247683","0","0","0","0","0","0","0","0","0","0","0","0","0","0","0","1.84650481625663","0","0.783230778758174","1.40571170700675","0","1.56131123265651","0","1.58474879978151","0","0.519442015727231","0","0","0","1.25391770921437","0","2.27566657641096","0","1.17630668618444","2.16397850245198","0","1.31976783238107","1.03799416498604","0","0","0","0","1.18156745820472","1.80378477660568","1.37591265095271","0","0","1.82340093365685","0","1.38565369249775","2.09958834491657","0.887320937472938","0","0.96680111116517","0","2.34608070232575","0","1.39166653396064","0","0","0","0","0.620667328400656","0","0","0","0","0","2.37478990927299","0","0","1.37121412314157","1.98956759430238","0","1.47735954590213","0","0","0","2.56866158690443","0","2.08110363003623","0","1.55375177019182","0.831081461981321","0","0","0","2.06907127146133","0","0","2.3547980774467","0","0.61967467655509","2.24707367369012","1.56597939735358","0","0","2.02817898079591","1.6447355514536","1.12321519713812","2.86158560788456","1.73048457386627","0.818644000412032"
"RPH3A__L6-eNeuron","0","0","0","0","0","0","0","0","0","0","0","0","0","0","0","0","0","0","0","0","0","0","0","0","0","0","0","0","0","0","0","0","0","0","0","0","0","0","0","0","0","0","0","0","0","0","0","0","0","0","0","0","0","0","0","0","0","0","0","0","0","0","0","0","0","0","0","0","0","0","0","0","0","0","0","0","0","0","0","0","0","0","0","0","0","0","0","0","0","0","0","0","0","0","0","0","0","0","0","0","0","0","0","0","0","0","0","0","0","0","0","0","0","0","0","0","0","0","0","0","0","0","0","0","0","0","0","0","0","0","0","0","0","0","0","0","0","0","0","0","0","0","0","0","0","0","0","0","0","0","0","0","0","0","0","0","0","0","0","0","0","0","0","0","0","0","0","0","0","0","0","0","0","0","0","0","0","0","0","0","0","0","0","0","0","0","0","0","0","0","0","0","0","0","0","0","0","0","0","0","0","0","0","0","0","0","0","0","0","0","0","0","0","0","0","0","0","0","0","0","0","0","0","0","0","0","0","0","0","0","0","0","1.67057121622999","0","0","0","0","3.45172167279579","0.875107151884263","0","0","0","0","0","0","0","2.79366279139821","2.40561397446238","2.49916158072274","0","0","0","0","0","2.68819330892498","0","0","0","0","0","0","0","0","0","0","0","0","0","0","0","0","0","1.49815767318388","0","0","2.46083431241063","1.92073616505467","0","0","0","0","0","0","0","0","0","2.82041764245407","0","2.41929258540192","0","3.51637506715246","0","0","0","0","0","0","0","0","0","0","0","0","0","0","0","0","0","3.27758799890168","0","0","2.30633683877106","0","0","0","0","3.54149606617469","0","0","2.38799601075883","3.39662178264716","2.77904035011908","3.37662477251126","2.12768458250531","3.23012475328217","0","2.61873729873025","0","1.96826584701979","0","0","0","2.5876376267257","0","3.4717353789876","0","2.12555194440151","2.76769719486586","3.75257051480121","0","0","1.57699178961258","0","2.6382663073884","0","3.00587126766711","0","2.93257557096966","2.74827386445961","0","1.13907966561197","2.99726821919229","2.62479309493737","0","2.22250578282952","0.910057874687202","0","0","0","2.27226393638834","0","0","1.40165019281711","2.88553070370357","2.25555142606432","1.80392727720248","0","0","0","2.6187718032205","3.39233296211237","1.7328249004412","0","0","2.60621917927989","1.89285891026989","3.82182082483937","2.6599097155901","2.37220084272507","0","2.7361824182984","0","2.92584908475344","2.32547403302901","0","2.59149531885437","2.12726806323603","2.02859819516733","1.08429805228929","2.45513247590979","3.68998696208306","0","0","0","0","0","0","0","0","3.09705030573624","0","1.1467095450538","3.10510187997459","0","2.41527630755058","1.16394614895289","0","0","2.72478619276723","0","0","0","2.06980328338618","1.6960204114085","0","0","2.27354306743756","0","1.7385755987909","3.21558146051862","2.69765602345538","0","0","0","0","0","0","0","0","0","0","0","0","0","0","1.73321564277013","2.29113731801389","0","1.95751427751549","2.35718919937516","2.05932018842472","0","0","2.32167164996096","2.88785805077686","2.41521985674505","0","0","0","2.7091862532","0","2.0263647039994","0","2.05308943557771","2.993308462293","0","1.69794682026288","1.63540223926831","0","0","0","0","2.26444408776267","1.41191410546115","2.06717086196283","2.07244353493546","0","0","0","1.38565369249775","2.35257166435567","1.43267938767421","0","2.52919885233665","2.35320726137522","2.34608070232575","1.43706730516241","2.55371631667059","0","0","0","0","2.40618014343199","0","0","0","0","0","1.99654444136378","0","0","2.31243412733089","2.79542599528659","0","0.920059483519071","0","2.93026737880715","2.03111770826289","1.98533749080992","0","1.05457247676583","4.44846050081629","1.9648400216745","2.04126883101506","0","0","0","1.76431364687381","0","0","0.866350384949237","0","2.7869758568751","2.64294768706761","1.85374782754206","0","0","1.34451513933231","2.88376078964708","1.74701689777975","2.86158560788456","1.34800293773385","2.01969829140581"
"AGRN__Olig","0","0","0","0","0","0","0","0","0","0","0","0","0","0","0","0","0","0","0","0","0","0","0","0","0","0","0","0","0","0","0","0","0","0","0","0","0","0","0","0","0","0","0","0","0","0","0","0","0","0","0","0","0","0","0","0","0","0","0","0","0","0","0","0","0","0","0","0","0","0","0","0","0","0","0","0","0","0","0","0","0","0","0","0","0","0","0","0","0","0","0","0","0","0","0","0","0","0","0","0","0","0","0","0","0","0","0","0","0","0","0","0","0","0","0","0","0","0","0","0","0","0","0","0","0","0","0","0","0","0","0","0","0","0","0","0","0","0","0","0","0","0","0","0","0","0","0","0","0","0","0","0","0","0","0","0","0","0","0","0","0","0","0","0","0","0","0","0","0","0","0","0","0","0","0","0","0","0","0","0","0","0","0","0","0","0","0","0","0","0","0","0","0","0","0","0","0","0","0","0","0","0","0","0","0","0","0","0","0","0","0","0","0","0","0","0","0","0","0","0","0","0","0","0","0","0","0","0","0","0","0","0","0","0","0","0","0","0","0","0","0","0","0","0","0","0","0","0","0","0","0","0","0","0","0","0","0","0","0","0","0","0","0","0","0","0","0","0","0","0","1.57583014478049","0","0","0","0","0","0","0","0","0","0","0","0","0","0","0","0","0","0","0","0","0","0","0","0","0","0","0","0","0","0","0","0","0","0","1.50413591691073","0","0","0","0","0","0","0","0","0","0","0","0","0","0","0","0","0","0","0","0","0","0","0","0","0","0","0","0","0","0","0","0","0","0","0","0","0","0","0","0","0","0","0","0","0","0","0","0","0","0","0","0","0","0","0","0","0","0","0","0","2.33691995466517","0","0","0","0","0","0","0","0","0","0","0","0","0","0","0","0","0","0","0","0","0","0","0","0","0","0","0","0","0","0","0","0","0","0","0","0","0","0","0","0","0","0","1.29559406981101","0","0","0","0","0","0","0","0","0","0","0","0","1.21855801365499","0","0","0","0","0","1.61007901076269","0","1.58898115245855","0","0","1.62010386238077","0","0","0","0","0","0","0","0","0","0","0","0","0","0","0","0","0","0","1.76941410463827","0","0","0","0","0","0","0","0","0","0","0","0","0","0","0","0","0","0","0","0","0","0","0","0","0","0","0","0","0","0","0","0","0","0","0","0","2.56757743015364","0","0","0","0","0","0","0","0","0","0","0","0","0","0","0","0","0","0","0","0.844760921870089","0","0","0","0","0","0","0","0","0","0","0","0","0"
"CLDN11__Olig","0","0","0","0","0","0","0","0","0","0","0","0","0","0","0","0","0","0","0","0","0","0","0","0","0","0","0","0","0","0","0","0","0","0","0","0","0","0","0","0","0","0","0","0","0","0","0","0","0","0","0","0","0","0","0","0","0","0","0","0","0","0","0","0","0","0","0","0","0","0","0","0","0","0","0","0","0","0","0","0","0","0","0","0","0","0","0","0","0","0","0","0","0","0","0","0","0","0","0","0","0","0","0","0","0","0","0","0","0","0","0","0","0","0","0","0","0","0","0","0","0","0","0","0","0","0","0","0","0","0","0","0","0","0","0","0","0","0","0","0","0","0","0","0","0","0","0","0","0","0","0","0","0","0","0","0","0","0","0","0","0","0","0","0","0","0","0","0","0","0","0","0","0","0","0","0","0","0","0","0","0","0","0","0","0","0","0","0","0","0","0","0","0","0","0","0","0","0","0","0","0","0","0","0","0","0","0","0","0","0","0","0","0","0","0","0","0","0","0","0","0","0","0","0","0","0","0","0","0","0","0","0","0","0","0","0","0","0","0","0","0","0","0","0","0","0","0","0","0","0","0","0","0","0","0","0","0","0","0","0","0","0","0","0","0","0","0","0","0","0","5.16988089460229","0","0","0","0","0","0","0","0","0","0","0","0","0","0","0","0","0","0","0","0","0","0","0","0","0","0","0","0","0","0","0","0","0","0","5.49432391846061","0","0","0","0","0","0","0","0","0","0","0","0","0","0","0","0","0","0","0","0","0","0","0","0","0","5.29070728633112","0","0","0","0","0","0","0","0","5.09862307781945","0","0","0","0","0","0","0","0","0","0","0","0","0","0","0","0","0","0","0","0","0","0","0","0","0","5.27875799714094","0","0","0","0","0","0","0","0","0","0","0","0","0","0","0","0","0","0","0","0","0","0","0","0","0","0","0","0","0","0","0","0","0","0","0","0","0","0","0","0","0","0","4.24353913081915","0","0","0","0","0","0","0","0","0","0","0","0","5.20291839947697","0","0","0","0","0","5.52854266264231","0","5.21531467845043","0","0","5.05078727681241","0","0","0","0","0","0","0","0","0","0","0","0","0","0","2.95970729405197","0","0","0","5.68908247585232","0","0","0","0","0","0","0","0","0","0","0","0","0","0","0","0","0","0","0","0","0","0","0","0","0","0","0","0","0","0","0","0","0","0","5.58327131090743","0","4.5345964970007","0","0","0","0","0","0","0","0","0","0","0","0","0","0","0","0","0","0","0","4.96563422738754","0","0","0","0","0","0","0","0","0","0","0","0","0"
"CNTN2__Olig","0","0","0","0","0","0","0","0","0","0","0","0","0","0","0","0","0","0","0","0","0","0","0","0","0","0","0","0","0","0","0","0","0","0","0","0","0","0","0","0","0","0","0","0","0","0","0","0","0","0","0","0","0","0","0","0","0","0","0","0","0","0","0","0","0","0","0","0","0","0","0","0","0","0","0","0","0","0","0","0","0","0","0","0","0","0","0","0","0","0","0","0","0","0","0","0","0","0","0","0","0","0","0","0","0","0","0","0","0","0","0","0","0","0","0","0","0","0","0","0","0","0","0","0","0","0","0","0","0","0","0","0","0","0","0","0","0","0","0","0","0","0","0","0","0","0","0","0","0","0","0","0","0","0","0","0","0","0","0","0","0","0","0","0","0","0","0","0","0","0","0","0","0","0","0","0","0","0","0","0","0","0","0","0","0","0","0","0","0","0","0","0","0","0","0","0","0","0","0","0","0","0","0","0","0","0","0","0","0","0","0","0","0","0","0","0","0","0","0","0","0","0","0","0","0","0","0","0","0","0","0","0","0","0","0","0","0","0","0","0","0","0","0","0","0","0","0","0","0","0","0","0","0","0","0","0","0","0","0","0","0","0","0","0","0","0","0","0","0","0","3.61188789189678","0","0","0","0","0","0","0","0","0","0","0","0","0","0","0","0","0","0","0","0","0","0","0","0","0","0","0","0","0","0","0","0","0","0","1.50413591691073","0","0","0","0","0","0","0","0","0","0","0","0","0","0","0","0","0","0","0","0","0","0","0","0","0","2.60545243858478","0","0","0","0","0","0","0","0","1.9153307362339","0","0","0","0","0","0","0","0","0","0","0","0","0","0","0","0","0","0","0","0","0","0","0","0","0","2.9548876225045","0","0","0","0","0","0","0","0","0","0","0","0","0","0","0","0","0","0","0","0","0","0","0","0","0","0","0","0","0","0","0","0","0","0","0","0","0","0","0","0","0","0","1.96700667020353","0","0","0","0","0","0","0","0","0","0","0","0","0","0","0","0","0","0","1.61007901076269","0","3.00527218821463","0","0","0","0","0","0","0","0","0","0","0","0","0","0","0","0","0","0","0","0","0","1.14050212522802","0","0","0","0","0","0","0","0","0","0","0","0","0","0","0","0","0","0","0","0","0","0","0","0","0","0","0","0","0","0","0","0","0","0","2.77988387618465","0","2.56757743015364","0","0","0","0","0","0","0","0","0","0","0","0","0","0","0","0","0","0","0","2.06483747359725","0","0","0","0","0","0","0","0","0","0","0","0","0"
"ICOS__Olig","0","0","0","0","0","0","0","0","0","0","0","0","0","0","0","0","0","0","0","0","0","0","0","0","0","0","0","0","0","0","0","0","0","0","0","0","0","0","0","0","0","0","0","0","0","0","0","0","0","0","0","0","0","0","0","0","0","0","0","0","0","0","0","0","0","0","0","0","0","0","0","0","0","0","0","0","0","0","0","0","0","0","0","0","0","0","0","0","0","0","0","0","0","0","0","0","0","0","0","0","0","0","0","0","0","0","0","0","0","0","0","0","0","0","0","0","0","0","0","0","0","0","0","0","0","0","0","0","0","0","0","0","0","0","0","0","0","0","0","0","0","0","0","0","0","0","0","0","0","0","0","0","0","0","0","0","0","0","0","0","0","0","0","0","0","0","0","0","0","0","0","0","0","0","0","0","0","0","0","0","0","0","0","0","0","0","0","0","0","0","0","0","0","0","0","0","0","0","0","0","0","0","0","0","0","0","0","0","0","0","0","0","0","0","0","0","0","0","0","0","0","0","0","0","0","0","0","0","0","0","0","0","0","0","0","0","0","0","0","0","0","0","0","0","0","0","0","0","0","0","0","0","0","0","0","0","0","0","0","0","0","0","0","0","0","0","0","0","0","0","0.731493120529801","0","0","0","0","0","0","0","0","0","0","0","0","0","0","0","0","0","0","0","0","0","0","0","0","0","0","0","0","0","0","0","0","0","0","1.50413591691073","0","0","0","0","0","0","0","0","0","0","0","0","0","0","0","0","0","0","0","0","0","0","0","0","0","1.82493548266242","0","0","0","0","0","0","0","0","1.9153307362339","0","0","0","0","0","0","0","0","0","0","0","0","0","0","0","0","0","0","0","0","0","0","0","0","0","1.23311676580095","0","0","0","0","0","0","0","0","0","0","0","0","0","0","0","0","0","0","0","0","0","0","0","0","0","0","0","0","0","0","0","0","0","0","0","0","0","0","0","0","0","0","0","0","0","0","0","0","0","0","0","0","0","0","0","1.21855801365499","0","0","0","0","0","1.01887825698895","0","1.58898115245855","0","0","0","0","0","0","0","0","0","0","0","0","0","0","0","0","0","2.95970729405197","0","0","0","0","0","0","0","0","0","0","0","0","0","0","0","0","0","0","0","0","0","0","0","0","0","0","0","0","0","0","0","0","0","0","0","0","0","0","1.30275342616461","0","2.56757743015364","0","0","0","0","0","0","0","0","0","0","0","0","0","0","0","0","0","0","0","1.37402909381587","0","0","0","0","0","0","0","0","0","0","0","0","0"
"SHANK1__Olig","0","0","0","0","0","0","0","0","0","0","0","0","0","0","0","0","0","0","0","0","0","0","0","0","0","0","0","0","0","0","0","0","0","0","0","0","0","0","0","0","0","0","0","0","0","0","0","0","0","0","0","0","0","0","0","0","0","0","0","0","0","0","0","0","0","0","0","0","0","0","0","0","0","0","0","0","0","0","0","0","0","0","0","0","0","0","0","0","0","0","0","0","0","0","0","0","0","0","0","0","0","0","0","0","0","0","0","0","0","0","0","0","0","0","0","0","0","0","0","0","0","0","0","0","0","0","0","0","0","0","0","0","0","0","0","0","0","0","0","0","0","0","0","0","0","0","0","0","0","0","0","0","0","0","0","0","0","0","0","0","0","0","0","0","0","0","0","0","0","0","0","0","0","0","0","0","0","0","0","0","0","0","0","0","0","0","0","0","0","0","0","0","0","0","0","0","0","0","0","0","0","0","0","0","0","0","0","0","0","0","0","0","0","0","0","0","0","0","0","0","0","0","0","0","0","0","0","0","0","0","0","0","0","0","0","0","0","0","0","0","0","0","0","0","0","0","0","0","0","0","0","0","0","0","0","0","0","0","0","0","0","0","0","0","0","0","0","0","0","0","3.82854342626604","0","0","0","0","0","0","0","0","0","0","0","0","0","0","0","0","0","0","0","0","0","0","0","0","0","0","0","0","0","0","0","0","0","0","3.9719921178787","0","0","0","0","0","0","0","0","0","0","0","0","0","0","0","0","0","0","0","0","0","0","0","0","0","3.10914905474871","0","0","0","0","0","0","0","0","2.36681293612239","0","0","0","0","0","0","0","0","0","0","0","0","0","0","0","0","0","0","0","0","0","0","0","0","0","1.88810450069273","0","0","0","0","0","0","0","0","0","0","0","0","0","0","0","0","0","0","0","0","0","0","0","0","0","0","0","0","0","0","0","0","0","0","0","0","0","0","0","0","0","0","4.00294842923103","0","0","0","0","0","0","0","0","0","0","0","0","0","0","0","0","0","0","3.03287658394728","0","2.58998406875955","0","0","2.62875706634739","0","0","0","0","0","0","0","0","0","0","0","0","0","0","3.86387127177662","0","0","0","3.23757010560685","0","0","0","0","0","0","0","0","0","0","0","0","0","0","0","0","0","0","0","0","0","0","0","0","0","0","0","0","0","0","0","0","0","0","1.9759915777817","0","1.79246629620522","0","0","0","0","0","0","0","0","0","0","0","0","0","0","0","0","0","0","0","2.53002143602045","0","0","0","0","0","0","0","0","0","0","0","0","0"
"TGFA__Olig","0","0","0","0","0","0","0","0","0","0","0","0","0","0","0","0","0","0","0","0","0","0","0","0","0","0","0","0","0","0","0","0","0","0","0","0","0","0","0","0","0","0","0","0","0","0","0","0","0","0","0","0","0","0","0","0","0","0","0","0","0","0","0","0","0","0","0","0","0","0","0","0","0","0","0","0","0","0","0","0","0","0","0","0","0","0","0","0","0","0","0","0","0","0","0","0","0","0","0","0","0","0","0","0","0","0","0","0","0","0","0","0","0","0","0","0","0","0","0","0","0","0","0","0","0","0","0","0","0","0","0","0","0","0","0","0","0","0","0","0","0","0","0","0","0","0","0","0","0","0","0","0","0","0","0","0","0","0","0","0","0","0","0","0","0","0","0","0","0","0","0","0","0","0","0","0","0","0","0","0","0","0","0","0","0","0","0","0","0","0","0","0","0","0","0","0","0","0","0","0","0","0","0","0","0","0","0","0","0","0","0","0","0","0","0","0","0","0","0","0","0","0","0","0","0","0","0","0","0","0","0","0","0","0","0","0","0","0","0","0","0","0","0","0","0","0","0","0","0","0","0","0","0","0","0","0","0","0","0","0","0","0","0","0","0","0","0","0","0","0","1.21456823230162","0","0","0","0","0","0","0","0","0","0","0","0","0","0","0","0","0","0","0","0","0","0","0","0","0","0","0","0","0","0","0","0","0","0","2.22437823726029","0","0","0","0","0","0","0","0","0","0","0","0","0","0","0","0","0","0","0","0","0","0","0","0","0","0","0","0","0","0","0","0","0","0","0","0","0","0","0","0","0","0","0","0","0","0","0","0","0","0","0","0","0","0","0","0","0","0","0","0","2.33691995466517","0","0","0","0","0","0","0","0","0","0","0","0","0","0","0","0","0","0","0","0","0","0","0","0","0","0","0","0","0","0","0","0","0","0","0","0","0","0","0","0","0","0","0.978088495513975","0","0","0","0","0","0","0","0","0","0","0","0","1.86958719155305","0","0","0","0","0","1.61007901076269","0","1.58898115245855","0","0","1.62010386238077","0","0","0","0","0","0","0","0","0","0","0","0","0","0","0","0","0","0","1.14050212522802","0","0","0","0","0","0","0","0","0","0","0","0","0","0","0","0","0","0","0","0","0","0","0","0","0","0","0","0","0","0","0","0","0","0","1.9759915777817","0","0","0","0","0","0","0","0","0","0","0","0","0","0","0","0","0","0","0","0","0","1.37402909381587","0","0","0","0","0","0","0","0","0","0","0","0","0"
"WNT6__Olig","0","0","0","0","0","0","0","0","0","0","0","0","0","0","0","0","0","0","0","0","0","0","0","0","0","0","0","0","0","0","0","0","0","0","0","0","0","0","0","0","0","0","0","0","0","0","0","0","0","0","0","0","0","0","0","0","0","0","0","0","0","0","0","0","0","0","0","0","0","0","0","0","0","0","0","0","0","0","0","0","0","0","0","0","0","0","0","0","0","0","0","0","0","0","0","0","0","0","0","0","0","0","0","0","0","0","0","0","0","0","0","0","0","0","0","0","0","0","0","0","0","0","0","0","0","0","0","0","0","0","0","0","0","0","0","0","0","0","0","0","0","0","0","0","0","0","0","0","0","0","0","0","0","0","0","0","0","0","0","0","0","0","0","0","0","0","0","0","0","0","0","0","0","0","0","0","0","0","0","0","0","0","0","0","0","0","0","0","0","0","0","0","0","0","0","0","0","0","0","0","0","0","0","0","0","0","0","0","0","0","0","0","0","0","0","0","0","0","0","0","0","0","0","0","0","0","0","0","0","0","0","0","0","0","0","0","0","0","0","0","0","0","0","0","0","0","0","0","0","0","0","0","0","0","0","0","0","0","0","0","0","0","0","0","0","0","0","0","0","0","2.10493473852411","0","0","0","0","0","0","0","0","0","0","0","0","0","0","0","0","0","0","0","0","0","0","0","0","0","0","0","0","0","0","0","0","0","0","1.50413591691073","0","0","0","0","0","0","0","0","0","0","0","0","0","0","0","0","0","0","0","0","0","0","0","0","0","1.82493548266242","0","0","0","0","0","0","0","0","0","0","0","0","0","0","0","0","0","0","0","0","0","0","0","0","0","0","0","0","0","0","0","0","0","0","0","0","0","0","0","0","0","0","0","0","0","0","0","0","0","0","0","0","0","0","0","0","0","0","0","0","0","0","0","0","0","0","0","0","0","0","0","0","0","0","0","0","0","1.29559406981101","0","0","0","0","0","0","0","0","0","0","0","0","1.86958719155305","0","0","0","0","0","1.01887825698895","0","1.58898115245855","0","0","1.62010386238077","0","0","0","0","0","0","0","0","0","0","0","0","0","0","0","0","0","0","0","0","0","0","0","0","0","0","0","0","0","0","0","0","0","0","0","0","0","0","0","0","0","0","0","0","0","0","0","0","0","0","0","0","0","1.9759915777817","0","1.79246629620522","0","0","0","0","0","0","0","0","0","0","0","0","0","0","0","0","0","0","0","1.76039184516602","0","0","0","0","0","0","0","0","0","0","0","0","0"
"OMG__Olig","0","0","0","0","0","0","0","0","0","0","0","0","0","0","0","0","0","0","0","0","0","0","0","0","0","0","0","0","0","0","0","0","0","0","0","0","0","0","0","0","0","0","0","0","0","0","0","0","0","0","0","0","0","0","0","0","0","0","0","0","0","0","0","0","0","0","0","0","0","0","0","0","0","0","0","0","0","0","0","0","0","0","0","0","0","0","0","0","0","0","0","0","0","0","0","0","0","0","0","0","0","0","0","0","0","0","0","0","0","0","0","0","0","0","0","0","0","0","0","0","0","0","0","0","0","0","0","0","0","0","0","0","0","0","0","0","0","0","0","0","0","0","0","0","0","0","0","0","0","0","0","0","0","0","0","0","0","0","0","0","0","0","0","0","0","0","0","0","0","0","0","0","0","0","0","0","0","0","0","0","0","0","0","0","0","0","0","0","0","0","0","0","0","0","0","0","0","0","0","0","0","0","0","0","0","0","0","0","0","0","0","0","0","0","0","0","0","0","0","0","0","0","0","0","0","0","0","0","0","0","0","0","0","0","0","0","0","0","0","0","0","0","0","0","0","0","0","0","0","0","0","0","0","0","0","0","0","0","0","0","0","0","0","0","0","0","0","0","0","0","1.57583014478049","0","0","0","0","0","0","0","0","0","0","0","0","0","0","0","0","0","0","0","0","0","0","0","0","0","0","0","0","0","0","0","0","0","0","0","0","0","0","0","0","0","0","0","0","0","0","0","0","0","0","0","0","0","0","0","0","0","0","0","0","1.18361724316958","0","0","0","0","0","0","0","0","0","0","0","0","0","0","0","0","0","0","0","0","0","0","0","0","0","0","0","0","0","0","0","0","0","0","1.23311676580095","0","0","0","0","0","0","0","0","0","0","0","0","0","0","0","0","0","0","0","0","0","0","0","0","0","0","0","0","0","0","0","0","0","0","0","0","0","0","0","0","0","0","0.570391869857093","0","0","0","0","0","0","0","0","0","0","0","0","1.86958719155305","0","0","0","0","0","0","0","1.00301503775543","0","0","2.36399616685453","0","0","0","0","0","0","0","0","0","0","0","0","0","0","0","0","0","0","2.205934260958","0","0","0","0","0","0","0","0","0","0","0","0","0","0","0","0","0","0","0","0","0","0","0","0","0","0","0","0","0","0","0","0","0","0","2.43322067041353","0","0","0","0","0","0","0","0","0","0","0","0","0","0","0","0","0","0","0","0","0","1.76039184516602","0","0","0","0","0","0","0","0","0","0","0","0","0"
"GLG1__Olig","0","0","0","0","0","0","0","0","0","0","0","0","0","0","0","0","0","0","0","0","0","0","0","0","0","0","0","0","0","0","0","0","0","0","0","0","0","0","0","0","0","0","0","0","0","0","0","0","0","0","0","0","0","0","0","0","0","0","0","0","0","0","0","0","0","0","0","0","0","0","0","0","0","0","0","0","0","0","0","0","0","0","0","0","0","0","0","0","0","0","0","0","0","0","0","0","0","0","0","0","0","0","0","0","0","0","0","0","0","0","0","0","0","0","0","0","0","0","0","0","0","0","0","0","0","0","0","0","0","0","0","0","0","0","0","0","0","0","0","0","0","0","0","0","0","0","0","0","0","0","0","0","0","0","0","0","0","0","0","0","0","0","0","0","0","0","0","0","0","0","0","0","0","0","0","0","0","0","0","0","0","0","0","0","0","0","0","0","0","0","0","0","0","0","0","0","0","0","0","0","0","0","0","0","0","0","0","0","0","0","0","0","0","0","0","0","0","0","0","0","0","0","0","0","0","0","0","0","0","0","0","0","0","0","0","0","0","0","0","0","0","0","0","0","0","0","0","0","0","0","0","0","0","0","0","0","0","0","0","0","0","0","0","0","0","0","0","0","0","0","1.21456823230162","0","0","0","0","0","0","0","0","0","0","0","0","0","0","0","0","0","0","0","0","0","0","0","0","0","0","0","0","0","0","0","0","0","0","1.50413591691073","0","0","0","0","0","0","0","0","0","0","0","0","0","0","0","0","0","0","0","0","0","0","0","0","0","1.82493548266242","0","0","0","0","0","0","0","0","1.25459488107872","0","0","0","0","0","0","0","0","0","0","0","0","0","0","0","0","0","0","0","0","0","0","0","0","0","2.33691995466517","0","0","0","0","0","0","0","0","0","0","0","0","0","0","0","0","0","0","0","0","0","0","0","0","0","0","0","0","0","0","0","0","0","0","0","0","0","0","0","0","0","0","0.978088495513975","0","0","0","0","0","0","0","0","0","0","0","0","1.21855801365499","0","0","0","0","0","2.61629040553173","0","1.00301503775543","0","0","1.62010386238077","0","0","0","0","0","0","0","0","0","0","0","0","0","0","3.86387127177662","0","0","0","2.54060006035039","0","0","0","0","0","0","0","0","0","0","0","0","0","0","0","0","0","0","0","0","0","0","0","0","0","0","0","0","0","0","0","0","0","0","0","0","2.56757743015364","0","0","0","0","0","0","0","0","0","0","0","0","0","0","0","0","0","0","0","1.76039184516602","0","0","0","0","0","0","0","0","0","0","0","0","0"
"YARS__Olig","0","0","0","0","0","0","0","0","0","0","0","0","0","0","0","0","0","0","0","0","0","0","0","0","0","0","0","0","0","0","0","0","0","0","0","0","0","0","0","0","0","0","0","0","0","0","0","0","0","0","0","0","0","0","0","0","0","0","0","0","0","0","0","0","0","0","0","0","0","0","0","0","0","0","0","0","0","0","0","0","0","0","0","0","0","0","0","0","0","0","0","0","0","0","0","0","0","0","0","0","0","0","0","0","0","0","0","0","0","0","0","0","0","0","0","0","0","0","0","0","0","0","0","0","0","0","0","0","0","0","0","0","0","0","0","0","0","0","0","0","0","0","0","0","0","0","0","0","0","0","0","0","0","0","0","0","0","0","0","0","0","0","0","0","0","0","0","0","0","0","0","0","0","0","0","0","0","0","0","0","0","0","0","0","0","0","0","0","0","0","0","0","0","0","0","0","0","0","0","0","0","0","0","0","0","0","0","0","0","0","0","0","0","0","0","0","0","0","0","0","0","0","0","0","0","0","0","0","0","0","0","0","0","0","0","0","0","0","0","0","0","0","0","0","0","0","0","0","0","0","0","0","0","0","0","0","0","0","0","0","0","0","0","0","0","0","0","0","0","0","0","0","0","0","0","0","0","0","0","0","0","0","0","0","0","0","0","0","0","0","0","0","0","0","0","0","0","0","0","0","0","0","0","0","0","1.50413591691073","0","0","0","0","0","0","0","0","0","0","0","0","0","0","0","0","0","0","0","0","0","0","0","0","0","1.82493548266242","0","0","0","0","0","0","0","0","1.25459488107872","0","0","0","0","0","0","0","0","0","0","0","0","0","0","0","0","0","0","0","0","0","0","0","0","0","0","0","0","0","0","0","0","0","0","0","0","0","0","0","0","0","0","0","0","0","0","0","0","0","0","0","0","0","0","0","0","0","0","0","0","0","0","0","0","0","0","0","0","1.77594993132682","0","0","0","0","0","0","0","0","0","0","0","0","1.86958719155305","0","0","0","0","0","1.61007901076269","0","1.58898115245855","0","0","1.62010386238077","0","0","0","0","0","0","0","0","0","0","0","0","0","0","0","0","0","0","1.14050212522802","0","0","0","0","0","0","0","0","0","0","0","0","0","0","0","0","0","0","0","0","0","0","0","0","0","0","0","0","0","0","0","0","0","0","0","0","1.79246629620522","0","0","0","0","0","0","0","0","0","0","0","0","0","0","0","0","0","0","0","0.844760921870089","0","0","0","0","0","0","0","0","0","0","0","0","0"
"BAG6__Olig","0","0","0","0","0","0","0","0","0","0","0","0","0","0","0","0","0","0","0","0","0","0","0","0","0","0","0","0","0","0","0","0","0","0","0","0","0","0","0","0","0","0","0","0","0","0","0","0","0","0","0","0","0","0","0","0","0","0","0","0","0","0","0","0","0","0","0","0","0","0","0","0","0","0","0","0","0","0","0","0","0","0","0","0","0","0","0","0","0","0","0","0","0","0","0","0","0","0","0","0","0","0","0","0","0","0","0","0","0","0","0","0","0","0","0","0","0","0","0","0","0","0","0","0","0","0","0","0","0","0","0","0","0","0","0","0","0","0","0","0","0","0","0","0","0","0","0","0","0","0","0","0","0","0","0","0","0","0","0","0","0","0","0","0","0","0","0","0","0","0","0","0","0","0","0","0","0","0","0","0","0","0","0","0","0","0","0","0","0","0","0","0","0","0","0","0","0","0","0","0","0","0","0","0","0","0","0","0","0","0","0","0","0","0","0","0","0","0","0","0","0","0","0","0","0","0","0","0","0","0","0","0","0","0","0","0","0","0","0","0","0","0","0","0","0","0","0","0","0","0","0","0","0","0","0","0","0","0","0","0","0","0","0","0","0","0","0","0","0","0","2.10493473852411","0","0","0","0","0","0","0","0","0","0","0","0","0","0","0","0","0","0","0","0","0","0","0","0","0","0","0","0","0","0","0","0","0","0","2.22437823726029","0","0","0","0","0","0","0","0","0","0","0","0","0","0","0","0","0","0","0","0","0","0","0","0","0","1.82493548266242","0","0","0","0","0","0","0","0","0","0","0","0","0","0","0","0","0","0","0","0","0","0","0","0","0","0","0","0","0","0","0","0","0","0","1.88810450069273","0","0","0","0","0","0","0","0","0","0","0","0","0","0","0","0","0","0","0","0","0","0","0","0","0","0","0","0","0","0","0","0","0","0","0","0","0","0","0","0","0","0","2.13569508671374","0","0","0","0","0","0","0","0","0","0","0","0","1.21855801365499","0","0","0","0","0","1.61007901076269","0","2.00452019703738","0","0","1.62010386238077","0","0","0","0","0","0","0","0","0","0","0","0","0","0","0","0","0","0","2.81206421597289","0","0","0","0","0","0","0","0","0","0","0","0","0","0","0","0","0","0","0","0","0","0","0","0","0","0","0","0","0","0","0","0","0","0","1.9759915777817","0","0","0","0","0","0","0","0","0","0","0","0","0","0","0","0","0","0","0","0","0","2.06483747359725","0","0","0","0","0","0","0","0","0","0","0","0","0"
"GRN__Olig","0","0","0","0","0","0","0","0","0","0","0","0","0","0","0","0","0","0","0","0","0","0","0","0","0","0","0","0","0","0","0","0","0","0","0","0","0","0","0","0","0","0","0","0","0","0","0","0","0","0","0","0","0","0","0","0","0","0","0","0","0","0","0","0","0","0","0","0","0","0","0","0","0","0","0","0","0","0","0","0","0","0","0","0","0","0","0","0","0","0","0","0","0","0","0","0","0","0","0","0","0","0","0","0","0","0","0","0","0","0","0","0","0","0","0","0","0","0","0","0","0","0","0","0","0","0","0","0","0","0","0","0","0","0","0","0","0","0","0","0","0","0","0","0","0","0","0","0","0","0","0","0","0","0","0","0","0","0","0","0","0","0","0","0","0","0","0","0","0","0","0","0","0","0","0","0","0","0","0","0","0","0","0","0","0","0","0","0","0","0","0","0","0","0","0","0","0","0","0","0","0","0","0","0","0","0","0","0","0","0","0","0","0","0","0","0","0","0","0","0","0","0","0","0","0","0","0","0","0","0","0","0","0","0","0","0","0","0","0","0","0","0","0","0","0","0","0","0","0","0","0","0","0","0","0","0","0","0","0","0","0","0","0","0","0","0","0","0","0","0","1.86450367410222","0","0","0","0","0","0","0","0","0","0","0","0","0","0","0","0","0","0","0","0","0","0","0","0","0","0","0","0","0","0","0","0","0","0","2.22437823726029","0","0","0","0","0","0","0","0","0","0","0","0","0","0","0","0","0","0","0","0","0","0","0","0","0","2.26734625795629","0","0","0","0","0","0","0","0","0","0","0","0","0","0","0","0","0","0","0","0","0","0","0","0","0","0","0","0","0","0","0","0","0","0","1.23311676580095","0","0","0","0","0","0","0","0","0","0","0","0","0","0","0","0","0","0","0","0","0","0","0","0","0","0","0","0","0","0","0","0","0","0","0","0","0","0","0","0","0","0","1.29559406981101","0","0","0","0","0","0","0","0","0","0","0","0","1.86958719155305","0","0","0","0","0","2.02822555024921","0","1.00301503775543","0","0","1.02643594292201","0","0","0","0","0","0","0","0","0","0","0","0","0","0","0","0","0","0","0","0","0","0","0","0","0","0","0","0","0","0","0","0","0","0","0","0","0","0","0","0","0","0","0","0","0","0","0","0","0","0","0","0","0","0","0","1.79246629620522","0","0","0","0","0","0","0","0","0","0","0","0","0","0","0","0","0","0","0","0.844760921870089","0","0","0","0","0","0","0","0","0","0","0","0","0"
"LGI3__Olig","0","0","0","0","0","0","0","0","0","0","0","0","0","0","0","0","0","0","0","0","0","0","0","0","0","0","0","0","0","0","0","0","0","0","0","0","0","0","0","0","0","0","0","0","0","0","0","0","0","0","0","0","0","0","0","0","0","0","0","0","0","0","0","0","0","0","0","0","0","0","0","0","0","0","0","0","0","0","0","0","0","0","0","0","0","0","0","0","0","0","0","0","0","0","0","0","0","0","0","0","0","0","0","0","0","0","0","0","0","0","0","0","0","0","0","0","0","0","0","0","0","0","0","0","0","0","0","0","0","0","0","0","0","0","0","0","0","0","0","0","0","0","0","0","0","0","0","0","0","0","0","0","0","0","0","0","0","0","0","0","0","0","0","0","0","0","0","0","0","0","0","0","0","0","0","0","0","0","0","0","0","0","0","0","0","0","0","0","0","0","0","0","0","0","0","0","0","0","0","0","0","0","0","0","0","0","0","0","0","0","0","0","0","0","0","0","0","0","0","0","0","0","0","0","0","0","0","0","0","0","0","0","0","0","0","0","0","0","0","0","0","0","0","0","0","0","0","0","0","0","0","0","0","0","0","0","0","0","0","0","0","0","0","0","0","0","0","0","0","0","3.35684699434067","0","0","0","0","0","0","0","0","0","0","0","0","0","0","0","0","0","0","0","0","0","0","0","0","0","0","0","0","0","0","0","0","0","0","2.22437823726029","0","0","0","0","0","0","0","0","0","0","0","0","0","0","0","0","0","0","0","0","0","0","0","0","0","2.60545243858478","0","0","0","0","0","0","0","0","2.36681293612239","0","0","0","0","0","0","0","0","0","0","0","0","0","0","0","0","0","0","0","0","0","0","0","0","0","1.88810450069273","0","0","0","0","0","0","0","0","0","0","0","0","0","0","0","0","0","0","0","0","0","0","0","0","0","0","0","0","0","0","0","0","0","0","0","0","0","0","0","0","0","0","1.55567257888757","0","0","0","0","0","0","0","0","0","0","0","0","1.86958719155305","0","0","0","0","0","1.61007901076269","0","2.58998406875955","0","0","3.50714236652912","0","0","0","0","0","0","0","0","0","0","0","0","0","0","0","0","0","0","2.81206421597289","0","0","0","0","0","0","0","0","0","0","0","0","0","0","0","0","0","0","0","0","0","0","0","0","0","0","0","0","0","0","0","0","0","0","3.29306966920902","0","2.56757743015364","0","0","0","0","0","0","0","0","0","0","0","0","0","0","0","0","0","0","0","4.01108185132194","0","0","0","0","0","0","0","0","0","0","0","0","0"
"SEMA7A__Olig","0","0","0","0","0","0","0","0","0","0","0","0","0","0","0","0","0","0","0","0","0","0","0","0","0","0","0","0","0","0","0","0","0","0","0","0","0","0","0","0","0","0","0","0","0","0","0","0","0","0","0","0","0","0","0","0","0","0","0","0","0","0","0","0","0","0","0","0","0","0","0","0","0","0","0","0","0","0","0","0","0","0","0","0","0","0","0","0","0","0","0","0","0","0","0","0","0","0","0","0","0","0","0","0","0","0","0","0","0","0","0","0","0","0","0","0","0","0","0","0","0","0","0","0","0","0","0","0","0","0","0","0","0","0","0","0","0","0","0","0","0","0","0","0","0","0","0","0","0","0","0","0","0","0","0","0","0","0","0","0","0","0","0","0","0","0","0","0","0","0","0","0","0","0","0","0","0","0","0","0","0","0","0","0","0","0","0","0","0","0","0","0","0","0","0","0","0","0","0","0","0","0","0","0","0","0","0","0","0","0","0","0","0","0","0","0","0","0","0","0","0","0","0","0","0","0","0","0","0","0","0","0","0","0","0","0","0","0","0","0","0","0","0","0","0","0","0","0","0","0","0","0","0","0","0","0","0","0","0","0","0","0","0","0","0","0","0","0","0","0","0.731493120529801","0","0","0","0","0","0","0","0","0","0","0","0","0","0","0","0","0","0","0","0","0","0","0","0","0","0","0","0","0","0","0","0","0","0","2.22437823726029","0","0","0","0","0","0","0","0","0","0","0","0","0","0","0","0","0","0","0","0","0","0","0","0","0","0","0","0","0","0","0","0","0","0","1.9153307362339","0","0","0","0","0","0","0","0","0","0","0","0","0","0","0","0","0","0","0","0","0","0","0","0","0","1.88810450069273","0","0","0","0","0","0","0","0","0","0","0","0","0","0","0","0","0","0","0","0","0","0","0","0","0","0","0","0","0","0","0","0","0","0","0","0","0","0","0","0","0","0","1.77594993132682","0","0","0","0","0","0","0","0","0","0","0","0","1.86958719155305","0","0","0","0","0","1.61007901076269","0","0","0","0","1.62010386238077","0","0","0","0","0","0","0","0","0","0","0","0","0","0","0","0","0","0","1.76941410463827","0","0","0","0","0","0","0","0","0","0","0","0","0","0","0","0","0","0","0","0","0","0","0","0","0","0","0","0","0","0","0","0","0","0","1.30275342616461","0","1.79246629620522","0","0","0","0","0","0","0","0","0","0","0","0","0","0","0","0","0","0","0","0","0","0","0","0","0","0","0","0","0","0","0","0","0"
"COL4A2__Olig","0","0","0","0","0","0","0","0","0","0","0","0","0","0","0","0","0","0","0","0","0","0","0","0","0","0","0","0","0","0","0","0","0","0","0","0","0","0","0","0","0","0","0","0","0","0","0","0","0","0","0","0","0","0","0","0","0","0","0","0","0","0","0","0","0","0","0","0","0","0","0","0","0","0","0","0","0","0","0","0","0","0","0","0","0","0","0","0","0","0","0","0","0","0","0","0","0","0","0","0","0","0","0","0","0","0","0","0","0","0","0","0","0","0","0","0","0","0","0","0","0","0","0","0","0","0","0","0","0","0","0","0","0","0","0","0","0","0","0","0","0","0","0","0","0","0","0","0","0","0","0","0","0","0","0","0","0","0","0","0","0","0","0","0","0","0","0","0","0","0","0","0","0","0","0","0","0","0","0","0","0","0","0","0","0","0","0","0","0","0","0","0","0","0","0","0","0","0","0","0","0","0","0","0","0","0","0","0","0","0","0","0","0","0","0","0","0","0","0","0","0","0","0","0","0","0","0","0","0","0","0","0","0","0","0","0","0","0","0","0","0","0","0","0","0","0","0","0","0","0","0","0","0","0","0","0","0","0","0","0","0","0","0","0","0","0","0","0","0","0","1.57583014478049","0","0","0","0","0","0","0","0","0","0","0","0","0","0","0","0","0","0","0","0","0","0","0","0","0","0","0","0","0","0","0","0","0","0","3.34805341074248","0","0","0","0","0","0","0","0","0","0","0","0","0","0","0","0","0","0","0","0","0","0","0","0","0","1.82493548266242","0","0","0","0","0","0","0","0","0","0","0","0","0","0","0","0","0","0","0","0","0","0","0","0","0","0","0","0","0","0","0","0","0","0","1.23311676580095","0","0","0","0","0","0","0","0","0","0","0","0","0","0","0","0","0","0","0","0","0","0","0","0","0","0","0","0","0","0","0","0","0","0","0","0","0","0","0","0","0","0","0.978088495513975","0","0","0","0","0","0","0","0","0","0","0","0","0","0","0","0","0","0","0","0","2.00452019703738","0","0","0","0","0","0","0","0","0","0","0","0","0","0","0","0","0","0","0","0","0","1.76941410463827","0","0","0","0","0","0","0","0","0","0","0","0","0","0","0","0","0","0","0","0","0","0","0","0","0","0","0","0","0","0","0","0","0","0","1.9759915777817","0","2.56757743015364","0","0","0","0","0","0","0","0","0","0","0","0","0","0","0","0","0","0","0","0.844760921870089","0","0","0","0","0","0","0","0","0","0","0","0","0"
"DLK2__Olig","0","0","0","0","0","0","0","0","0","0","0","0","0","0","0","0","0","0","0","0","0","0","0","0","0","0","0","0","0","0","0","0","0","0","0","0","0","0","0","0","0","0","0","0","0","0","0","0","0","0","0","0","0","0","0","0","0","0","0","0","0","0","0","0","0","0","0","0","0","0","0","0","0","0","0","0","0","0","0","0","0","0","0","0","0","0","0","0","0","0","0","0","0","0","0","0","0","0","0","0","0","0","0","0","0","0","0","0","0","0","0","0","0","0","0","0","0","0","0","0","0","0","0","0","0","0","0","0","0","0","0","0","0","0","0","0","0","0","0","0","0","0","0","0","0","0","0","0","0","0","0","0","0","0","0","0","0","0","0","0","0","0","0","0","0","0","0","0","0","0","0","0","0","0","0","0","0","0","0","0","0","0","0","0","0","0","0","0","0","0","0","0","0","0","0","0","0","0","0","0","0","0","0","0","0","0","0","0","0","0","0","0","0","0","0","0","0","0","0","0","0","0","0","0","0","0","0","0","0","0","0","0","0","0","0","0","0","0","0","0","0","0","0","0","0","0","0","0","0","0","0","0","0","0","0","0","0","0","0","0","0","0","0","0","0","0","0","0","0","0","0.731493120529801","0","0","0","0","0","0","0","0","0","0","0","0","0","0","0","0","0","0","0","0","0","0","0","0","0","0","0","0","0","0","0","0","0","0","2.22437823726029","0","0","0","0","0","0","0","0","0","0","0","0","0","0","0","0","0","0","0","0","0","0","0","0","0","1.82493548266242","0","0","0","0","0","0","0","0","0","0","0","0","0","0","0","0","0","0","0","0","0","0","0","0","0","0","0","0","0","0","0","0","0","0","0","0","0","0","0","0","0","0","0","0","0","0","0","0","0","0","0","0","0","0","0","0","0","0","0","0","0","0","0","0","0","0","0","0","0","0","0","0","0","0","0","0","0","1.77594993132682","0","0","0","0","0","0","0","0","0","0","0","0","0","0","0","0","0","0","0","0","1.00301503775543","0","0","1.62010386238077","0","0","0","0","0","0","0","0","0","0","0","0","0","0","0","0","0","0","1.76941410463827","0","0","0","0","0","0","0","0","0","0","0","0","0","0","0","0","0","0","0","0","0","0","0","0","0","0","0","0","0","0","0","0","0","0","3.0591758511982","0","0","0","0","0","0","0","0","0","0","0","0","0","0","0","0","0","0","0","0","0","1.37402909381587","0","0","0","0","0","0","0","0","0","0","0","0","0"
"SEMA5A__Olig","0","0","0","0","0","0","0","0","0","0","0","0","0","0","0","0","0","0","0","0","0","0","0","0","0","0","0","0","0","0","0","0","0","0","0","0","0","0","0","0","0","0","0","0","0","0","0","0","0","0","0","0","0","0","0","0","0","0","0","0","0","0","0","0","0","0","0","0","0","0","0","0","0","0","0","0","0","0","0","0","0","0","0","0","0","0","0","0","0","0","0","0","0","0","0","0","0","0","0","0","0","0","0","0","0","0","0","0","0","0","0","0","0","0","0","0","0","0","0","0","0","0","0","0","0","0","0","0","0","0","0","0","0","0","0","0","0","0","0","0","0","0","0","0","0","0","0","0","0","0","0","0","0","0","0","0","0","0","0","0","0","0","0","0","0","0","0","0","0","0","0","0","0","0","0","0","0","0","0","0","0","0","0","0","0","0","0","0","0","0","0","0","0","0","0","0","0","0","0","0","0","0","0","0","0","0","0","0","0","0","0","0","0","0","0","0","0","0","0","0","0","0","0","0","0","0","0","0","0","0","0","0","0","0","0","0","0","0","0","0","0","0","0","0","0","0","0","0","0","0","0","0","0","0","0","0","0","0","0","0","0","0","0","0","0","0","0","0","0","0","1.21456823230162","0","0","0","0","0","0","0","0","0","0","0","0","0","0","0","0","0","0","0","0","0","0","0","0","0","0","0","0","0","0","0","0","0","0","2.22437823726029","0","0","0","0","0","0","0","0","0","0","0","0","0","0","0","0","0","0","0","0","0","0","0","0","0","1.82493548266242","0","0","0","0","0","0","0","0","1.9153307362339","0","0","0","0","0","0","0","0","0","0","0","0","0","0","0","0","0","0","0","0","0","0","0","0","0","0","0","0","0","0","0","0","0","0","0","0","0","0","0","0","0","0","0","0","0","0","0","0","0","0","0","0","0","0","0","0","0","0","0","0","0","0","0","0","0","0","0","0","1.77594993132682","0","0","0","0","0","0","0","0","0","0","0","0","1.21855801365499","0","0","0","0","0","2.35201585831053","0","1.00301503775543","0","0","0","0","0","0","0","0","0","0","0","0","0","0","0","0","0","0","0","0","0","1.14050212522802","0","0","0","0","0","0","0","0","0","0","0","0","0","0","0","0","0","0","0","0","0","0","0","0","0","0","0","0","0","0","0","0","0","0","1.30275342616461","0","1.79246629620522","0","0","0","0","0","0","0","0","0","0","0","0","0","0","0","0","0","0","0","0","0","0","0","0","0","0","0","0","0","0","0","0","0"
"MAG__Olig","0","0","0","0","0","0","0","0","0","0","0","0","0","0","0","0","0","0","0","0","0","0","0","0","0","0","0","0","0","0","0","0","0","0","0","0","0","0","0","0","0","0","0","0","0","0","0","0","0","0","0","0","0","0","0","0","0","0","0","0","0","0","0","0","0","0","0","0","0","0","0","0","0","0","0","0","0","0","0","0","0","0","0","0","0","0","0","0","0","0","0","0","0","0","0","0","0","0","0","0","0","0","0","0","0","0","0","0","0","0","0","0","0","0","0","0","0","0","0","0","0","0","0","0","0","0","0","0","0","0","0","0","0","0","0","0","0","0","0","0","0","0","0","0","0","0","0","0","0","0","0","0","0","0","0","0","0","0","0","0","0","0","0","0","0","0","0","0","0","0","0","0","0","0","0","0","0","0","0","0","0","0","0","0","0","0","0","0","0","0","0","0","0","0","0","0","0","0","0","0","0","0","0","0","0","0","0","0","0","0","0","0","0","0","0","0","0","0","0","0","0","0","0","0","0","0","0","0","0","0","0","0","0","0","0","0","0","0","0","0","0","0","0","0","0","0","0","0","0","0","0","0","0","0","0","0","0","0","0","0","0","0","0","0","0","0","0","0","0","0","5.85276461499227","0","0","0","0","0","0","0","0","0","0","0","0","0","0","0","0","0","0","0","0","0","0","0","0","0","0","0","0","0","0","0","0","0","0","6.06857843566153","0","0","0","0","0","0","0","0","0","0","0","0","0","0","0","0","0","0","0","0","0","0","0","0","0","5.76556509329935","0","0","0","0","0","0","0","0","5.45831778777087","0","0","0","0","0","0","0","0","0","0","0","0","0","0","0","0","0","0","0","0","0","0","0","0","0","5.22766632619832","0","0","0","0","0","0","0","0","0","0","0","0","0","0","0","0","0","0","0","0","0","0","0","0","0","0","0","0","0","0","0","0","0","0","0","0","0","0","0","0","0","0","4.79030168470717","0","0","0","0","0","0","0","0","0","0","0","0","5.75717264443175","0","0","0","0","0","6.16626660333562","0","6.21539591814079","0","0","6.05159195141476","0","0","0","0","0","0","0","0","0","0","0","0","0","0","2.95970729405197","0","0","0","5.78675271684606","0","0","0","0","0","0","0","0","0","0","0","0","0","0","0","0","0","0","0","0","0","0","0","0","0","0","0","0","0","0","0","0","0","0","6.29921921634934","0","5.42253971044995","0","0","0","0","0","0","0","0","0","0","0","0","0","0","0","0","0","0","0","6.13440861146308","0","0","0","0","0","0","0","0","0","0","0","0","0"
"EFNB3__Olig","0","0","0","0","0","0","0","0","0","0","0","0","0","0","0","0","0","0","0","0","0","0","0","0","0","0","0","0","0","0","0","0","0","0","0","0","0","0","0","0","0","0","0","0","0","0","0","0","0","0","0","0","0","0","0","0","0","0","0","0","0","0","0","0","0","0","0","0","0","0","0","0","0","0","0","0","0","0","0","0","0","0","0","0","0","0","0","0","0","0","0","0","0","0","0","0","0","0","0","0","0","0","0","0","0","0","0","0","0","0","0","0","0","0","0","0","0","0","0","0","0","0","0","0","0","0","0","0","0","0","0","0","0","0","0","0","0","0","0","0","0","0","0","0","0","0","0","0","0","0","0","0","0","0","0","0","0","0","0","0","0","0","0","0","0","0","0","0","0","0","0","0","0","0","0","0","0","0","0","0","0","0","0","0","0","0","0","0","0","0","0","0","0","0","0","0","0","0","0","0","0","0","0","0","0","0","0","0","0","0","0","0","0","0","0","0","0","0","0","0","0","0","0","0","0","0","0","0","0","0","0","0","0","0","0","0","0","0","0","0","0","0","0","0","0","0","0","0","0","0","0","0","0","0","0","0","0","0","0","0","0","0","0","0","0","0","0","0","0","0","2.65141976613063","0","0","0","0","0","0","0","0","0","0","0","0","0","0","0","0","0","0","0","0","0","0","0","0","0","0","0","0","0","0","0","0","0","0","3.58727902038075","0","0","0","0","0","0","0","0","0","0","0","0","0","0","0","0","0","0","0","0","0","0","0","0","0","3.10914905474871","0","0","0","0","0","0","0","0","2.98732212669625","0","0","0","0","0","0","0","0","0","0","0","0","0","0","0","0","0","0","0","0","0","0","0","0","0","3.38614880443747","0","0","0","0","0","0","0","0","0","0","0","0","0","0","0","0","0","0","0","0","0","0","0","0","0","0","0","0","0","0","0","0","0","0","0","0","0","0","0","0","0","0","2.6631613787466","0","0","0","0","0","0","0","0","0","0","0","0","2.93276043416173","0","0","0","0","0","3.20331744255555","0","3.00527218821463","0","0","3.21659247304513","0","0","0","0","0","0","0","0","0","0","0","0","0","0","0","0","0","0","2.81206421597289","0","0","0","0","0","0","0","0","0","0","0","0","0","0","0","0","0","0","0","0","0","0","0","0","0","0","0","0","0","0","0","0","0","0","3.4942810193949","0","3.06904856593832","0","0","0","0","0","0","0","0","0","0","0","0","0","0","0","0","0","0","0","1.76039184516602","0","0","0","0","0","0","0","0","0","0","0","0","0"
"COL5A3__Olig","0","0","0","0","0","0","0","0","0","0","0","0","0","0","0","0","0","0","0","0","0","0","0","0","0","0","0","0","0","0","0","0","0","0","0","0","0","0","0","0","0","0","0","0","0","0","0","0","0","0","0","0","0","0","0","0","0","0","0","0","0","0","0","0","0","0","0","0","0","0","0","0","0","0","0","0","0","0","0","0","0","0","0","0","0","0","0","0","0","0","0","0","0","0","0","0","0","0","0","0","0","0","0","0","0","0","0","0","0","0","0","0","0","0","0","0","0","0","0","0","0","0","0","0","0","0","0","0","0","0","0","0","0","0","0","0","0","0","0","0","0","0","0","0","0","0","0","0","0","0","0","0","0","0","0","0","0","0","0","0","0","0","0","0","0","0","0","0","0","0","0","0","0","0","0","0","0","0","0","0","0","0","0","0","0","0","0","0","0","0","0","0","0","0","0","0","0","0","0","0","0","0","0","0","0","0","0","0","0","0","0","0","0","0","0","0","0","0","0","0","0","0","0","0","0","0","0","0","0","0","0","0","0","0","0","0","0","0","0","0","0","0","0","0","0","0","0","0","0","0","0","0","0","0","0","0","0","0","0","0","0","0","0","0","0","0","0","0","0","0","1.57583014478049","0","0","0","0","0","0","0","0","0","0","0","0","0","0","0","0","0","0","0","0","0","0","0","0","0","0","0","0","0","0","0","0","0","0","2.22437823726029","0","0","0","0","0","0","0","0","0","0","0","0","0","0","0","0","0","0","0","0","0","0","0","0","0","1.82493548266242","0","0","0","0","0","0","0","0","1.9153307362339","0","0","0","0","0","0","0","0","0","0","0","0","0","0","0","0","0","0","0","0","0","0","0","0","0","0","0","0","0","0","0","0","0","0","0","0","0","0","0","0","0","0","0","0","0","0","0","0","0","0","0","0","0","0","0","0","0","0","0","0","0","0","0","0","0","0","0","0","0.570391869857093","0","0","0","0","0","0","0","0","0","0","0","0","1.21855801365499","0","0","0","0","0","1.61007901076269","0","1.00301503775543","0","0","0","0","0","0","0","0","0","0","0","0","0","0","0","0","0","2.95970729405197","0","0","0","1.76941410463827","0","0","0","0","0","0","0","0","0","0","0","0","0","0","0","0","0","0","0","0","0","0","0","0","0","0","0","0","0","0","0","0","0","0","0","0","0","0","0","0","0","0","0","0","0","0","0","0","0","0","0","0","0","0","0","0","0","0","0","0","0","0","0","0","0","0","0","0","0","0"
"NFASC__Olig","0","0","0","0","0","0","0","0","0","0","0","0","0","0","0","0","0","0","0","0","0","0","0","0","0","0","0","0","0","0","0","0","0","0","0","0","0","0","0","0","0","0","0","0","0","0","0","0","0","0","0","0","0","0","0","0","0","0","0","0","0","0","0","0","0","0","0","0","0","0","0","0","0","0","0","0","0","0","0","0","0","0","0","0","0","0","0","0","0","0","0","0","0","0","0","0","0","0","0","0","0","0","0","0","0","0","0","0","0","0","0","0","0","0","0","0","0","0","0","0","0","0","0","0","0","0","0","0","0","0","0","0","0","0","0","0","0","0","0","0","0","0","0","0","0","0","0","0","0","0","0","0","0","0","0","0","0","0","0","0","0","0","0","0","0","0","0","0","0","0","0","0","0","0","0","0","0","0","0","0","0","0","0","0","0","0","0","0","0","0","0","0","0","0","0","0","0","0","0","0","0","0","0","0","0","0","0","0","0","0","0","0","0","0","0","0","0","0","0","0","0","0","0","0","0","0","0","0","0","0","0","0","0","0","0","0","0","0","0","0","0","0","0","0","0","0","0","0","0","0","0","0","0","0","0","0","0","0","0","0","0","0","0","0","0","0","0","0","0","0","2.49121076758534","0","0","0","0","0","0","0","0","0","0","0","0","0","0","0","0","0","0","0","0","0","0","0","0","0","0","0","0","0","0","0","0","0","0","2.7025781759781","0","0","0","0","0","0","0","0","0","0","0","0","0","0","0","0","0","0","0","0","0","0","0","0","0","1.82493548266242","0","0","0","0","0","0","0","0","0","0","0","0","0","0","0","0","0","0","0","0","0","0","0","0","0","0","0","0","0","0","0","0","0","0","1.88810450069273","0","0","0","0","0","0","0","0","0","0","0","0","0","0","0","0","0","0","0","0","0","0","0","0","0","0","0","0","0","0","0","0","0","0","0","0","0","0","0","0","0","0","1.29559406981101","0","0","0","0","0","0","0","0","0","0","0","0","0","0","0","0","0","0","2.02822555024921","0","2.32674913543348","0","0","2.36399616685453","0","0","0","0","0","0","0","0","0","0","0","0","0","0","2.95970729405197","0","0","0","1.14050212522802","0","0","0","0","0","0","0","0","0","0","0","0","0","0","0","0","0","0","0","0","0","0","0","0","0","0","0","0","0","0","0","0","0","0","2.77988387618465","0","0","0","0","0","0","0","0","0","0","0","0","0","0","0","0","0","0","0","0","0","2.7162819236505","0","0","0","0","0","0","0","0","0","0","0","0","0"
"LRRC4B__Olig","0","0","0","0","0","0","0","0","0","0","0","0","0","0","0","0","0","0","0","0","0","0","0","0","0","0","0","0","0","0","0","0","0","0","0","0","0","0","0","0","0","0","0","0","0","0","0","0","0","0","0","0","0","0","0","0","0","0","0","0","0","0","0","0","0","0","0","0","0","0","0","0","0","0","0","0","0","0","0","0","0","0","0","0","0","0","0","0","0","0","0","0","0","0","0","0","0","0","0","0","0","0","0","0","0","0","0","0","0","0","0","0","0","0","0","0","0","0","0","0","0","0","0","0","0","0","0","0","0","0","0","0","0","0","0","0","0","0","0","0","0","0","0","0","0","0","0","0","0","0","0","0","0","0","0","0","0","0","0","0","0","0","0","0","0","0","0","0","0","0","0","0","0","0","0","0","0","0","0","0","0","0","0","0","0","0","0","0","0","0","0","0","0","0","0","0","0","0","0","0","0","0","0","0","0","0","0","0","0","0","0","0","0","0","0","0","0","0","0","0","0","0","0","0","0","0","0","0","0","0","0","0","0","0","0","0","0","0","0","0","0","0","0","0","0","0","0","0","0","0","0","0","0","0","0","0","0","0","0","0","0","0","0","0","0","0","0","0","0","0","2.31096231019899","0","0","0","0","0","0","0","0","0","0","0","0","0","0","0","0","0","0","0","0","0","0","0","0","0","0","0","0","0","0","0","0","0","0","0","0","0","0","0","0","0","0","0","0","0","0","0","0","0","0","0","0","0","0","0","0","0","0","0","0","0","0","0","0","0","0","0","0","0","2.36681293612239","0","0","0","0","0","0","0","0","0","0","0","0","0","0","0","0","0","0","0","0","0","0","0","0","0","2.33691995466517","0","0","0","0","0","0","0","0","0","0","0","0","0","0","0","0","0","0","0","0","0","0","0","0","0","0","0","0","0","0","0","0","0","0","0","0","0","0","0","0","0","0","2.28670814850287","0","0","0","0","0","0","0","0","0","0","0","0","2.65731074350557","0","0","0","0","0","1.61007901076269","0","2.32674913543348","0","0","2.62875706634739","0","0","0","0","0","0","0","0","0","0","0","0","0","0","0","0","0","0","1.76941410463827","0","0","0","0","0","0","0","0","0","0","0","0","0","0","0","0","0","0","0","0","0","0","0","0","0","0","0","0","0","0","0","0","0","0","2.77988387618465","0","2.56757743015364","0","0","0","0","0","0","0","0","0","0","0","0","0","0","0","0","0","0","0","2.06483747359725","0","0","0","0","0","0","0","0","0","0","0","0","0"
"RPH3A__Olig","0","0","0","0","0","0","0","0","0","0","0","0","0","0","0","0","0","0","0","0","0","0","0","0","0","0","0","0","0","0","0","0","0","0","0","0","0","0","0","0","0","0","0","0","0","0","0","0","0","0","0","0","0","0","0","0","0","0","0","0","0","0","0","0","0","0","0","0","0","0","0","0","0","0","0","0","0","0","0","0","0","0","0","0","0","0","0","0","0","0","0","0","0","0","0","0","0","0","0","0","0","0","0","0","0","0","0","0","0","0","0","0","0","0","0","0","0","0","0","0","0","0","0","0","0","0","0","0","0","0","0","0","0","0","0","0","0","0","0","0","0","0","0","0","0","0","0","0","0","0","0","0","0","0","0","0","0","0","0","0","0","0","0","0","0","0","0","0","0","0","0","0","0","0","0","0","0","0","0","0","0","0","0","0","0","0","0","0","0","0","0","0","0","0","0","0","0","0","0","0","0","0","0","0","0","0","0","0","0","0","0","0","0","0","0","0","0","0","0","0","0","0","0","0","0","0","0","0","0","0","0","0","0","0","0","0","0","0","0","0","0","0","0","0","0","0","0","0","0","0","0","0","0","0","0","0","0","0","0","0","0","0","0","0","0","0","0","0","0","0","2.49121076758534","0","0","0","0","0","0","0","0","0","0","0","0","0","0","0","0","0","0","0","0","0","0","0","0","0","0","0","0","0","0","0","0","0","0","1.50413591691073","0","0","0","0","0","0","0","0","0","0","0","0","0","0","0","0","0","0","0","0","0","0","0","0","0","1.82493548266242","0","0","0","0","0","0","0","0","0","0","0","0","0","0","0","0","0","0","0","0","0","0","0","0","0","0","0","0","0","0","0","0","0","0","2.67874161874008","0","0","0","0","0","0","0","0","0","0","0","0","0","0","0","0","0","0","0","0","0","0","0","0","0","0","0","0","0","0","0","0","0","0","0","0","0","0","0","0","0","0","2.86869647133539","0","0","0","0","0","0","0","0","0","0","0","0","0","0","0","0","0","0","2.61629040553173","0","2.00452019703738","0","0","1.62010386238077","0","0","0","0","0","0","0","0","0","0","0","0","0","0","3.86387127177662","0","0","0","1.14050212522802","0","0","0","0","0","0","0","0","0","0","0","0","0","0","0","0","0","0","0","0","0","0","0","0","0","0","0","0","0","0","0","0","0","0","1.30275342616461","0","0","0","0","0","0","0","0","0","0","0","0","0","0","0","0","0","0","0","0","0","0","0","0","0","0","0","0","0","0","0","0","0","0","0"
