"feature","cell_1","cell_2","cell_3","cell_4","cell_5","cell_6","cell_7","cell_8","cell_9","cell_10","cell_11","cell_12","cell_13","cell_14","cell_15","cell_16","cell_17","cell_18","cell_19","cell_20","cell_21","cell_22","cell_23","cell_24","cell_25","cell_26","cell_27","cell_28","cell_29","cell_30","cell_31","cell_32","cell_33","cell_34","cell_35","cell_36","cell_37","cell_38","cell_39","cell_40","cell_41","cell_42","cell_43","cell_44","cell_45","cell_46","cell_47","cell_48","cell_49","cell_50","cell_51","cell_52","cell_53","cell_54","cell_55","cell_56","cell_57","cell_58","cell_59","cell_60","cell_61","cell_62","cell_63","cell_64","cell_65","cell_66","cell_67","cell_68","cell_69","cell_70","cell_71","cell_72","cell_73","cell_74","cell_75","cell_76","cell_77","cell_78","cell_79","cell_80","cell_81","cell_82","cell_83","cell_84","cell_85","cell_86","cell_87","cell_88","cell_89","cell_90","cell_91","cell_92","cell_93","cell_94","cell_95","cell_96","cell_97","cell_98","cell_99","cell_100","cell_101","cell_102","cell_103","cell_104","cell_105","cell_106","cell_107","cell_108","cell_109","cell_110","cell_111","cell_112","cell_113","cell_114","cell_115","cell_116","cell_117","cell_118","cell_119","cell_120","cell_121","cell_122","cell_123","cell_124","cell_125","cell_126","cell_127","cell_128","cell_129","cell_130","cell_131","cell_132","cell_133","cell_134","cell_135","cell_136","cell_137","cell_138","cell_139","cell_140","cell_141","cell_142","cell_143","cell_144","cell_145","cell_146","cell_147","cell_148","cell_149","cell_150","cell_151","cell_152","cell_153","cell_154","cell_155","cell_156","cell_157","cell_158","cell_159","cell_160","cell_161","cell_162","cell_163","cell_164","cell_165","cell_166","cell_167","cell_168","cell_169","cell_170","cell_171","cell_172","cell_173","cell_174","cell_175","cell_176","cell_177","cell_178","cell_179","cell_180","cell_181","cell_182","cell_183","cell_184","cell_185","cell_186","cell_187","cell_188","cell_189","cell_190","cell_191","cell_192","cell_193","cell_194","cell_195","cell_196","cell_197","cell_198","cell_199","cell_200","cell_201","cell_202","cell_203","cell_204","cell_205","cell_206","cell_207","cell_208","cell_209","cell_210","cell_211","cell_212","cell_213","cell_214","cell_215","cell_216","cell_217","cell_218","cell_219","cell_220","cell_221","cell_222","cell_223","cell_224","cell_225","cell_226","cell_227","cell_228","cell_229","cell_230","cell_231","cell_232","cell_233","cell_234","cell_235","cell_236","cell_237","cell_238","cell_239","cell_240","cell_241","cell_242","cell_243","cell_244","cell_245","cell_246","cell_247","cell_248","cell_249","cell_250","cell_251","cell_252","cell_253","cell_254","cell_255","cell_256","cell_257","cell_258","cell_259","cell_260","cell_261","cell_262","cell_263","cell_264","cell_265","cell_266","cell_267","cell_268","cell_269","cell_270","cell_271","cell_272","cell_273","cell_274","cell_275","cell_276","cell_277","cell_278","cell_279","cell_280","cell_281","cell_282","cell_283","cell_284","cell_285","cell_286","cell_287","cell_288","cell_289","cell_290","cell_291","cell_292","cell_293","cell_294","cell_295","cell_296","cell_297","cell_298","cell_299","cell_300","cell_301","cell_302","cell_303","cell_304","cell_305","cell_306","cell_307","cell_308","cell_309","cell_310","cell_311","cell_312","cell_313","cell_314","cell_315","cell_316","cell_317","cell_318","cell_319","cell_320","cell_321","cell_322","cell_323","cell_324","cell_325","cell_326","cell_327","cell_328","cell_329","cell_330","cell_331","cell_332","cell_333","cell_334","cell_335","cell_336","cell_337","cell_338","cell_339","cell_340","cell_341","cell_342","cell_343","cell_344","cell_345","cell_346","cell_347","cell_348","cell_349","cell_350","cell_351","cell_352","cell_353","cell_354","cell_355","cell_356","cell_357","cell_358","cell_359","cell_360","cell_361","cell_362","cell_363","cell_364","cell_365","cell_366","cell_367","cell_368","cell_369","cell_370","cell_371","cell_372","cell_373","cell_374","cell_375","cell_376","cell_377","cell_378","cell_379","cell_380","cell_381","cell_382","cell_383","cell_384","cell_385","cell_386","cell_387","cell_388","cell_389","cell_390","cell_391","cell_392","cell_393","cell_394","cell_395","cell_396","cell_397","cell_398","cell_399","cell_400","cell_401","cell_402","cell_403","cell_404","cell_405","cell_406","cell_407","cell_408","cell_409","cell_410","cell_411","cell_412","cell_413","cell_414","cell_415","cell_416","cell_417","cell_418","cell_419","cell_420","cell_421","cell_422","cell_423","cell_424","cell_425","cell_426","cell_427","cell_428","cell_429","cell_430","cell_431","cell_432","cell_433","cell_434","cell_435","cell_436","cell_437","cell_438","cell_439","cell_440","cell_441","cell_442","cell_443","cell_444","cell_445","cell_446","cell_447","cell_448","cell_449","cell_450","cell_451","cell_452","cell_453","cell_454","cell_455","cell_456","cell_457","cell_458","cell_459","cell_460","cell_461","cell_462","cell_463","cell_464","cell_465","cell_466","cell_467","cell_468","cell_469","cell_470","cell_471","cell_472","cell_473","cell_474","cell_475","cell_476","cell_477","cell_478","cell_479","cell_480","cell_481","cell_482","cell_483","cell_484","cell_485","cell_486","cell_487","cell_488","cell_489","cell_490","cell_491","cell_492","cell_493","cell_494","cell_495","cell_496","cell_497","cell_498","cell_499","cell_500","cell_501","cell_502","cell_503","cell_504","cell_505","cell_506","cell_507","cell_508","cell_509","cell_510","cell_511","cell_512","cell_513","cell_514","cell_515","cell_516","cell_517","cell_518","cell_519","cell_520","cell_521","cell_522","cell_523"
"ADAM11__L2-L3-eNeuron","1.05242822120584","1.85443016499106","1.53691988081479","0","1.13781838517434","0","1.69027024481578","0","2.13416523832471","2.36654432109575","0","1.07449912261359","0","1.11757448823261","0.862171995600748","0","0","2.72715514870785","0","2.1926450779424","1.65612767968847","0","0","0","0","0","1.30485458152842","0","0.796305572870735","2.60044004360816","2.17229693169381","1.59871796987095","1.7836648160125","0","0","0","0","0","0","0","0","0","0","0","0","0","0","0","0","0","0","0","2.12914391060444","0","0","1.02075679289345","1.05544618893481","0","0","0","1.43616153613175","0","1.70595288984939","0","0","0","1.77764407625493","2.5688917068401","2.37247102109643","0","0","1.43006905126227","1.59448261215002","0.874924758585971","1.36748004131983","0","1.68493015167488","2.74606521129386","0","2.81629522289755","0","0","0","3.07087662823954","1.95880249179887","0","0","0","0","0","2.48075666356288","1.48774938475405","2.30722947703571","0","0","0","0.935181627415401","0","0","0","1.68218271687118","0","0.937804753463171","0","0","0","0","1.40398554612293","2.03505141710015","0","0","1.75541644627238","0","0","0","0","0","0","0","0","0","0","0","0","0","0","0","0","0","0","0","0","0","0","0","0","0","0","0","0","0","0","0","0","0","0","0","0","0","0","0","0","0","0","0","0","0","0","0","0","0","0","0","0","0","0","0","0","0","0","0","0","0","0","0","0","0","0","0","0","0","0","0","0","0","0","0","0","0","0","0","0","0","0","0","0","0","0","0","0","0","0","0","0","0","0","0","0","0","0","0","0","0","2.58129550578304","0","0","0","0","0","0","0","0","0","0","0","0","0","0","0","0","0","0","0","0","0","0","0","0","0","0","0","0","0","0","0","0","0","0","0","0","0","0","0","0","0","0","0","0","0","0","0","0","0","0","0","0","0","0","0","0","0","0","0","0","0","0","0","0","0","0","0","0","0","0","0","0","0","0","0","0","0","0","0","0","0","0","0","0","0","0","0","0","0","0","0","0","0","0","0","0","0","0","0","0","0","0","0","0","0","0","0","0","0","0","0","0","0","0","0","0","0","0","0","0","0","0","0","0","0","0","0","0","0","0","0","0","0","0","0","0","0","0","0","0","0","0","0","0","0","0","0","0","0","0","0","0","0","2.26843687063531","0","0","0","0","0","0","0","0","0","0","0","0","0","0","0","0","0","0","0","0","0","0","0","0","0","0","0","0","0","0","0","0","0","0","0","0","0","0","0","0","0","0","1.75612049577192","0","0","0","0","0","0","0","0","0","0","0","0","0","0","0","0","0","0","0","0","0","0","0","0","0","0","0","0","0","0","0","0","0","0","0","0","0","0","0","0","0","0","0","0","0","0","0","0","0","0","0","0","0","0","0","0","0","0","0","0","0","0","0","0","0","0","0","0","0","0","0","0","0","0","0","0","0","0","0","0","0","0","0","0","0","0","0","0","0","0","0","0","0","0","0","0","0","0","0","0","0","0","0","0","0","0","0","0","0","0","0","0"
"ADCY1__L2-L3-eNeuron","0.620125481992566","1.20667102341892","1.94583798304618","0","2.20208559743497","0","0","0","1.43023990592251","1.91508586083497","2.21556893048124","1.68346361342394","0","2.50570669810894","1.39810179788041","0","2.27573988570995","1.52297414858699","0","3.02553509210714","0","0","0","0","1.32845449725524","0","0","2.68865429211338","1.68254846632132","1.42666119544259","1.11711973824193","1.59871796987095","0","0","0","0","0","0","0","0","0","0","0","0","0","0","0","0","0","0","0","1.90777270816482","2.12914391060444","0","0","0","1.05544618893481","1.05343220638491","1.19923340354758","0","1.83147158707119","0","0","0","0","0","2.3923591342364","1.40300121807483","2.37247102109643","3.06267343141231","1.92147597360919","1.43006905126227","2.33334471314903","1.80807086422945","0","0","1.68493015167488","0","1.35094317878497","1.77290136746608","1.88810450069273","0","1.2305099084554","3.07087662823954","0","0","0","1.66411752237416","0","0","2.48075666356288","0","1.98622444615052","0","2.14301995857143","0","0.935181627415401","1.59091807277482","2.88221445085266","0","1.07352243685108","0","1.50142505109328","0","0","0","0","2.10186274508211","2.03505141710015","0","1.40905368712984","1.12969107663964","2.60673065528729","0","1.49124806589896","0","0","0","0","0","0","0","0","0","0","0","0","0","0","0","0","0","0","0","0","0","0","0","0","0","0","0","0","0","0","0","0","0","0","0","0","0","0","0","0","0","0","0","0","0","0","0","0","0","0","0","0","0","0","0","0","0","0","0","0","0","0","0","0","0","0","0","0","0","0","0","0","0","0","0","0","0","0","0","0","0","0","0","0","0","0","0","0","0","0","0","0","0","0","0","0","0","0","2.58129550578304","0","0","0","0","0","0","0","0","0","0","0","0","0","0","0","0","0","0","0","0","0","0","0","0","0","0","0","0","0","0","0","0","0","0","0","0","0","0","0","0","0","0","0","0","0","0","0","0","0","0","0","0","0","0","0","0","0","0","0","0","0","0","0","0","0","0","0","0","0","0","0","0","0","0","0","0","0","0","0","0","0","0","0","0","0","0","0","0","0","0","0","0","0","0","0","0","0","0","0","0","0","0","0","0","0","0","0","0","0","0","0","0","0","0","0","0","0","0","0","0","0","0","0","0","0","0","0","0","0","0","0","0","0","0","0","0","0","0","0","0","0","0","0","0","0","0","0","0","0","0","0","0","0","2.52919885233665","0","0","0","0","0","0","0","0","0","0","0","0","0","0","0","0","0","0","0","0","0","0","0","0","0","0","0","2.87811615862564","0","0","0","0","0","0","0","0","0","0","0","0","0","0","1.98999531400026","0","0","0","0","0","0","0","0","0","0","0","0","0","0","0","0","0","0","0","0","0","0","0","0","0","0","0","0","0","0","0","0","0","0","0","0","0","0","0","0","0","0","0","0","0","0","0","0","0","0","0","0","0","0","0","0","0","0","0","0","0","0","0","0","0","0","0","0","0","0","0","0","0","0","0","0","0","0","0","0","0","0","0","0","0","0","0","0","0","0","0","0","0","0","0","0","0","0","0","0","0","0","0","0","0","0","0","0","0","0","0","0"
"CACNA1C__L2-L3-eNeuron","1.05242822120584","0","0.964118851501908","0","0","0","0","0","0","0","1.49688334260524","1.07449912261359","0","0","2.56233709617888","0","2.27573988570995","2.2472159265093","0","3.02553509210714","1.65612767968847","0","0","0","0","0","1.97862634920743","0","0","1.42666119544259","1.73910050680136","1.59871796987095","1.7836648160125","0","0","0","0","0","0","0","0","0","0","0","0","0","0","0","0","0","0","2.70145749246259","1.42615152962656","0","0","0","0","0","1.84492894571624","0","0","0","0","0","0","0","0.684517639769044","0","1.92048970694434","2.22576766463292","1.25945451555799","1.43006905126227","1.59448261215002","0.874924758585971","2.05671869888534","2.48302006620966","1.07561761329844","0","2.03617858435517","2.20979894014091","1.88810450069273","0","0","2.23309622449886","0","0","0","0","0","0","2.48075666356288","1.48774938475405","0.990830927978685","0","2.14301995857143","0","0","1.59091807277482","0","0","1.68218271687118","0","2.22108660842846","0","0","0","0","1.40398554612293","1.35003702581716","0","0","1.75541644627238","1.82603337727325","0","0.930291028188596","0","0","0","0","0","0","0","0","0","0","0","0","0","0","0","0","0","0","0","0","0","0","0","0","0","0","0","0","0","0","0","0","0","0","0","0","0","0","0","0","0","0","0","0","0","0","0","0","0","0","0","0","0","0","0","0","0","0","0","0","0","0","0","0","0","0","0","0","0","0","0","0","0","0","0","0","0","0","0","2.62219343245802","0","0","0","0","0","0","0","0","0","0","0","0","0","0","0","0","0","0","0","0","0","0","0","0","0","0","0","0","0","0","0","0","0","0","0","0","0","0","0","0","0","0","0","0","0","0","0","0","0","0","0","0","0","0","0","0","0","0","0","0","0","0","0","0","0","0","0","0","0","0","0","0","0","0","0","0","0","0","0","0","0","0","0","0","0","0","0","0","0","0","0","0","0","0","0","0","0","0","0","0","0","0","0","0","0","0","0","0","0","0","0","0","0","0","0","0","0","0","0","0","0","0","0","0","0","0","0","0","0","0","0","0","0","0","0","0","0","0","0","0","0","0","0","0","0","0","0","0","0","0","0","0","0","0","0","0","0","0","0","0","0","0","0","0","0","0","0","0","0","0","0","0","0.96680111116517","0","0","0","0","0","0","0","0","0","0","0","0","0","0","0","0","0","0","0","0","0","0","0","0","0","0","0","0","0","0","0","0","0","0","0","0","0","0","0","0","0","0","0","0","0","0","0","0","0","0","0","0","0","0","0","0","0","0","0","0","0","0","0","0","0","0","0","0","0","0","0","0","0","0","0","0","0","0","0","0","0","0","0","0","0","0","0","0","0","0","0","0","0","0","0","0","0","0","0","0","0","0","0","0","0","0","0","0","0","0","0","0","0","0","0","0","0","0","0","0","0","0","0","0","0","0","0","0","0","0","0","0","0","0","0","0","0","0","0","0","0","0","0","0","0","0","0","0","0","0","0","0","0","0","0"
"GABBR2__L2-L3-eNeuron","1.38461714529372","1.20667102341892","2.93660994244953","0","2.20208559743497","0","2.23632499182048","0","3.24406142348135","2.36654432109575","3.20170530116773","2.43934737259397","0","2.17295341487142","1.7879835235771","0","2.75781027394491","2.2472159265093","0","3.02553509210714","1.65612767968847","0","0","0","2.00815340026828","0","1.30485458152842","0","2.22750735888574","1.42666119544259","2.7751926333272","2.60213644184394","2.55728594549442","1.73910050680136","0","0","0","0","0","0","0","0","0","0","0","0","0","0","0","0","0","0","0","0","0","2.35499711288556","0","1.05343220638491","1.19923340354758","0","2.14143241902884","0","2.13542492602776","0","0","0","2.55023981135568","2.10064901417824","0","2.70407426875667","2.3735524833118","1.43006905126227","1.59448261215002","2.11624821735325","1.36748004131983","1.72042418244643","2.4410841294676","0","2.4988546181326","2.20979894014091","1.23311676580095","0","1.2305099084554","0","0","0","0","2.41640600202882","0","0","0","2.20446082818959","1.98622444615052","0","0","0","2.21677313486334","2.81500758023513","2.06571177458454","0","1.68218271687118","0","1.50142505109328","0","0","0","0","2.75747290564823","2.03505141710015","0","2.10810899384056","1.75541644627238","2.13558250999007","0","1.89413136489318","0","0","0","0","0","0","0","0","0","0","0","0","0","0","0","0","0","0","0","0","0","0","0","0","0","0","0","0","0","0","0","0","0","0","0","0","0","0","0","0","0","0","0","0","0","0","0","0","0","0","0","0","0","0","0","0","0","0","0","0","0","0","0","0","0","0","0","0","0","0","0","0","0","0","0","0","0","0","0","1.83932561321768","0","0","0","0","0","0","0","0","0","0","0","0","0","0","0","0","0","0","1.41228812725607","0","0","0","0","0","0","0","0","0","0","0","0","0","0","0","0","0","0","0","0","0","0","0","0","0","0","0","0","0","0","0","0","0","0","0","0","0","0","0","0","0","0","0","0","0","0","0","0","0","0","0","0","0","0","0","0","0","0","0","0","0","0","0","0","0","0","0","0","0","0","0","0","0","0","0","0","0","0","0","0","0","0","0","0","0","0","0","0","0","0","0","0","0","0","0","0","0","0","0","0","0","0","0","0","0","0","0","0","0","0","0","0","0","0","0","0","0","0","0","0","0","0","0","0","0","0","0","0","0","0","0","0","0","0","0","0","0","0","0","0","0","0","0","0","0","0","0","0","0","0","0","0","0","2.74996591934122","0","0","0","0","0","0","0","0","0","0","0","0","0","0","0","0","0","0","0","0","0","0","0","0","0","0","0","0","0","0","0","0","0","0","0","0","0","0","0","0","0","0","2.52500927580927","0","0","0","0","0","0","0","0","0","0","0","0","0","0","0","0","0","0","0","0","0","0","0","0","0","0","0","0","0","0","0","0","0","0","0","0","0","0","0","0","0","0","0","0","0","0","0","0","0","0","0","0","0","0","0","0","0","0","0","0","0","0","0","0","0","0","0","0","0","0","0","0","0","0","0","0","0","0","0","0","0","0","0","0","0","0","0","0","0","0","0","0","0","0","0","0","0","0","0","0","0","0","0","0","0","0","0","0","0","0","0","0"
"RTN4R__L2-L3-eNeuron","2.5442577978113","1.20667102341892","2.52465501981766","0","2.80784967344822","0","2.63150792010273","0","0","2.98703092723053","2.88325562325983","2.11035400521471","0","2.17295341487142","2.3473438224819","0","1.54657574773138","0","0","3.02553509210714","2.40691455097005","0","0","0","2.00815340026828","0","2.78290187833307","0","1.98060774687219","2.12977005741802","1.11711973824193","1.59871796987095","1.15153308365399","2.50501167472052","0","0","0","0","0","0","0","0","0","0","0","0","0","0","0","0","0","3.21052613432943","0","0","0","3.49695188518094","2.40964715388754","2.40649482246209","1.84492894571624","0","1.83147158707119","0","2.13542492602776","0","0","0","3.15269274178585","2.10064901417824","2.71611966941641","2.70407426875667","2.71725597013383","2.60496996702603","2.59685285640489","2.37004210559852","2.52119768125577","2.48302006620966","2.93465706121313","0","2.03617858435517","2.81629522289755","3.18657304738222","0","1.2305099084554","3.07087662823954","1.28906474074329","0","0","0","0","0","2.48075666356288","3.32517862958778","2.56964817859686","0","0","0","2.69438727093714","2.00669829288755","2.88221445085266","0","2.10892471363463","0","1.50142505109328","0","0","0","0","2.10186274508211","0","0","0","3.39299745816297","2.39030486833925","0","2.68570747446097","0","0","0","0","0","2.15164082180624","0","0","0","0","0","0","0","0","0","0","0","0","0","0","0","0","0","0","0","0","0","0","0","0","0","0","0","0","0","0","0","0","0","0","0","0","0","0","0","0","0","0","0","0","0","0","0","0","0","0","0","0","0","0","0","0","0","0","0","0","0","0","0","0","0","0","0","0","0","0","0","0","0","0","0","0","0","0","0","0","0","0","0","0","0","0","0","0","0","0","0","0","2.58129550578304","0","0","0","0","0","0","0","0","0","0","0","0","0","0","0","0","0","0","0","0","0","0","0","0","0","0","0","0","0","0","0","0","0","0","0","0","0","0","0","0","0","0","0","0","0","0","0","0","0","0","0","0","0","0","0","0","0","0","0","0","0","0","0","0","0","0","0","0","0","0","0","0","0","0","0","0","0","0","0","0","0","0","0","0","0","0","0","0","0","0","0","0","0","0","0","0","0","0","0","0","0","0","0","0","0","0","0","0","0","0","0","0","0","0","0","0","0","0","0","0","0","0","0","0","0","0","0","0","0","0","0","0","0","0","0","0","0","0","0","0","0","0","0","0","0","0","0","0","0","0","0","0","0","0.96680111116517","0","0","0","0","0","0","0","0","0","0","0","0","0","0","0","0","0","0","0","0","0","0","0","0","0","0","0","1.82405824036337","0","0","0","0","0","0","0","0","0","0","0","0","0","0","1.13023427633262","0","0","0","0","0","0","0","0","0","0","0","0","0","0","0","0","0","0","0","0","0","0","0","0","0","0","0","0","0","0","0","0","0","0","0","0","0","0","0","0","0","0","0","0","0","0","0","0","0","0","0","0","0","0","0","0","0","0","0","0","0","0","0","0","0","0","0","0","0","0","0","0","0","0","0","0","0","0","0","0","0","0","0","0","0","0","0","0","0","0","0","0","0","0","0","0","0","0","0","0","0","0","0","0","0","0","0","0","0","0","0","0"
"SDC3__L2-L3-eNeuron","1.05242822120584","1.85443016499106","1.94583798304618","0","1.76594220101255","0","1.31311870022423","0","0","0","1.49688334260524","0","0","1.11757448823261","1.7879835235771","0","0","1.52297414858699","0","0","1.65612767968847","0","0","0","0","0","0","0","0.796305572870735","0","0","1.59871796987095","1.15153308365399","2.50501167472052","0","0","0","0","0","0","0","0","0","0","0","0","0","0","0","0","0","2.70145749246259","0","0","0","1.61257238673169","0","2.07942407752587","0","0","0.889862659991091","0","0","0","0","0","2.01286279883134","0.865725430212854","1.92048970694434","0","1.92147597360919","0","0","0.874924758585971","0","2.48302006620966","0","0","0","2.20979894014091","1.23311676580095","0","1.8847925611849","0","1.28906474074329","0","0","2.41640600202882","0","0","0","1.48774938475405","0.990830927978685","0","2.96969627099143","0","0","0","2.06571177458454","0","1.07352243685108","0","0.937804753463171","0","0","0","0","1.79471718427015","2.03505141710015","0","2.10810899384056","1.75541644627238","1.43139432984316","0","1.49124806589896","0","0","0","0","0","1.44448911754305","0","0","0","0","0","0","0","0","0","0","0","0","0","0","0","0","0","0","0","0","0","0","0","0","0","0","0","0","0","0","0","0","0","0","0","0","0","0","0","0","0","0","0","0","0","0","0","0","0","0","0","0","0","0","0","0","0","0","0","0","0","0","0","0","0","0","0","0","0","0","0","0","0","0","0","0","0","0","0","0","0","0","0","0","0","0","0","0","0","0","0","0","0","2.06687885233159","0","0","0","0","0","0","0","0","0","0","0","0","0","0","0","0","0","0","0","0","0","0","0","0","0","0","0","0","0","0","0","0","0","0","0","0","0","0","0","0","0","0","0","0","0","0","0","0","0","0","0","0","0","0","0","0","0","0","0","0","0","0","0","0","0","0","0","0","0","0","0","0","0","0","0","0","0","0","0","0","0","0","0","0","0","0","0","0","0","0","0","0","0","0","0","0","0","0","0","0","0","0","0","0","0","0","0","0","0","0","0","0","0","0","0","0","0","0","0","0","0","0","0","0","0","0","0","0","0","0","0","0","0","0","0","0","0","0","0","0","0","0","0","0","0","0","0","0","0","0","0","0","0.96680111116517","0","0","0","0","0","0","0","0","0","0","0","0","0","0","0","0","0","0","0","0","0","0","0","0","0","0","0","0","0","0","0","0","0","0","0","0","0","0","0","0","0","0","1.98999531400026","0","0","0","0","0","0","0","0","0","0","0","0","0","0","0","0","0","0","0","0","0","0","0","0","0","0","0","0","0","0","0","0","0","0","0","0","0","0","0","0","0","0","0","0","0","0","0","0","0","0","0","0","0","0","0","0","0","0","0","0","0","0","0","0","0","0","0","0","0","0","0","0","0","0","0","0","0","0","0","0","0","0","0","0","0","0","0","0","0","0","0","0","0","0","0","0","0","0","0","0","0","0","0","0","0","0","0","0","0","0","0","0"
"SV2A__L2-L3-eNeuron","2.25067725716477","1.85443016499106","2.52465501981766","0","0","0","1.98897982593632","0","2.13416523832471","1.25440132413833","1.49688334260524","1.68346361342394","0","0","0.862171995600748","0","0","0","0","0","2.67338368562129","0","0","0","0","0","1.97862634920743","1.89668213342276","1.68254846632132","2.60044004360816","1.73910050680136","0","2.82934054095343","0","0","0","0","0","0","0","0","0","0","0","0","0","0","0","0","0","0","2.70145749246259","2.12914391060444","0","0","1.61257238673169","2.08239013312039","2.40649482246209","2.28940036401581","0","0","0","1.09168069022135","0","0","0","2.01286279883134","1.79359094534549","0","1.5052805261616","2.3735524833118","2.30861064739351","2.01070572032386","1.41566396810665","0","1.72042418244643","2.4410841294676","3.63432577949109","2.4988546181326","2.81629522289755","1.23311676580095","0","1.8847925611849","0","1.95880249179887","0","0","0","0","0","2.48075666356288","0","1.57272407565571","0","2.14301995857143","0","0","1.59091807277482","3.40043054592947","0","2.70549751764058","0","1.9056718736748","0","0","0","0","2.35495730253343","2.03505141710015","0","2.10810899384056","2.19041145767754","1.43139432984316","0","2.20871748443937","0","0","0","0","0","2.15164082180624","0","0","0","0","0","0","0","0","0","0","0","0","0","0","0","0","0","0","0","0","0","0","0","0","0","0","0","0","0","0","0","0","0","0","0","0","0","0","0","0","0","0","0","0","0","0","0","0","0","0","0","0","0","0","0","0","0","0","0","0","0","0","0","0","0","0","0","0","0","0","0","0","0","2.62219343245802","0","0","0","0","0","0","0","0","0","0","0","0","0","0","0","0","0","0","2.11209263016341","2.88353975076326","0","0","0","0","0","0","0","0","0","0","0","0","0","0","0","0","0","0","0","0","0","0","0","0","0","0","0","0","0","0","0","0","0","0","0","0","0","0","0","0","0","0","0","0","0","0","0","0","0","0","0","0","0","0","0","0","0","0","0","0","0","0","0","0","0","0","0","0","0","0","0","0","0","0","0","0","0","0","0","0","0","0","0","0","0","0","0","0","0","0","0","0","0","0","0","0","0","0","0","0","0","0","0","0","0","0","0","0","0","0","0","0","0","0","0","0","0","0","0","0","0","0","0","0","0","0","0","0","0","0","0","0","0","0","0","0","0","0","0","0","0","0","0","0","0","0","0","0","0","0","0","0","3.39849001943301","0","0","0","0","0","0","0","0","0","0","0","0","0","0","0","0","0","0","0","0","0","0","0","0","0","0","0","3.4806570231057","0","0","0","0","0","0","0","0","0","0","0","0","0","0","2.36773446462601","0","0","0","0","0","0","0","0","0","0","0","0","0","0","0","0","0","0","0","0","0","0","0","0","0","0","0","0","0","0","0","0","0","0","0","0","0","0","0","0","0","0","0","0","0","0","0","0","0","0","0","0","0","0","0","0","0","0","0","0","0","0","0","0","0","0","0","0","0","0","0","0","0","0","0","0","0","0","0","0","0","0","0","0","0","0","0","0","0","0","0","0","0","0","0","0","0","0","0","0","0","0","0","0","0","0","0","0","0","0","0","0"
"CADM3__L2-L3-eNeuron","3.26185298171438","2.91460707042315","2.52465501981766","0","3.23317655766845","0","2.94139077871971","0","2.95970729405197","1.91508586083497","3.20170530116773","2.11035400521471","0","1.73969145215968","2.09460488193476","0","1.54657574773138","2.72715514870785","0","0","3.09270312842564","0","0","0","2.46832395728032","0","3.06228427825434","1.89668213342276","2.62211925181304","2.60044004360816","3.90973644430715","2.01546571764652","3.25557454276363","1.73910050680136","0","0","0","0","0","0","0","0","0","0","0","0","0","0","0","0","0","1.90777270816482","2.59976226255998","0","0","3.20662199818289","2.67622327295504","2.89777660442999","2.90320825892434","0","2.6130597046017","0","3.48297673593735","0","0","0","2.215053319017","2.5688917068401","2.99345487080805","3.06267343141231","3.4273868439751","2.85070324917227","2.81958356639809","2.58579773205398","2.05671869888534","0","2.70887601773731","0","3.1299327572389","1.77290136746608","0","0","2.67491174172182","3.07087662823954","2.76017483179165","0","0","2.90835028573611","0","0","1.71850443390308","2.20446082818959","2.9839156778356","0","0","0","3.20307303464409","2.00669829288755","3.40043054592947","0","3.12630531714507","0","2.88933300301403","0","0","0","0","2.35495730253343","3.12861235990606","0","2.10810899384056","2.19041145767754","2.13558250999007","0","2.68570747446097","0","0","0","0","0","2.62409921590552","0","0","0","0","0","0","0","0","0","0","0","0","0","0","0","0","0","0","0","0","0","0","0","0","0","0","0","0","0","0","0","0","0","0","0","0","0","0","0","0","0","0","0","0","0","0","0","0","0","0","0","0","0","0","0","0","0","0","0","0","0","0","0","0","0","0","0","0","0","0","0","0","0","2.62219343245802","0","0","0","0","0","0","0","0","0","0","0","0","0","0","0","0","0","0","1.41228812725607","2.06687885233159","0","0","0","0","0","0","0","0","0","0","0","0","0","0","0","0","0","0","0","0","0","0","0","0","0","0","0","0","0","0","0","0","0","0","0","0","0","0","0","0","0","0","0","0","0","0","0","0","0","0","0","0","0","0","0","0","0","0","0","0","0","0","0","0","0","0","0","0","0","0","0","0","0","0","0","0","0","0","0","0","0","0","0","0","0","0","0","0","0","0","0","0","0","0","0","0","0","0","0","0","0","0","0","0","0","0","0","0","0","0","0","0","0","0","0","0","0","0","0","0","0","0","0","0","0","0","0","0","0","0","0","0","0","0","0","0","0","0","0","0","0","0","0","0","0","0","0","0","0","0","0","0","3.11036600724849","0","0","0","0","0","0","0","0","0","0","0","0","0","0","0","0","0","0","0","0","0","0","0","0","0","0","0","2.26637787837012","0","0","0","0","0","0","0","0","0","0","0","0","0","0","2.36773446462601","0","0","0","0","0","0","0","0","0","0","0","0","0","0","0","0","0","0","0","0","0","0","0","0","0","0","0","0","0","0","0","0","0","0","0","0","0","0","0","0","0","0","0","0","0","0","0","0","0","0","0","0","0","0","0","0","0","0","0","0","0","0","0","0","0","0","0","0","0","0","0","0","0","0","0","0","0","0","0","0","0","0","0","0","0","0","0","0","0","0","0","0","0","0","0","0","0","0","0","0","0","0","0","0","0","0","0","0","0","0","0","0"
"NTRK3__L2-L3-eNeuron","1.38461714529372","1.20667102341892","1.94583798304618","0","2.53653059406218","0","1.98897982593632","0","0","1.25440132413833","1.9005230095641","2.11035400521471","0","2.50570669810894","2.3473438224819","0","2.27573988570995","3.08666751512669","0","3.02553509210714","0","0","0","0","2.00815340026828","0","3.06228427825434","0","2.22750735888574","0","1.73910050680136","2.01546571764652","1.7836648160125","2.50501167472052","0","0","0","0","0","0","0","0","0","0","0","0","0","0","0","0","0","0","1.42615152962656","0","0","2.35499711288556","1.6584271145843","1.65577454708424","1.84492894571624","0","1.83147158707119","0","1.70595288984939","0","0","0","1.14686964460976","0.865725430212854","2.71611966941641","0","1.25945451555799","0.64603854663144","2.01070572032386","2.58579773205398","1.36748004131983","1.72042418244643","1.68493015167488","0","2.03617858435517","0","2.67874161874008","0","1.2305099084554","3.59744257557256","1.95880249179887","0","0","2.41640600202882","0","0","0","1.48774938475405","0.990830927978685","0","2.96969627099143","0","0.935181627415401","2.32907183680993","0","0","1.07352243685108","0","1.9056718736748","0","0","0","0","0.866439740062328","2.03505141710015","0","2.57697855648846","1.75541644627238","1.43139432984316","0","1.49124806589896","0","0","0","0","0","2.15164082180624","0","0","0","0","0","0","0","0","0","0","0","0","0","0","0","0","0","0","0","0","0","0","0","0","0","0","0","0","0","0","0","0","0","0","0","0","0","0","0","0","0","0","0","0","0","0","0","0","0","0","0","0","0","0","0","0","0","0","0","0","0","0","0","0","0","0","0","0","0","0","0","0","0","0","0","0","0","0","0","0","0","0","0","0","0","0","0","0","0","0","0","0","0","0","0","0","0","0","0","0","0","0","0","0","0","0","0","0","0","0","0","0","0","0","0","0","0","0","0","0","0","0","0","0","0","0","0","0","0","0","0","0","0","0","0","0","0","0","0","0","0","0","0","0","0","0","0","0","0","0","0","0","0","0","0","0","0","0","0","0","0","0","0","0","0","0","0","0","0","0","0","0","0","0","0","0","0","0","0","0","0","0","0","0","0","0","0","0","0","0","0","0","0","0","0","0","0","0","0","0","0","0","0","0","0","0","0","0","0","0","0","0","0","0","0","0","0","0","0","0","0","0","0","0","0","0","0","0","0","0","0","0","0","0","0","0","0","0","0","0","0","0","0","0","0","0","0","0","0","0","0","0","0","0","0","0","0","0","0","0","0","0","0","0","0","0","0","0","0","0","0","0","0","0","1.82405824036337","0","0","0","0","0","0","0","0","0","0","0","0","0","0","0.673078234557267","0","0","0","0","0","0","0","0","0","0","0","0","0","0","0","0","0","0","0","0","0","0","0","0","0","0","0","0","0","0","0","0","0","0","0","0","0","0","0","0","0","0","0","0","0","0","0","0","0","0","0","0","0","0","0","0","0","0","0","0","0","0","0","0","0","0","0","0","0","0","0","0","0","0","0","0","0","0","0","0","0","0","0","0","0","0","0","0","0","0","0","0","0","0","0","0","0","0","0","0","0","0","0","0","0","0","0","0","0","0","0","0"
"LINGO1__L2-L3-eNeuron","3.48583489142951","3.34430461762464","3.73999184889892","0","2.53653059406218","0","3.84428811946625","0","3.24406142348135","2.98703092723053","3.87454380510281","3.29981996021533","0","3.52711640176989","3.72972612007627","0","2.27573988570995","3.37422493532756","0","0","3.41719430241248","0","0","0","3.53348175367385","0","3.83140039602426","2.68865429211338","1.98060774687219","2.60044004360816","2.17229693169381","2.82501655575893","3.25557454276363","4.30057458371585","0","0","0","0","0","0","0","0","0","0","0","0","0","0","0","0","0","4.52471243063225","2.12914391060444","0","0","3.73852966562074","3.09567572182971","2.07942407752587","2.90320825892434","0","3.95428893460936","0","4.16738408613304","0","0","0","3.71625463937012","3.44189092739727","2.71611966941641","2.70407426875667","3.60317129921064","3.06060945104287","4.10088481191813","2.77344510068615","2.05671869888534","2.97929343050105","2.93465706121313","0","3.1299327572389","3.57025937672216","3.38614880443747","0","3.71352997466506","3.07087662823954","3.27234800805215","0","0","3.27452849234424","0","0","2.48075666356288","2.6811194958171","2.30722947703571","0","2.96969627099143","0","2.88458218085666","2.32907183680993","4.08168247964293","0","3.12630531714507","0","3.2079710008313","0","0","0","0","2.10186274508211","2.49762770088923","0","2.93026737880715","3.39299745816297","3.36931278679918","0","3.0435690149374","0","0","0","0","0","3.26428440684373","0","0","0","0","0","0","0","0","0","0","0","0","0","0","0","0","0","0","0","0","0","0","0","0","0","0","0","0","0","0","0","0","0","0","0","0","0","0","0","0","0","0","0","0","0","0","0","0","0","0","0","0","0","0","0","0","0","0","0","0","0","0","0","0","0","0","0","0","0","0","0","0","0","2.62219343245802","0","0","0","0","0","0","0","0","0","0","0","0","0","0","0","0","0","0","3.99587397464187","0","0","0","0","0","0","0","0","0","0","0","0","0","0","0","0","0","0","0","0","0","0","0","0","0","0","0","0","0","0","0","0","0","0","0","0","0","0","0","0","0","0","0","0","0","0","0","0","0","0","0","0","0","0","0","0","0","0","0","0","0","0","0","0","0","0","0","0","0","0","0","0","0","0","0","0","0","0","0","0","0","0","0","0","0","0","0","0","0","0","0","0","0","0","0","0","0","0","0","0","0","0","0","0","0","0","0","0","0","0","0","0","0","0","0","0","0","0","0","0","0","0","0","0","0","0","0","0","0","0","0","0","0","0","0","0","0","0","0","0","0","0","0","0","0","0","0","0","0","0","0","0","0","3.26160883191397","0","0","0","0","0","0","0","0","0","0","0","0","0","0","0","0","0","0","0","0","0","0","0","0","0","0","0","3.30635746945094","0","0","0","0","0","0","0","0","0","0","0","0","0","0","3.75316589934968","0","0","0","0","0","0","0","0","0","0","0","0","0","0","0","0","0","0","0","0","0","0","0","0","0","0","0","0","0","0","0","0","0","0","0","0","0","0","0","0","0","0","0","0","0","0","0","0","0","0","0","0","0","0","0","0","0","0","0","0","0","0","0","0","0","0","0","0","0","0","0","0","0","0","0","0","0","0","0","0","0","0","0","0","0","0","0","0","0","0","0","0","0","0","0","0","0","0","0","0","0","0","0","0","0","0","0","0","0","0","0","0"
"SLC17A7__L2-L3-eNeuron","3.48583489142951","3.1453948942172","4.32318504680639","0","4.05365376576754","0","4.28981694289378","0","3.86387127177662","4.02170128724118","4.45659063665721","2.93280665477697","0","3.66655059906998","3.72972612007627","0","4.33716129840674","3.99915495143284","0","3.55019708256048","4.18694068958399","0","0","0","3.71046814652495","0","4.22087618888907","3.57219059624299","3.40278045858167","2.60044004360816","3.6657734524664","3.47815673697469","3.85164732067901","4.46234208051843","0","0","0","0","0","0","0","0","0","0","0","0","0","0","0","0","0","3.21052613432943","2.95403925386408","0","0","3.20662199818289","3.55870954964173","3.26358919843112","4.04911801107135","0","3.25247578369848","0","4.07357211573434","0","0","0","3.33734974864593","3.07044110833822","4.14674415967065","2.70407426875667","4.02985679186665","4.16558729301937","3.33476545898734","2.93947099010782","2.87199728396298","2.97929343050105","3.83708440665849","0","4.04508322844889","3.57025937672216","3.38614880443747","0","4.20980333895645","4.53658220153381","3.80666048399804","0","0","3.80891881927404","0","0","4.09057021549521","3.03879525017072","2.9839156778356","0","2.14301995857143","0","3.20307303464409","4.33040735928329","3.40043054592947","0","3.94104544485883","0","4.12771589956528","0","0","0","0","3.44332792487988","3.90136702548035","0","3.45071966558818","3.81447935649099","4.09779526976273","0","3.7739167303391","0","0","0","0","0","3.88492160744401","0","0","0","0","0","0","0","0","0","0","0","0","0","0","0","0","0","0","0","0","0","0","0","0","0","0","0","0","0","0","0","0","0","0","0","0","0","0","0","0","0","0","0","0","0","0","0","0","0","0","0","0","0","0","0","0","0","0","0","0","0","0","0","0","0","0","0","0","0","0","0","0","0","1.83932561321768","0","0","0","0","0","0","0","0","0","0","0","0","0","0","0","0","0","0","3.65891147556222","2.88353975076326","0","0","0","0","0","0","0","0","0","0","0","0","0","0","0","0","0","0","0","0","0","0","0","0","0","0","0","0","0","0","0","0","0","0","0","0","0","0","0","0","0","0","0","0","0","0","0","0","0","0","0","0","0","0","0","0","0","0","0","0","0","0","0","0","0","0","0","0","0","0","0","0","0","0","0","0","0","0","0","0","0","0","0","0","0","0","0","0","0","0","0","0","0","0","0","0","0","0","0","0","0","0","0","0","0","0","0","0","0","0","0","0","0","0","0","0","0","0","0","0","0","0","0","0","0","0","0","0","0","0","0","0","0","0","0","0","0","0","0","0","0","0","0","0","0","0","0","0","0","0","0","0","4.45936902385213","0","0","0","0","0","0","0","0","0","0","0","0","0","0","0","0","0","0","0","0","0","0","0","0","0","0","0","4.02188369269163","0","0","0","0","0","0","0","0","0","0","0","0","0","0","4.69865185878907","0","0","0","0","0","0","0","0","0","0","0","0","0","0","0","0","0","0","0","0","0","0","0","0","0","0","0","0","0","0","0","0","0","0","0","0","0","0","0","0","0","0","0","0","0","0","0","0","0","0","0","0","0","0","0","0","0","0","0","0","0","0","0","0","0","0","0","0","0","0","0","0","0","0","0","0","0","0","0","0","0","0","0","0","0","0","0","0","0","0","0","0","0","0","0","0","0","0","0","0","0","0","0","0","0","0","0","0","0","0","0","0"
"GLG1__L2-L3-eNeuron","1.05242822120584","0","1.53691988081479","0","1.13781838517434","0","1.98897982593632","0","2.13416523832471","0","1.49688334260524","1.07449912261359","0","0","0.862171995600748","0","0","0","0","0","0","0","0","0","0","0","0","0","1.98060774687219","0","1.73910050680136","2.01546571764652","1.15153308365399","0","0","0","0","0","0","0","0","0","0","0","0","0","0","0","0","0","0","0","2.59976226255998","0","0","0","1.6584271145843","0","1.84492894571624","0","1.43616153613175","0","2.13542492602776","0","0","0","1.14686964460976","1.40300121807483","1.92048970694434","0","1.25945451555799","1.09067104838869","1.00714596662385","1.80807086422945","0","0","2.11199026512885","0","2.03617858435517","2.20979894014091","0","0","0","0","0","0","0","0","0","0","1.71850443390308","1.48774938475405","0","0","2.96969627099143","0","1.4978742845924","1.59091807277482","0","0","1.07352243685108","0","1.9056718736748","0","0","0","0","2.35495730253343","2.03505141710015","0","0","1.12969107663964","1.43139432984316","0","1.49124806589896","0","0","0","0","0","2.15164082180624","0","0","0","0","0","0","0","0","0","0","0","0","0","0","0","0","0","0","0","0","0","0","0","0","0","0","0","0","0","0","0","0","0","0","0","0","0","0","0","0","0","0","0","0","0","0","0","0","0","0","0","0","0","0","0","0","0","0","0","0","0","0","0","0","0","0","0","0","0","0","0","0","0","2.62219343245802","0","0","0","0","0","0","0","0","0","0","0","0","0","0","0","0","0","0","2.58129550578304","0","0","0","0","0","0","0","0","0","0","0","0","0","0","0","0","0","0","0","0","0","0","0","0","0","0","0","0","0","0","0","0","0","0","0","0","0","0","0","0","0","0","0","0","0","0","0","0","0","0","0","0","0","0","0","0","0","0","0","0","0","0","0","0","0","0","0","0","0","0","0","0","0","0","0","0","0","0","0","0","0","0","0","0","0","0","0","0","0","0","0","0","0","0","0","0","0","0","0","0","0","0","0","0","0","0","0","0","0","0","0","0","0","0","0","0","0","0","0","0","0","0","0","0","0","0","0","0","0","0","0","0","0","0","0","0","0","0","0","0","0","0","0","0","0","0","0","0","0","0","0","0","0","0.96680111116517","0","0","0","0","0","0","0","0","0","0","0","0","0","0","0","0","0","0","0","0","0","0","0","0","0","0","0","1.82405824036337","0","0","0","0","0","0","0","0","0","0","0","0","0","0","1.98999531400026","0","0","0","0","0","0","0","0","0","0","0","0","0","0","0","0","0","0","0","0","0","0","0","0","0","0","0","0","0","0","0","0","0","0","0","0","0","0","0","0","0","0","0","0","0","0","0","0","0","0","0","0","0","0","0","0","0","0","0","0","0","0","0","0","0","0","0","0","0","0","0","0","0","0","0","0","0","0","0","0","0","0","0","0","0","0","0","0","0","0","0","0","0","0","0","0","0","0","0","0","0","0","0","0","0","0","0","0","0","0","0","0"
"CAP1__L2-L3-eNeuron","0.620125481992566","1.20667102341892","1.53691988081479","0","2.80784967344822","0","2.23632499182048","0","1.43023990592251","1.91508586083497","2.21556893048124","1.68346361342394","0","1.73969145215968","2.3473438224819","0","2.27573988570995","2.2472159265093","0","0","0","0","0","0","1.32845449725524","0","1.30485458152842","0","1.68254846632132","2.60044004360816","3.0026681475242","1.59871796987095","1.7836648160125","2.50501167472052","0","0","0","0","0","0","0","0","0","0","0","0","0","0","0","0","0","2.70145749246259","1.42615152962656","0","0","2.35499711288556","1.6584271145843","2.07942407752587","1.84492894571624","0","1.83147158707119","0","0","0","0","0","1.77764407625493","1.40300121807483","2.37247102109643","2.22576766463292","0","0.64603854663144","1.00714596662385","2.37004210559852","0","1.72042418244643","1.68493015167488","3.63432577949109","2.03617858435517","1.77290136746608","1.23311676580095","0","0","0","0","0","0","0","0","0","0","0","2.30722947703571","0","0","0","1.90164660993171","1.59091807277482","2.88221445085266","0","0","0","1.50142505109328","0","0","0","0","2.10186274508211","1.35003702581716","0","2.57697855648846","2.19041145767754","0.886383354665","0","1.89413136489318","0","0","0","0","0","0","0","0","0","0","0","0","0","0","0","0","0","0","0","0","0","0","0","0","0","0","0","0","0","0","0","0","0","0","0","0","0","0","0","0","0","0","0","0","0","0","0","0","0","0","0","0","0","0","0","0","0","0","0","0","0","0","0","0","0","0","0","0","0","0","0","0","0","0","0","0","0","0","0","0","0","0","0","0","0","0","0","0","0","0","0","0","0","0","0","0","0","0","0","0","0","0","0","0","0","0","0","0","0","0","0","0","0","0","0","0","0","0","0","0","0","0","0","0","0","0","0","0","0","0","0","0","0","0","0","0","0","0","0","0","0","0","0","0","0","0","0","0","0","0","0","0","0","0","0","0","0","0","0","0","0","0","0","0","0","0","0","0","0","0","0","0","0","0","0","0","0","0","0","0","0","0","0","0","0","0","0","0","0","0","0","0","0","0","0","0","0","0","0","0","0","0","0","0","0","0","0","0","0","0","0","0","0","0","0","0","0","0","0","0","0","0","0","0","0","0","0","0","0","0","0","0","0","0","0","0","0","0","0","0","0","0","0","0","0","0","0","0","0","0","0","0","1.94991071472643","0","0","0","0","0","0","0","0","0","0","0","0","0","0","0","0","0","0","0","0","0","0","0","0","0","0","0","0","0","0","0","0","0","0","0","0","0","0","0","0","0","0","0.673078234557267","0","0","0","0","0","0","0","0","0","0","0","0","0","0","0","0","0","0","0","0","0","0","0","0","0","0","0","0","0","0","0","0","0","0","0","0","0","0","0","0","0","0","0","0","0","0","0","0","0","0","0","0","0","0","0","0","0","0","0","0","0","0","0","0","0","0","0","0","0","0","0","0","0","0","0","0","0","0","0","0","0","0","0","0","0","0","0","0","0","0","0","0","0","0","0","0","0","0","0","0","0","0","0","0","0","0","0","0","0","0","0","0"
"DAG1__L2-L3-eNeuron","1.38461714529372","1.20667102341892","1.53691988081479","0","2.53653059406218","0","1.31311870022423","0","0","1.25440132413833","1.49688334260524","1.68346361342394","0","2.50570669810894","1.7879835235771","0","0","2.2472159265093","0","3.02553509210714","1.05370027362177","0","0","0","1.32845449725524","0","1.97862634920743","0","1.68254846632132","2.12977005741802","1.73910050680136","0","2.22172093189408","1.73910050680136","0","0","0","0","0","0","0","0","0","0","0","0","0","0","0","0","0","0","2.12914391060444","0","0","1.61257238673169","1.6584271145843","1.05343220638491","0","0","1.43616153613175","0","0","0","0","0","1.49645908978437","2.10064901417824","0","2.22576766463292","1.92147597360919","2.46438675458372","0","1.41566396810665","0","1.72042418244643","1.07561761329844","0","2.03617858435517","1.77290136746608","1.88810450069273","0","0","0","0","0","0","2.41640600202882","0","0","0","0","0","0","0","0","1.90164660993171","2.00669829288755","0","0","1.68218271687118","0","0","0","0","0","0","1.40398554612293","2.03505141710015","0","0","1.75541644627238","0","0","1.49124806589896","0","0","0","0","0","0","0","0","0","0","0","0","0","0","0","0","0","0","0","0","0","0","0","0","0","0","0","0","0","0","0","0","0","0","0","0","0","0","0","0","0","0","0","0","0","0","0","0","0","0","0","0","0","0","0","0","0","0","0","0","0","0","0","0","0","0","0","0","0","0","0","0","0","0","0","0","0","0","0","2.62219343245802","0","0","0","0","0","0","0","0","0","0","0","0","0","0","0","0","0","0","0","0","0","0","0","0","0","0","0","0","0","0","0","0","0","0","0","0","0","0","0","0","0","0","0","0","0","0","0","0","0","0","0","0","0","0","0","0","0","0","0","0","0","0","0","0","0","0","0","0","0","0","0","0","0","0","0","0","0","0","0","0","0","0","0","0","0","0","0","0","0","0","0","0","0","0","0","0","0","0","0","0","0","0","0","0","0","0","0","0","0","0","0","0","0","0","0","0","0","0","0","0","0","0","0","0","0","0","0","0","0","0","0","0","0","0","0","0","0","0","0","0","0","0","0","0","0","0","0","0","0","0","0","0","0","0","0","0","0","0","0","0","0","0","0","0","0","0","0","0","0","0","0","0","1.94991071472643","0","0","0","0","0","0","0","0","0","0","0","0","0","0","0","0","0","0","0","0","0","0","0","0","0","0","0","0","0","0","0","0","0","0","0","0","0","0","0","0","0","0","1.47685563678208","0","0","0","0","0","0","0","0","0","0","0","0","0","0","0","0","0","0","0","0","0","0","0","0","0","0","0","0","0","0","0","0","0","0","0","0","0","0","0","0","0","0","0","0","0","0","0","0","0","0","0","0","0","0","0","0","0","0","0","0","0","0","0","0","0","0","0","0","0","0","0","0","0","0","0","0","0","0","0","0","0","0","0","0","0","0","0","0","0","0","0","0","0","0","0","0","0","0","0","0","0","0","0","0","0","0","0","0","0","0","0","0"
"STX1A__L2-L3-eNeuron","2.5442577978113","2.29986985250847","2.26408194180178","0","2.80784967344822","0","1.69027024481578","0","1.43023990592251","2.36654432109575","2.88325562325983","2.43934737259397","0","2.17295341487142","2.3473438224819","0","0","2.2472159265093","0","0","2.40691455097005","0","0","0","2.46832395728032","0","2.43609911480667","3.19702813855643","1.68254846632132","2.12977005741802","2.50501167472052","2.01546571764652","2.22172093189408","1.73910050680136","0","0","0","0","0","0","0","0","0","0","0","0","0","0","0","0","0","0","2.59976226255998","0","0","2.35499711288556","2.08239013312039","1.65577454708424","2.62870481068993","0","1.43616153613175","0","2.46594492559597","0","0","0","2.01286279883134","2.5688917068401","1.92048970694434","1.5052805261616","2.3735524833118","2.13395546027501","2.33334471314903","1.41566396810665","0","1.72042418244643","2.93465706121313","3.63432577949109","2.4988546181326","1.77290136746608","1.88810450069273","0","1.8847925611849","0","1.28906474074329","0","0","1.66411752237416","0","0","2.97688640039639","1.48774938475405","1.98622444615052","0","2.96969627099143","0","1.90164660993171","3.17786031332053","3.40043054592947","0","2.10892471363463","0","2.22108660842846","0","0","0","0","1.40398554612293","2.03505141710015","0","2.57697855648846","1.75541644627238","1.43139432984316","0","1.89413136489318","0","0","0","0","0","1.44448911754305","0","0","0","0","0","0","0","0","0","0","0","0","0","0","0","0","0","0","0","0","0","0","0","0","0","0","0","0","0","0","0","0","0","0","0","0","0","0","0","0","0","0","0","0","0","0","0","0","0","0","0","0","0","0","0","0","0","0","0","0","0","0","0","0","0","0","0","0","0","0","0","0","0","3.7961965132925","0","0","0","0","0","0","0","0","0","0","0","0","0","0","0","0","0","0","2.93477281420789","0","0","0","0","0","0","0","0","0","0","0","0","0","0","0","0","0","0","0","0","0","0","0","0","0","0","0","0","0","0","0","0","0","0","0","0","0","0","0","0","0","0","0","0","0","0","0","0","0","0","0","0","0","0","0","0","0","0","0","0","0","0","0","0","0","0","0","0","0","0","0","0","0","0","0","0","0","0","0","0","0","0","0","0","0","0","0","0","0","0","0","0","0","0","0","0","0","0","0","0","0","0","0","0","0","0","0","0","0","0","0","0","0","0","0","0","0","0","0","0","0","0","0","0","0","0","0","0","0","0","0","0","0","0","0","0","0","0","0","0","0","0","0","0","0","0","0","0","0","0","0","0","0","2.74996591934122","0","0","0","0","0","0","0","0","0","0","0","0","0","0","0","0","0","0","0","0","0","0","0","0","0","0","0","2.60443100003232","0","0","0","0","0","0","0","0","0","0","0","0","0","0","1.75612049577192","0","0","0","0","0","0","0","0","0","0","0","0","0","0","0","0","0","0","0","0","0","0","0","0","0","0","0","0","0","0","0","0","0","0","0","0","0","0","0","0","0","0","0","0","0","0","0","0","0","0","0","0","0","0","0","0","0","0","0","0","0","0","0","0","0","0","0","0","0","0","0","0","0","0","0","0","0","0","0","0","0","0","0","0","0","0","0","0","0","0","0","0","0","0","0","0","0","0","0","0","0","0","0","0","0","0","0","0","0","0","0","0"
"PTPRJ__L2-L3-eNeuron","1.38461714529372","1.85443016499106","1.53691988081479","0","2.20208559743497","0","1.69027024481578","0","2.60519698446121","0","0.934449870904465","2.11035400521471","0","1.73969145215968","1.39810179788041","0","0","0","0","0","1.05370027362177","0","0","0","0","0","1.97862634920743","0","2.22750735888574","0","0","1.59871796987095","0","2.50501167472052","0","0","0","0","0","0","0","0","0","0","0","0","0","0","0","0","0","0","1.42615152962656","0","0","0","2.08239013312039","0","2.28940036401581","0","0.889862659991091","0","1.70595288984939","0","0","0","0","2.35368423248775","1.92048970694434","0","1.92147597360919","0.64603854663144","0","0","0","1.72042418244643","1.68493015167488","3.63432577949109","1.35094317878497","2.20979894014091","1.23311676580095","0","1.2305099084554","3.07087662823954","1.28906474074329","0","0","2.41640600202882","0","0","2.48075666356288","0","0.990830927978685","0","0","0","1.90164660993171","1.00446898230957","0","0","1.68218271687118","0","1.9056718736748","0","0","0","0","2.35495730253343","2.03505141710015","0","0","1.75541644627238","2.60673065528729","0","1.49124806589896","0","0","0","0","0","1.44448911754305","0","0","0","0","0","0","0","0","0","0","0","0","0","0","0","0","0","0","0","0","0","0","0","0","0","0","0","0","0","0","0","0","0","0","0","0","0","0","0","0","0","0","0","0","0","0","0","0","0","0","0","0","0","0","0","0","0","0","0","0","0","0","0","0","0","0","0","0","0","0","0","0","0","2.62219343245802","0","0","0","0","0","0","0","0","0","0","0","0","0","0","0","0","0","0","0","2.88353975076326","0","0","0","0","0","0","0","0","0","0","0","0","0","0","0","0","0","0","0","0","0","0","0","0","0","0","0","0","0","0","0","0","0","0","0","0","0","0","0","0","0","0","0","0","0","0","0","0","0","0","0","0","0","0","0","0","0","0","0","0","0","0","0","0","0","0","0","0","0","0","0","0","0","0","0","0","0","0","0","0","0","0","0","0","0","0","0","0","0","0","0","0","0","0","0","0","0","0","0","0","0","0","0","0","0","0","0","0","0","0","0","0","0","0","0","0","0","0","0","0","0","0","0","0","0","0","0","0","0","0","0","0","0","0","0","0","0","0","0","0","0","0","0","0","0","0","0","0","0","0","0","0","0.96680111116517","0","0","0","0","0","0","0","0","0","0","0","0","0","0","0","0","0","0","0","0","0","0","0","0","0","0","0","1.82405824036337","0","0","0","0","0","0","0","0","0","0","0","0","0","0","1.13023427633262","0","0","0","0","0","0","0","0","0","0","0","0","0","0","0","0","0","0","0","0","0","0","0","0","0","0","0","0","0","0","0","0","0","0","0","0","0","0","0","0","0","0","0","0","0","0","0","0","0","0","0","0","0","0","0","0","0","0","0","0","0","0","0","0","0","0","0","0","0","0","0","0","0","0","0","0","0","0","0","0","0","0","0","0","0","0","0","0","0","0","0","0","0","0","0","0","0","0","0","0","0","0","0","0","0","0","0","0","0","0","0","0"
"CNTNAP1__L2-L3-eNeuron","0.620125481992566","1.85443016499106","1.53691988081479","0","2.20208559743497","0","1.31311870022423","0","0","1.91508586083497","1.9005230095641","1.07449912261359","0","1.11757448823261","0","0","2.75781027394491","0","0","0","1.05370027362177","0","0","0","1.32845449725524","0","0","0","0","0","0","0","0","0","0","0","0","0","0","0","0","0","0","0","0","0","0","0","0","0","0","1.90777270816482","2.12914391060444","0","0","2.03102426351059","1.05544618893481","1.05343220638491","1.84492894571624","0","0","0","0","0","0","0","1.49645908978437","1.79359094534549","0","2.22576766463292","2.3735524833118","0.64603854663144","0","0.874924758585971","1.36748004131983","0","3.59409960354245","0","2.03617858435517","1.77290136746608","0","0","1.2305099084554","0","0","0","0","0","0","0","1.71850443390308","2.20446082818959","0.990830927978685","0","0","0","1.90164660993171","1.00446898230957","2.88221445085266","0","0","0","1.50142505109328","0","0","0","0","0","2.03505141710015","0","0","1.75541644627238","0","0","0.930291028188596","0","0","0","0","0","1.44448911754305","0","0","0","0","0","0","0","0","0","0","0","0","0","0","0","0","0","0","0","0","0","0","0","0","0","0","0","0","0","0","0","0","0","0","0","0","0","0","0","0","0","0","0","0","0","0","0","0","0","0","0","0","0","0","0","0","0","0","0","0","0","0","0","0","0","0","0","0","0","0","0","0","0","2.62219343245802","0","0","0","0","0","0","0","0","0","0","0","0","0","0","0","0","0","0","2.11209263016341","0","0","0","0","0","0","0","0","0","0","0","0","0","0","0","0","0","0","0","0","0","0","0","0","0","0","0","0","0","0","0","0","0","0","0","0","0","0","0","0","0","0","0","0","0","0","0","0","0","0","0","0","0","0","0","0","0","0","0","0","0","0","0","0","0","0","0","0","0","0","0","0","0","0","0","0","0","0","0","0","0","0","0","0","0","0","0","0","0","0","0","0","0","0","0","0","0","0","0","0","0","0","0","0","0","0","0","0","0","0","0","0","0","0","0","0","0","0","0","0","0","0","0","0","0","0","0","0","0","0","0","0","0","0","0","0","0","0","0","0","0","0","0","0","0","0","0","0","0","0","0","0","0","1.94991071472643","0","0","0","0","0","0","0","0","0","0","0","0","0","0","0","0","0","0","0","0","0","0","0","0","0","0","0","1.82405824036337","0","0","0","0","0","0","0","0","0","0","0","0","0","0","0.673078234557267","0","0","0","0","0","0","0","0","0","0","0","0","0","0","0","0","0","0","0","0","0","0","0","0","0","0","0","0","0","0","0","0","0","0","0","0","0","0","0","0","0","0","0","0","0","0","0","0","0","0","0","0","0","0","0","0","0","0","0","0","0","0","0","0","0","0","0","0","0","0","0","0","0","0","0","0","0","0","0","0","0","0","0","0","0","0","0","0","0","0","0","0","0","0","0","0","0","0","0","0","0","0","0","0","0","0","0","0","0","0","0","0"
"EPHB6__L2-L3-eNeuron","1.38461714529372","0","1.53691988081479","0","0","0","0","0","0","1.91508586083497","2.21556893048124","0","0","0","0.862171995600748","0","2.27573988570995","3.08666751512669","0","3.02553509210714","1.05370027362177","0","0","0","1.32845449725524","0","1.30485458152842","0","1.98060774687219","2.12977005741802","3.19911382645512","1.59871796987095","1.15153308365399","0","0","0","0","0","0","0","0","0","0","0","0","0","0","0","0","0","0","2.70145749246259","2.12914391060444","0","0","0","1.05544618893481","0","0","0","1.43616153613175","0","2.13542492602776","0","0","0","1.49645908978437","1.40300121807483","1.25867428731541","2.22576766463292","1.92147597360919","1.43006905126227","2.33334471314903","1.80807086422945","0","1.72042418244643","0","0","2.03617858435517","1.14319921269542","1.88810450069273","0","0","3.07087662823954","1.95880249179887","0","0","2.41640600202882","0","0","2.48075666356288","0","0","0","2.96969627099143","0","1.4978742845924","1.59091807277482","0","0","1.68218271687118","0","1.50142505109328","0","0","0","0","1.79471718427015","2.03505141710015","0","2.10810899384056","1.75541644627238","1.43139432984316","0","0","0","0","0","0","0","2.15164082180624","0","0","0","0","0","0","0","0","0","0","0","0","0","0","0","0","0","0","0","0","0","0","0","0","0","0","0","0","0","0","0","0","0","0","0","0","0","0","0","0","0","0","0","0","0","0","0","0","0","0","0","0","0","0","0","0","0","0","0","0","0","0","0","0","0","0","0","0","0","0","0","0","0","3.7961965132925","0","0","0","0","0","0","0","0","0","0","0","0","0","0","0","0","0","0","2.11209263016341","2.88353975076326","0","0","0","0","0","0","0","0","0","0","0","0","0","0","0","0","0","0","0","0","0","0","0","0","0","0","0","0","0","0","0","0","0","0","0","0","0","0","0","0","0","0","0","0","0","0","0","0","0","0","0","0","0","0","0","0","0","0","0","0","0","0","0","0","0","0","0","0","0","0","0","0","0","0","0","0","0","0","0","0","0","0","0","0","0","0","0","0","0","0","0","0","0","0","0","0","0","0","0","0","0","0","0","0","0","0","0","0","0","0","0","0","0","0","0","0","0","0","0","0","0","0","0","0","0","0","0","0","0","0","0","0","0","0","0","0","0","0","0","0","0","0","0","0","0","0","0","0","0","0","0","0","0.96680111116517","0","0","0","0","0","0","0","0","0","0","0","0","0","0","0","0","0","0","0","0","0","0","0","0","0","0","0","0","0","0","0","0","0","0","0","0","0","0","0","0","0","0","2.79591531467464","0","0","0","0","0","0","0","0","0","0","0","0","0","0","0","0","0","0","0","0","0","0","0","0","0","0","0","0","0","0","0","0","0","0","0","0","0","0","0","0","0","0","0","0","0","0","0","0","0","0","0","0","0","0","0","0","0","0","0","0","0","0","0","0","0","0","0","0","0","0","0","0","0","0","0","0","0","0","0","0","0","0","0","0","0","0","0","0","0","0","0","0","0","0","0","0","0","0","0","0","0","0","0","0","0","0","0","0","0","0","0","0"
"IGF1R__L2-L3-eNeuron","0.620125481992566","2.6397364149141","0","0","0","0","1.31311870022423","0","2.60519698446121","1.25440132413833","1.49688334260524","0","0","0","1.39810179788041","0","1.54657574773138","0","0","3.02553509210714","2.07981898156196","0","0","0","2.46832395728032","0","0","0","1.30643520162308","2.12977005741802","0","0","1.7836648160125","2.50501167472052","0","0","0","0","0","0","0","0","0","0","0","0","0","0","0","0","0","0","0","0","0","1.61257238673169","1.6584271145843","2.07942407752587","0","0","1.43616153613175","0","0","0","0","0","1.14686964460976","0","1.25867428731541","1.5052805261616","0","0","1.59448261215002","0.874924758585971","2.05671869888534","2.48302006620966","1.68493015167488","2.74606521129386","0","1.14319921269542","2.33691995466517","0","1.8847925611849","0","0","0","0","0","0","0","0","1.48774938475405","1.57272407565571","0","0","0","0","1.00446898230957","0","0","1.68218271687118","0","1.9056718736748","0","0","0","0","1.40398554612293","0","0","2.10810899384056","1.75541644627238","0.886383354665","0","1.49124806589896","0","0","0","0","0","2.15164082180624","0","0","0","0","0","0","0","0","0","0","0","0","0","0","0","0","0","0","0","0","0","0","0","0","0","0","0","0","0","0","0","0","0","0","0","0","0","0","0","0","0","0","0","0","0","0","0","0","0","0","0","0","0","0","0","0","0","0","0","0","0","0","0","0","0","0","0","0","0","0","0","0","0","0","0","0","0","0","0","0","0","0","0","0","0","0","0","0","0","0","0","0","0","0","0","0","0","0","0","0","0","0","0","0","0","0","0","0","0","0","0","0","0","0","0","0","0","0","0","0","0","0","0","0","0","0","0","0","0","0","0","0","0","0","0","0","0","0","0","0","0","0","0","0","0","0","0","0","0","0","0","0","0","0","0","0","0","0","0","0","0","0","0","0","0","0","0","0","0","0","0","0","0","0","0","0","0","0","0","0","0","0","0","0","0","0","0","0","0","0","0","0","0","0","0","0","0","0","0","0","0","0","0","0","0","0","0","0","0","0","0","0","0","0","0","0","0","0","0","0","0","0","0","0","0","0","0","0","0","0","0","0","0","0","0","0","0","0","0","0","0","0","0","0","0","0","1.54052534773964","0","0","0","0","0","0","0","0","0","0","0","0","0","0","0","0","0","0","0","0","0","0","0","0","0","0","0","1.82405824036337","0","0","0","0","0","0","0","0","0","0","0","0","0","0","1.47685563678208","0","0","0","0","0","0","0","0","0","0","0","0","0","0","0","0","0","0","0","0","0","0","0","0","0","0","0","0","0","0","0","0","0","0","0","0","0","0","0","0","0","0","0","0","0","0","0","0","0","0","0","0","0","0","0","0","0","0","0","0","0","0","0","0","0","0","0","0","0","0","0","0","0","0","0","0","0","0","0","0","0","0","0","0","0","0","0","0","0","0","0","0","0","0","0","0","0","0","0","0","0","0","0","0","0","0","0","0","0","0","0","0"
"PLXND1__L2-L3-eNeuron","1.05242822120584","1.85443016499106","0.964118851501908","0","1.13781838517434","0","0","0","2.60519698446121","0","1.49688334260524","1.68346361342394","0","0","1.39810179788041","0","1.54657574773138","2.2472159265093","0","0","2.40691455097005","0","0","0","2.00815340026828","0","2.78290187833307","0","0.796305572870735","1.42666119544259","2.17229693169381","2.82501655575893","2.82934054095343","0","0","0","0","0","0","0","0","0","0","0","0","0","0","0","0","0","0","1.90777270816482","2.12914391060444","0","0","2.03102426351059","1.6584271145843","0","1.84492894571624","0","0","0","0","0","0","0","1.49645908978437","0.865725430212854","2.37247102109643","1.5052805261616","2.3735524833118","0","1.00714596662385","0","1.36748004131983","0","1.07561761329844","0","1.35094317878497","0","0","0","0","0","2.41442988425911","0","0","0","0","0","0","2.20446082818959","1.57272407565571","0","2.14301995857143","0","0","1.59091807277482","2.88221445085266","0","1.07352243685108","0","1.9056718736748","0","0","0","0","1.79471718427015","2.84734488308863","0","1.40905368712984","2.19041145767754","1.82603337727325","0","2.87570589042299","0","0","0","0","0","2.62409921590552","0","0","0","0","0","0","0","0","0","0","0","0","0","0","0","0","0","0","0","0","0","0","0","0","0","0","0","0","0","0","0","0","0","0","0","0","0","0","0","0","0","0","0","0","0","0","0","0","0","0","0","0","0","0","0","0","0","0","0","0","0","0","0","0","0","0","0","0","0","0","0","0","0","0","0","0","0","0","0","0","0","0","0","0","0","0","0","0","0","0","0","0","2.58129550578304","2.06687885233159","0","0","0","0","0","0","0","0","0","0","0","0","0","0","0","0","0","0","0","0","0","0","0","0","0","0","0","0","0","0","0","0","0","0","0","0","0","0","0","0","0","0","0","0","0","0","0","0","0","0","0","0","0","0","0","0","0","0","0","0","0","0","0","0","0","0","0","0","0","0","0","0","0","0","0","0","0","0","0","0","0","0","0","0","0","0","0","0","0","0","0","0","0","0","0","0","0","0","0","0","0","0","0","0","0","0","0","0","0","0","0","0","0","0","0","0","0","0","0","0","0","0","0","0","0","0","0","0","0","0","0","0","0","0","0","0","0","0","0","0","0","0","0","0","0","0","0","0","0","0","0","0","1.54052534773964","0","0","0","0","0","0","0","0","0","0","0","0","0","0","0","0","0","0","0","0","0","0","0","0","0","0","0","0","0","0","0","0","0","0","0","0","0","0","0","0","0","0","1.47685563678208","0","0","0","0","0","0","0","0","0","0","0","0","0","0","0","0","0","0","0","0","0","0","0","0","0","0","0","0","0","0","0","0","0","0","0","0","0","0","0","0","0","0","0","0","0","0","0","0","0","0","0","0","0","0","0","0","0","0","0","0","0","0","0","0","0","0","0","0","0","0","0","0","0","0","0","0","0","0","0","0","0","0","0","0","0","0","0","0","0","0","0","0","0","0","0","0","0","0","0","0","0","0","0","0","0","0","0","0","0","0","0","0"
"KCNJ4__L2-L3-eNeuron","2.67131344017612","1.20667102341892","2.26408194180178","0","2.20208559743497","0","2.44740542382283","0","2.13416523832471","1.91508586083497","2.21556893048124","1.68346361342394","0","1.73969145215968","2.09460488193476","0","0","2.2472159265093","0","0","1.05370027362177","0","0","0","1.32845449725524","0","2.43609911480667","0","2.62211925181304","2.95474618281712","2.17229693169381","3.1882366355706","3.25557454276363","2.50501167472052","0","0","0","0","0","0","0","0","0","0","0","0","0","0","0","0","0","1.90777270816482","2.12914391060444","0","0","2.35499711288556","1.05544618893481","2.40649482246209","1.84492894571624","0","3.25247578369848","0","2.13542492602776","0","0","0","2.215053319017","2.92182585391066","2.99345487080805","2.70407426875667","1.25945451555799","2.30861064739351","3.18260457396882","2.58579773205398","2.87199728396298","0","1.07561761329844","0","2.84862860245811","1.14319921269542","1.23311676580095","0","2.67491174172182","3.59744257557256","1.95880249179887","0","0","1.66411752237416","0","0","3.63862458925493","2.20446082818959","3.56810776733018","0","2.14301995857143","0","2.69438727093714","2.59240313227562","0","0","2.43783019672824","0","1.9056718736748","0","0","0","0","2.35495730253343","1.35003702581716","0","1.40905368712984","2.52418287065273","2.39030486833925","0","2.20871748443937","0","0","0","0","0","2.97941391816934","0","0","0","0","0","0","0","0","0","0","0","0","0","0","0","0","0","0","0","0","0","0","0","0","0","0","0","0","0","0","0","0","0","0","0","0","0","0","0","0","0","0","0","0","0","0","0","0","0","0","0","0","0","0","0","0","0","0","0","0","0","0","0","0","0","0","0","0","0","0","0","0","0","1.83932561321768","0","0","0","0","0","0","0","0","0","0","0","0","0","0","0","0","0","0","2.93477281420789","2.06687885233159","0","0","0","0","0","0","0","0","0","0","0","0","0","0","0","0","0","0","0","0","0","0","0","0","0","0","0","0","0","0","0","0","0","0","0","0","0","0","0","0","0","0","0","0","0","0","0","0","0","0","0","0","0","0","0","0","0","0","0","0","0","0","0","0","0","0","0","0","0","0","0","0","0","0","0","0","0","0","0","0","0","0","0","0","0","0","0","0","0","0","0","0","0","0","0","0","0","0","0","0","0","0","0","0","0","0","0","0","0","0","0","0","0","0","0","0","0","0","0","0","0","0","0","0","0","0","0","0","0","0","0","0","0","0","0","0","0","0","0","0","0","0","0","0","0","0","0","0","0","0","0","0","2.74996591934122","0","0","0","0","0","0","0","0","0","0","0","0","0","0","0","0","0","0","0","0","0","0","0","0","0","0","0","2.60443100003232","0","0","0","0","0","0","0","0","0","0","0","0","0","0","2.66681174097142","0","0","0","0","0","0","0","0","0","0","0","0","0","0","0","0","0","0","0","0","0","0","0","0","0","0","0","0","0","0","0","0","0","0","0","0","0","0","0","0","0","0","0","0","0","0","0","0","0","0","0","0","0","0","0","0","0","0","0","0","0","0","0","0","0","0","0","0","0","0","0","0","0","0","0","0","0","0","0","0","0","0","0","0","0","0","0","0","0","0","0","0","0","0","0","0","0","0","0","0","0","0","0","0","0","0","0","0","0","0","0","0"
"LRP1__L2-L3-eNeuron","1.38461714529372","1.85443016499106","1.94583798304618","0","0","0","1.31311870022423","0","0","0","1.9005230095641","2.11035400521471","0","1.73969145215968","2.09460488193476","0","2.27573988570995","1.52297414858699","0","0","1.65612767968847","0","0","0","1.32845449725524","0","0","0","1.68254846632132","2.12977005741802","1.73910050680136","0","1.7836648160125","0","0","0","0","0","4.05528243550119","0","0","0","0","0","0","0","0","0","0","0","0","2.70145749246259","2.12914391060444","0","0","0","1.05544618893481","1.05343220638491","2.62870481068993","0","0.889862659991091","0","1.09168069022135","0","0","0","0.684517639769044","1.40300121807483","0","2.70407426875667","2.3735524833118","0.64603854663144","0","1.80807086422945","1.36748004131983","0","2.11199026512885","0","2.03617858435517","2.20979894014091","1.23311676580095","0","1.2305099084554","2.23309622449886","1.28906474074329","0","0","1.66411752237416","0","0","0","2.20446082818959","0.990830927978685","0","2.14301995857143","0","1.90164660993171","1.00446898230957","0","0","0","0","1.9056718736748","0","0","0","0","0.866439740062328","1.35003702581716","0","1.40905368712984","0","0","0","1.49124806589896","0","0","0","0","0","2.15164082180624","0","0","0","0","0","0","0","0","0","0","0","0","0","0","0","0","0","0","0","0","0","0","0","0","0","0","0","0","0","0","0","0","0","0","0","0","0","0","0","0","0","0","0","0","0","0","0","0","0","0","0","0","0","0","0","0","0","0","0","0","0","0","0","0","0","0","0","0","0","0","0","0","0","1.83932561321768","0","0","0","0","0","0","0","0","0","0","0","0","0","0","0","0","0","0","0","0","0","0","0","0","0","0","0","0","0","0","0","0","0","0","0","0","0","0","0","0","0","0","0","0","0","0","0","0","0","0","0","0","0","0","0","0","0","0","0","0","0","0","0","0","0","0","0","0","0","0","0","0","0","0","0","0","0","0","0","0","0","0","0","0","0","0","0","0","0","0","0","0","0","0","0","0","0","0","0","0","0","0","0","0","0","0","0","0","0","0","0","0","0","0","0","0","0","0","0","0","0","0","0","0","0","0","0","0","0","0","0","0","0","0","0","0","0","0","0","0","0","0","0","0","0","0","0","0","0","0","0","0","0","0","0","0","0","0","0","0","0","0","0","0","0","0","0","0","0","0","0","0","0.96680111116517","0","0","0","0","0","0","0","0","0","0","0","0","0","0","0","0","0","0","0","0","0","0","0","0","0","0","0","1.82405824036337","0","0","0","0","0","0","0","0","0","0","0","0","0","0","1.47685563678208","0","0","0","0","0","0","0","0","0","0","0","0","0","0","0","0","0","0","0","0","0","0","0","0","0","0","0","0","0","0","0","0","0","0","0","0","0","0","0","0","0","0","0","0","0","0","0","0","0","0","0","0","0","0","0","0","0","0","0","0","0","0","0","0","0","0","0","0","0","0","0","0","0","0","0","0","0","0","0","0","0","0","0","0","0","0","0","0","0","0","0","0","0","0","0","0","0","0","0","0","0","0","0","0","0","0","0","0","0","0","0","0"
"ADCY1__Lhx6-iNeuron","0","0","0","0","0","1.02580167717986","0","0","0","0","0","0","0","0","0","0","0","0","0","0","0","1.49054689882905","0","0","0","0","0","0","0","0","0","0","0","0","0","0","0","0","0","0","0","0","0","0","0","0","0","0","0","0","0","0","0","0","0","0","0","0","0","0","0","0","0","0","0","0","0","0","0","0","0","0","0","0","0","0","0","0","0","0","0","0","0","0","0","0","0","0","0","0","0","0","0","0","0","0","0","0","0","0","0","0","0","0","0","0","2.97688640039639","0","0","0","0","0","0","0","0","0","0","0","0","0","0","0","0","0","0","0","0","0","0","0","0","0","0","0","0","0","0","0","0","0","0","0","0","0","0","0","0","0","0","0","2.52088396098714","0","0","0","0","0","0","0","0","0","0","0","0","0","0","0","0","0","0","0","0","0","0","0","0","0","0","0","0","0","0","0","0","0","0","0","0","0","0","0","0","0","0","0","0","0","0","0","0","0","0","0","0","1.89206461488099","0","0","0","0","0","0","0","0","0","0","0","0","0","0","0","0","0","0","0","0","0","0","0","0","0","0","0","0","0","0","0","0","0","0","0","0","0","0","0","0","0","1.04545586198504","0","0","0","0","0","0","0","0","0","0","0","0","0","0","1.96432084250518","0","0","0","2.03420699158475","0","1.62788336762538","2.99372333610089","2.39682089482642","0","0","0","0","0","2.06547854330636","0","0","0","1.2712825966827","0","0","0","0","0","0","0","0","0","0","0","0","0","0","2.14174970538801","0","0","0","0","0","0","0","0","2.67354729977504","0","0","0","0","0","0","2.39529845884543","0","0","0","2.13647600281482","0","0","0","0","0","0","0","0","0","0","0","0","0","0","0","0","0","0","0","0","0","0","0","0","0","0","0","0","0","0","0","0","0","0","0","0","0","0","0","0","0","0","0","0","0","0","0","0","0","0","0","0","0","0","0","0","0","0","0.893846447684578","0","0","0","0","0","0","0","0","1.18224988687424","0","0","0","0","0","0","0","0","0","0","0","2.53081300989552","0","0","0","0","0","0","0","0","0","0","0","0","0","0","0","0","0","1.96813550134475","0","0","0","2.12459500677656","0","0","0","0","0","1.92295754792071","0","0","0","0","0","0","0","0","0","0","0","0","0","0","0","0","0","0","0","0","0","0","0","0","0","0","0","0","0","0","0","0","0","0","0","0","0","0","0","0","0","0","0","0","0","0","0","0","0","0","0","0","0","0","0","0","0","0","0","0","0","0","2.45323279561249","0","0","0","0","0","0","0","0","0","0","0","0","0","0","0","0","0","0","0","0","0","0","0","1.6571880791741","0","0","0","0","0","0","0","0","0","0","0","0","0","0"
"APLP2__Lhx6-iNeuron","0","0","0","0","0","0","0","0","0","0","0","0","0","0","0","2.64848666374503","0","0","0","0","0","1.49054689882905","0","0","0","0","0","0","0","0","0","0","0","0","0","0","0","0","0","0","0","0","0","0","0","0","0","0","0","0","0","0","0","0","0","0","0","0","0","0","0","0","0","0","0","0","0","0","0","0","0","0","0","0","0","0","0","0","0","0","0","0","0","0","0","0","0","0","0","0","0","0","0","0","0","0","0","0","0","0","0","0","0","0","0","0","1.71850443390308","0","0","0","0","0","0","0","0","0","0","0","0","0","0","0","0","0","0","0","0","0","0","0","0","0","0","0","0","0","0","0","0","0","0","0","0","0","0","0","0","0","0","0","2.18729343206657","0","0","0","0","0","0","0","0","0","0","0","0","0","0","0","0","0","0","0","0","0","0","0","0","0","0","0","0","0","0","0","0","0","0","0","0","0","0","0","0","0","0","0","0","0","0","0","0","0","0","0","0","0","0","0","0","0","0","0","0","0","0","0","0","0","0","0","0","0","0","0","0","0","0","0","0","0","0","0","0","0","0","0","0","0","0","0","0","0","0","0","0","0","0","1.04545586198504","0","0","0","0","0","0","0","0","0","0","0","0","0","0","2.28383865804159","0","0","0","1.3493582657277","0","1.62788336762538","1.73194644955432","1.94271187870308","0","0","0","0","0","1.18541697305432","0","0","0","1.93641037100956","0","0","0","0","0","0","0","0","0","0","0","0","0","0","1.24195468771497","0","0","0","0","0","0","0","0","0.742001860164488","0","0","0","0","0","0","1.27517779074415","0","0","0","2.13647600281482","0","0","0","0","0","0","0","0","0","0","0","0","0","0","0","0","0","0","0","0","0","0","0","0","0","0","0","0","0","0","0","0","0","0","0","0","0","0","0","0","0","0","0","0","0","0","0","0","0","0","0","0","0","0","0","0","0","0","1.83768926864138","0","0","0","0","0","0","0","0","0.708983533256754","0","0","0","0","0","0","0","0","0","0","0","1.48135820623248","0","0","0","0","0","0","0","0","0","0","0","0","0","0","0","0","0","0","0","0","0","1.9563136991499","0","0","0","0","0","1.13525236618709","0","0","0","0","0","0","0","0","0","0","0","0","0","0","0","0","0","0","0","0","0","0","0","0","0","0","0","0","0","0","0","0","0","0","0","0","0","0","0","0","0","0","0","0","0","0","0","0","0","0","0","0","0","0","0","0","0","0","0","0","0","0","1.69519629552062","0","0","0","0","0","0","0","0","0","0","0","0","0","0","0","0","0","0","0","0","0","0","0","2.08100474513633","0","0","0","0","0","0","0","0","0","0","0","0","0","0"
"CNTN2__Lhx6-iNeuron","0","0","0","2.70876322735127","0","0","0","0","0","0","0","0","0","0","0","1.86197366593781","0","0","0","0","0","0","0","0","0","0","0","0","0","0","0","0","0","0","0","0","0","0","0","0","0","0","0","0","0","0","0","0","0","0","0","0","0","0","0","0","0","0","0","0","0","0","0","0","0","0","0","0","0","0","0","0","0","0","0","0","0","0","0","0","0","0","0","0","0","1.82911544079641","0","0","0","0","0","0","0","0","0","0","0","0","0","0","0","0","0","0","0","0","1.71850443390308","0","0","0","0","0","0","0","0","0","0","0","0","0","0","0","0","0","0","0","0","0","0","0","0","0","0","0","0","0","0","0","0","0","0","0","0","0","0","0","0","0","0","0","1.75260656091223","0","0","0","0","0","0","0","0","0","0","0","0","0","0","0","0","0","0","0","0","0","0","0","0","0","0","0","0","0","0","0","0","0","0","0","0","0","0","0","0","0","0","0","0","0","0","0","0","0","0","0","0","1.89206461488099","0","0","0","0","0","0","0","0","0","0","0","0","0","0","0","0","0","0","0","0","0","0","0","0","0","0","0","0","0","0","0","0","0","0","0","0","0","0","0","0","0","1.64525752508009","0","0","0","0","0","0","0","0","0","0","0","0","0","0","1.96432084250518","0","0","0","2.03420699158475","0","1.62788336762538","0","1.64764005031727","0","0","0","0","0","2.06547854330636","0","0","0","0","0","0","0","0","0","0","0","0","0","0","0","0","0","0","1.60775951069898","0","0","0","0","0","0","0","0","1.22958171672429","0","0","0","0","0","0","1.27517779074415","0","0","0","1.70689661018089","0","0","0","0","0","0","0","0","0","0","0","0","0","0","0","0","0","0","0","0","0","0","0","0","0","0","0","0","0","0","0","0","0","0","0","0","0","0","0","0","0","0","0","0","0","0","0","0","0","0","0","0","0","0","0","0","0","0","1.44161475014131","0","0","0","0","0","0","0","0","1.5380195928911","0","0","0","0","0","0","0","0","0","0","0","0.675699937543009","0","0","0","0","0","0","0","0","0","0","0","0","0","0","0","0","0","1.96813550134475","0","0","0","1.76577919383763","0","0","0","0","0","1.58221060853433","0","0","0","0","0","0","0","0","0","0","0","0","0","0","0","0","0","0","0","0","0","0","0","0","0","0","0","0","0","0","0","0","0","0","0","0","0","0","0","0","0","0","0","0","0","0","0","0","0","0","0","0","0","0","0","0","0","0","0","0","0","0","1.37780176652454","0","0","0","0","0","0","0","0","0","0","0","0","0","0","0","0","0","0","0","0","0","0","0","1.6571880791741","0","0","0","0","0","0","0","0","0","0","0","0","0","0"
"GABBR2__Lhx6-iNeuron","0","0","0","2.70876322735127","0","2.85130787880137","0","0","0","0","0","0","0","0","0","1.86197366593781","0","0","0","0","0","1.89333585238637","0","0","0","0","0","0","0","0","0","0","0","0","0","0","0","0","0","0","0","0","0","0","0","0","0","0","0","0","0","0","0","0","0","0","0","0","0","0","0","0","0","0","0","0","0","0","0","0","0","0","0","0","0","0","0","0","0","0","0","0","0","0","0","1.82911544079641","0","0","0","0","0","0","0","2.00325216302225","0","0","0","0","0","0","0","0","0","0","0","0","2.48075666356288","0","0","0","0","0","0","0","0","0","0","0","0","0","0","0","0","0","0","0","0","0","0","0","0","0","0","0","0","0","0","0","0","0","0","0","0","0","0","0","0","0","0","0","1.75260656091223","0","0","0","0","0","0","0","0","0","0","0","0","0","0","0","0","0","0","0","0","0","0","0","0","0","0","0","0","0","0","0","0","0","0","0","0","0","0","0","0","0","0","0","0","0","0","0","0","0","0","0","0","1.48942652155302","0","0","0","0","0","0","0","0","0","0","0","0","0","0","0","0","0","0","0","0","0","0","0","0","0","0","0","0","0","0","0","0","0","0","0","0","0","0","0","0","0","2.06765775845171","0","0","0","0","0","0","0","0","0","0","0","0","0","0","2.54526397095188","0","0","0","2.28391260072176","0","2.37328200537673","1.1116178877661","1.80270666622178","0","0","0","0","0","2.06547854330636","0","0","0","1.93641037100956","0","0","0","0","0","0","0","0","0","0","0","0","0","0","3.4904299421731","0","0","0","0","0","0","0","0","2.67354729977504","0","0","0","0","0","0","2.39529845884543","0","0","0","2.46705939257477","0","0","0","0","0","0","0","0","0","0","0","0","0","0","0","0","0","0","0","0","0","0","0","0","0","0","0","0","0","0","0","0","0","0","0","0","0","0","0","0","0","0","0","0","0","0","0","0","0","0","0","0","0","0","0","0","0","0","3.2602117332397","0","0","0","0","0","0","0","0","1.18224988687424","0","0","0","0","0","0","0","0","0","0","0","1.48135820623248","0","0","0","0","0","0","0","0","0","0","0","0","0","0","0","0","0","1.67105147743487","0","0","0","2.5363394896453","0","0","0","0","0","2.42959526999056","0","0","0","0","0","0","0","0","0","0","0","0","0","0","0","0","0","0","0","0","0","0","0","0","0","0","0","0","0","0","0","0","0","0","0","0","0","0","0","0","0","0","0","0","0","0","0","0","0","0","0","0","0","0","0","0","0","0","0","0","0","0","1.955200390029","0","0","0","0","0","0","0","0","0","0","0","0","0","0","0","0","0","0","0","0","0","0","0","1.6571880791741","0","0","0","0","0","0","0","0","0","0","0","0","0","0"
"GRIN2D__Lhx6-iNeuron","0","0","0","1.91410707427263","0","1.02580167717986","0","0","0","0","0","0","0","0","0","2.64848666374503","0","0","0","0","0","1.49054689882905","0","0","0","0","0","0","0","0","0","0","0","0","0","0","0","0","0","0","0","0","0","0","0","0","0","0","0","0","0","0","0","0","0","0","0","0","0","0","0","0","0","0","0","0","0","0","0","0","0","0","0","0","0","0","0","0","0","0","0","0","0","0","0","0","0","0","0","0","0","0","0","3.32582981170472","0","0","0","0","0","0","0","0","0","0","0","0","2.14939794239891","0","0","0","0","0","0","0","0","0","0","0","0","0","0","0","0","0","0","0","0","0","0","0","0","0","0","0","0","0","0","0","0","0","0","0","0","0","0","0","0","0","0","0","1.75260656091223","0","0","0","0","0","0","0","0","0","0","0","0","0","0","0","0","0","0","0","0","0","0","0","0","0","0","0","0","0","0","0","0","0","0","0","0","0","0","0","0","0","0","0","0","0","0","0","0","0","0","0","0","1.89206461488099","0","0","0","0","0","0","0","0","0","0","0","0","0","0","0","0","0","0","0","0","0","0","0","0","0","0","0","0","0","0","0","0","0","0","0","0","0","0","0","0","0","1.64525752508009","0","0","0","0","0","0","0","0","0","0","0","0","0","0","2.28383865804159","0","0","0","1.3493582657277","0","2.04819729296622","0.660325534453271","1.2762810328006","0","0","0","0","0","1.18541697305432","0","0","0","0","0","0","0","0","0","0","0","0","0","0","0","0","0","0","1.60775951069898","0","0","0","0","0","0","0","0","1.22958171672429","0","0","0","0","0","0","2.18609357310853","0","0","0","1.70689661018089","0","0","0","0","0","0","0","0","0","0","0","0","0","0","0","0","0","0","0","0","0","0","0","0","0","0","0","0","0","0","0","0","0","0","0","0","0","0","0","0","0","0","0","0","0","0","0","0","0","0","0","0","0","0","0","0","0","0","1.44161475014131","0","0","0","0","0","0","0","0","0","0","0","0","0","0","0","0","0","0","0","0","0.675699937543009","0","0","0","0","0","0","0","0","0","0","0","0","0","0","0","0","0","1.29649304751109","0","0","0","0","0","0","0","0","0","0","0","0","0","0","0","0","0","0","0","0","0","0","0","0","0","0","0","0","0","0","0","0","0","0","0","0","0","0","0","0","0","0","0","0","0","0","0","0","0","0","0","0","0","0","0","0","0","0","0","0","0","0","0","0","0","0","0","0","0","0","0","0","1.69519629552062","0","0","0","0","0","0","0","0","0","0","0","0","0","0","0","0","0","0","0","0","0","0","0","1.05450533069334","0","0","0","0","0","0","0","0","0","0","0","0","0","0"
"SV2A__Lhx6-iNeuron","0","0","0","3.5939774729026","0","3.04485455354838","0","0","0","0","0","0","0","0","0","2.64848666374503","0","0","0","0","0","2.68478827985135","0","0","0","0","0","0","0","0","0","0","0","0","0","0","0","0","0","0","0","0","0","0","0","0","0","0","0","0","0","0","0","0","0","0","0","0","0","0","0","0","0","0","0","0","0","0","0","0","0","0","0","0","0","0","0","0","0","0","0","0","0","0","0","2.88420300090062","0","0","0","0","0","0","0","0","0","0","0","0","0","0","0","0","0","0","0","0","2.75004407886799","0","0","0","0","0","0","0","0","0","0","0","0","0","0","0","0","0","0","0","0","0","0","0","0","0","0","0","0","0","0","0","0","0","0","0","0","0","0","0","0","0","0","0","2.18729343206657","0","0","0","0","0","0","0","0","0","0","0","0","0","0","0","0","0","0","0","0","0","0","0","0","0","0","0","0","0","0","0","0","0","0","0","0","0","0","0","0","0","0","0","0","0","0","0","0","0","0","0","0","2.87326337169087","0","0","0","0","0","0","0","0","0","0","0","0","0","0","0","0","0","0","0","0","0","0","0","0","0","0","0","0","0","0","0","0","0","0","0","0","0","0","0","0","0","3.24977109304705","0","0","0","0","0","0","0","0","0","0","0","0","0","0","3.76304907011228","0","0","0","2.99384538703988","0","3.58202720969661","3.19000617459789","3.54424235367358","0","0","0","0","0","2.88194958269385","0","0","0","3.01235466967023","0","0","0","0","0","0","0","0","0","0","0","0","0","0","3.08891031306925","0","0","0","0","0","0","0","0","2.51285003006499","0","0","0","0","0","0","3.01817696144017","0","0","0","3.15801764979612","0","0","0","0","0","0","0","0","0","0","0","0","0","0","0","0","0","0","0","0","0","0","0","0","0","0","0","0","0","0","0","0","0","0","0","0","0","0","0","0","0","0","0","0","0","0","0","0","0","0","0","0","0","0","0","0","0","0","3.38396126181154","0","0","0","0","0","0","0","0","3.77537086884849","0","0","0","0","0","0","0","0","0","0","0","3.40025715624288","0","0","0","0","0","0","0","0","0","0","0","0","0","0","0","0","0","3.57559431818696","0","0","0","3.47020101459002","0","0","0","0","0","3.82398043430283","0","0","0","0","0","0","0","0","0","0","0","0","0","0","0","0","0","0","0","0","0","0","0","0","0","0","0","0","0","0","0","0","0","0","0","0","0","0","0","0","0","0","0","0","0","0","0","0","0","0","0","0","0","0","0","0","0","0","0","0","0","0","3.00618535139179","0","0","0","0","0","0","0","0","0","0","0","0","0","0","0","0","0","0","0","0","0","0","0","2.08100474513633","0","0","0","0","0","0","0","0","0","0","0","0","0","0"
"CADM3__Lhx6-iNeuron","0","0","0","2.70876322735127","0","2.62771245125479","0","0","0","0","0","0","0","0","0","0","0","0","0","0","0","0.929773863674965","0","0","0","0","0","0","0","0","0","0","0","0","0","0","0","0","0","0","0","0","0","0","0","0","0","0","0","0","0","0","0","0","0","0","0","0","0","0","0","0","0","0","0","0","0","0","0","0","0","0","0","0","0","0","0","0","0","0","0","0","0","0","0","0","0","0","0","0","0","0","0","0","0","0","0","0","0","0","0","0","0","0","0","0","1.71850443390308","0","0","0","0","0","0","0","0","0","0","0","0","0","0","0","0","0","0","0","0","0","0","0","0","0","0","0","0","0","0","0","0","0","0","0","0","0","0","0","0","0","0","0","2.18729343206657","0","0","0","0","0","0","0","0","0","0","0","0","0","0","0","0","0","0","0","0","0","0","0","0","0","0","0","0","0","0","0","0","0","0","0","0","0","0","0","0","0","0","0","0","0","0","0","0","0","0","0","0","2.87326337169087","0","0","0","0","0","0","0","0","0","0","0","0","0","0","0","0","0","0","0","0","0","0","0","0","0","0","0","0","0","0","0","0","0","0","0","0","0","0","0","0","0","3.07863188154905","0","0","0","0","0","0","0","0","0","0","0","0","0","0","3.12754065551315","0","0","0","1.7320440060626","0","2.75470131192757","2.16434709468748","1.80270666622178","0","0","0","0","0","2.60813851790568","0","0","0","1.2712825966827","0","0","0","0","0","0","0","0","0","0","0","0","0","0","1.60775951069898","0","0","0","0","0","0","0","0","1.88361292841745","0","0","0","0","0","0","2.39529845884543","0","0","0","2.13647600281482","0","0","0","0","0","0","0","0","0","0","0","0","0","0","0","0","0","0","0","0","0","0","0","0","0","0","0","0","0","0","0","0","0","0","0","0","0","0","0","0","0","0","0","0","0","0","0","0","0","0","0","0","0","0","0","0","0","0","2.40343621300008","0","0","0","0","0","0","0","0","2.26541048888386","0","0","0","0","0","0","0","0","0","0","0","2.67272948343797","0","0","0","0","0","0","0","0","0","0","0","0","0","0","0","0","0","1.29649304751109","0","0","0","1.76577919383763","0","0","0","0","0","2.0672438793974","0","0","0","0","0","0","0","0","0","0","0","0","0","0","0","0","0","0","0","0","0","0","0","0","0","0","0","0","0","0","0","0","0","0","0","0","0","0","0","0","0","0","0","0","0","0","0","0","0","0","0","0","0","0","0","0","0","0","0","0","0","0","1.37780176652454","0","0","0","0","0","0","0","0","0","0","0","0","0","0","0","0","0","0","0","0","0","0","0","2.08100474513633","0","0","0","0","0","0","0","0","0","0","0","0","0","0"
"NTRK3__Lhx6-iNeuron","0","0","0","0","0","2.03853151146714","0","0","0","0","0","0","0","0","0","0","0","0","0","0","0","0","0","0","0","0","0","0","0","0","0","0","0","0","0","0","0","0","0","0","0","0","0","0","0","0","0","0","0","0","0","0","0","0","0","0","0","0","0","0","0","0","0","0","0","0","0","0","0","0","0","0","0","0","0","0","0","0","0","0","0","0","0","0","0","0","0","0","0","0","0","0","0","0","0","0","0","0","0","0","0","0","0","0","0","0","1.10129734061361","0","0","0","0","0","0","0","0","0","0","0","0","0","0","0","0","0","0","0","0","0","0","0","0","0","0","0","0","0","0","0","0","0","0","0","0","0","0","0","0","0","0","0","0","0","0","0","0","0","0","0","0","0","0","0","0","0","0","0","0","0","0","0","0","0","0","0","0","0","0","0","0","0","0","0","0","0","0","0","0","0","0","0","0","0","0","0","0","0","0","0","0","0","0","0","0","0","0","0","0","0","0","0","0","0","0","0","0","0","0","0","0","0","0","0","0","0","0","0","0","0","0","0","0","0","0","0","0","0","0","0","0","0","0","0","0","0","0","1.64525752508009","0","0","0","0","0","0","0","0","0","0","0","0","0","0","0","0","0","0","1.7320440060626","0","1.62788336762538","1.73194644955432","1.80270666622178","0","0","0","0","0","0.71118262322304","0","0","0","3.44576963168471","0","0","0","0","0","0","0","0","0","0","0","0","0","0","0","0","0","0","0","0","0","0","0","1.22958171672429","0","0","0","0","0","0","0","0","0","0","2.73583528087577","0","0","0","0","0","0","0","0","0","0","0","0","0","0","0","0","0","0","0","0","0","0","0","0","0","0","0","0","0","0","0","0","0","0","0","0","0","0","0","0","0","0","0","0","0","0","0","0","0","0","0","0","0","0","0","0","0","0","0.893846447684578","0","0","0","0","0","0","0","0","1.5380195928911","0","0","0","0","0","0","0","0","0","0","0","2.53081300989552","0","0","0","0","0","0","0","0","0","0","0","0","0","0","0","0","0","2.42463514305149","0","0","0","2.12459500677656","0","0","0","0","0","2.53263597103807","0","0","0","0","0","0","0","0","0","0","0","0","0","0","0","0","0","0","0","0","0","0","0","0","0","0","0","0","0","0","0","0","0","0","0","0","0","0","0","0","0","0","0","0","0","0","0","0","0","0","0","0","0","0","0","0","0","0","0","0","0","0","1.18838624977213","0","0","0","0","0","0","0","0","0","0","0","0","0","0","0","0","0","0","0","0","0","0","0","0","0","0","0","0","0","0","0","0","0","0","0","0","0","0"
"LINGO1__Lhx6-iNeuron","0","0","0","2.70876322735127","0","1.61926320222826","0","0","0","0","0","0","0","0","0","0","0","0","0","0","0","1.49054689882905","0","0","0","0","0","0","0","0","0","0","0","0","0","0","0","0","0","0","0","0","0","0","0","0","0","0","0","0","0","0","0","0","0","0","0","0","0","0","0","0","0","0","0","0","0","0","0","0","0","0","0","0","0","0","0","0","0","0","0","0","0","0","0","0","0","0","0","0","0","0","0","2.81107108191656","0","0","0","0","0","0","0","0","0","0","0","0","3.17285991925732","0","0","0","0","0","0","0","0","0","0","0","0","0","0","0","0","0","0","0","0","0","0","0","0","0","0","0","0","0","0","0","0","0","0","0","0","0","0","0","0","0","0","0","1.12752375172215","0","0","0","0","0","0","0","0","0","0","0","0","0","0","0","0","0","0","0","0","0","0","0","0","0","0","0","0","0","0","0","0","0","0","0","0","0","0","0","0","0","0","0","0","0","0","0","0","0","0","0","0","1.48942652155302","0","0","0","0","0","0","0","0","0","0","0","0","0","0","0","0","0","0","0","0","0","0","0","0","0","0","0","0","0","0","0","0","0","0","0","0","0","0","0","0","0","1.64525752508009","0","0","0","0","0","0","0","0","0","0","0","0","0","0","1.55329154856714","0","0","0","0.82700097406298","0","1.62788336762538","0.660325534453271","1.64764005031727","0","0","0","0","0","1.18541697305432","0","0","0","1.2712825966827","0","0","0","0","0","0","0","0","0","0","0","0","0","0","1.89932083124966","0","0","0","0","0","0","0","0","2.12514679142593","0","0","0","0","0","0","0","0","0","0","1.70689661018089","0","0","0","0","0","0","0","0","0","0","0","0","0","0","0","0","0","0","0","0","0","0","0","0","0","0","0","0","0","0","0","0","0","0","0","0","0","0","0","0","0","0","0","0","0","0","0","0","0","0","0","0","0","0","0","0","0","0","1.44161475014131","0","0","0","0","0","0","0","0","0.708983533256754","0","0","0","0","0","0","0","0","0","0","0","0.675699937543009","0","0","0","0","0","0","0","0","0","0","0","0","0","0","0","0","0","0.789232903783179","0","0","0","2.12459500677656","0","0","0","0","0","0.484248087498022","0","0","0","0","0","0","0","0","0","0","0","0","0","0","0","0","0","0","0","0","0","0","0","0","0","0","0","0","0","0","0","0","0","0","0","0","0","0","0","0","0","0","0","0","0","0","0","0","0","0","0","0","0","0","0","0","0","0","0","0","0","0","1.54520987926906","0","0","0","0","0","0","0","0","0","0","0","0","0","0","0","0","0","0","0","0","0","0","0","1.6571880791741","0","0","0","0","0","0","0","0","0","0","0","0","0","0"
"SLC17A7__Lhx6-iNeuron","0","0","0","0","0","2.03853151146714","0","0","0","0","0","0","0","0","0","2.64848666374503","0","0","0","0","0","1.49054689882905","0","0","0","0","0","0","0","0","0","0","0","0","0","0","0","0","0","0","0","0","0","0","0","0","0","0","0","0","0","0","0","0","0","0","0","0","0","0","0","0","0","0","0","0","0","0","0","0","0","0","0","0","0","0","0","0","0","0","0","0","0","0","0","1.82911544079641","0","0","0","0","0","0","0","0","0","0","0","0","0","0","0","0","0","0","0","0","3.34536840952381","0","0","0","0","0","0","0","0","0","0","0","0","0","0","0","0","0","0","0","0","0","0","0","0","0","0","0","0","0","0","0","0","0","0","0","0","0","0","0","0","0","0","0","1.12752375172215","0","0","0","0","0","0","0","0","0","0","0","0","0","0","0","0","0","0","0","0","0","0","0","0","0","0","0","0","0","0","0","0","0","0","0","0","0","0","0","0","0","0","0","0","0","0","0","0","0","0","0","0","0","0","0","0","0","0","0","0","0","0","0","0","0","0","0","0","0","0","0","0","0","0","0","0","0","0","0","0","0","0","0","0","0","0","0","0","0","0","0","0","0","0","1.64525752508009","0","0","0","0","0","0","0","0","0","0","0","0","0","0","1.96432084250518","0","0","0","1.3493582657277","0","2.6384169923658","2.88456494256449","2.5795380774592","0","0","0","0","0","3.0015503281468","0","0","0","1.93641037100956","0","0","0","0","0","0","0","0","0","0","0","0","0","0","2.34924159571229","0","0","0","0","0","0","0","0","3.98138589684014","0","0","0","0","0","0","2.18609357310853","0","0","0","2.13647600281482","0","0","0","0","0","0","0","0","0","0","0","0","0","0","0","0","0","0","0","0","0","0","0","0","0","0","0","0","0","0","0","0","0","0","0","0","0","0","0","0","0","0","0","0","0","0","0","0","0","0","0","0","0","0","0","0","0","0","2.14811876910266","0","0","0","0","0","0","0","0","1.5380195928911","0","0","0","0","0","0","0","0","0","0","0","2.19667923705245","0","0","0","0","0","0","0","0","0","0","0","0","0","0","0","0","0","2.60812022170841","0","0","0","3.11800144029888","0","0","0","0","0","1.92295754792071","0","0","0","0","0","0","0","0","0","0","0","0","0","0","0","0","0","0","0","0","0","0","0","0","0","0","0","0","0","0","0","0","0","0","0","0","0","0","0","0","0","0","0","0","0","0","0","0","0","0","0","0","0","0","0","0","0","0","0","0","0","0","2.88652753472662","0","0","0","0","0","0","0","0","0","0","0","0","0","0","0","0","0","0","0","0","0","0","0","2.67469331204331","0","0","0","0","0","0","0","0","0","0","0","0","0","0"
"GLG1__Lhx6-iNeuron","0","0","0","2.70876322735127","0","1.61926320222826","0","0","0","0","0","0","0","0","0","0","0","0","0","0","0","1.49054689882905","0","0","0","0","0","0","0","0","0","0","0","0","0","0","0","0","0","0","0","0","0","0","0","0","0","0","0","0","0","0","0","0","0","0","0","0","0","0","0","0","0","0","0","0","0","0","0","0","0","0","0","0","0","0","0","0","0","0","0","0","0","0","0","1.82911544079641","0","0","0","0","0","0","0","0","0","0","0","0","0","0","0","0","0","0","0","0","1.71850443390308","0","0","0","0","0","0","0","0","0","0","0","0","0","0","0","0","0","0","0","0","0","0","0","0","0","0","0","0","0","0","0","0","0","0","0","0","0","0","0","0","0","0","0","1.75260656091223","0","0","0","0","0","0","0","0","0","0","0","0","0","0","0","0","0","0","0","0","0","0","0","0","0","0","0","0","0","0","0","0","0","0","0","0","0","0","0","0","0","0","0","0","0","0","0","0","0","0","0","0","2.20650158896585","0","0","0","0","0","0","0","0","0","0","0","0","0","0","0","0","0","0","0","0","0","0","0","0","0","0","0","0","0","0","0","0","0","0","0","0","0","0","0","0","0","2.06765775845171","0","0","0","0","0","0","0","0","0","0","0","0","0","0","1.55329154856714","0","0","0","0.82700097406298","0","1.85329325213754","1.96428624177814","1.94271187870308","0","0","0","0","0","2.26989297785055","0","0","0","0","0","0","0","0","0","0","0","0","0","0","0","0","0","0","1.60775951069898","0","0","0","0","0","0","0","0","1.88361292841745","0","0","0","0","0","0","1.27517779074415","0","0","0","0","0","0","0","0","0","0","0","0","0","0","0","0","0","0","0","0","0","0","0","0","0","0","0","0","0","0","0","0","0","0","0","0","0","0","0","0","0","0","0","0","0","0","0","0","0","0","0","0","0","0","0","0","0","0","0","0","0","0","1.44161475014131","0","0","0","0","0","0","0","0","2.44428646582995","0","0","0","0","0","0","0","0","0","0","0","1.13405209856101","0","0","0","0","0","0","0","0","0","0","0","0","0","0","0","0","0","1.67105147743487","0","0","0","0.971023275354355","0","0","0","0","0","1.92295754792071","0","0","0","0","0","0","0","0","0","0","0","0","0","0","0","0","0","0","0","0","0","0","0","0","0","0","0","0","0","0","0","0","0","0","0","0","0","0","0","0","0","0","0","0","0","0","0","0","0","0","0","0","0","0","0","0","0","0","0","0","0","0","2.17542439968495","0","0","0","0","0","0","0","0","0","0","0","0","0","0","0","0","0","0","0","0","0","0","0","2.08100474513633","0","0","0","0","0","0","0","0","0","0","0","0","0","0"
"CAP1__Lhx6-iNeuron","0","0","0","2.70876322735127","0","2.03853151146714","0","0","0","0","0","0","0","0","0","0","0","0","0","0","0","2.20786459148637","0","0","0","0","0","0","0","0","0","0","0","0","0","0","0","0","0","0","0","0","0","0","0","0","0","0","0","0","0","0","0","0","0","0","0","0","0","0","0","0","0","0","0","0","0","0","0","0","0","0","0","0","0","0","0","0","0","0","0","0","0","0","0","2.61031807499805","0","0","0","0","0","0","0","0","0","0","0","0","0","0","0","0","0","0","0","0","1.71850443390308","0","0","0","0","0","0","0","0","0","0","0","0","0","0","0","0","0","0","0","0","0","0","0","0","0","0","0","0","0","0","0","0","0","0","0","0","0","0","0","0","0","0","0","1.12752375172215","0","0","0","0","0","0","0","0","0","0","0","0","0","0","0","0","0","0","0","0","0","0","0","0","0","0","0","0","0","0","0","0","0","0","0","0","0","0","0","0","0","0","0","0","0","0","0","0","0","0","0","0","0","0","0","0","0","0","0","0","0","0","0","0","0","0","0","0","0","0","0","0","0","0","0","0","0","0","0","0","0","0","0","0","0","0","0","0","0","0","0","0","0","0","0","0","0","0","0","0","0","0","0","0","0","0","0","0","0","1.55329154856714","0","0","0","0.82700097406298","0","1.85329325213754","1.1116178877661","0.774897916458265","0","0","0","0","0","1.82724278699378","0","0","0","1.93641037100956","0","0","0","0","0","0","0","0","0","0","0","0","0","0","0.750686981955664","0","0","0","0","0","0","0","0","2.51285003006499","0","0","0","0","0","0","1.27517779074415","0","0","0","0","0","0","0","0","0","0","0","0","0","0","0","0","0","0","0","0","0","0","0","0","0","0","0","0","0","0","0","0","0","0","0","0","0","0","0","0","0","0","0","0","0","0","0","0","0","0","0","0","0","0","0","0","0","0","0","0","0","0","1.44161475014131","0","0","0","0","0","0","0","0","0.708983533256754","0","0","0","0","0","0","0","0","0","0","0","0.675699937543009","0","0","0","0","0","0","0","0","0","0","0","0","0","0","0","0","0","0.789232903783179","0","0","0","0.565709494702119","0","0","0","0","0","1.37597160154163","0","0","0","0","0","0","0","0","0","0","0","0","0","0","0","0","0","0","0","0","0","0","0","0","0","0","0","0","0","0","0","0","0","0","0","0","0","0","0","0","0","0","0","0","0","0","0","0","0","0","0","0","0","0","0","0","0","0","0","0","0","0","0.97028869470102","0","0","0","0","0","0","0","0","0","0","0","0","0","0","0","0","0","0","0","0","0","0","0","1.05450533069334","0","0","0","0","0","0","0","0","0","0","0","0","0","0"
"MGRN1__Lhx6-iNeuron","0","0","0","2.70876322735127","0","0","0","0","0","0","0","0","0","0","0","0","0","0","0","0","0","1.49054689882905","0","0","0","0","0","0","0","0","0","0","0","0","0","0","0","0","0","0","0","0","0","0","0","0","0","0","0","0","0","0","0","0","0","0","0","0","0","0","0","0","0","0","0","0","0","0","0","0","0","0","0","0","0","0","0","0","0","0","0","0","0","0","0","1.82911544079641","0","0","0","0","0","0","0","0","0","0","0","0","0","0","0","0","0","0","0","0","1.71850443390308","0","0","0","0","0","0","0","0","0","0","0","0","0","0","0","0","0","0","0","0","0","0","0","0","0","0","0","0","0","0","0","0","0","0","0","0","0","0","0","0","0","0","0","2.52088396098714","0","0","0","0","0","0","0","0","0","0","0","0","0","0","0","0","0","0","0","0","0","0","0","0","0","0","0","0","0","0","0","0","0","0","0","0","0","0","0","0","0","0","0","0","0","0","0","0","0","0","0","0","1.89206461488099","0","0","0","0","0","0","0","0","0","0","0","0","0","0","0","0","0","0","0","0","0","0","0","0","0","0","0","0","0","0","0","0","0","0","0","0","0","0","0","0","0","1.04545586198504","0","0","0","0","0","0","0","0","0","0","0","0","0","0","2.28383865804159","0","0","0","1.3493582657277","0","1.36061388241938","1.1116178877661","2.49107019404991","0","0","0","0","0","1.18541697305432","0","0","0","2.38991968088993","0","0","0","0","0","0","0","0","0","0","0","0","0","0","2.14174970538801","0","0","0","0","0","0","0","0","0","0","0","0","0","0","0","1.94132151526106","0","0","0","2.46705939257477","0","0","0","0","0","0","0","0","0","0","0","0","0","0","0","0","0","0","0","0","0","0","0","0","0","0","0","0","0","0","0","0","0","0","0","0","0","0","0","0","0","0","0","0","0","0","0","0","0","0","0","0","0","0","0","0","0","0","0.893846447684578","0","0","0","0","0","0","0","0","1.5380195928911","0","0","0","0","0","0","0","0","0","0","0","1.48135820623248","0","0","0","0","0","0","0","0","0","0","0","0","0","0","0","0","0","2.42463514305149","0","0","0","1.9563136991499","0","0","0","0","0","1.76262081458085","0","0","0","0","0","0","0","0","0","0","0","0","0","0","0","0","0","0","0","0","0","0","0","0","0","0","0","0","0","0","0","0","0","0","0","0","0","0","0","0","0","0","0","0","0","0","0","0","0","0","0","0","0","0","0","0","0","0","0","0","0","0","1.37780176652454","0","0","0","0","0","0","0","0","0","0","0","0","0","0","0","0","0","0","0","0","0","0","0","1.6571880791741","0","0","0","0","0","0","0","0","0","0","0","0","0","0"
"STX1A__Lhx6-iNeuron","0","0","0","0","0","0","0","0","0","0","0","0","0","0","0","2.64848666374503","0","0","0","0","0","1.49054689882905","0","0","0","0","0","0","0","0","0","0","0","0","0","0","0","0","0","0","0","0","0","0","0","0","0","0","0","0","0","0","0","0","0","0","0","0","0","0","0","0","0","0","0","0","0","0","0","0","0","0","0","0","0","0","0","0","0","0","0","0","0","0","0","0","0","0","0","0","0","0","0","0","0","0","0","0","0","0","0","0","0","0","0","0","2.14939794239891","0","0","0","0","0","0","0","0","0","0","0","0","0","0","0","0","0","0","0","0","0","0","0","0","0","0","0","0","0","0","0","0","0","0","0","0","0","0","0","0","0","0","0","1.75260656091223","0","0","0","0","0","0","0","0","0","0","0","0","0","0","0","0","0","0","0","0","0","0","0","0","0","0","0","0","0","0","0","0","0","0","0","0","0","0","0","0","0","0","0","0","0","0","0","0","0","0","0","0","1.48942652155302","0","0","0","0","0","0","0","0","0","0","0","0","0","0","0","0","0","0","0","0","0","0","0","0","0","0","0","0","0","0","0","0","0","0","0","0","0","0","0","0","0","1.64525752508009","0","0","0","0","0","0","0","0","0","0","0","0","0","0","1.55329154856714","0","0","0","0.82700097406298","0","1.03230976643436","0.660325534453271","0","0","0","0","0","0","1.54173128363151","0","0","0","1.93641037100956","0","0","0","0","0","0","0","0","0","0","0","0","0","0","1.60775951069898","0","0","0","0","0","0","0","0","2.12514679142593","0","0","0","0","0","0","0","0","0","0","0","0","0","0","0","0","0","0","0","0","0","0","0","0","0","0","0","0","0","0","0","0","0","0","0","0","0","0","0","0","0","0","0","0","0","0","0","0","0","0","0","0","0","0","0","0","0","0","0","0","0","0","0","0","0","0","0","0","0","1.44161475014131","0","0","0","0","0","0","0","0","1.5380195928911","0","0","0","0","0","0","0","0","0","0","0","0.675699937543009","0","0","0","0","0","0","0","0","0","0","0","0","0","0","0","0","0","1.96813550134475","0","0","0","1.28708552474463","0","0","0","0","0","1.76262081458085","0","0","0","0","0","0","0","0","0","0","0","0","0","0","0","0","0","0","0","0","0","0","0","0","0","0","0","0","0","0","0","0","0","0","0","0","0","0","0","0","0","0","0","0","0","0","0","0","0","0","0","0","0","0","0","0","0","0","0","0","0","0","1.37780176652454","0","0","0","0","0","0","0","0","0","0","0","0","0","0","0","0","0","0","0","0","0","0","0","0","0","0","0","0","0","0","0","0","0","0","0","0","0","0"
"CNTNAP1__Lhx6-iNeuron","0","0","0","2.70876322735127","0","1.61926320222826","0","0","0","0","0","0","0","0","0","0","0","0","0","0","0","1.89333585238637","0","0","0","0","0","0","0","0","0","0","0","0","0","0","0","0","0","0","0","0","0","0","0","0","0","0","0","0","0","0","0","0","0","0","0","0","0","0","0","0","0","0","0","0","0","0","0","0","0","0","0","0","0","0","0","0","0","0","0","0","0","0","0","2.61031807499805","0","0","0","0","0","0","0","2.81107108191656","0","0","0","0","0","0","0","0","0","0","0","0","2.48075666356288","0","0","0","0","0","0","0","0","0","0","0","0","0","0","0","0","0","0","0","0","0","0","0","0","0","0","0","0","0","0","0","0","0","0","0","0","0","0","0","0","0","0","0","2.79164127409631","0","0","0","0","0","0","0","0","0","0","0","0","0","0","0","0","0","0","0","0","0","0","0","0","0","0","0","0","0","0","0","0","0","0","0","0","0","0","0","0","0","0","0","0","0","0","0","0","0","0","0","0","2.68331923335828","0","0","0","0","0","0","0","0","0","0","0","0","0","0","0","0","0","0","0","0","0","0","0","0","0","0","0","0","0","0","0","0","0","0","0","0","0","0","0","0","0","3.66723395099767","0","0","0","0","0","0","0","0","0","0","0","0","0","0","2.76650594042165","0","0","0","2.28391260072176","0","2.51193167979847","1.96428624177814","2.39682089482642","0","0","0","0","0","2.26989297785055","0","0","0","1.2712825966827","0","0","0","0","0","0","0","0","0","0","0","0","0","0","2.53060940347339","0","0","0","0","0","0","0","0","2.33198310705779","0","0","0","0","0","0","2.18609357310853","0","0","0","2.46705939257477","0","0","0","0","0","0","0","0","0","0","0","0","0","0","0","0","0","0","0","0","0","0","0","0","0","0","0","0","0","0","0","0","0","0","0","0","0","0","0","0","0","0","0","0","0","0","0","0","0","0","0","0","0","0","0","0","0","0","2.80876909799919","0","0","0","0","0","0","0","0","2.60341056830632","0","0","0","0","0","0","0","0","0","0","0","2.92050048764351","0","0","0","0","0","0","0","0","0","0","0","0","0","0","0","0","0","1.67105147743487","0","0","0","1.9563136991499","0","0","0","0","0","2.53263597103807","0","0","0","0","0","0","0","0","0","0","0","0","0","0","0","0","0","0","0","0","0","0","0","0","0","0","0","0","0","0","0","0","0","0","0","0","0","0","0","0","0","0","0","0","0","0","0","0","0","0","0","0","0","0","0","0","0","0","0","0","0","0","1.83104771128645","0","0","0","0","0","0","0","0","0","0","0","0","0","0","0","0","0","0","0","0","0","0","0","2.40817481067194","0","0","0","0","0","0","0","0","0","0","0","0","0","0"
"EPHB6__Lhx6-iNeuron","0","0","0","0","0","2.03853151146714","0","0","0","0","0","0","0","0","0","1.86197366593781","0","0","0","0","0","0","0","0","0","0","0","0","0","0","0","0","0","0","0","0","0","0","0","0","0","0","0","0","0","0","0","0","0","0","0","0","0","0","0","0","0","0","0","0","0","0","0","0","0","0","0","0","0","0","0","0","0","0","0","0","0","0","0","0","0","0","0","0","0","2.61031807499805","0","0","0","0","0","0","0","2.00325216302225","0","0","0","0","0","0","0","0","0","0","0","0","0","0","0","0","0","0","0","0","0","0","0","0","0","0","0","0","0","0","0","0","0","0","0","0","0","0","0","0","0","0","0","0","0","0","0","0","0","0","0","0","0","0","0","0","0","0","0","0","0","0","0","0","0","0","0","0","0","0","0","0","0","0","0","0","0","0","0","0","0","0","0","0","0","0","0","0","0","0","0","0","0","0","0","0","0","0","0","0","0","0","0","0","0","0","0","0","0","0.92894763639278","0","0","0","0","0","0","0","0","0","0","0","0","0","0","0","0","0","0","0","0","0","0","0","0","0","0","0","0","0","0","0","0","0","0","0","0","0","0","0","0","0","1.64525752508009","0","0","0","0","0","0","0","0","0","0","0","0","0","0","2.28383865804159","0","0","0","0","0","0.606582542824911","1.1116178877661","1.2762810328006","0","0","0","0","0","2.44890600172299","0","0","0","1.93641037100956","0","0","0","0","0","0","0","0","0","0","0","0","0","0","0","0","0","0","0","0","0","0","0","1.88361292841745","0","0","0","0","0","0","2.74009552046637","0","0","0","0","0","0","0","0","0","0","0","0","0","0","0","0","0","0","0","0","0","0","0","0","0","0","0","0","0","0","0","0","0","0","0","0","0","0","0","0","0","0","0","0","0","0","0","0","0","0","0","0","0","0","0","0","0","0","0","0","0","0","1.44161475014131","0","0","0","0","0","0","0","0","2.06117480388002","0","0","0","0","0","0","0","0","0","0","0","1.13405209856101","0","0","0","0","0","0","0","0","0","0","0","0","0","0","0","0","0","1.67105147743487","0","0","0","1.54619607492346","0","0","0","0","0","1.37597160154163","0","0","0","0","0","0","0","0","0","0","0","0","0","0","0","0","0","0","0","0","0","0","0","0","0","0","0","0","0","0","0","0","0","0","0","0","0","0","0","0","0","0","0","0","0","0","0","0","0","0","0","0","0","0","0","0","0","0","0","0","0","0","0.713245702314032","0","0","0","0","0","0","0","0","0","0","0","0","0","0","0","0","0","0","0","0","0","0","0","1.05450533069334","0","0","0","0","0","0","0","0","0","0","0","0","0","0"
"HRH3__Lhx6-iNeuron","0","0","0","0","0","2.36299214967087","0","0","0","0","0","0","0","0","0","3.15463802354112","0","0","0","0","0","0","0","0","0","0","0","0","0","0","0","0","0","0","0","0","0","0","0","0","0","0","0","0","0","0","0","0","0","0","0","0","0","0","0","0","0","0","0","0","0","0","0","0","0","0","0","0","0","0","0","0","0","0","0","0","0","0","0","0","0","0","0","0","0","1.18687813472351","0","0","0","0","0","0","0","0","0","0","0","0","0","0","0","0","0","0","0","0","2.14939794239891","0","0","0","0","0","0","0","0","0","0","0","0","0","0","0","0","0","0","0","0","0","0","0","0","0","0","0","0","0","0","0","0","0","0","0","0","0","0","0","0","0","0","0","2.18729343206657","0","0","0","0","0","0","0","0","0","0","0","0","0","0","0","0","0","0","0","0","0","0","0","0","0","0","0","0","0","0","0","0","0","0","0","0","0","0","0","0","0","0","0","0","0","0","0","0","0","0","0","0","0","0","0","0","0","0","0","0","0","0","0","0","0","0","0","0","0","0","0","0","0","0","0","0","0","0","0","0","0","0","0","0","0","0","0","0","0","0","0","0","0","0","2.06765775845171","0","0","0","0","0","0","0","0","0","0","0","0","0","0","1.55329154856714","0","0","0","1.3493582657277","0","0.606582542824911","1.96428624177814","1.94271187870308","0","0","0","0","0","1.54173128363151","0","0","0","1.2712825966827","0","0","0","0","0","0","0","0","0","0","0","0","0","0","3.57549407297262","0","0","0","0","0","0","0","0","2.12514679142593","0","0","0","0","0","0","2.74009552046637","0","0","0","2.13647600281482","0","0","0","0","0","0","0","0","0","0","0","0","0","0","0","0","0","0","0","0","0","0","0","0","0","0","0","0","0","0","0","0","0","0","0","0","0","0","0","0","0","0","0","0","0","0","0","0","0","0","0","0","0","0","0","0","0","0","0","0","0","0","0","0","0","0","0","2.44428646582995","0","0","0","0","0","0","0","0","0","0","0","2.8019275403319","0","0","0","0","0","0","0","0","0","0","0","0","0","0","0","0","0","2.91712581780297","0","0","0","2.41170744863763","0","0","0","0","0","1.92295754792071","0","0","0","0","0","0","0","0","0","0","0","0","0","0","0","0","0","0","0","0","0","0","0","0","0","0","0","0","0","0","0","0","0","0","0","0","0","0","0","0","0","0","0","0","0","0","0","0","0","0","0","0","0","0","0","0","0","0","0","0","0","0","0.713245702314032","0","0","0","0","0","0","0","0","0","0","0","0","0","0","0","0","0","0","0","0","0","0","0","0","0","0","0","0","0","0","0","0","0","0","0","0","0","0"
"NLGN2__Lhx6-iNeuron","0","0","0","1.91410707427263","0","1.61926320222826","0","0","0","0","0","0","0","0","0","0","0","0","0","0","0","0","0","0","0","0","0","0","0","0","0","0","0","0","0","0","0","0","0","0","0","0","0","0","0","0","0","0","0","0","0","0","0","0","0","0","0","0","0","0","0","0","0","0","0","0","0","0","0","0","0","0","0","0","0","0","0","0","0","0","0","0","0","0","0","1.18687813472351","0","0","0","0","0","0","0","0","0","0","0","0","0","0","0","0","0","0","0","0","1.71850443390308","0","0","0","0","0","0","0","0","0","0","0","0","0","0","0","0","0","0","0","0","0","0","0","0","0","0","0","0","0","0","0","0","0","0","0","0","0","0","0","0","0","0","0","1.75260656091223","0","0","0","0","0","0","0","0","0","0","0","0","0","0","0","0","0","0","0","0","0","0","0","0","0","0","0","0","0","0","0","0","0","0","0","0","0","0","0","0","0","0","0","0","0","0","0","0","0","0","0","0","1.89206461488099","0","0","0","0","0","0","0","0","0","0","0","0","0","0","0","0","0","0","0","0","0","0","0","0","0","0","0","0","0","0","0","0","0","0","0","0","0","0","0","0","0","2.06765775845171","0","0","0","0","0","0","0","0","0","0","0","0","0","0","2.28383865804159","0","0","0","0","0","1.62788336762538","1.1116178877661","1.2762810328006","0","0","0","0","0","1.54173128363151","0","0","0","0","0","0","0","0","0","0","0","0","0","0","0","0","0","0","1.60775951069898","0","0","0","0","0","0","0","0","1.22958171672429","0","0","0","0","0","0","1.94132151526106","0","0","0","1.70689661018089","0","0","0","0","0","0","0","0","0","0","0","0","0","0","0","0","0","0","0","0","0","0","0","0","0","0","0","0","0","0","0","0","0","0","0","0","0","0","0","0","0","0","0","0","0","0","0","0","0","0","0","0","0","0","0","0","0","0","2.14811876910266","0","0","0","0","0","0","0","0","2.06117480388002","0","0","0","0","0","0","0","0","0","0","0","1.99525215863198","0","0","0","0","0","0","0","0","0","0","0","0","0","0","0","0","0","1.67105147743487","0","0","0","1.54619607492346","0","0","0","0","0","1.76262081458085","0","0","0","0","0","0","0","0","0","0","0","0","0","0","0","0","0","0","0","0","0","0","0","0","0","0","0","0","0","0","0","0","0","0","0","0","0","0","0","0","0","0","0","0","0","0","0","0","0","0","0","0","0","0","0","0","0","0","0","0","0","0","1.37780176652454","0","0","0","0","0","0","0","0","0","0","0","0","0","0","0","0","0","0","0","0","0","0","0","1.6571880791741","0","0","0","0","0","0","0","0","0","0","0","0","0","0"
"NTSR2__Lhx6-iNeuron","0","0","0","2.70876322735127","0","3.04485455354838","0","0","0","0","0","0","0","0","0","0","0","0","0","0","0","0","0","0","0","0","0","0","0","0","0","0","0","0","0","0","0","0","0","0","0","0","0","0","0","0","0","0","0","0","0","0","0","0","0","0","0","0","0","0","0","0","0","0","0","0","0","0","0","0","0","0","0","0","0","0","0","0","0","0","0","0","0","0","0","1.18687813472351","0","0","0","0","0","0","0","0","0","0","0","0","0","0","0","0","0","0","0","0","0","0","0","0","0","0","0","0","0","0","0","0","0","0","0","0","0","0","0","0","0","0","0","0","0","0","0","0","0","0","0","0","0","0","0","0","0","0","0","0","0","0","0","0","1.12752375172215","0","0","0","0","0","0","0","0","0","0","0","0","0","0","0","0","0","0","0","0","0","0","0","0","0","0","0","0","0","0","0","0","0","0","0","0","0","0","0","0","0","0","0","0","0","0","0","0","0","0","0","0","1.48942652155302","0","0","0","0","0","0","0","0","0","0","0","0","0","0","0","0","0","0","0","0","0","0","0","0","0","0","0","0","0","0","0","0","0","0","0","0","0","0","0","0","0","0","0","0","0","0","0","0","0","0","0","0","0","0","0","0","0","0","0","0","0.82700097406298","0","2.21987682341766","1.1116178877661","1.64764005031727","0","0","0","0","0","1.18541697305432","0","0","0","1.93641037100956","0","0","0","0","0","0","0","0","0","0","0","0","0","0","0","0","0","0","0","0","0","0","0","1.59334653662393","0","0","0","0","0","0","1.94132151526106","0","0","0","1.70689661018089","0","0","0","0","0","0","0","0","0","0","0","0","0","0","0","0","0","0","0","0","0","0","0","0","0","0","0","0","0","0","0","0","0","0","0","0","0","0","0","0","0","0","0","0","0","0","0","0","0","0","0","0","0","0","0","0","0","0","1.83768926864138","0","0","0","0","0","0","0","0","1.18224988687424","0","0","0","0","0","0","0","0","0","0","0","0.675699937543009","0","0","0","0","0","0","0","0","0","0","0","0","0","0","0","0","0","1.29649304751109","0","0","0","2.27528179549514","0","0","0","0","0","0","0","0","0","0","0","0","0","0","0","0","0","0","0","0","0","0","0","0","0","0","0","0","0","0","0","0","0","0","0","0","0","0","0","0","0","0","0","0","0","0","0","0","0","0","0","0","0","0","0","0","0","0","0","0","0","0","0","0","0","0","0","0","1.54520987926906","0","0","0","0","0","0","0","0","0","0","0","0","0","0","0","0","0","0","0","0","0","0","0","2.67469331204331","0","0","0","0","0","0","0","0","0","0","0","0","0","0"
"PDE1B__Lhx6-iNeuron","0","0","0","2.70876322735127","0","1.02580167717986","0","0","0","0","0","0","0","0","0","0","0","0","0","0","0","1.49054689882905","0","0","0","0","0","0","0","0","0","0","0","0","0","0","0","0","0","0","0","0","0","0","0","0","0","0","0","0","0","0","0","0","0","0","0","0","0","0","0","0","0","0","0","0","0","0","0","0","0","0","0","0","0","0","0","0","0","0","0","0","0","0","0","2.27195963561328","0","0","0","0","0","0","0","0","0","0","0","0","0","0","0","0","0","0","0","0","1.71850443390308","0","0","0","0","0","0","0","0","0","0","0","0","0","0","0","0","0","0","0","0","0","0","0","0","0","0","0","0","0","0","0","0","0","0","0","0","0","0","0","0","0","0","0","2.18729343206657","0","0","0","0","0","0","0","0","0","0","0","0","0","0","0","0","0","0","0","0","0","0","0","0","0","0","0","0","0","0","0","0","0","0","0","0","0","0","0","0","0","0","0","0","0","0","0","0","0","0","0","0","0","0","0","0","0","0","0","0","0","0","0","0","0","0","0","0","0","0","0","0","0","0","0","0","0","0","0","0","0","0","0","0","0","0","0","0","0","0","0","0","0","0","1.64525752508009","0","0","0","0","0","0","0","0","0","0","0","0","0","0","0","0","0","0","0.82700097406298","0","1.03230976643436","1.45486948213933","0.438861817983936","0","0","0","0","0","0.71118262322304","0","0","0","1.2712825966827","0","0","0","0","0","0","0","0","0","0","0","0","0","0","0.750686981955664","0","0","0","0","0","0","0","0","0.742001860164488","0","0","0","0","0","0","0","0","0","0","1.70689661018089","0","0","0","0","0","0","0","0","0","0","0","0","0","0","0","0","0","0","0","0","0","0","0","0","0","0","0","0","0","0","0","0","0","0","0","0","0","0","0","0","0","0","0","0","0","0","0","0","0","0","0","0","0","0","0","0","0","0","1.44161475014131","0","0","0","0","0","0","0","0","1.82318195032964","0","0","0","0","0","0","0","0","0","0","0","0.675699937543009","0","0","0","0","0","0","0","0","0","0","0","0","0","0","0","0","0","1.29649304751109","0","0","0","1.28708552474463","0","0","0","0","0","1.37597160154163","0","0","0","0","0","0","0","0","0","0","0","0","0","0","0","0","0","0","0","0","0","0","0","0","0","0","0","0","0","0","0","0","0","0","0","0","0","0","0","0","0","0","0","0","0","0","0","0","0","0","0","0","0","0","0","0","0","0","0","0","0","0","1.69519629552062","0","0","0","0","0","0","0","0","0","0","0","0","0","0","0","0","0","0","0","0","0","0","0","0","0","0","0","0","0","0","0","0","0","0","0","0","0","0"
"KCNQ3__Lhx6-iNeuron","0","0","0","2.70876322735127","0","1.61926320222826","0","0","0","0","0","0","0","0","0","0","0","0","0","0","0","1.49054689882905","0","0","0","0","0","0","0","0","0","0","0","0","0","0","0","0","0","0","0","0","0","0","0","0","0","0","0","0","0","0","0","0","0","0","0","0","0","0","0","0","0","0","0","0","0","0","0","0","0","0","0","0","0","0","0","0","0","0","0","0","0","0","0","1.82911544079641","0","0","0","0","0","0","0","0","0","0","0","0","0","0","0","0","0","0","0","0","0","0","0","0","0","0","0","0","0","0","0","0","0","0","0","0","0","0","0","0","0","0","0","0","0","0","0","0","0","0","0","0","0","0","0","0","0","0","0","0","0","0","0","0","2.18729343206657","0","0","0","0","0","0","0","0","0","0","0","0","0","0","0","0","0","0","0","0","0","0","0","0","0","0","0","0","0","0","0","0","0","0","0","0","0","0","0","0","0","0","0","0","0","0","0","0","0","0","0","0","1.48942652155302","0","0","0","0","0","0","0","0","0","0","0","0","0","0","0","0","0","0","0","0","0","0","0","0","0","0","0","0","0","0","0","0","0","0","0","0","0","0","0","0","0","2.39398552483696","0","0","0","0","0","0","0","0","0","0","0","0","0","0","1.55329154856714","0","0","0","0","0","1.36061388241938","0","1.4738764749919","0","0","0","0","0","1.54173128363151","0","0","0","1.2712825966827","0","0","0","0","0","0","0","0","0","0","0","0","0","0","1.24195468771497","0","0","0","0","0","0","0","0","0.742001860164488","0","0","0","0","0","0","2.39529845884543","0","0","0","1.09240306236952","0","0","0","0","0","0","0","0","0","0","0","0","0","0","0","0","0","0","0","0","0","0","0","0","0","0","0","0","0","0","0","0","0","0","0","0","0","0","0","0","0","0","0","0","0","0","0","0","0","0","0","0","0","0","0","0","0","0","1.44161475014131","0","0","0","0","0","0","0","0","1.18224988687424","0","0","0","0","0","0","0","0","0","0","0","1.48135820623248","0","0","0","0","0","0","0","0","0","0","0","0","0","0","0","0","0","0","0","0","0","0.971023275354355","0","0","0","0","0","0.846162895125244","0","0","0","0","0","0","0","0","0","0","0","0","0","0","0","0","0","0","0","0","0","0","0","0","0","0","0","0","0","0","0","0","0","0","0","0","0","0","0","0","0","0","0","0","0","0","0","0","0","0","0","0","0","0","0","0","0","0","0","0","0","0","1.37780176652454","0","0","0","0","0","0","0","0","0","0","0","0","0","0","0","0","0","0","0","0","0","0","0","0","0","0","0","0","0","0","0","0","0","0","0","0","0","0"
"ERBB4__Lhx6-iNeuron","0","0","0","0","0","1.61926320222826","0","0","0","0","0","0","0","0","0","0","0","0","0","0","0","1.49054689882905","0","0","0","0","0","0","0","0","0","0","0","0","0","0","0","0","0","0","0","0","0","0","0","0","0","0","0","0","0","0","0","0","0","0","0","0","0","0","0","0","0","0","0","0","0","0","0","0","0","0","0","0","0","0","0","0","0","0","0","0","0","0","0","0","0","0","0","0","0","0","0","0","0","0","0","0","0","0","0","0","0","0","0","0","1.71850443390308","0","0","0","0","0","0","0","0","0","0","0","0","0","0","0","0","0","0","0","0","0","0","0","0","0","0","0","0","0","0","0","0","0","0","0","0","0","0","0","0","0","0","0","1.75260656091223","0","0","0","0","0","0","0","0","0","0","0","0","0","0","0","0","0","0","0","0","0","0","0","0","0","0","0","0","0","0","0","0","0","0","0","0","0","0","0","0","0","0","0","0","0","0","0","0","0","0","0","0","0","0","0","0","0","0","0","0","0","0","0","0","0","0","0","0","0","0","0","0","0","0","0","0","0","0","0","0","0","0","0","0","0","0","0","0","0","0","0","0","0","0","0","0","0","0","0","0","0","0","0","0","0","0","0","0","0","0","0","0","0","0.82700097406298","0","0","1.73194644955432","0.774897916458265","0","0","0","0","0","0","0","0","0","2.73444786051243","0","0","0","0","0","0","0","0","0","0","0","0","0","0","1.24195468771497","0","0","0","0","0","0","0","0","1.88361292841745","0","0","0","0","0","0","0","0","0","0","2.46705939257477","0","0","0","0","0","0","0","0","0","0","0","0","0","0","0","0","0","0","0","0","0","0","0","0","0","0","0","0","0","0","0","0","0","0","0","0","0","0","0","0","0","0","0","0","0","0","0","0","0","0","0","0","0","0","0","0","0","0","0.893846447684578","0","0","0","0","0","0","0","0","2.44428646582995","0","0","0","0","0","0","0","0","0","0","0","1.99525215863198","0","0","0","0","0","0","0","0","0","0","0","0","0","0","0","0","0","1.96813550134475","0","0","0","1.76577919383763","0","0","0","0","0","1.76262081458085","0","0","0","0","0","0","0","0","0","0","0","0","0","0","0","0","0","0","0","0","0","0","0","0","0","0","0","0","0","0","0","0","0","0","0","0","0","0","0","0","0","0","0","0","0","0","0","0","0","0","0","0","0","0","0","0","0","0","0","0","0","0","1.37780176652454","0","0","0","0","0","0","0","0","0","0","0","0","0","0","0","0","0","0","0","0","0","0","0","0","0","0","0","0","0","0","0","0","0","0","0","0","0","0"
"RGMB__Lhx6-iNeuron","0","0","0","0","0","1.02580167717986","0","0","0","0","0","0","0","0","0","0","0","0","0","0","0","0","0","0","0","0","0","0","0","0","0","0","0","0","0","0","0","0","0","0","0","0","0","0","0","0","0","0","0","0","0","0","0","0","0","0","0","0","0","0","0","0","0","0","0","0","0","0","0","0","0","0","0","0","0","0","0","0","0","0","0","0","0","0","0","1.18687813472351","0","0","0","0","0","0","0","2.00325216302225","0","0","0","0","0","0","0","0","0","0","0","0","0","0","0","0","0","0","0","0","0","0","0","0","0","0","0","0","0","0","0","0","0","0","0","0","0","0","0","0","0","0","0","0","0","0","0","0","0","0","0","0","0","0","0","0","1.75260656091223","0","0","0","0","0","0","0","0","0","0","0","0","0","0","0","0","0","0","0","0","0","0","0","0","0","0","0","0","0","0","0","0","0","0","0","0","0","0","0","0","0","0","0","0","0","0","0","0","0","0","0","0","0.92894763639278","0","0","0","0","0","0","0","0","0","0","0","0","0","0","0","0","0","0","0","0","0","0","0","0","0","0","0","0","0","0","0","0","0","0","0","0","0","0","0","0","0","1.04545586198504","0","0","0","0","0","0","0","0","0","0","0","0","0","0","0.976312204725008","0","0","0","0","0","1.03230976643436","1.1116178877661","1.2762810328006","0","0","0","0","0","0.71118262322304","0","0","0","0","0","0","0","0","0","0","0","0","0","0","0","0","0","0","0.750686981955664","0","0","0","0","0","0","0","0","1.59334653662393","0","0","0","0","0","0","1.64636067380907","0","0","0","1.70689661018089","0","0","0","0","0","0","0","0","0","0","0","0","0","0","0","0","0","0","0","0","0","0","0","0","0","0","0","0","0","0","0","0","0","0","0","0","0","0","0","0","0","0","0","0","0","0","0","0","0","0","0","0","0","0","0","0","0","0","1.83768926864138","0","0","0","0","0","0","0","0","1.82318195032964","0","0","0","0","0","0","0","0","0","0","0","0.675699937543009","0","0","0","0","0","0","0","0","0","0","0","0","0","0","0","0","0","1.29649304751109","0","0","0","0.971023275354355","0","0","0","0","0","1.76262081458085","0","0","0","0","0","0","0","0","0","0","0","0","0","0","0","0","0","0","0","0","0","0","0","0","0","0","0","0","0","0","0","0","0","0","0","0","0","0","0","0","0","0","0","0","0","0","0","0","0","0","0","0","0","0","0","0","0","0","0","0","0","0","0.97028869470102","0","0","0","0","0","0","0","0","0","0","0","0","0","0","0","0","0","0","0","0","0","0","0","1.6571880791741","0","0","0","0","0","0","0","0","0","0","0","0","0","0"
"PLXNA1__Lhx6-iNeuron","0","0","0","1.91410707427263","0","0","0","0","0","0","0","0","0","0","0","0","0","0","0","0","0","1.89333585238637","0","0","0","0","0","0","0","0","0","0","0","0","0","0","0","0","0","0","0","0","0","0","0","0","0","0","0","0","0","0","0","0","0","0","0","0","0","0","0","0","0","0","0","0","0","0","0","0","0","0","0","0","0","0","0","0","0","0","0","0","0","0","0","0","0","0","0","0","0","0","0","0","0","0","0","0","0","0","0","0","0","0","0","0","0","0","0","0","0","0","0","0","0","0","0","0","0","0","0","0","0","0","0","0","0","0","0","0","0","0","0","0","0","0","0","0","0","0","0","0","0","0","0","0","0","0","0","0","1.12752375172215","0","0","0","0","0","0","0","0","0","0","0","0","0","0","0","0","0","0","0","0","0","0","0","0","0","0","0","0","0","0","0","0","0","0","0","0","0","0","0","0","0","0","0","0","0","0","0","0","0","0","0","0","0.92894763639278","0","0","0","0","0","0","0","0","0","0","0","0","0","0","0","0","0","0","0","0","0","0","0","0","0","0","0","0","0","0","0","0","0","0","0","0","0","0","0","0","0","2.06765775845171","0","0","0","0","0","0","0","0","0","0","0","0","0","0","0.976312204725008","0","0","0","0.82700097406298","0","1.62788336762538","0","1.64764005031727","0","0","0","0","0","1.82724278699378","0","0","0","1.2712825966827","0","0","0","0","0","0","0","0","0","0","0","0","0","0","0.750686981955664","0","0","0","0","0","0","0","0","1.88361292841745","0","0","0","0","0","0","0.774117145520672","0","0","0","0","0","0","0","0","0","0","0","0","0","0","0","0","0","0","0","0","0","0","0","0","0","0","0","0","0","0","0","0","0","0","0","0","0","0","0","0","0","0","0","0","0","0","0","0","0","0","0","0","0","0","0","0","0","0","0","0","0","0","0","0","0","0","0","0","0","0","0","1.82318195032964","0","0","0","0","0","0","0","0","0","0","0","1.48135820623248","0","0","0","0","0","0","0","0","0","0","0","0","0","0","0","0","0","1.67105147743487","0","0","0","2.12459500677656","0","0","0","0","0","0","0","0","0","0","0","0","0","0","0","0","0","0","0","0","0","0","0","0","0","0","0","0","0","0","0","0","0","0","0","0","0","0","0","0","0","0","0","0","0","0","0","0","0","0","0","0","0","0","0","0","0","0","0","0","0","0","0","0","0","0","0","0","1.37780176652454","0","0","0","0","0","0","0","0","0","0","0","0","0","0","0","0","0","0","0","0","0","0","0","1.05450533069334","0","0","0","0","0","0","0","0","0","0","0","0","0","0"
"KCNJ4__Lhx6-iNeuron","0","0","0","3.2182254291238","0","0","0","0","0","0","0","0","0","0","0","0","0","0","0","0","0","1.89333585238637","0","0","0","0","0","0","0","0","0","0","0","0","0","0","0","0","0","0","0","0","0","0","0","0","0","0","0","0","0","0","0","0","0","0","0","0","0","0","0","0","0","0","0","0","0","0","0","0","0","0","0","0","0","0","0","0","0","0","0","0","0","0","0","2.27195963561328","0","0","0","0","0","0","0","0","0","0","0","0","0","0","0","0","0","0","0","0","2.75004407886799","0","0","0","0","0","0","0","0","0","0","0","0","0","0","0","0","0","0","0","0","0","0","0","0","0","0","0","0","0","0","0","0","0","0","0","0","0","0","0","0","0","0","0","2.79164127409631","0","0","0","0","0","0","0","0","0","0","0","0","0","0","0","0","0","0","0","0","0","0","0","0","0","0","0","0","0","0","0","0","0","0","0","0","0","0","0","0","0","0","0","0","0","0","0","0","0","0","0","0","0","0","0","0","0","0","0","0","0","0","0","0","0","0","0","0","0","0","0","0","0","0","0","0","0","0","0","0","0","0","0","0","0","0","0","0","0","0","0","0","0","0","1.04545586198504","0","0","0","0","0","0","0","0","0","0","0","0","0","0","0","0","0","0","2.49670849134521","0","1.03230976643436","2.16434709468748","1.2762810328006","0","0","0","0","0","1.18541697305432","0","0","0","1.93641037100956","0","0","0","0","0","0","0","0","0","0","0","0","0","0","1.89932083124966","0","0","0","0","0","0","0","0","2.12514679142593","0","0","0","0","0","0","0","0","0","0","2.13647600281482","0","0","0","0","0","0","0","0","0","0","0","0","0","0","0","0","0","0","0","0","0","0","0","0","0","0","0","0","0","0","0","0","0","0","0","0","0","0","0","0","0","0","0","0","0","0","0","0","0","0","0","0","0","0","0","0","0","0","0","0","0","0","0","0","0","0","0","2.44428646582995","0","0","0","0","0","0","0","0","0","0","0","2.19667923705245","0","0","0","0","0","0","0","0","0","0","0","0","0","0","0","0","0","1.96813550134475","0","0","0","1.54619607492346","0","0","0","0","0","2.0672438793974","0","0","0","0","0","0","0","0","0","0","0","0","0","0","0","0","0","0","0","0","0","0","0","0","0","0","0","0","0","0","0","0","0","0","0","0","0","0","0","0","0","0","0","0","0","0","0","0","0","0","0","0","0","0","0","0","0","0","0","0","0","0","2.17542439968495","0","0","0","0","0","0","0","0","0","0","0","0","0","0","0","0","0","0","0","0","0","0","0","1.6571880791741","0","0","0","0","0","0","0","0","0","0","0","0","0","0"
"OPRD1__Lhx6-iNeuron","0","0","0","1.91410707427263","0","1.02580167717986","0","0","0","0","0","0","0","0","0","0","0","0","0","0","0","0.929773863674965","0","0","0","0","0","0","0","0","0","0","0","0","0","0","0","0","0","0","0","0","0","0","0","0","0","0","0","0","0","0","0","0","0","0","0","0","0","0","0","0","0","0","0","0","0","0","0","0","0","0","0","0","0","0","0","0","0","0","0","0","0","0","0","2.61031807499805","0","0","0","0","0","0","0","0","0","0","0","0","0","0","0","0","0","0","0","0","1.71850443390308","0","0","0","0","0","0","0","0","0","0","0","0","0","0","0","0","0","0","0","0","0","0","0","0","0","0","0","0","0","0","0","0","0","0","0","0","0","0","0","0","0","0","0","1.12752375172215","0","0","0","0","0","0","0","0","0","0","0","0","0","0","0","0","0","0","0","0","0","0","0","0","0","0","0","0","0","0","0","0","0","0","0","0","0","0","0","0","0","0","0","0","0","0","0","0","0","0","0","0","0.92894763639278","0","0","0","0","0","0","0","0","0","0","0","0","0","0","0","0","0","0","0","0","0","0","0","0","0","0","0","0","0","0","0","0","0","0","0","0","0","0","0","0","0","0","0","0","0","0","0","0","0","0","0","0","0","0","0","0","0","0","0","0","1.3493582657277","0","1.36061388241938","1.1116178877661","0.774897916458265","0","0","0","0","0","2.44890600172299","0","0","0","1.2712825966827","0","0","0","0","0","0","0","0","0","0","0","0","0","0","1.89932083124966","0","0","0","0","0","0","0","0","0.742001860164488","0","0","0","0","0","0","1.27517779074415","0","0","0","2.73583528087577","0","0","0","0","0","0","0","0","0","0","0","0","0","0","0","0","0","0","0","0","0","0","0","0","0","0","0","0","0","0","0","0","0","0","0","0","0","0","0","0","0","0","0","0","0","0","0","0","0","0","0","0","0","0","0","0","0","0","2.14811876910266","0","0","0","0","0","0","0","0","2.74671434143246","0","0","0","0","0","0","0","0","0","0","0","1.48135820623248","0","0","0","0","0","0","0","0","0","0","0","0","0","0","0","0","0","2.60812022170841","0","0","0","1.76577919383763","0","0","0","0","0","2.318625193805","0","0","0","0","0","0","0","0","0","0","0","0","0","0","0","0","0","0","0","0","0","0","0","0","0","0","0","0","0","0","0","0","0","0","0","0","0","0","0","0","0","0","0","0","0","0","0","0","0","0","0","0","0","0","0","0","0","0","0","0","0","0","1.18838624977213","0","0","0","0","0","0","0","0","0","0","0","0","0","0","0","0","0","0","0","0","0","0","0","1.05450533069334","0","0","0","0","0","0","0","0","0","0","0","0","0","0"
"LRP1__Lhx6-iNeuron","0","0","0","0","0","2.03853151146714","0","0","0","0","0","0","0","0","0","0","0","0","0","0","0","2.20786459148637","0","0","0","0","0","0","0","0","0","0","0","0","0","0","0","0","0","0","0","0","0","0","0","0","0","0","0","0","0","0","0","0","0","0","0","0","0","0","0","0","0","0","0","0","0","0","0","0","0","0","0","0","0","0","0","0","0","0","0","0","0","0","0","1.18687813472351","0","0","0","0","0","0","0","0","0","0","0","0","0","0","0","0","0","0","0","0","1.10129734061361","0","0","0","0","0","0","0","0","0","0","0","0","0","0","0","0","0","0","0","0","0","0","0","0","0","0","0","0","0","0","0","0","0","0","0","0","0","0","0","0","0","0","0","0","0","0","0","0","0","0","0","0","0","0","0","0","0","0","0","0","0","0","0","0","0","0","0","0","0","0","0","0","0","0","0","0","0","0","0","0","0","0","0","0","0","0","0","0","0","0","0","0","0","0","0","0","2.20650158896585","0","0","0","0","0","0","0","0","0","0","0","0","0","0","0","0","0","0","0","0","0","0","0","0","0","0","0","0","0","0","0","0","0","0","0","0","0","0","0","0","0","2.39398552483696","0","0","0","0","0","0","0","0","0","0","0","0","0","0","1.55329154856714","0","0","0","2.28391260072176","0","1.03230976643436","1.73194644955432","1.2762810328006","0","0","0","0","0","0","0","0","0","1.93641037100956","0","0","0","0","0","0","0","0","0","0","0","0","0","0","1.60775951069898","0","0","0","0","0","0","0","0","0.742001860164488","0","0","0","0","0","0","0.774117145520672","0","0","0","1.09240306236952","0","0","0","0","0","0","0","0","0","0","0","0","0","0","0","0","0","0","0","0","0","0","0","0","0","0","0","0","0","0","0","0","0","0","0","0","0","0","0","0","0","0","0","0","0","0","0","0","0","0","0","0","0","0","0","0","0","0","1.83768926864138","0","0","0","0","0","0","0","0","1.18224988687424","0","0","0","0","0","0","0","0","0","0","0","0.675699937543009","0","0","0","0","0","0","0","0","0","0","0","0","0","0","0","0","0","1.29649304751109","0","0","0","1.28708552474463","0","0","0","0","0","1.13525236618709","0","0","0","0","0","0","0","0","0","0","0","0","0","0","0","0","0","0","0","0","0","0","0","0","0","0","0","0","0","0","0","0","0","0","0","0","0","0","0","0","0","0","0","0","0","0","0","0","0","0","0","0","0","0","0","0","0","0","0","0","0","0","0.713245702314032","0","0","0","0","0","0","0","0","0","0","0","0","0","0","0","0","0","0","0","0","0","0","0","2.08100474513633","0","0","0","0","0","0","0","0","0","0","0","0","0","0"
"PLXNA4__Lhx6-iNeuron","0","0","0","0","0","0","0","0","0","0","0","0","0","0","0","1.86197366593781","0","0","0","0","0","0.929773863674965","0","0","0","0","0","0","0","0","0","0","0","0","0","0","0","0","0","0","0","0","0","0","0","0","0","0","0","0","0","0","0","0","0","0","0","0","0","0","0","0","0","0","0","0","0","0","0","0","0","0","0","0","0","0","0","0","0","0","0","0","0","0","0","0","0","0","0","0","0","0","0","0","0","0","0","0","0","0","0","0","0","0","0","0","2.48075666356288","0","0","0","0","0","0","0","0","0","0","0","0","0","0","0","0","0","0","0","0","0","0","0","0","0","0","0","0","0","0","0","0","0","0","0","0","0","0","0","0","0","0","0","0","0","0","0","0","0","0","0","0","0","0","0","0","0","0","0","0","0","0","0","0","0","0","0","0","0","0","0","0","0","0","0","0","0","0","0","0","0","0","0","0","0","0","0","0","0","0","0","0","0","0","0","0","0.92894763639278","0","0","0","0","0","0","0","0","0","0","0","0","0","0","0","0","0","0","0","0","0","0","0","0","0","0","0","0","0","0","0","0","0","0","0","0","0","0","0","0","0","1.64525752508009","0","0","0","0","0","0","0","0","0","0","0","0","0","0","0","0","0","0","1.3493582657277","0","1.62788336762538","1.1116178877661","1.4738764749919","0","0","0","0","0","0.71118262322304","0","0","0","1.93641037100956","0","0","0","0","0","0","0","0","0","0","0","0","0","0","1.89932083124966","0","0","0","0","0","0","0","0","1.88361292841745","0","0","0","0","0","0","0.774117145520672","0","0","0","2.46705939257477","0","0","0","0","0","0","0","0","0","0","0","0","0","0","0","0","0","0","0","0","0","0","0","0","0","0","0","0","0","0","0","0","0","0","0","0","0","0","0","0","0","0","0","0","0","0","0","0","0","0","0","0","0","0","0","0","0","0","1.83768926864138","0","0","0","0","0","0","0","0","0.708983533256754","0","0","0","0","0","0","0","0","0","0","0","1.99525215863198","0","0","0","0","0","0","0","0","0","0","0","0","0","0","0","0","0","2.60812022170841","0","0","0","1.28708552474463","0","0","0","0","0","1.37597160154163","0","0","0","0","0","0","0","0","0","0","0","0","0","0","0","0","0","0","0","0","0","0","0","0","0","0","0","0","0","0","0","0","0","0","0","0","0","0","0","0","0","0","0","0","0","0","0","0","0","0","0","0","0","0","0","0","0","0","0","0","0","0","1.955200390029","0","0","0","0","0","0","0","0","0","0","0","0","0","0","0","0","0","0","0","0","0","0","0","1.6571880791741","0","0","0","0","0","0","0","0","0","0","0","0","0","0"
"GRM1__Lhx6-iNeuron","0","0","0","0","0","0","0","0","0","0","0","0","0","0","0","0","0","0","0","0","0","0.929773863674965","0","0","0","0","0","0","0","0","0","0","0","0","0","0","0","0","0","0","0","0","0","0","0","0","0","0","0","0","0","0","0","0","0","0","0","0","0","0","0","0","0","0","0","0","0","0","0","0","0","0","0","0","0","0","0","0","0","0","0","0","0","0","0","0","0","0","0","0","0","0","0","2.81107108191656","0","0","0","0","0","0","0","0","0","0","0","0","0","0","0","0","0","0","0","0","0","0","0","0","0","0","0","0","0","0","0","0","0","0","0","0","0","0","0","0","0","0","0","0","0","0","0","0","0","0","0","0","0","0","0","0","1.12752375172215","0","0","0","0","0","0","0","0","0","0","0","0","0","0","0","0","0","0","0","0","0","0","0","0","0","0","0","0","0","0","0","0","0","0","0","0","0","0","0","0","0","0","0","0","0","0","0","0","0","0","0","0","2.20650158896585","0","0","0","0","0","0","0","0","0","0","0","0","0","0","0","0","0","0","0","0","0","0","0","0","0","0","0","0","0","0","0","0","0","0","0","0","0","0","0","0","0","1.64525752508009","0","0","0","0","0","0","0","0","0","0","0","0","0","0","2.54526397095188","0","0","0","0","0","2.51193167979847","0.660325534453271","0.774897916458265","0","0","0","0","0","2.26989297785055","0","0","0","0","0","0","0","0","0","0","0","0","0","0","0","0","0","0","0.750686981955664","0","0","0","0","0","0","0","0","0","0","0","0","0","0","0","2.39529845884543","0","0","0","1.09240306236952","0","0","0","0","0","0","0","0","0","0","0","0","0","0","0","0","0","0","0","0","0","0","0","0","0","0","0","0","0","0","0","0","0","0","0","0","0","0","0","0","0","0","0","0","0","0","0","0","0","0","0","0","0","0","0","0","0","0","2.80876909799919","0","0","0","0","0","0","0","0","1.18224988687424","0","0","0","0","0","0","0","0","0","0","0","0","0","0","0","0","0","0","0","0","0","0","0","0","0","0","0","0","0","1.29649304751109","0","0","0","0","0","0","0","0","0","0","0","0","0","0","0","0","0","0","0","0","0","0","0","0","0","0","0","0","0","0","0","0","0","0","0","0","0","0","0","0","0","0","0","0","0","0","0","0","0","0","0","0","0","0","0","0","0","0","0","0","0","0","0","0","0","0","0","0","0","0","0","0","1.18838624977213","0","0","0","0","0","0","0","0","0","0","0","0","0","0","0","0","0","0","0","0","0","0","0","2.08100474513633","0","0","0","0","0","0","0","0","0","0","0","0","0","0"
"ADAM11__Adarb2-iNeuron","0","0","0","0","0","0","0","1.32117114360618","0","0","0","0","0","0","0","0","0","0","0","0","0","0","0","0","0","0","0","0","0","0","0","0","0","0","0","1.15217945125236","0","0","0","0","2.51900367409471","0","0","0","0","0","0","0","1.02163591394745","0","0","0","0","0","0","0","0","0","0","1.75944812987302","0","1.80885913973208","0","0","0","0","0","0","0","0","0","0","0","0","0","0","0","0","0","0","0","0","0","0","0","0","0","0","0","0","0","0","0","0","0","0","0","0","0","0","0","0","0","0","0","0","0","0","0","0","0","0","0","2.00542707238433","0","0","0","0","0","0","0","0","0","0","0","0","0","0","0","0","0","0","0","0","0","0","0","0","0","0","0","0","0","0","0","0","0","0","0","0","0","0","0","0","0","0","0","0","0","0","0","0","0","0","0","0","0","0","0","0","0","0","0","0","0","0","0","0","0","0","0","0","0","0","0","0","0","0","0","0","0","0","0","0","0","0","0","0","2.00924633351453","0","0","0","0","0","0","0","0","0","0","0","0","0","0","0","0","0","0","0","0","2.00906408242824","0","0","0","0","0","0","0","0","0","0","0","0","0","0","0","0","0","0","0","0","0","0","0","0","0","0","0","0","0","0","0","0","0","0","0","0","0","0","0","0","0","0","0","0","0","0","0","0","0","0","0","0","0","0","0","0","0","0","0","0","0","0","0","0","0","0","0","0","0","0","0","0","0","0","0","0","0","0","0","0","0","0","0","0","0","0","0","0","0","0","0","0","0","0","0","0","0","0","0","0","0","0","0","0","0","0","0","0","0","0.77925708625467","0","0","0","0","0","0","0","0","0","0","0","0","0","0","0","0","0","0","0","0","0","0","0","0","0","0","0","0","0.965569823342624","0","0","0","0","0","0","0","0","0","0","0","0","0","0","0","0","0","0","0","0","0","0","0","0","0","0","0","0","0","0","0","0","0","0","0","0","0","0","0","0","0","0","0","0","0","0","0","0","0","0","0","0","0","0","0","0","0","0","0","0","0","0","0","0","0","0","0","0","0","0","0","0","0","0","0","0","0","0","0","0","0","0","0","0","0","0","0","0","0","0","0","0","0","0","0","0","0","0","0","0","0","0","0","0","0","0","0","0","0","0","0","0","0","0","0","0","0","0","0","0","0","1.16914631475385","0","0","0","0","0","0","0","0","0","0","0","0","0","0","0","0","0","0","0","0","0","0","0","0","0","0","0","0","0","0","0","0","0","0","0","0","0","0","0","0","0","0"
"ADCY1__Adarb2-iNeuron","0","0","0","0","0","0","0","0","0","0","0","0","0","0","0","0","0","0","0","0","0","0","0","1.88526488538252","0","3.11402465546438","0","0","0","0","0","0","0","0","0","0","0","0","0","0","2.51900367409471","0","0","0","0","0","1.73497642320367","0","2.35639150445558","0","0","0","0","0","0","0","0","0","0","3.02804884908701","0","0","0","0","0","0","0","0","0","0","0","0","0","0","0","0","0","0","0","0","0","0","0","0","0","0","0","0","0","0","0","0","0","0","0","0","0","0","0","0","0","0","0","0","0","0","0","0","0","0","0","0","0","0","0","0","0","0","0","0","0","0","0","0","0","0","0","0","0","0","0","0","0","0","0","0","0","0","0","0","0","0","0","0","0","0","0","0","0","0","0","0","0","0","0","0","0","0","0","0","0","0","0","0","0","0","0","0","0","0","0","0","0","0","0","0","2.4902973902117","0","0","0","0","0","0","0","0","0","0","0","0","0","0","0","0","0","0","0","0","0","2.00924633351453","0","0","0","0","0","0","0","0","0","0","0","0","0","0","0","0","0","0","0","0","0","0","0","0","0","0","0","0","0","0","0","0","0","0","0","0","0","0","0","0","0","0","0","0","0","0","0","0","0","0","0","0","0","0","0","0","0","0","0","0","0","0","0","0","0","0","0","0","0","0","0","0","0","0","0","0","0","0","0","0","0","0","0","0","0","0","0","0","0","0","0","0","0","0","0","0","0","0","0","0","0","0","0","0","0","0","0","0","0","0","0","0","0","0","0","0","0","0","0","0","0","0","0","0","0","0","0","0","0","0","0.77925708625467","0","0","0","0","0","0","0","0","0","0","0","0","0","0","0","0","0","0","0","0","0","0","0","0","0","0","0","0","1.94804161987294","0","0","0","0","0","0","0","0","0","0","0","0","0","0","0","0","0","0","0","0","0","0","0","0","0","0","0","0","0","0","0","0","0","0","0","0","0","0","0","0","0","0","0","0","0","0","0","0","0","0","0","0","0","0","0","0","0","0","0","0","0","0","0","0","0","0","0","0","0","0","0","0","0","0","0","0","0","0","0","0","0","0","0","0","0","0","0","0","0","0","0","0","0","0","0","0","0","0","0","0","0","0","0","0","0","0","0","0","0","0","0","0","0","0","0","0","0","0","0","0","0","1.16914631475385","0","0","0","0","0","0","0","0","0","0","0","0","0","0","1.72311988595426","0","0","0","0","0","0","0","0","0","0","0","0","0","0","0","0","0","0","0","0","0","0","0","0","0","0","0"
"APLP2__Adarb2-iNeuron","0","0","0","0","0","0","0","1.32117114360618","0","0","0","0","0","0","0","0","0","0","0","0","0","0","0","1.88526488538252","0","0","0","0","0","0","0","0","0","0","0","1.15217945125236","0","0","0","0","2.51900367409471","0","0","0","0","0","1.73497642320367","0","2.35639150445558","0","0","0","0","0","0","0","0","0","0","1.37320677876261","0","1.80885913973208","0","0","0","0","0","0","0","0","0","0","0","0","0","0","0","0","0","0","0","0","0","0","0","0","0","0","0","0","0","0","0","0","0","0","0","0","0","0","0","0","0","0","0","0","0","0","0","1.50242255253462","0","0","0","2.00542707238433","0","0","0","0","0","0","0","0","0","0","0","0","0","0","0","0","0","0","0","0","0","0","0","0","0","0","0","0","0","0","0","0","0","0","0","0","0","0","0","0","0","0","0","0","0","0","0","0","0","0","0","0","0","0","0","0","0","0","0","0","0","0","2.15840270748451","0","0","0","0","0","0","0","0","0","0","0","0","0","0","0","0","0","0","0","0","0","1.59318438542611","0","0","0","0","0","0","0","0","0","0","0","0","0","0","0","0","0","0","0","0","1.0060490446728","0","0","0","0","0","0","0","0","0","0","0","0","0","0","0","0","0","0","0","0","0","0","0","0","0","0","0","0","0","0","0","0","0","0","0","0","0","0","0","0","0","0","0","0","0","0","0","0","0","0","0","0","0","0","0","0","0","0","0","0","0","0","0","0","0","0","0","0","0","0","0","0","0","0","0","0","0","0","0","0","0","0","0","0","0","0","0","0","0","0","0","0","0","0","0","0","0","0","0","0","0","0","0","0","0","0","0","0","0","2.19573635921304","0","0","0","0","0","0","0","0","0","0","0","0","0","0","0","0","0","0","0","0","0","0","0","0","0","0","0","0","1.53887054927373","0","0","0","0","0","0","0","0","0","0","0","0","0","0","0","0","0","0","0","0","0","0","0","0","0","0","0","0","0","0","0","0","0","0","0","0","0","0","0","0","0","0","0","0","0","0","0","0","0","0","0","0","0","0","0","0","0","0","0","0","0","0","0","0","0","0","0","0","0","0","0","0","0","0","0","0","0","0","0","0","0","0","0","0","0","0","0","0","0","0","0","0","0","0","0","0","0","0","0","0","0","0","0","0","0","0","0","0","0","0","0","0","0","0","0","0","0","0","0","0","0","1.16914631475385","0","0","0","0","0","0","0","0","0","0","0","0","0","0","1.10483848693076","0","0","0","0","0","0","0","0","0","0","0","0","0","0","0","0","0","0","0","0","0","0","0","0","0","0","0"
"CNTN2__Adarb2-iNeuron","0","0","0","0","0","0","0","0.806814283100223","0","0","0","0","0","0","0","0","0","0","0","0","0","0","0","1.2308816011721","0","0","0","0","0","0","0","0","0","0","0","1.78449886336789","0","0","0","0","0","0","0","0","0","0","1.73497642320367","0","0","0","0","0","0","0","0","0","0","0","0","0.844167587675331","0","1.80885913973208","0","0","0","0","0","0","0","0","0","0","0","0","0","0","0","0","0","0","0","0","0","0","0","0","0","0","0","0","0","0","0","0","0","0","0","0","0","0","0","0","0","0","0","0","0","0","0","0","0","0","0","2.00542707238433","0","0","0","0","0","0","0","0","0","0","0","0","0","0","0","0","0","0","0","0","0","0","0","0","0","0","0","0","0","0","0","0","0","0","0","0","0","0","0","0","0","0","0","0","0","0","0","0","0","0","0","0","0","0","0","0","0","0","0","0","0","0","2.15840270748451","0","0","0","0","0","0","0","0","0","0","0","0","0","0","0","0","0","0","0","0","0","2.00924633351453","0","0","0","0","0","0","0","0","0","0","0","0","0","0","0","0","0","0","0","0","1.59302227051511","0","0","0","0","0","0","0","0","0","0","0","0","0","0","0","0","0","0","0","0","0","0","0","0","0","0","0","0","0","0","0","0","0","0","0","0","0","0","0","0","0","0","0","0","0","0","0","0","0","0","0","0","0","0","0","0","0","0","0","0","0","0","0","0","0","0","0","0","0","0","0","0","0","0","0","0","0","0","0","0","0","0","0","0","0","0","0","0","0","0","0","0","0","0","0","0","0","0","0","0","0","0","0","0","0","0","0","0","0","1.28243608800231","0","0","0","0","0","0","0","0","0","0","0","0","0","0","0","0","0","0","0","0","0","0","0","0","0","0","0","0","1.94804161987294","0","0","0","0","0","0","0","0","0","0","0","0","0","0","0","0","0","0","0","0","0","0","0","0","0","0","0","0","0","0","0","0","0","0","0","0","0","0","0","0","0","0","0","0","0","0","0","0","0","0","0","0","0","0","0","0","0","0","0","0","0","0","0","0","0","0","0","0","0","0","0","0","0","0","0","0","0","0","0","0","0","0","0","0","0","0","0","0","0","0","0","0","0","0","0","0","0","0","0","0","0","0","0","0","0","0","0","0","0","0","0","0","0","0","0","0","0","0","0","0","0","1.80635367623985","0","0","0","0","0","0","0","0","0","0","0","0","0","0","2.15453264662882","0","0","0","0","0","0","0","0","0","0","0","0","0","0","0","0","0","0","0","0","0","0","0","0","0","0","0"
"FLOT1__Adarb2-iNeuron","0","0","0","0","0","0","0","1.32117114360618","0","0","0","0","0","0","0","0","0","0","0","0","0","0","0","1.88526488538252","0","3.11402465546438","0","0","0","0","0","0","0","0","0","2.40019049508076","0","0","0","0","0","0","0","0","0","0","1.11394732940061","0","2.0323333983834","0","0","0","0","0","0","0","0","0","0","1.37320677876261","0","1.17109508403391","0","0","0","0","0","0","0","0","0","0","0","0","0","0","0","0","0","0","0","0","0","0","0","0","0","0","0","0","0","0","0","0","0","0","0","0","0","0","0","0","0","0","0","0","0","0","0","2.22229796394021","0","0","0","0","0","0","0","0","0","0","0","0","0","0","0","0","0","0","0","0","0","0","0","0","0","0","0","0","0","0","0","0","0","0","0","0","0","0","0","0","0","0","0","0","0","0","0","0","0","0","0","0","0","0","0","0","0","0","0","0","0","0","0","0","0","0","1.10751005612503","0","0","0","0","0","0","0","0","0","0","0","0","0","0","0","0","0","0","0","0","0","2.00924633351453","0","0","0","0","0","0","0","0","0","0","0","0","0","0","0","0","0","0","0","0","1.59302227051511","0","0","0","0","0","0","0","0","0","0","0","0","0","0","0","0","0","0","0","0","0","0","0","0","0","0","0","0","0","0","0","0","0","0","0","0","0","0","0","0","0","0","0","0","0","0","0","0","0","0","0","0","0","0","0","0","0","0","0","0","0","0","0","0","0","0","0","0","0","0","0","0","0","0","0","0","0","0","0","0","0","0","0","0","0","0","0","0","0","0","0","0","0","0","0","0","0","0","0","0","0","0","0","0","0","0","0","0","0","1.9504637354358","0","0","0","0","0","0","0","0","0","0","0","0","0","0","0","0","0","0","0","0","0","0","0","0","0","0","0","0","0.965569823342624","0","0","0","0","0","0","0","0","0","0","0","0","0","0","0","0","0","0","0","0","0","0","0","0","0","0","0","0","0","0","0","0","0","0","0","0","0","0","0","0","0","0","0","0","0","0","0","0","0","0","0","0","0","0","0","0","0","0","0","0","0","0","0","0","0","0","0","0","0","0","0","0","0","0","0","0","0","0","0","0","0","0","0","0","0","0","0","0","0","0","0","0","0","0","0","0","0","0","0","0","0","0","0","0","0","0","0","0","0","0","0","0","0","0","0","0","0","0","0","0","0","1.62354375825452","0","0","0","0","0","0","0","0","0","0","0","0","0","0","2.48619741845473","0","0","0","0","0","0","0","0","0","0","0","0","0","0","0","0","0","0","0","0","0","0","0","0","0","0","0"
"GABBR2__Adarb2-iNeuron","0","0","0","0","0","0","0","2.24693144238049","0","0","0","0","0","0","0","0","0","0","0","0","0","0","0","1.88526488538252","0","3.11402465546438","0","0","0","0","0","0","0","0","0","2.40019049508076","0","0","0","0","0","0","0","0","0","0","2.7701633183069","0","1.02163591394745","0","0","0","0","0","0","0","0","0","0","2.52891426682113","0","1.80885913973208","0","0","0","0","0","0","0","0","0","0","0","0","0","0","0","0","0","0","0","0","0","0","0","0","0","0","0","0","0","0","0","0","0","0","0","0","0","0","0","0","0","0","0","0","0","0","0","2.22229796394021","0","0","0","2.46535105040558","0","0","0","0","0","0","0","0","0","0","0","0","0","0","0","0","0","0","0","0","0","0","0","0","0","0","0","0","0","0","0","0","0","0","0","0","0","0","0","0","0","0","0","0","0","0","0","0","0","0","0","0","0","0","0","0","0","0","0","0","0","0","2.4902973902117","0","0","0","0","0","0","0","0","0","0","0","0","0","0","0","0","0","0","0","0","0","2.81791733603125","0","0","0","0","0","0","0","0","0","0","0","0","0","0","0","0","0","0","0","0","2.33159442948084","0","0","0","0","0","0","0","0","0","0","0","0","0","0","0","0","0","0","0","0","0","0","0","0","0","0","0","0","0","0","0","0","0","0","0","0","0","0","0","0","0","0","0","0","0","0","0","0","0","0","0","0","0","0","0","0","0","0","0","0","0","0","0","0","0","0","0","0","0","0","0","0","0","0","0","0","0","0","0","0","0","0","0","0","0","0","0","0","0","0","0","0","0","0","0","0","0","0","0","0","0","0","0","0","0","0","0","0","0","2.19573635921304","0","0","0","0","0","0","0","0","0","0","0","0","0","0","0","0","0","0","0","0","0","0","0","0","0","0","0","0","2.52711373983488","0","0","0","0","0","0","0","0","0","0","0","0","0","0","0","0","0","0","0","0","0","0","0","0","0","0","0","0","0","0","0","0","0","0","0","0","0","0","0","0","0","0","0","0","0","0","0","0","0","0","0","0","0","0","0","0","0","0","0","0","0","0","0","0","0","0","0","0","0","0","0","0","0","0","0","0","0","0","0","0","0","0","0","0","0","0","0","0","0","0","0","0","0","0","0","0","0","0","0","0","0","0","0","0","0","0","0","0","0","0","0","0","0","0","0","0","0","0","0","0","0","1.80635367623985","0","0","0","0","0","0","0","0","0","0","0","0","0","0","0","0","0","0","0","0","0","0","0","0","0","0","0","0","0","0","0","0","0","0","0","0","0","0","0","0","0","0"
"GRIN2D__Adarb2-iNeuron","0","0","0","0","0","0","0","1.32117114360618","0","0","0","0","0","0","0","0","0","0","0","0","0","0","0","2.67545801440855","0","0","0","0","0","0","0","0","0","0","0","1.15217945125236","0","0","0","0","2.51900367409471","0","0","0","0","0","2.16771464208968","0","1.61373887714134","0","0","0","0","0","0","0","0","0","0","0.844167587675331","0","1.17109508403391","0","0","0","0","0","0","0","0","0","0","0","0","0","0","0","0","0","0","0","0","0","0","0","0","0","0","0","0","0","0","0","0","0","0","0","0","0","0","0","0","0","0","0","0","0","0","0","0","0","0","0","2.00542707238433","0","0","0","0","0","0","0","0","0","0","0","0","0","0","0","0","0","0","0","0","0","0","0","0","0","0","0","0","0","0","0","0","0","0","0","0","0","0","0","0","0","0","0","0","0","0","0","0","0","0","0","0","0","0","0","0","0","0","0","0","0","0","2.4902973902117","0","0","0","0","0","0","0","0","0","0","0","0","0","0","0","0","0","0","0","0","0","1.59318438542611","0","0","0","0","0","0","0","0","0","0","0","0","0","0","0","0","0","0","0","0","1.59302227051511","0","0","0","0","0","0","0","0","0","0","0","0","0","0","0","0","0","0","0","0","0","0","0","0","0","0","0","0","0","0","0","0","0","0","0","0","0","0","0","0","0","0","0","0","0","0","0","0","0","0","0","0","0","0","0","0","0","0","0","0","0","0","0","0","0","0","0","0","0","0","0","0","0","0","0","0","0","0","0","0","0","0","0","0","0","0","0","0","0","0","0","0","0","0","0","0","0","0","0","0","0","0","0","0","0","0","0","0","0","1.65477490971969","0","0","0","0","0","0","0","0","0","0","0","0","0","0","0","0","0","0","0","0","0","0","0","0","0","0","0","0","1.53887054927373","0","0","0","0","0","0","0","0","0","0","0","0","0","0","0","0","0","0","0","0","0","0","0","0","0","0","0","0","0","0","0","0","0","0","0","0","0","0","0","0","0","0","0","0","0","0","0","0","0","0","0","0","0","0","0","0","0","0","0","0","0","0","0","0","0","0","0","0","0","0","0","0","0","0","0","0","0","0","0","0","0","0","0","0","0","0","0","0","0","0","0","0","0","0","0","0","0","0","0","0","0","0","0","0","0","0","0","0","0","0","0","0","0","0","0","0","0","0","0","0","0","1.16914631475385","0","0","0","0","0","0","0","0","0","0","0","0","0","0","2.15453264662882","0","0","0","0","0","0","0","0","0","0","0","0","0","0","0","0","0","0","0","0","0","0","0","0","0","0","0"
"KIT__Adarb2-iNeuron","0","0","0","0","0","0","0","1.32117114360618","0","0","0","0","0","0","0","0","0","0","0","0","0","0","0","1.88526488538252","0","0","0","0","0","0","0","0","0","0","0","0","0","0","0","0","0","0","0","0","0","0","1.73497642320367","0","1.02163591394745","0","0","0","0","0","0","0","0","0","0","2.71514666448","0","0","0","0","0","0","0","0","0","0","0","0","0","0","0","0","0","0","0","0","0","0","0","0","0","0","0","0","0","0","0","0","0","0","0","0","0","0","0","0","0","0","0","0","0","0","0","0","0","0","0","0","0","2.00542707238433","0","0","0","0","0","0","0","0","0","0","0","0","0","0","0","0","0","0","0","0","0","0","0","0","0","0","0","0","0","0","0","0","0","0","0","0","0","0","0","0","0","0","0","0","0","0","0","0","0","0","0","0","0","0","0","0","0","0","0","0","0","0","1.72659967953542","0","0","0","0","0","0","0","0","0","0","0","0","0","0","0","0","0","0","0","0","0","2.81791733603125","0","0","0","0","0","0","0","0","0","0","0","0","0","0","0","0","0","0","0","0","2.59503019713135","0","0","0","0","0","0","0","0","0","0","0","0","0","0","0","0","0","0","0","0","0","0","0","0","0","0","0","0","0","0","0","0","0","0","0","0","0","0","0","0","0","0","0","0","0","0","0","0","0","0","0","0","0","0","0","0","0","0","0","0","0","0","0","0","0","0","0","0","0","0","0","0","0","0","0","0","0","0","0","0","0","0","0","0","0","0","0","0","0","0","0","0","0","0","0","0","0","0","0","0","0","0","0","0","0","0","0","0","0","0.77925708625467","0","0","0","0","0","0","0","0","0","0","0","0","0","0","0","0","0","0","0","0","0","0","0","0","0","0","0","0","2.52711373983488","0","0","0","0","0","0","0","0","0","0","0","0","0","0","0","0","0","0","0","0","0","0","0","0","0","0","0","0","0","0","0","0","0","0","0","0","0","0","0","0","0","0","0","0","0","0","0","0","0","0","0","0","0","0","0","0","0","0","0","0","0","0","0","0","0","0","0","0","0","0","0","0","0","0","0","0","0","0","0","0","0","0","0","0","0","0","0","0","0","0","0","0","0","0","0","0","0","0","0","0","0","0","0","0","0","0","0","0","0","0","0","0","0","0","0","0","0","0","0","0","0","1.16914631475385","0","0","0","0","0","0","0","0","0","0","0","0","0","0","0","0","0","0","0","0","0","0","0","0","0","0","0","0","0","0","0","0","0","0","0","0","0","0","0","0","0","0"
"SDC3__Adarb2-iNeuron","0","0","0","0","0","0","0","1.32117114360618","0","0","0","0","0","0","0","0","0","0","0","0","0","0","0","1.88526488538252","0","0","0","0","0","0","0","0","0","0","0","0","0","0","0","0","1.75100543068502","0","0","0","0","0","1.73497642320367","0","0","0","0","0","0","0","0","0","0","0","0","0","0","1.17109508403391","0","0","0","0","0","0","0","0","0","0","0","0","0","0","0","0","0","0","0","0","0","0","0","0","0","0","0","0","0","0","0","0","0","0","0","0","0","0","0","0","0","0","0","0","0","0","0","2.22229796394021","0","0","0","1.32627138479361","0","0","0","0","0","0","0","0","0","0","0","0","0","0","0","0","0","0","0","0","0","0","0","0","0","0","0","0","0","0","0","0","0","0","0","0","0","0","0","0","0","0","0","0","0","0","0","0","0","0","0","0","0","0","0","0","0","0","0","0","0","0","1.72659967953542","0","0","0","0","0","0","0","0","0","0","0","0","0","0","0","0","0","0","0","0","0","1.59318438542611","0","0","0","0","0","0","0","0","0","0","0","0","0","0","0","0","0","0","0","0","0","0","0","0","0","0","0","0","0","0","0","0","0","0","0","0","0","0","0","0","0","0","0","0","0","0","0","0","0","0","0","0","0","0","0","0","0","0","0","0","0","0","0","0","0","0","0","0","0","0","0","0","0","0","0","0","0","0","0","0","0","0","0","0","0","0","0","0","0","0","0","0","0","0","0","0","0","0","0","0","0","0","0","0","0","0","0","0","0","0","0","0","0","0","0","0","0","0","0","0","0","0","0","0","0","0","0","0","0","0","1.65477490971969","0","0","0","0","0","0","0","0","0","0","0","0","0","0","0","0","0","0","0","0","0","0","0","0","0","0","0","0","0.965569823342624","0","0","0","0","0","0","0","0","0","0","0","0","0","0","0","0","0","0","0","0","0","0","0","0","0","0","0","0","0","0","0","0","0","0","0","0","0","0","0","0","0","0","0","0","0","0","0","0","0","0","0","0","0","0","0","0","0","0","0","0","0","0","0","0","0","0","0","0","0","0","0","0","0","0","0","0","0","0","0","0","0","0","0","0","0","0","0","0","0","0","0","0","0","0","0","0","0","0","0","0","0","0","0","0","0","0","0","0","0","0","0","0","0","0","0","0","0","0","0","0","0","0.873832041890533","0","0","0","0","0","0","0","0","0","0","0","0","0","0","0","0","0","0","0","0","0","0","0","0","0","0","0","0","0","0","0","0","0","0","0","0","0","0","0","0","0","0"
"SV2A__Adarb2-iNeuron","0","0","0","0","0","0","0","1.99905374882659","0","0","0","0","0","0","0","0","0","0","0","0","0","0","0","2.33379900917236","0","2.27171626531967","0","0","0","0","0","0","0","0","0","2.55826164529672","0","0","0","0","2.51900367409471","0","0","0","0","0","3.52096684045209","0","3.36064211565947","0","0","0","0","0","0","0","0","0","0","2.52891426682113","0","1.17109508403391","0","0","0","0","0","0","0","0","0","0","0","0","0","0","0","0","0","0","0","0","0","0","0","0","0","0","0","0","0","0","0","0","0","0","0","0","0","0","0","0","0","0","0","0","0","0","0","2.22229796394021","0","0","0","3.09384551664057","0","0","0","0","0","0","0","0","0","0","0","0","0","0","0","0","0","0","0","0","0","0","0","0","0","0","0","0","0","0","0","0","0","0","0","0","0","0","0","0","0","0","0","0","0","0","0","0","0","0","0","0","0","0","0","0","0","0","0","0","0","0","3.18319125621619","0","0","0","0","0","0","0","0","0","0","0","0","0","0","0","0","0","0","0","0","0","3.81879405648917","0","0","0","0","0","0","0","0","0","0","0","0","0","0","0","0","0","0","0","0","3.18066138618007","0","0","0","0","0","0","0","0","0","0","0","0","0","0","0","0","0","0","0","0","0","0","0","0","0","0","0","0","0","0","0","0","0","0","0","0","0","0","0","0","0","0","0","0","0","0","0","0","0","0","0","0","0","0","0","0","0","0","0","0","0","0","0","0","0","0","0","0","0","0","0","0","0","0","0","0","0","0","0","0","0","0","0","0","0","0","0","0","0","0","0","0","0","0","0","0","0","0","0","0","0","0","0","0","0","0","0","0","0","3.55381548221516","0","0","0","0","0","0","0","0","0","0","0","0","0","0","0","0","0","0","0","0","0","0","0","0","0","0","0","0","2.74781876845564","0","0","0","0","0","0","0","0","0","0","0","0","0","0","0","0","0","0","0","0","0","0","0","0","0","0","0","0","0","0","0","0","0","0","0","0","0","0","0","0","0","0","0","0","0","0","0","0","0","0","0","0","0","0","0","0","0","0","0","0","0","0","0","0","0","0","0","0","0","0","0","0","0","0","0","0","0","0","0","0","0","0","0","0","0","0","0","0","0","0","0","0","0","0","0","0","0","0","0","0","0","0","0","0","0","0","0","0","0","0","0","0","0","0","0","0","0","0","0","0","0","3.2211407554523","0","0","0","0","0","0","0","0","0","0","0","0","0","0","2.48619741845473","0","0","0","0","0","0","0","0","0","0","0","0","0","0","0","0","0","0","0","0","0","0","0","0","0","0","0"
"TNFRSF21__Adarb2-iNeuron","0","0","0","0","0","0","0","0","0","0","0","0","0","0","0","0","0","0","0","0","0","0","0","0","0","3.11402465546438","0","0","0","0","0","0","0","0","0","0","0","0","0","0","2.51900367409471","0","0","0","0","0","2.16771464208968","0","2.0323333983834","0","0","0","0","0","0","0","0","0","0","0.844167587675331","0","1.80885913973208","0","0","0","0","0","0","0","0","0","0","0","0","0","0","0","0","0","0","0","0","0","0","0","0","0","0","0","0","0","0","0","0","0","0","0","0","0","0","0","0","0","0","0","0","0","0","0","1.50242255253462","0","0","0","1.32627138479361","0","0","0","0","0","0","0","0","0","0","0","0","0","0","0","0","0","0","0","0","0","0","0","0","0","0","0","0","0","0","0","0","0","0","0","0","0","0","0","0","0","0","0","0","0","0","0","0","0","0","0","0","0","0","0","0","0","0","0","0","0","0","0","0","0","0","0","0","0","0","0","0","0","0","0","0","0","0","0","0","0","0","0","0","0","0","0","0","0","0","0","0","0","0","0","0","0","0","0","0","0","0","0","0","0","0","0","0","0","0","0","0","0","0","0","0","0","0","0","0","0","0","0","0","0","0","0","0","0","0","0","0","0","0","0","0","0","0","0","0","0","0","0","0","0","0","0","0","0","0","0","0","0","0","0","0","0","0","0","0","0","0","0","0","0","0","0","0","0","0","0","0","0","0","0","0","0","0","0","0","0","0","0","0","0","0","0","0","0","0","0","0","0","0","0","0","0","0","0","0","0","0","0","0","0","0","0","0","0","0","0","0","0","0","0","1.28243608800231","0","0","0","0","0","0","0","0","0","0","0","0","0","0","0","0","0","0","0","0","0","0","0","0","0","0","0","0","0.965569823342624","0","0","0","0","0","0","0","0","0","0","0","0","0","0","0","0","0","0","0","0","0","0","0","0","0","0","0","0","0","0","0","0","0","0","0","0","0","0","0","0","0","0","0","0","0","0","0","0","0","0","0","0","0","0","0","0","0","0","0","0","0","0","0","0","0","0","0","0","0","0","0","0","0","0","0","0","0","0","0","0","0","0","0","0","0","0","0","0","0","0","0","0","0","0","0","0","0","0","0","0","0","0","0","0","0","0","0","0","0","0","0","0","0","0","0","0","0","0","0","0","0","0.873832041890533","0","0","0","0","0","0","0","0","0","0","0","0","0","0","0","0","0","0","0","0","0","0","0","0","0","0","0","0","0","0","0","0","0","0","0","0","0","0","0","0","0","0"
"CADM3__Adarb2-iNeuron","0","0","0","0","0","0","0","1.69956627755804","0","0","0","0","0","0","0","0","0","0","0","0","0","0","0","1.88526488538252","0","0","0","0","0","0","0","0","0","0","0","3.16127666739734","0","0","0","0","2.51900367409471","0","0","0","0","0","1.73497642320367","0","2.6208441726539","0","0","0","0","0","0","0","0","0","0","1.75944812987302","0","2.24958997862454","0","0","0","0","0","0","0","0","0","0","0","0","0","0","0","0","0","0","0","0","0","0","0","0","0","0","0","0","0","0","0","0","0","0","0","0","0","0","0","0","0","0","0","0","0","0","0","1.50242255253462","0","0","0","2.8135556266211","0","0","0","0","0","0","0","0","0","0","0","0","0","0","0","0","0","0","0","0","0","0","0","0","0","0","0","0","0","0","0","0","0","0","0","0","0","0","0","0","0","0","0","0","0","0","0","0","0","0","0","0","0","0","0","0","0","0","0","0","0","0","1.10751005612503","0","0","0","0","0","0","0","0","0","0","0","0","0","0","0","0","0","0","0","0","0","1.59318438542611","0","0","0","0","0","0","0","0","0","0","0","0","0","0","0","0","0","0","0","0","2.00906408242824","0","0","0","0","0","0","0","0","0","0","0","0","0","0","0","0","0","0","0","0","0","0","0","0","0","0","0","0","0","0","0","0","0","0","0","0","0","0","0","0","0","0","0","0","0","0","0","0","0","0","0","0","0","0","0","0","0","0","0","0","0","0","0","0","0","0","0","0","0","0","0","0","0","0","0","0","0","0","0","0","0","0","0","0","0","0","0","0","0","0","0","0","0","0","0","0","0","0","0","0","0","0","0","0","0","0","0","0","0","2.40530656228589","0","0","0","0","0","0","0","0","0","0","0","0","0","0","0","0","0","0","0","0","0","0","0","0","0","0","0","0","2.2664383730694","0","0","0","0","0","0","0","0","0","0","0","0","0","0","0","0","0","0","0","0","0","0","0","0","0","0","0","0","0","0","0","0","0","0","0","0","0","0","0","0","0","0","0","0","0","0","0","0","0","0","0","0","0","0","0","0","0","0","0","0","0","0","0","0","0","0","0","0","0","0","0","0","0","0","0","0","0","0","0","0","0","0","0","0","0","0","0","0","0","0","0","0","0","0","0","0","0","0","0","0","0","0","0","0","0","0","0","0","0","0","0","0","0","0","0","0","0","0","0","0","0","2.36810332020922","0","0","0","0","0","0","0","0","0","0","0","0","0","0","1.10483848693076","0","0","0","0","0","0","0","0","0","0","0","0","0","0","0","0","0","0","0","0","0","0","0","0","0","0","0"
"LINGO1__Adarb2-iNeuron","0","0","0","0","0","0","0","1.69956627755804","0","0","0","0","0","0","0","0","0","0","0","0","0","0","0","0","0","0","0","0","0","0","0","0","0","0","0","1.15217945125236","0","0","0","0","0","0","0","0","0","0","1.73497642320367","0","0","0","0","0","0","0","0","0","0","0","0","1.37320677876261","0","1.80885913973208","0","0","0","0","0","0","0","0","0","0","0","0","0","0","0","0","0","0","0","0","0","0","0","0","0","0","0","0","0","0","0","0","0","0","0","0","0","0","0","0","0","0","0","0","0","0","0","0","0","0","0","2.00542707238433","0","0","0","0","0","0","0","0","0","0","0","0","0","0","0","0","0","0","0","0","0","0","0","0","0","0","0","0","0","0","0","0","0","0","0","0","0","0","0","0","0","0","0","0","0","0","0","0","0","0","0","0","0","0","0","0","0","0","0","0","0","0","1.72659967953542","0","0","0","0","0","0","0","0","0","0","0","0","0","0","0","0","0","0","0","0","0","1.59318438542611","0","0","0","0","0","0","0","0","0","0","0","0","0","0","0","0","0","0","0","0","1.59302227051511","0","0","0","0","0","0","0","0","0","0","0","0","0","0","0","0","0","0","0","0","0","0","0","0","0","0","0","0","0","0","0","0","0","0","0","0","0","0","0","0","0","0","0","0","0","0","0","0","0","0","0","0","0","0","0","0","0","0","0","0","0","0","0","0","0","0","0","0","0","0","0","0","0","0","0","0","0","0","0","0","0","0","0","0","0","0","0","0","0","0","0","0","0","0","0","0","0","0","0","0","0","0","0","0","0","0","0","0","0","0.77925708625467","0","0","0","0","0","0","0","0","0","0","0","0","0","0","0","0","0","0","0","0","0","0","0","0","0","0","0","0","1.53887054927373","0","0","0","0","0","0","0","0","0","0","0","0","0","0","0","0","0","0","0","0","0","0","0","0","0","0","0","0","0","0","0","0","0","0","0","0","0","0","0","0","0","0","0","0","0","0","0","0","0","0","0","0","0","0","0","0","0","0","0","0","0","0","0","0","0","0","0","0","0","0","0","0","0","0","0","0","0","0","0","0","0","0","0","0","0","0","0","0","0","0","0","0","0","0","0","0","0","0","0","0","0","0","0","0","0","0","0","0","0","0","0","0","0","0","0","0","0","0","0","0","0","1.96858248351614","0","0","0","0","0","0","0","0","0","0","0","0","0","0","1.10483848693076","0","0","0","0","0","0","0","0","0","0","0","0","0","0","0","0","0","0","0","0","0","0","0","0","0","0","0"
"SLC17A7__Adarb2-iNeuron","0","0","0","0","0","0","0","1.99905374882659","0","0","0","0","0","0","0","0","0","0","0","0","0","0","0","1.2308816011721","0","0","0","0","0","0","0","0","0","0","0","1.15217945125236","0","0","0","0","0","0","0","0","0","0","0","0","1.61373887714134","0","0","0","0","0","0","0","0","0","0","0.844167587675331","0","1.80885913973208","0","0","0","0","0","0","0","0","0","0","0","0","0","0","0","0","0","0","0","0","0","0","0","0","0","0","0","0","0","0","0","0","0","0","0","0","0","0","0","0","0","0","0","0","0","0","0","0","0","0","0","1.32627138479361","0","0","0","0","0","0","0","0","0","0","0","0","0","0","0","0","0","0","0","0","0","0","0","0","0","0","0","0","0","0","0","0","0","0","0","0","0","0","0","0","0","0","0","0","0","0","0","0","0","0","0","0","0","0","0","0","0","0","0","0","0","0","1.10751005612503","0","0","0","0","0","0","0","0","0","0","0","0","0","0","0","0","0","0","0","0","0","1.59318438542611","0","0","0","0","0","0","0","0","0","0","0","0","0","0","0","0","0","0","0","0","1.0060490446728","0","0","0","0","0","0","0","0","0","0","0","0","0","0","0","0","0","0","0","0","0","0","0","0","0","0","0","0","0","0","0","0","0","0","0","0","0","0","0","0","0","0","0","0","0","0","0","0","0","0","0","0","0","0","0","0","0","0","0","0","0","0","0","0","0","0","0","0","0","0","0","0","0","0","0","0","0","0","0","0","0","0","0","0","0","0","0","0","0","0","0","0","0","0","0","0","0","0","0","0","0","0","0","0","0","0","0","0","0","2.19573635921304","0","0","0","0","0","0","0","0","0","0","0","0","0","0","0","0","0","0","0","0","0","0","0","0","0","0","0","0","1.53887054927373","0","0","0","0","0","0","0","0","0","0","0","0","0","0","0","0","0","0","0","0","0","0","0","0","0","0","0","0","0","0","0","0","0","0","0","0","0","0","0","0","0","0","0","0","0","0","0","0","0","0","0","0","0","0","0","0","0","0","0","0","0","0","0","0","0","0","0","0","0","0","0","0","0","0","0","0","0","0","0","0","0","0","0","0","0","0","0","0","0","0","0","0","0","0","0","0","0","0","0","0","0","0","0","0","0","0","0","0","0","0","0","0","0","0","0","0","0","0","0","0","0","2.85677250821818","0","0","0","0","0","0","0","0","0","0","0","0","0","0","2.15453264662882","0","0","0","0","0","0","0","0","0","0","0","0","0","0","0","0","0","0","0","0","0","0","0","0","0","0","0"
"CAP1__Adarb2-iNeuron","0","0","0","0","0","0","0","2.24693144238049","0","0","0","0","0","0","0","0","0","0","0","0","0","0","0","1.88526488538252","0","0","0","0","0","0","0","0","0","0","0","2.02014113801411","0","0","0","0","2.51900367409471","0","0","0","0","0","1.11394732940061","0","0","0","0","0","0","0","0","0","0","0","0","2.52891426682113","0","1.80885913973208","0","0","0","0","0","0","0","0","0","0","0","0","0","0","0","0","0","0","0","0","0","0","0","0","0","0","0","0","0","0","0","0","0","0","0","0","0","0","0","0","0","0","0","0","0","0","0","1.50242255253462","0","0","0","1.32627138479361","0","0","0","0","0","0","0","0","0","0","0","0","0","0","0","0","0","0","0","0","0","0","0","0","0","0","0","0","0","0","0","0","0","0","0","0","0","0","0","0","0","0","0","0","0","0","0","0","0","0","0","0","0","0","0","0","0","0","0","0","0","0","1.10751005612503","0","0","0","0","0","0","0","0","0","0","0","0","0","0","0","0","0","0","0","0","0","1.00617080213534","0","0","0","0","0","0","0","0","0","0","0","0","0","0","0","0","0","0","0","0","2.00906408242824","0","0","0","0","0","0","0","0","0","0","0","0","0","0","0","0","0","0","0","0","0","0","0","0","0","0","0","0","0","0","0","0","0","0","0","0","0","0","0","0","0","0","0","0","0","0","0","0","0","0","0","0","0","0","0","0","0","0","0","0","0","0","0","0","0","0","0","0","0","0","0","0","0","0","0","0","0","0","0","0","0","0","0","0","0","0","0","0","0","0","0","0","0","0","0","0","0","0","0","0","0","0","0","0","0","0","0","0","0","1.9504637354358","0","0","0","0","0","0","0","0","0","0","0","0","0","0","0","0","0","0","0","0","0","0","0","0","0","0","0","0","1.53887054927373","0","0","0","0","0","0","0","0","0","0","0","0","0","0","0","0","0","0","0","0","0","0","0","0","0","0","0","0","0","0","0","0","0","0","0","0","0","0","0","0","0","0","0","0","0","0","0","0","0","0","0","0","0","0","0","0","0","0","0","0","0","0","0","0","0","0","0","0","0","0","0","0","0","0","0","0","0","0","0","0","0","0","0","0","0","0","0","0","0","0","0","0","0","0","0","0","0","0","0","0","0","0","0","0","0","0","0","0","0","0","0","0","0","0","0","0","0","0","0","0","0","1.16914631475385","0","0","0","0","0","0","0","0","0","0","0","0","0","0","1.72311988595426","0","0","0","0","0","0","0","0","0","0","0","0","0","0","0","0","0","0","0","0","0","0","0","0","0","0","0"
"MGRN1__Adarb2-iNeuron","0","0","0","0","0","0","0","0","0","0","0","0","0","0","0","0","0","0","0","0","0","0","0","0","0","0","0","0","0","0","0","0","0","0","0","2.22264435446219","0","0","0","0","0","0","0","0","0","0","1.11394732940061","0","1.61373887714134","0","0","0","0","0","0","0","0","0","0","1.75944812987302","0","0","0","0","0","0","0","0","0","0","0","0","0","0","0","0","0","0","0","0","0","0","0","0","0","0","0","0","0","0","0","0","0","0","0","0","0","0","0","0","0","0","0","0","0","0","0","0","0","0","0","0","0","2.00542707238433","0","0","0","0","0","0","0","0","0","0","0","0","0","0","0","0","0","0","0","0","0","0","0","0","0","0","0","0","0","0","0","0","0","0","0","0","0","0","0","0","0","0","0","0","0","0","0","0","0","0","0","0","0","0","0","0","0","0","0","0","0","0","0","0","0","0","0","0","0","0","0","0","0","0","0","0","0","0","0","0","0","0","0","0","2.59523255610667","0","0","0","0","0","0","0","0","0","0","0","0","0","0","0","0","0","0","0","0","2.33159442948084","0","0","0","0","0","0","0","0","0","0","0","0","0","0","0","0","0","0","0","0","0","0","0","0","0","0","0","0","0","0","0","0","0","0","0","0","0","0","0","0","0","0","0","0","0","0","0","0","0","0","0","0","0","0","0","0","0","0","0","0","0","0","0","0","0","0","0","0","0","0","0","0","0","0","0","0","0","0","0","0","0","0","0","0","0","0","0","0","0","0","0","0","0","0","0","0","0","0","0","0","0","0","0","0","0","0","0","0","0","2.19573635921304","0","0","0","0","0","0","0","0","0","0","0","0","0","0","0","0","0","0","0","0","0","0","0","0","0","0","0","0","1.53887054927373","0","0","0","0","0","0","0","0","0","0","0","0","0","0","0","0","0","0","0","0","0","0","0","0","0","0","0","0","0","0","0","0","0","0","0","0","0","0","0","0","0","0","0","0","0","0","0","0","0","0","0","0","0","0","0","0","0","0","0","0","0","0","0","0","0","0","0","0","0","0","0","0","0","0","0","0","0","0","0","0","0","0","0","0","0","0","0","0","0","0","0","0","0","0","0","0","0","0","0","0","0","0","0","0","0","0","0","0","0","0","0","0","0","0","0","0","0","0","0","0","0","1.96858248351614","0","0","0","0","0","0","0","0","0","0","0","0","0","0","1.10483848693076","0","0","0","0","0","0","0","0","0","0","0","0","0","0","0","0","0","0","0","0","0","0","0","0","0","0","0"
"CNTNAP1__Adarb2-iNeuron","0","0","0","0","0","0","0","0","0","0","0","0","0","0","0","0","0","0","0","0","0","0","0","1.88526488538252","0","3.11402465546438","0","0","0","0","0","0","0","0","0","1.50270781806472","0","0","0","0","0","0","0","0","0","0","1.11394732940061","0","1.61373887714134","0","0","0","0","0","0","0","0","0","0","1.75944812987302","0","2.58671726893218","0","0","0","0","0","0","0","0","0","0","0","0","0","0","0","0","0","0","0","0","0","0","0","0","0","0","0","0","0","0","0","0","0","0","0","0","0","0","0","0","0","0","0","0","0","0","0","2.22229796394021","0","0","0","2.00542707238433","0","0","0","0","0","0","0","0","0","0","0","0","0","0","0","0","0","0","0","0","0","0","0","0","0","0","0","0","0","0","0","0","0","0","0","0","0","0","0","0","0","0","0","0","0","0","0","0","0","0","0","0","0","0","0","0","0","0","0","0","0","0","0","0","0","0","0","0","0","0","0","0","0","0","0","0","0","0","0","0","0","0","0","0","2.81791733603125","0","0","0","0","0","0","0","0","0","0","0","0","0","0","0","0","0","0","0","0","2.00906408242824","0","0","0","0","0","0","0","0","0","0","0","0","0","0","0","0","0","0","0","0","0","0","0","0","0","0","0","0","0","0","0","0","0","0","0","0","0","0","0","0","0","0","0","0","0","0","0","0","0","0","0","0","0","0","0","0","0","0","0","0","0","0","0","0","0","0","0","0","0","0","0","0","0","0","0","0","0","0","0","0","0","0","0","0","0","0","0","0","0","0","0","0","0","0","0","0","0","0","0","0","0","0","0","0","0","0","0","0","0","2.19573635921304","0","0","0","0","0","0","0","0","0","0","0","0","0","0","0","0","0","0","0","0","0","0","0","0","0","0","0","0","1.94804161987294","0","0","0","0","0","0","0","0","0","0","0","0","0","0","0","0","0","0","0","0","0","0","0","0","0","0","0","0","0","0","0","0","0","0","0","0","0","0","0","0","0","0","0","0","0","0","0","0","0","0","0","0","0","0","0","0","0","0","0","0","0","0","0","0","0","0","0","0","0","0","0","0","0","0","0","0","0","0","0","0","0","0","0","0","0","0","0","0","0","0","0","0","0","0","0","0","0","0","0","0","0","0","0","0","0","0","0","0","0","0","0","0","0","0","0","0","0","0","0","0","0","1.80635367623985","0","0","0","0","0","0","0","0","0","0","0","0","0","0","0","0","0","0","0","0","0","0","0","0","0","0","0","0","0","0","0","0","0","0","0","0","0","0","0","0","0","0"
"HRH3__Adarb2-iNeuron","0","0","0","0","0","0","0","2.45839931384655","0","0","0","0","0","0","0","0","0","0","0","0","0","0","0","2.67545801440855","0","2.27171626531967","0","0","0","0","0","0","0","0","0","1.15217945125236","0","0","0","0","0","0","0","0","0","0","1.73497642320367","0","0","0","0","0","0","0","0","0","0","0","0","2.3150279858828","0","0","0","0","0","0","0","0","0","0","0","0","0","0","0","0","0","0","0","0","0","0","0","0","0","0","0","0","0","0","0","0","0","0","0","0","0","0","0","0","0","0","0","0","0","0","0","0","0","1.50242255253462","0","0","0","1.32627138479361","0","0","0","0","0","0","0","0","0","0","0","0","0","0","0","0","0","0","0","0","0","0","0","0","0","0","0","0","0","0","0","0","0","0","0","0","0","0","0","0","0","0","0","0","0","0","0","0","0","0","0","0","0","0","0","0","0","0","0","0","0","0","2.75993814103023","0","0","0","0","0","0","0","0","0","0","0","0","0","0","0","0","0","0","0","0","0","3.01078164404129","0","0","0","0","0","0","0","0","0","0","0","0","0","0","0","0","0","0","0","0","1.59302227051511","0","0","0","0","0","0","0","0","0","0","0","0","0","0","0","0","0","0","0","0","0","0","0","0","0","0","0","0","0","0","0","0","0","0","0","0","0","0","0","0","0","0","0","0","0","0","0","0","0","0","0","0","0","0","0","0","0","0","0","0","0","0","0","0","0","0","0","0","0","0","0","0","0","0","0","0","0","0","0","0","0","0","0","0","0","0","0","0","0","0","0","0","0","0","0","0","0","0","0","0","0","0","0","0","0","0","0","0","0","1.28243608800231","0","0","0","0","0","0","0","0","0","0","0","0","0","0","0","0","0","0","0","0","0","0","0","0","0","0","0","0","2.2664383730694","0","0","0","0","0","0","0","0","0","0","0","0","0","0","0","0","0","0","0","0","0","0","0","0","0","0","0","0","0","0","0","0","0","0","0","0","0","0","0","0","0","0","0","0","0","0","0","0","0","0","0","0","0","0","0","0","0","0","0","0","0","0","0","0","0","0","0","0","0","0","0","0","0","0","0","0","0","0","0","0","0","0","0","0","0","0","0","0","0","0","0","0","0","0","0","0","0","0","0","0","0","0","0","0","0","0","0","0","0","0","0","0","0","0","0","0","0","0","0","0","0","1.62354375825452","0","0","0","0","0","0","0","0","0","0","0","0","0","0","1.72311988595426","0","0","0","0","0","0","0","0","0","0","0","0","0","0","0","0","0","0","0","0","0","0","0","0","0","0","0"
"NLGN2__Adarb2-iNeuron","0","0","0","0","0","0","0","0.806814283100223","0","0","0","0","0","0","0","0","0","0","0","0","0","0","0","1.88526488538252","0","0","0","0","0","0","0","0","0","0","0","1.78449886336789","0","0","0","0","0","0","0","0","0","0","2.16771464208968","0","1.61373887714134","0","0","0","0","0","0","0","0","0","0","1.75944812987302","0","1.17109508403391","0","0","0","0","0","0","0","0","0","0","0","0","0","0","0","0","0","0","0","0","0","0","0","0","0","0","0","0","0","0","0","0","0","0","0","0","0","0","0","0","0","0","0","0","0","0","0","2.22229796394021","0","0","0","0","0","0","0","0","0","0","0","0","0","0","0","0","0","0","0","0","0","0","0","0","0","0","0","0","0","0","0","0","0","0","0","0","0","0","0","0","0","0","0","0","0","0","0","0","0","0","0","0","0","0","0","0","0","0","0","0","0","0","0","0","0","0","1.72659967953542","0","0","0","0","0","0","0","0","0","0","0","0","0","0","0","0","0","0","0","0","0","2.59523255610667","0","0","0","0","0","0","0","0","0","0","0","0","0","0","0","0","0","0","0","0","1.59302227051511","0","0","0","0","0","0","0","0","0","0","0","0","0","0","0","0","0","0","0","0","0","0","0","0","0","0","0","0","0","0","0","0","0","0","0","0","0","0","0","0","0","0","0","0","0","0","0","0","0","0","0","0","0","0","0","0","0","0","0","0","0","0","0","0","0","0","0","0","0","0","0","0","0","0","0","0","0","0","0","0","0","0","0","0","0","0","0","0","0","0","0","0","0","0","0","0","0","0","0","0","0","0","0","0","0","0","0","0","0","1.28243608800231","0","0","0","0","0","0","0","0","0","0","0","0","0","0","0","0","0","0","0","0","0","0","0","0","0","0","0","0","1.53887054927373","0","0","0","0","0","0","0","0","0","0","0","0","0","0","0","0","0","0","0","0","0","0","0","0","0","0","0","0","0","0","0","0","0","0","0","0","0","0","0","0","0","0","0","0","0","0","0","0","0","0","0","0","0","0","0","0","0","0","0","0","0","0","0","0","0","0","0","0","0","0","0","0","0","0","0","0","0","0","0","0","0","0","0","0","0","0","0","0","0","0","0","0","0","0","0","0","0","0","0","0","0","0","0","0","0","0","0","0","0","0","0","0","0","0","0","0","0","0","0","0","0","1.96858248351614","0","0","0","0","0","0","0","0","0","0","0","0","0","0","1.10483848693076","0","0","0","0","0","0","0","0","0","0","0","0","0","0","0","0","0","0","0","0","0","0","0","0","0","0","0"
"NTSR2__Adarb2-iNeuron","0","0","0","0","0","0","0","0.806814283100223","0","0","0","0","0","0","0","0","0","0","0","0","0","0","0","0","0","0","0","0","0","0","0","0","0","0","0","0.688177622066303","0","0","0","0","2.51900367409471","0","0","0","0","0","2.7701633183069","0","1.61373887714134","0","0","0","0","0","0","0","0","0","0","0","0","1.80885913973208","0","0","0","0","0","0","0","0","0","0","0","0","0","0","0","0","0","0","0","0","0","0","0","0","0","0","0","0","0","0","0","0","0","0","0","0","0","0","0","0","0","0","0","0","0","0","0","2.22229796394021","0","0","0","0","0","0","0","0","0","0","0","0","0","0","0","0","0","0","0","0","0","0","0","0","0","0","0","0","0","0","0","0","0","0","0","0","0","0","0","0","0","0","0","0","0","0","0","0","0","0","0","0","0","0","0","0","0","0","0","0","0","0","0","0","0","0","0","0","0","0","0","0","0","0","0","0","0","0","0","0","0","0","0","0","0","0","0","0","0","0","0","0","0","0","0","0","0","0","0","0","0","0","0","0","0","0","0","0","0","1.59302227051511","0","0","0","0","0","0","0","0","0","0","0","0","0","0","0","0","0","0","0","0","0","0","0","0","0","0","0","0","0","0","0","0","0","0","0","0","0","0","0","0","0","0","0","0","0","0","0","0","0","0","0","0","0","0","0","0","0","0","0","0","0","0","0","0","0","0","0","0","0","0","0","0","0","0","0","0","0","0","0","0","0","0","0","0","0","0","0","0","0","0","0","0","0","0","0","0","0","0","0","0","0","0","0","0","0","0","0","0","0","2.40530656228589","0","0","0","0","0","0","0","0","0","0","0","0","0","0","0","0","0","0","0","0","0","0","0","0","0","0","0","0","1.94804161987294","0","0","0","0","0","0","0","0","0","0","0","0","0","0","0","0","0","0","0","0","0","0","0","0","0","0","0","0","0","0","0","0","0","0","0","0","0","0","0","0","0","0","0","0","0","0","0","0","0","0","0","0","0","0","0","0","0","0","0","0","0","0","0","0","0","0","0","0","0","0","0","0","0","0","0","0","0","0","0","0","0","0","0","0","0","0","0","0","0","0","0","0","0","0","0","0","0","0","0","0","0","0","0","0","0","0","0","0","0","0","0","0","0","0","0","0","0","0","0","0","0","0","0","0","0","0","0","0","0","0","0","0","0","0","0","0","1.72311988595426","0","0","0","0","0","0","0","0","0","0","0","0","0","0","0","0","0","0","0","0","0","0","0","0","0","0","0"
"ERBB4__Adarb2-iNeuron","0","0","0","0","0","0","0","1.69956627755804","0","0","0","0","0","0","0","0","0","0","0","0","0","0","0","0","0","2.27171626531967","0","0","0","0","0","0","0","0","0","0","0","0","0","0","0","0","0","0","0","0","1.11394732940061","0","2.0323333983834","0","0","0","0","0","0","0","0","0","0","1.37320677876261","0","1.17109508403391","0","0","0","0","0","0","0","0","0","0","0","0","0","0","0","0","0","0","0","0","0","0","0","0","0","0","0","0","0","0","0","0","0","0","0","0","0","0","0","0","0","0","0","0","0","0","0","0","0","0","0","0","0","0","0","0","0","0","0","0","0","0","0","0","0","0","0","0","0","0","0","0","0","0","0","0","0","0","0","0","0","0","0","0","0","0","0","0","0","0","0","0","0","0","0","0","0","0","0","0","0","0","0","0","0","0","0","0","0","0","0","0","0","0","2.15840270748451","0","0","0","0","0","0","0","0","0","0","0","0","0","0","0","0","0","0","0","0","0","1.59318438542611","0","0","0","0","0","0","0","0","0","0","0","0","0","0","0","0","0","0","0","0","1.59302227051511","0","0","0","0","0","0","0","0","0","0","0","0","0","0","0","0","0","0","0","0","0","0","0","0","0","0","0","0","0","0","0","0","0","0","0","0","0","0","0","0","0","0","0","0","0","0","0","0","0","0","0","0","0","0","0","0","0","0","0","0","0","0","0","0","0","0","0","0","0","0","0","0","0","0","0","0","0","0","0","0","0","0","0","0","0","0","0","0","0","0","0","0","0","0","0","0","0","0","0","0","0","0","0","0","0","0","0","0","0","1.9504637354358","0","0","0","0","0","0","0","0","0","0","0","0","0","0","0","0","0","0","0","0","0","0","0","0","0","0","0","0","0.965569823342624","0","0","0","0","0","0","0","0","0","0","0","0","0","0","0","0","0","0","0","0","0","0","0","0","0","0","0","0","0","0","0","0","0","0","0","0","0","0","0","0","0","0","0","0","0","0","0","0","0","0","0","0","0","0","0","0","0","0","0","0","0","0","0","0","0","0","0","0","0","0","0","0","0","0","0","0","0","0","0","0","0","0","0","0","0","0","0","0","0","0","0","0","0","0","0","0","0","0","0","0","0","0","0","0","0","0","0","0","0","0","0","0","0","0","0","0","0","0","0","0","0","1.80635367623985","0","0","0","0","0","0","0","0","0","0","0","0","0","0","1.10483848693076","0","0","0","0","0","0","0","0","0","0","0","0","0","0","0","0","0","0","0","0","0","0","0","0","0","0","0"
"EGFR__Adarb2-iNeuron","0","0","0","0","0","0","0","0","0","0","0","0","0","0","0","0","0","0","0","0","0","0","0","1.88526488538252","0","2.27171626531967","0","0","0","0","0","0","0","0","0","0","0","0","0","0","0","0","0","0","0","0","2.16771464208968","0","0","0","0","0","0","0","0","0","0","0","0","1.37320677876261","0","1.80885913973208","0","0","0","0","0","0","0","0","0","0","0","0","0","0","0","0","0","0","0","0","0","0","0","0","0","0","0","0","0","0","0","0","0","0","0","0","0","0","0","0","0","0","0","0","0","0","0","2.22229796394021","0","0","0","0","0","0","0","0","0","0","0","0","0","0","0","0","0","0","0","0","0","0","0","0","0","0","0","0","0","0","0","0","0","0","0","0","0","0","0","0","0","0","0","0","0","0","0","0","0","0","0","0","0","0","0","0","0","0","0","0","0","0","0","0","0","0","1.72659967953542","0","0","0","0","0","0","0","0","0","0","0","0","0","0","0","0","0","0","0","0","0","2.81791733603125","0","0","0","0","0","0","0","0","0","0","0","0","0","0","0","0","0","0","0","0","1.0060490446728","0","0","0","0","0","0","0","0","0","0","0","0","0","0","0","0","0","0","0","0","0","0","0","0","0","0","0","0","0","0","0","0","0","0","0","0","0","0","0","0","0","0","0","0","0","0","0","0","0","0","0","0","0","0","0","0","0","0","0","0","0","0","0","0","0","0","0","0","0","0","0","0","0","0","0","0","0","0","0","0","0","0","0","0","0","0","0","0","0","0","0","0","0","0","0","0","0","0","0","0","0","0","0","0","0","0","0","0","0","0.77925708625467","0","0","0","0","0","0","0","0","0","0","0","0","0","0","0","0","0","0","0","0","0","0","0","0","0","0","0","0","0","0","0","0","0","0","0","0","0","0","0","0","0","0","0","0","0","0","0","0","0","0","0","0","0","0","0","0","0","0","0","0","0","0","0","0","0","0","0","0","0","0","0","0","0","0","0","0","0","0","0","0","0","0","0","0","0","0","0","0","0","0","0","0","0","0","0","0","0","0","0","0","0","0","0","0","0","0","0","0","0","0","0","0","0","0","0","0","0","0","0","0","0","0","0","0","0","0","0","0","0","0","0","0","0","0","0","0","0","0","0","0","0","0","0","0","0","0","0","0","0","0","0","0","0","0","0","0","0","0","0","0","0","0","0","0","0","1.72311988595426","0","0","0","0","0","0","0","0","0","0","0","0","0","0","0","0","0","0","0","0","0","0","0","0","0","0","0"
"RGMB__Adarb2-iNeuron","0","0","0","0","0","0","0","1.32117114360618","0","0","0","0","0","0","0","0","0","0","0","0","0","0","0","1.2308816011721","0","0","0","0","0","0","0","0","0","0","0","2.94929518880512","0","0","0","0","0","0","0","0","0","0","0","0","1.02163591394745","0","0","0","0","0","0","0","0","0","0","1.37320677876261","0","1.17109508403391","0","0","0","0","0","0","0","0","0","0","0","0","0","0","0","0","0","0","0","0","0","0","0","0","0","0","0","0","0","0","0","0","0","0","0","0","0","0","0","0","0","0","0","0","0","0","0","0","0","0","0","2.00542707238433","0","0","0","0","0","0","0","0","0","0","0","0","0","0","0","0","0","0","0","0","0","0","0","0","0","0","0","0","0","0","0","0","0","0","0","0","0","0","0","0","0","0","0","0","0","0","0","0","0","0","0","0","0","0","0","0","0","0","0","0","0","0","0","0","0","0","0","0","0","0","0","0","0","0","0","0","0","0","0","0","0","0","0","0","2.00924633351453","0","0","0","0","0","0","0","0","0","0","0","0","0","0","0","0","0","0","0","0","1.59302227051511","0","0","0","0","0","0","0","0","0","0","0","0","0","0","0","0","0","0","0","0","0","0","0","0","0","0","0","0","0","0","0","0","0","0","0","0","0","0","0","0","0","0","0","0","0","0","0","0","0","0","0","0","0","0","0","0","0","0","0","0","0","0","0","0","0","0","0","0","0","0","0","0","0","0","0","0","0","0","0","0","0","0","0","0","0","0","0","0","0","0","0","0","0","0","0","0","0","0","0","0","0","0","0","0","0","0","0","0","0","1.28243608800231","0","0","0","0","0","0","0","0","0","0","0","0","0","0","0","0","0","0","0","0","0","0","0","0","0","0","0","0","1.53887054927373","0","0","0","0","0","0","0","0","0","0","0","0","0","0","0","0","0","0","0","0","0","0","0","0","0","0","0","0","0","0","0","0","0","0","0","0","0","0","0","0","0","0","0","0","0","0","0","0","0","0","0","0","0","0","0","0","0","0","0","0","0","0","0","0","0","0","0","0","0","0","0","0","0","0","0","0","0","0","0","0","0","0","0","0","0","0","0","0","0","0","0","0","0","0","0","0","0","0","0","0","0","0","0","0","0","0","0","0","0","0","0","0","0","0","0","0","0","0","0","0","0","1.4141614471959","0","0","0","0","0","0","0","0","0","0","0","0","0","0","1.72311988595426","0","0","0","0","0","0","0","0","0","0","0","0","0","0","0","0","0","0","0","0","0","0","0","0","0","0","0"
"CNR1__Adarb2-iNeuron","0","0","0","0","0","0","0","2.64279634674232","0","0","0","0","0","0","0","0","0","0","0","0","0","0","0","1.2308816011721","0","3.11402465546438","0","0","0","0","0","0","0","0","0","1.50270781806472","0","0","0","0","1.75100543068502","0","0","0","0","0","0","0","2.35639150445558","0","0","0","0","0","0","0","0","0","0","0","0","1.17109508403391","0","0","0","0","0","0","0","0","0","0","0","0","0","0","0","0","0","0","0","0","0","0","0","0","0","0","0","0","0","0","0","0","0","0","0","0","0","0","0","0","0","0","0","0","0","0","0","0","0","0","0","2.8135556266211","0","0","0","0","0","0","0","0","0","0","0","0","0","0","0","0","0","0","0","0","0","0","0","0","0","0","0","0","0","0","0","0","0","0","0","0","0","0","0","0","0","0","0","0","0","0","0","0","0","0","0","0","0","0","0","0","0","0","0","0","0","0","0","0","0","0","0","0","0","0","0","0","0","0","0","0","0","0","0","0","0","0","0","0","0","0","0","0","0","0","0","0","0","0","0","0","0","0","0","0","0","0","0","0","0","0","0","0","0","0","0","0","0","0","0","0","0","0","0","0","0","0","0","0","0","0","0","0","0","0","0","0","0","0","0","0","0","0","0","0","0","0","0","0","0","0","0","0","0","0","0","0","0","0","0","0","0","0","0","0","0","0","0","0","0","0","0","0","0","0","0","0","0","0","0","0","0","0","0","0","0","0","0","0","0","0","0","0","0","0","0","0","0","0","0","0","0","0","0","0","0","0","0","0","0","0","0","0","0","0","0","0","0","0","0","2.58825963209001","0","0","0","0","0","0","0","0","0","0","0","0","0","0","0","0","0","0","0","0","0","0","0","0","0","0","0","0","0","0","0","0","0","0","0","0","0","0","0","0","0","0","0","0","0","0","0","0","0","0","0","0","0","0","0","0","0","0","0","0","0","0","0","0","0","0","0","0","0","0","0","0","0","0","0","0","0","0","0","0","0","0","0","0","0","0","0","0","0","0","0","0","0","0","0","0","0","0","0","0","0","0","0","0","0","0","0","0","0","0","0","0","0","0","0","0","0","0","0","0","0","0","0","0","0","0","0","0","0","0","0","0","0","0","0","0","0","0","0","0","0","0","0","0","0","0","0","0","0","0","3.08622590716165","0","0","0","0","0","0","0","0","0","0","0","0","0","0","3.35134336438401","0","0","0","0","0","0","0","0","0","0","0","0","0","0","0","0","0","0","0","0","0","0","0","0","0","0","0"
"LRP1__Adarb2-iNeuron","0","0","0","0","0","0","0","1.69956627755804","0","0","0","0","0","0","0","0","0","0","0","0","0","0","0","1.2308816011721","0","0","0","0","0","0","0","0","0","0","0","1.78449886336789","0","0","0","0","1.75100543068502","0","0","0","0","0","1.11394732940061","0","0","0","0","0","0","0","0","0","0","0","0","1.75944812987302","0","1.17109508403391","0","0","0","0","0","0","0","0","0","0","0","0","0","0","0","0","0","0","0","0","0","0","0","0","0","0","0","0","0","0","0","0","0","0","0","0","0","0","0","0","0","0","0","0","0","0","0","2.22229796394021","0","0","0","0","0","0","0","0","0","0","0","0","0","0","0","0","0","0","0","0","0","0","0","0","0","0","0","0","0","0","0","0","0","0","0","0","0","0","0","0","0","0","0","0","0","0","0","0","0","0","0","0","0","0","0","0","0","0","0","0","0","0","0","0","0","0","0","0","0","0","0","0","0","0","0","0","0","0","0","0","0","0","0","0","0","0","0","0","1.00617080213534","0","0","0","0","0","0","0","0","0","0","0","0","0","0","0","0","0","0","0","0","1.0060490446728","0","0","0","0","0","0","0","0","0","0","0","0","0","0","0","0","0","0","0","0","0","0","0","0","0","0","0","0","0","0","0","0","0","0","0","0","0","0","0","0","0","0","0","0","0","0","0","0","0","0","0","0","0","0","0","0","0","0","0","0","0","0","0","0","0","0","0","0","0","0","0","0","0","0","0","0","0","0","0","0","0","0","0","0","0","0","0","0","0","0","0","0","0","0","0","0","0","0","0","0","0","0","0","0","0","0","0","0","0","1.9504637354358","0","0","0","0","0","0","0","0","0","0","0","0","0","0","0","0","0","0","0","0","0","0","0","0","0","0","0","0","1.53887054927373","0","0","0","0","0","0","0","0","0","0","0","0","0","0","0","0","0","0","0","0","0","0","0","0","0","0","0","0","0","0","0","0","0","0","0","0","0","0","0","0","0","0","0","0","0","0","0","0","0","0","0","0","0","0","0","0","0","0","0","0","0","0","0","0","0","0","0","0","0","0","0","0","0","0","0","0","0","0","0","0","0","0","0","0","0","0","0","0","0","0","0","0","0","0","0","0","0","0","0","0","0","0","0","0","0","0","0","0","0","0","0","0","0","0","0","0","0","0","0","0","0","1.4141614471959","0","0","0","0","0","0","0","0","0","0","0","0","0","0","0","0","0","0","0","0","0","0","0","0","0","0","0","0","0","0","0","0","0","0","0","0","0","0","0","0","0","0"
"CD200__Adarb2-iNeuron","0","0","0","0","0","0","0","1.32117114360618","0","0","0","0","0","0","0","0","0","0","0","0","0","0","0","1.88526488538252","0","2.27171626531967","0","0","0","0","0","0","0","0","0","1.15217945125236","0","0","0","0","1.75100543068502","0","0","0","0","0","1.11394732940061","0","0","0","0","0","0","0","0","0","0","0","0","2.3150279858828","0","1.17109508403391","0","0","0","0","0","0","0","0","0","0","0","0","0","0","0","0","0","0","0","0","0","0","0","0","0","0","0","0","0","0","0","0","0","0","0","0","0","0","0","0","0","0","0","0","0","0","0","0","0","0","0","2.00542707238433","0","0","0","0","0","0","0","0","0","0","0","0","0","0","0","0","0","0","0","0","0","0","0","0","0","0","0","0","0","0","0","0","0","0","0","0","0","0","0","0","0","0","0","0","0","0","0","0","0","0","0","0","0","0","0","0","0","0","0","0","0","0","2.15840270748451","0","0","0","0","0","0","0","0","0","0","0","0","0","0","0","0","0","0","0","0","0","2.00924633351453","0","0","0","0","0","0","0","0","0","0","0","0","0","0","0","0","0","0","0","0","2.00906408242824","0","0","0","0","0","0","0","0","0","0","0","0","0","0","0","0","0","0","0","0","0","0","0","0","0","0","0","0","0","0","0","0","0","0","0","0","0","0","0","0","0","0","0","0","0","0","0","0","0","0","0","0","0","0","0","0","0","0","0","0","0","0","0","0","0","0","0","0","0","0","0","0","0","0","0","0","0","0","0","0","0","0","0","0","0","0","0","0","0","0","0","0","0","0","0","0","0","0","0","0","0","0","0","0","0","0","0","0","0","1.28243608800231","0","0","0","0","0","0","0","0","0","0","0","0","0","0","0","0","0","0","0","0","0","0","0","0","0","0","0","0","1.53887054927373","0","0","0","0","0","0","0","0","0","0","0","0","0","0","0","0","0","0","0","0","0","0","0","0","0","0","0","0","0","0","0","0","0","0","0","0","0","0","0","0","0","0","0","0","0","0","0","0","0","0","0","0","0","0","0","0","0","0","0","0","0","0","0","0","0","0","0","0","0","0","0","0","0","0","0","0","0","0","0","0","0","0","0","0","0","0","0","0","0","0","0","0","0","0","0","0","0","0","0","0","0","0","0","0","0","0","0","0","0","0","0","0","0","0","0","0","0","0","0","0","0","0.873832041890533","0","0","0","0","0","0","0","0","0","0","0","0","0","0","1.10483848693076","0","0","0","0","0","0","0","0","0","0","0","0","0","0","0","0","0","0","0","0","0","0","0","0","0","0","0"
"ADCY1__microglia","0","0","0","0","0","0","0","0","0","0","0","0","0","0","0","0","0","0","0","0","0","0","0","0","0","0","0","0","0","0","0","0","0","0","0","0","0","0","0","0","0","0","0","0","0","0","0","0","0","2.70370004730468","0","0","0","0","0","0","0","0","0","0","0","0","0","0","0","2.24295767603621","0","0","0","0","0","0","0","0","0","0","0","0","0","0","0","0","0","0","0","0","0","0","0","0","0","0","0","0","0","0","0","0","0","0","0","0","0","0","0","0","0","0","0","0","0","0","0","0","0","0","0","0","0","0","0","0","0","0","0","0","0","0","0","0","0","0","0","0","0","0","0","0","0","0","0","0","0","0","0","0","0","0","0","0","0","0","0","0","0","0","0","0","0","0","0","0","0","0","0","0","0","0","0","0","0","0","0","0","0","0","0","0","0","0","0","0","0","0","0","0","0","0","0","0","0","0","0","0","0","0","0","0","0","0","0","0","0","0","0","0","0","0","0","0","0","0","0","0","0","0","0","0","0","0","0","0","0","0","0","0","0","0","0","0","0","0","0","0","0","0","0","0","0","0","0","0","0","0","0","0","0","0","0","0","0","0","0","0","0","0","0","0","0","0","0","0","0","0","0","0","0","0","0","0","0","0","0","0","0","0","0","0","0","0","0","0","0","0","0","0","0","0","0","0","0","0","0","0","0","0","0","0","0","0","0","0","0","0","0","0","0","0","0","0","0","0","0","0","0","0","0","0","0","0","0","0","0","0","0","0","0","0","0","0","3.61719659890791","0","0","3.25781179959359","0","0","0","0","0","0","0","0","0","0","3.58122124079596","0","0","0","0","0","0","0","0","0","0","0","0","0","0","0","0","0","0","0","0","0","0","0","0","0","0","0","0","0","0","0","0","0","0","0","0","0","0","0","0","0","0","0","0","0","0","0","0","0","0","0","0","0","0","0","0","0","0","0","0","0","0","0","0","0","0","0","0","0","0","0","0","0","0","0","0","0","0","0","0","0","0","0","0","0","0","0","0","0","0","0","0","0","0","0","0","0","0","0","0","0","0","0","0","0","3.07480383893417","0","0","0","0","0","0","0","0","0","0","0","0","0","0","0","0","0","0","0","0","0","0","0","0","0","0","0","0","0","0","3.28864350317529","0","0","0","0","0","0","0","0","0","0","0","0","0","0","0","0","0","0","0","0","0","0","0","0","0","0","0","0","0","0","0","0","0","0","0","0","0","0","0","0","0"
"AMFR__microglia","0","0","0","0","0","0","0","0","0","0","0","0","0","0","0","0","0","0","2.05010505643704","0","0","0","0","0","0","0","0","0","0","0","0","0","0","0","0","0","0","0","0","0","0","0","0","0","0","2.59806975107941","0","0","0","0","0","0","0","0","0","0","0","0","0","0","0","0","0","0","0","0","0","0","0","0","0","0","0","0","0","0","0","0","0","0","0","0","0","0","0","0","0","0","0","0","0","0","0","0","0","0","0","0","0","0","0","0","0","0","0","0","0","0","0","0","0","0","0","0","0","0","0","0","0","0","0","0","0","0","0","0","0","0","0","0","0","0","0","0","0","0","0","0","0","0","0","0","0","0","0","0","0","0","0","0","0","0","0","0","0","0","0","0","0","0","0","0","0","0","0","0","0","0","0","0","0","0","0","0","0","0","0","0","0","0","0","0","0","0","0","0","0","0","0","0","0","0","0","0","0","0","0","0","0","0","0","0","0","0","0","0","0","0","0","0","0","0","0","0","0","0","0","0","0","0","0","0","0","0","0","0","0","0","0","0","0","0","0","0","0","0","0","0","0","0","0","0","0","0","0","0","0","0","0","0","0","0","0","0","0","0","0","0","0","0","0","0","0","0","0","0","0","0","0","0","0","0","0","0","0","0","0","0","0","0","0","0","0","0","0","0","0","0","0","0","0","0","0","0","0","0","0","0","0","0","0","0","0","0","0","0","0","0","0","0","0","0","0","0","0","0","0","0","0","0","0","0","0","0","0","0","0","0","0","0","0","0","0","0","0","0","0","0","0","0","0","0","0","0","0","0","0","0","0","0","0","0","0","0","0","0","0","0","0","0","0","0","0","0","0","0","0","0","0","0","0","0","0","0","0","0","0","0","0","0","0","0","0","0","0","0","0","0","0","0","0","0","0","0","0","0","0","0","0","0","0","0","0","0","0","0","0","0","0","0","0","0","0","0","0","0","0","0","0","0","0","0","0","0","0","0","0","0","0","0","0","0","0","0","0","0","0","0","0","0","0","0","0","0","0","0","0","0","0","0","0","0","0","0","0","0","0","0","0","0","0","0","0","0","0","0","0","0","0","0","0","0","3.09304572470924","0","0","0","0","0","0","0","0","3.28864350317529","0","0","0","0","0","0","0","0","0","0","0","0","0","0","0","0","0","0","0","0","0","0","0","0","0","0","0","0","0","0","0","0","0","0","0","0","0","0","0","0","0"
"FGFR3__microglia","0","0","0","0","0","0","0","0","0","0","0","0","0","0","0","0","0","0","2.86447787650649","0","0","0","0","0","0","0","0","0","0","0","0","0","0","0","0","0","0","0","0","0","0","0","0","0","0","0","0","0","0","0","0","0","0","0","0","0","0","0","0","0","0","0","0","0","0","0","0","0","0","0","0","0","0","0","0","0","0","0","0","0","0","0","0","0","0","0","0","0","0","0","0","0","0","0","0","0","0","0","0","0","0","0","0","0","0","0","0","0","0","0","0","0","0","0","0","0","0","0","0","0","0","0","0","0","0","0","0","0","0","0","0","0","0","0","0","0","0","0","0","0","0","0","0","0","0","0","0","0","0","0","0","0","0","0","0","0","0","0","0","0","0","0","0","0","0","0","0","0","0","0","0","0","0","0","0","0","0","0","0","0","0","0","0","0","0","0","0","0","0","0","0","0","0","0","0","0","0","0","0","0","0","0","0","0","0","0","0","0","0","0","0","0","0","0","0","0","0","0","0","0","0","0","0","0","0","0","0","0","0","0","0","0","0","0","0","0","0","0","0","0","0","0","0","0","0","0","0","0","0","0","0","0","0","0","0","0","0","0","0","0","0","0","0","0","0","0","0","0","0","0","0","0","0","0","0","0","0","0","0","0","0","0","0","0","0","0","0","0","0","0","0","0","0","0","0","0","0","0","0","0","0","0","0","0","0","0","0","0","0","0","0","0","0","0","0","0","0","0","0","0","0","0","0","0","0","0","0","0","0","0","3.08985215695536","0","0","3.25781179959359","0","0","0","0","0","0","0","0","0","0","0","0","0","0","0","0","0","0","0","0","0","0","0","0","0","0","0","0","0","0","0","0","0","0","0","0","0","0","0","0","0","0","0","0","0","0","0","0","0","0","0","0","0","0","0","0","0","0","0","0","0","0","0","0","0","0","0","0","0","0","0","0","0","0","0","0","0","0","0","0","0","0","0","0","0","0","0","0","0","0","0","0","0","0","0","0","0","0","0","0","0","0","0","0","0","0","0","0","0","0","0","0","0","0","0","0","0","0","0","0","0","0","0","0","0","0","0","0","0","0","0","0","0","0","0","0","0","0","0","0","0","0","0","0","0","0","0","2.42920483120544","0","0","0","0","0","0","0","0","0","0","0","0","0","0","0","0","0","0","0","0","0","0","0","0","0","0","0","0","0","0","0","0","0","0","0","0","0","0","0","0","0"
"FLOT1__microglia","0","0","0","0","0","0","0","0","0","0","0","0","0","0","0","0","0","0","0","0","0","0","0","0","0","0","0","0","0","0","0","0","0","0","0","0","0","0","0","0","0","0","0","0","0","0","0","0","0","3.58849419169141","0","0","0","0","0","0","0","0","0","0","0","0","0","0","0","2.72257483936307","0","0","0","0","0","0","0","0","0","0","0","0","0","0","0","0","0","0","0","0","0","0","0","0","0","0","0","0","0","0","0","0","0","0","0","0","0","0","0","0","0","0","0","0","0","0","0","0","0","0","0","0","0","0","0","0","0","0","0","0","0","0","0","0","0","0","0","0","0","0","0","0","0","0","0","0","0","0","0","0","0","0","0","0","0","0","0","0","0","0","0","0","0","0","0","0","0","0","0","0","0","0","0","0","0","0","0","0","0","0","0","0","0","0","0","0","0","0","0","0","0","0","0","0","0","0","0","0","0","0","0","0","0","0","0","0","0","0","0","0","0","0","0","0","0","0","0","0","0","0","0","0","0","0","0","0","0","0","0","0","0","0","0","0","0","0","0","0","0","0","0","0","0","0","0","0","0","0","0","0","0","0","0","0","0","0","0","0","0","0","0","0","0","0","0","0","0","0","0","0","0","0","0","0","0","0","0","0","0","0","0","0","0","0","0","0","0","0","0","0","0","0","0","0","0","0","0","0","0","0","0","0","0","0","0","0","0","0","0","0","0","0","0","0","0","0","0","0","0","0","0","0","0","0","0","0","0","0","0","0","0","0","0","0","0","0","0","0","0","0","0","0","0","0","0","0","0","0","2.69698659214263","0","0","0","0","0","0","0","0","0","0","0","0","0","0","0","0","0","0","0","0","0","0","0","0","0","0","0","0","0","0","0","0","0","0","0","0","0","0","0","0","0","0","0","0","0","0","0","0","0","0","0","0","0","0","0","0","0","0","0","0","0","0","0","0","0","0","0","0","0","0","0","0","0","0","0","0","0","0","0","0","0","0","0","0","0","0","0","0","0","0","0","0","0","0","0","0","0","0","0","0","0","0","0","0","0","3.07480383893417","0","0","0","0","0","0","0","0","0","0","0","0","0","0","0","0","0","0","0","0","0","3.09304572470924","0","0","0","0","0","0","0","0","0","0","0","0","0","0","0","0","0","0","0","0","0","0","0","0","0","0","0","0","0","0","0","0","0","0","0","0","0","0","0","0","0","0","0","0","0","0","0","0","0","0"
"IFNGR1__microglia","0","0","0","0","0","0","0","0","0","0","0","0","3.34288771352301","0","0","0","0","0","2.86447787650649","0","0","0","0","0","0","0","0","0","0","0","0","0","0","0","0","0","0","0","0","0","0","0","0","0","0","3.47372455335234","0","0","0","0","0","0","0","0","0","0","0","0","0","0","0","0","0","0","0","2.24295767603621","0","0","0","0","0","0","0","0","0","0","0","0","0","0","0","0","0","0","0","0","0","0","0","0","0","0","0","0","0","0","0","0","0","0","0","0","0","0","0","0","0","0","0","0","0","0","0","0","0","0","0","0","0","0","0","0","0","0","0","0","0","0","0","0","0","0","0","0","0","0","0","0","0","0","0","0","0","0","0","0","0","0","0","0","0","0","0","0","0","0","0","0","0","0","0","0","0","0","0","0","0","0","0","0","0","0","0","0","0","0","0","0","0","0","0","0","0","0","0","0","0","0","0","0","0","0","0","0","0","0","0","0","0","0","0","0","0","0","0","0","0","0","0","0","0","0","0","0","0","0","0","0","0","0","0","0","0","0","0","0","0","0","0","0","0","0","0","0","0","0","0","0","0","0","0","0","0","0","0","0","0","0","0","0","0","0","0","0","0","0","0","0","0","0","0","0","0","0","0","0","0","0","0","0","0","0","0","0","0","0","0","0","0","0","0","0","0","0","0","0","0","0","0","0","0","0","0","0","0","0","0","0","0","0","0","0","0","0","0","0","0","0","0","0","0","0","0","0","0","0","0","0","0","0","0","0","0","0","0","0","0","0","0","0","0","0","0","0","0","0","0","0","0","0","0","0","0","0","0","0","0","0","0","0","0","0","0","0","0","0","0","0","0","0","0","0","0","0","0","0","0","0","0","0","0","0","0","0","0","0","0","0","0","0","0","0","0","0","0","0","0","0","0","0","0","0","0","0","0","0","0","0","0","0","0","0","0","0","0","0","0","0","0","0","0","0","0","0","0","0","0","0","0","0","0","0","0","0","0","0","0","0","0","0","0","0","0","0","0","0","0","0","0","0","0","0","0","0","0","0","0","0","0","0","0","0","0","0","0","0","0","0","0","0","0","0","0","0","0","0","0","0","0","0","0","0","0","0","0","0","0","0","0","0","0","0","0","0","0","0","0","0","0","0","0","0","0","0","0","0","0","0","0","0","0","0","0","0","0","0","0","0","0","0","0","0","0","0","0","0","0","0","0","0","0","0","0"
"ITGAM__microglia","0","0","0","0","0","0","0","0","0","0","0","0","2.47849835043999","0","0","0","0","0","2.05010505643704","0","0","0","0","0","0","0","0","0","0","0","0","0","0","0","0","0","0","0","0","0","0","0","0","0","0","3.47372455335234","0","0","0","2.70370004730468","0","0","0","0","0","0","0","0","0","0","0","0","0","0","0","2.72257483936307","0","0","0","0","0","0","0","0","0","0","0","0","0","0","0","0","0","0","0","0","0","0","0","0","0","0","0","0","0","0","0","0","0","0","0","0","0","0","0","0","0","0","0","0","0","0","0","0","0","0","0","0","0","0","0","0","0","0","0","0","0","0","0","0","0","0","0","0","0","0","0","0","0","0","0","0","0","0","0","0","0","0","0","0","0","0","0","0","0","0","0","0","0","0","0","0","0","0","0","0","0","0","0","0","0","0","0","0","0","0","0","0","0","0","0","0","0","0","0","0","0","0","0","0","0","0","0","0","0","0","0","0","0","0","0","0","0","0","0","0","0","0","0","0","0","0","0","0","0","0","0","0","0","0","0","0","0","0","0","0","0","0","0","0","0","0","0","0","0","0","0","0","0","0","0","0","0","0","0","0","0","0","0","0","0","0","0","0","0","0","0","0","0","0","0","0","0","0","0","0","0","0","0","0","0","0","0","0","0","0","0","0","0","0","0","0","0","0","0","0","0","0","0","0","0","0","0","0","0","0","0","0","0","0","0","0","0","0","0","0","0","0","0","0","0","0","0","0","0","0","0","0","0","0","0","0","0","0","0","0","0","0","0","0","3.08985215695536","0","0","4.18035643401537","0","0","0","0","0","0","0","0","0","0","3.58122124079596","0","0","0","0","0","0","0","0","0","0","0","0","0","0","0","0","0","0","0","0","0","0","0","0","0","0","0","0","0","0","0","0","0","0","0","0","0","0","0","0","0","0","0","0","0","0","0","0","0","0","0","0","0","0","0","0","0","0","0","0","0","0","0","0","0","0","0","0","0","0","0","0","0","0","0","0","0","0","0","0","0","0","0","0","0","0","0","0","0","0","0","0","0","0","0","0","0","0","0","0","0","0","0","0","0","3.07480383893417","0","0","0","0","0","0","0","0","0","0","0","0","0","0","0","0","0","0","0","0","0","3.62052014210521","0","0","0","0","0","0","0","0","3.28864350317529","0","0","0","0","0","0","0","0","0","0","0","0","0","0","0","0","0","0","0","0","0","0","0","0","0","0","0","0","0","0","0","0","0","0","0","0","0","0","0","0","0"
"ITGB2__microglia","0","0","0","0","0","0","0","0","0","0","0","0","3.34288771352301","0","0","0","0","0","2.86447787650649","0","0","0","0","0","0","0","0","0","0","0","0","0","0","0","0","0","0","0","0","0","0","0","0","0","0","3.47372455335234","0","0","0","0","0","0","0","0","0","0","0","0","0","0","0","0","0","0","0","0","0","0","0","0","0","0","0","0","0","0","0","0","0","0","0","0","0","0","0","0","0","0","0","0","0","0","0","0","0","0","0","0","0","0","0","0","0","0","0","0","0","0","0","0","0","0","0","0","0","0","0","0","0","0","0","0","0","0","0","0","0","0","0","0","0","0","0","0","0","0","0","0","0","0","0","0","0","0","0","0","0","0","0","0","0","0","0","0","0","0","0","0","0","0","0","0","0","0","0","0","0","0","0","0","0","0","0","0","0","0","0","0","0","0","0","0","0","0","0","0","0","0","0","0","0","0","0","0","0","0","0","0","0","0","0","0","0","0","0","0","0","0","0","0","0","0","0","0","0","0","0","0","0","0","0","0","0","0","0","0","0","0","0","0","0","0","0","0","0","0","0","0","0","0","0","0","0","0","0","0","0","0","0","0","0","0","0","0","0","0","0","0","0","0","0","0","0","0","0","0","0","0","0","0","0","0","0","0","0","0","0","0","0","0","0","0","0","0","0","0","0","0","0","0","0","0","0","0","0","0","0","0","0","0","0","0","0","0","0","0","0","0","0","0","0","0","0","0","0","0","0","0","0","0","0","0","0","0","0","0","0","0","0","0","0","0","0","0","0","0","0","0","0","0","0","0","0","0","0","0","0","0","0","0","0","0","0","0","0","0","0","0","0","0","0","0","0","0","0","0","0","0","0","0","0","0","0","0","0","0","0","0","0","0","0","0","0","0","0","0","0","0","0","0","0","0","0","0","0","0","0","0","0","0","0","0","0","0","0","0","0","0","0","0","0","0","0","0","0","0","0","0","0","0","0","0","0","0","0","0","0","0","0","0","0","0","0","0","0","0","0","0","0","0","0","0","0","0","0","0","0","0","0","0","0","0","0","0","0","0","0","0","0","0","0","0","0","0","0","0","0","0","0","0","0","0","3.09304572470924","0","0","0","0","0","0","0","0","0","0","0","0","0","0","0","0","0","0","0","0","0","0","0","0","0","0","0","0","0","0","0","0","0","0","0","0","0","0","0","0","0","0","0","0","0","0","0","0","0","0"
"P2RY12__microglia","0","0","0","0","0","0","0","0","0","0","0","0","3.34288771352301","0","0","0","0","0","0","0","0","0","0","0","0","0","0","0","0","0","0","0","0","0","0","0","0","0","0","0","0","0","0","0","0","3.47372455335234","0","0","0","0","0","0","0","0","0","0","0","0","0","0","0","0","0","0","0","2.24295767603621","0","0","0","0","0","0","0","0","0","0","0","0","0","0","0","0","0","0","0","0","0","0","0","0","0","0","0","0","0","0","0","0","0","0","0","0","0","0","0","0","0","0","0","0","0","0","0","0","0","0","0","0","0","0","0","0","0","0","0","0","0","0","0","0","0","0","0","0","0","0","0","0","0","0","0","0","0","0","0","0","0","0","0","0","0","0","0","0","0","0","0","0","0","0","0","0","0","0","0","0","0","0","0","0","0","0","0","0","0","0","0","0","0","0","0","0","0","0","0","0","0","0","0","0","0","0","0","0","0","0","0","0","0","0","0","0","0","0","0","0","0","0","0","0","0","0","0","0","0","0","0","0","0","0","0","0","0","0","0","0","0","0","0","0","0","0","0","0","0","0","0","0","0","0","0","0","0","0","0","0","0","0","0","0","0","0","0","0","0","0","0","0","0","0","0","0","0","0","0","0","0","0","0","0","0","0","0","0","0","0","0","0","0","0","0","0","0","0","0","0","0","0","0","0","0","0","0","0","0","0","0","0","0","0","0","0","0","0","0","0","0","0","0","0","0","0","0","0","0","0","0","0","0","0","0","0","0","0","0","0","0","0","0","0","2.2500655084946","0","0","3.25781179959359","0","0","0","0","0","0","0","0","0","0","0","0","0","0","0","0","0","0","0","0","0","0","0","0","0","0","0","0","0","0","0","0","0","0","0","0","0","0","0","0","0","0","0","0","0","0","0","0","0","0","0","0","0","0","0","0","0","0","0","0","0","0","0","0","0","0","0","0","0","0","0","0","0","0","0","0","0","0","0","0","0","0","0","0","0","0","0","0","0","0","0","0","0","0","0","0","0","0","0","0","0","0","0","0","0","0","0","0","0","0","0","0","0","0","0","0","0","0","0","0","0","0","0","0","0","0","0","0","0","0","0","0","0","0","0","0","0","0","0","0","0","0","0","0","0","0","0","0","0","0","0","0","0","0","0","0","0","0","0","0","0","0","0","0","0","0","0","0","0","0","0","0","0","0","0","0","0","0","0","0","0","0","0","0","0","0","0","0","0"
"SV2A__microglia","0","0","0","0","0","0","0","0","0","0","0","0","0","0","0","0","0","0","0","0","0","0","0","0","0","0","0","0","0","0","0","0","0","0","0","0","0","0","0","0","0","0","0","0","0","0","0","0","0","0","0","0","0","0","0","0","0","0","0","0","0","0","0","0","0","2.72257483936307","0","0","0","0","0","0","0","0","0","0","0","0","0","0","0","0","0","0","0","0","0","0","0","0","0","0","0","0","0","0","0","0","0","0","0","0","0","0","0","0","0","0","0","0","0","0","0","0","0","0","0","0","0","0","0","0","0","0","0","0","0","0","0","0","0","0","0","0","0","0","0","0","0","0","0","0","0","0","0","0","0","0","0","0","0","0","0","0","0","0","0","0","0","0","0","0","0","0","0","0","0","0","0","0","0","0","0","0","0","0","0","0","0","0","0","0","0","0","0","0","0","0","0","0","0","0","0","0","0","0","0","0","0","0","0","0","0","0","0","0","0","0","0","0","0","0","0","0","0","0","0","0","0","0","0","0","0","0","0","0","0","0","0","0","0","0","0","0","0","0","0","0","0","0","0","0","0","0","0","0","0","0","0","0","0","0","0","0","0","0","0","0","0","0","0","0","0","0","0","0","0","0","0","0","0","0","0","0","0","0","0","0","0","0","0","0","0","0","0","0","0","0","0","0","0","0","0","0","0","0","0","0","0","0","0","0","0","0","0","0","0","0","0","0","0","0","0","0","0","0","0","0","0","0","0","0","0","0","0","0","0","0","0","0","0","0","0","3.25781179959359","0","0","0","0","0","0","0","0","0","0","3.58122124079596","0","0","0","0","0","0","0","0","0","0","0","0","0","0","0","0","0","0","0","0","0","0","0","0","0","0","0","0","0","0","0","0","0","0","0","0","0","0","0","0","0","0","0","0","0","0","0","0","0","0","0","0","0","0","0","0","0","0","0","0","0","0","0","0","0","0","0","0","0","0","0","0","0","0","0","0","0","0","0","0","0","0","0","0","0","0","0","0","0","0","0","0","0","0","0","0","0","0","0","0","0","0","0","0","0","0","0","0","0","0","0","0","0","0","0","0","0","0","0","0","0","0","0","0","0","0","0","3.62052014210521","0","0","0","0","0","0","0","0","3.28864350317529","0","0","0","0","0","0","0","0","0","0","0","0","0","0","0","0","0","0","0","0","0","0","0","0","0","0","0","0","0","0","0","0","0","0","0","0","0","0","0","0","0"
"TGFBR2__microglia","0","0","0","0","0","0","0","0","0","0","0","0","0","0","0","0","0","0","0","0","0","0","0","0","0","0","0","0","0","0","0","0","0","0","0","0","0","0","0","0","0","0","0","0","0","0","0","0","0","0","0","0","0","0","0","0","0","0","0","0","0","0","0","0","0","1.51945766892912","0","0","0","0","0","0","0","0","0","0","0","0","0","0","0","0","0","0","0","0","0","0","0","0","0","0","0","0","0","0","0","0","0","0","0","0","0","0","0","0","0","0","0","0","0","0","0","0","0","0","0","0","0","0","0","0","0","0","0","0","0","0","0","0","0","0","0","0","0","0","0","0","0","0","0","0","0","0","0","0","0","0","0","0","0","0","0","0","0","0","0","0","0","0","0","0","0","0","0","0","0","0","0","0","0","0","0","0","0","0","0","0","0","0","0","0","0","0","0","0","0","0","0","0","0","0","0","0","0","0","0","0","0","0","0","0","0","0","0","0","0","0","0","0","0","0","0","0","0","0","0","0","0","0","0","0","0","0","0","0","0","0","0","0","0","0","0","0","0","0","0","0","0","0","0","0","0","0","0","0","0","0","0","0","0","0","0","0","0","0","0","0","0","0","0","0","0","0","0","0","0","0","0","0","0","0","0","0","0","0","0","0","0","0","0","0","0","0","0","0","0","0","0","0","0","0","0","0","0","0","0","0","0","0","0","0","0","0","0","0","0","0","0","0","0","0","0","0","0","0","0","0","0","0","0","0","0","0","0","0","0","0","0","0","3.08985215695536","0","0","0","0","0","0","0","0","0","0","0","0","0","3.58122124079596","0","0","0","0","0","0","0","0","0","0","0","0","0","0","0","0","0","0","0","0","0","0","0","0","0","0","0","0","0","0","0","0","0","0","0","0","0","0","0","0","0","0","0","0","0","0","0","0","0","0","0","0","0","0","0","0","0","0","0","0","0","0","0","0","0","0","0","0","0","0","0","0","0","0","0","0","0","0","0","0","0","0","0","0","0","0","0","0","0","0","0","0","0","0","0","0","0","0","0","0","0","0","0","0","0","0","0","0","0","0","0","0","0","0","0","0","0","0","0","0","0","0","0","0","0","0","0","3.09304572470924","0","0","0","0","0","0","0","0","0","0","0","0","0","0","0","0","0","0","0","0","0","0","0","0","0","0","0","0","0","0","0","0","0","0","0","0","0","0","0","0","0","0","0","0","0","0","0","0","0","0"
"LINGO1__microglia","0","0","0","0","0","0","0","0","0","0","0","0","3.34288771352301","0","0","0","0","0","2.86447787650649","0","0","0","0","0","0","0","0","0","0","0","0","0","0","0","0","0","0","0","0","0","0","0","0","0","0","0","0","0","0","0","0","0","0","0","0","0","0","0","0","0","0","0","0","0","0","2.24295767603621","0","0","0","0","0","0","0","0","0","0","0","0","0","0","0","0","0","0","0","0","0","0","0","0","0","0","0","0","0","0","0","0","0","0","0","0","0","0","0","0","0","0","0","0","0","0","0","0","0","0","0","0","0","0","0","0","0","0","0","0","0","0","0","0","0","0","0","0","0","0","0","0","0","0","0","0","0","0","0","0","0","0","0","0","0","0","0","0","0","0","0","0","0","0","0","0","0","0","0","0","0","0","0","0","0","0","0","0","0","0","0","0","0","0","0","0","0","0","0","0","0","0","0","0","0","0","0","0","0","0","0","0","0","0","0","0","0","0","0","0","0","0","0","0","0","0","0","0","0","0","0","0","0","0","0","0","0","0","0","0","0","0","0","0","0","0","0","0","0","0","0","0","0","0","0","0","0","0","0","0","0","0","0","0","0","0","0","0","0","0","0","0","0","0","0","0","0","0","0","0","0","0","0","0","0","0","0","0","0","0","0","0","0","0","0","0","0","0","0","0","0","0","0","0","0","0","0","0","0","0","0","0","0","0","0","0","0","0","0","0","0","0","0","0","0","0","0","0","0","0","0","0","0","0","0","0","0","0","0","0","0","0","0","0","3.61719659890791","0","0","0","0","0","0","0","0","0","0","0","0","0","3.58122124079596","0","0","0","0","0","0","0","0","0","0","0","0","0","0","0","0","0","0","0","0","0","0","0","0","0","0","0","0","0","0","0","0","0","0","0","0","0","0","0","0","0","0","0","0","0","0","0","0","0","0","0","0","0","0","0","0","0","0","0","0","0","0","0","0","0","0","0","0","0","0","0","0","0","0","0","0","0","0","0","0","0","0","0","0","0","0","0","0","0","0","0","0","0","0","0","0","0","0","0","0","0","0","0","0","0","3.07480383893417","0","0","0","0","0","0","0","0","0","0","0","0","0","0","0","0","0","0","0","0","0","3.09304572470924","0","0","0","0","0","0","0","0","3.28864350317529","0","0","0","0","0","0","0","0","0","0","0","0","0","0","0","0","0","0","0","0","0","0","0","0","0","0","0","0","0","0","0","0","0","0","0","0","0","0","0","0","0"
"SLC17A7__microglia","0","0","0","0","0","0","0","0","0","0","0","0","3.34288771352301","0","0","0","0","0","2.86447787650649","0","0","0","0","0","0","0","0","0","0","0","0","0","0","0","0","0","0","0","0","0","0","0","0","0","0","0","0","0","0","0","0","0","0","0","0","0","0","0","0","0","0","0","0","0","0","2.24295767603621","0","0","0","0","0","0","0","0","0","0","0","0","0","0","0","0","0","0","0","0","0","0","0","0","0","0","0","0","0","0","0","0","0","0","0","0","0","0","0","0","0","0","0","0","0","0","0","0","0","0","0","0","0","0","0","0","0","0","0","0","0","0","0","0","0","0","0","0","0","0","0","0","0","0","0","0","0","0","0","0","0","0","0","0","0","0","0","0","0","0","0","0","0","0","0","0","0","0","0","0","0","0","0","0","0","0","0","0","0","0","0","0","0","0","0","0","0","0","0","0","0","0","0","0","0","0","0","0","0","0","0","0","0","0","0","0","0","0","0","0","0","0","0","0","0","0","0","0","0","0","0","0","0","0","0","0","0","0","0","0","0","0","0","0","0","0","0","0","0","0","0","0","0","0","0","0","0","0","0","0","0","0","0","0","0","0","0","0","0","0","0","0","0","0","0","0","0","0","0","0","0","0","0","0","0","0","0","0","0","0","0","0","0","0","0","0","0","0","0","0","0","0","0","0","0","0","0","0","0","0","0","0","0","0","0","0","0","0","0","0","0","0","0","0","0","0","0","0","0","0","0","0","0","0","0","0","0","0","0","0","0","0","0","0","3.61719659890791","0","0","3.25781179959359","0","0","0","0","0","0","0","0","0","0","4.51965781236671","0","0","0","0","0","0","0","0","0","0","0","0","0","0","0","0","0","0","0","0","0","0","0","0","0","0","0","0","0","0","0","0","0","0","0","0","0","0","0","0","0","0","0","0","0","0","0","0","0","0","0","0","0","0","0","0","0","0","0","0","0","0","0","0","0","0","0","0","0","0","0","0","0","0","0","0","0","0","0","0","0","0","0","0","0","0","0","0","0","0","0","0","0","0","0","0","0","0","0","0","0","0","0","0","0","3.07480383893417","0","0","0","0","0","0","0","0","0","0","0","0","0","0","0","0","0","0","0","0","0","4.30978676667979","0","0","0","0","0","0","0","0","0","0","0","0","0","0","0","0","0","0","0","0","0","0","0","0","0","0","0","0","0","0","0","0","0","0","0","0","0","0","0","0","0","0","0","0","0","0","0","0","0","0"
"GLG1__microglia","0","0","0","0","0","0","0","0","0","0","0","0","0","0","0","0","0","0","0","0","0","0","0","0","0","0","0","0","0","0","0","0","0","0","0","0","0","0","0","0","0","0","0","0","0","4.01473731524147","0","0","0","3.58849419169141","0","0","0","0","0","0","0","0","0","0","0","0","0","0","0","2.24295767603621","0","0","0","0","0","0","0","0","0","0","0","0","0","0","0","0","0","0","0","0","0","0","0","0","0","0","0","0","0","0","0","0","0","0","0","0","0","0","0","0","0","0","0","0","0","0","0","0","0","0","0","0","0","0","0","0","0","0","0","0","0","0","0","0","0","0","0","0","0","0","0","0","0","0","0","0","0","0","0","0","0","0","0","0","0","0","0","0","0","0","0","0","0","0","0","0","0","0","0","0","0","0","0","0","0","0","0","0","0","0","0","0","0","0","0","0","0","0","0","0","0","0","0","0","0","0","0","0","0","0","0","0","0","0","0","0","0","0","0","0","0","0","0","0","0","0","0","0","0","0","0","0","0","0","0","0","0","0","0","0","0","0","0","0","0","0","0","0","0","0","0","0","0","0","0","0","0","0","0","0","0","0","0","0","0","0","0","0","0","0","0","0","0","0","0","0","0","0","0","0","0","0","0","0","0","0","0","0","0","0","0","0","0","0","0","0","0","0","0","0","0","0","0","0","0","0","0","0","0","0","0","0","0","0","0","0","0","0","0","0","0","0","0","0","0","0","0","0","0","0","0","0","0","0","0","0","0","0","0","0","0","0","0","0","0","0","0","0","0","0","0","0","0","0","0","0","0","0","0","0","0","0","0","0","0","0","0","0","0","0","0","0","0","0","0","0","0","0","0","0","0","0","0","0","0","0","0","0","0","0","0","0","0","0","0","0","0","0","0","0","0","0","0","0","0","0","0","0","0","0","0","0","0","0","0","0","0","0","0","0","0","0","0","0","0","0","0","0","0","0","0","0","0","0","0","0","0","0","0","0","0","0","0","0","0","0","0","0","0","0","0","0","0","0","0","0","0","0","0","0","0","0","0","0","0","0","0","0","0","0","0","0","0","0","0","0","0","0","0","0","0","0","0","0","0","0","0","0","0","0","0","0","0","0","0","3.28864350317529","0","0","0","0","0","0","0","0","0","0","0","0","0","0","0","0","0","0","0","0","0","0","0","0","0","0","0","0","0","0","0","0","0","0","0","0","0","0","0","0","0"
"CAP1__microglia","0","0","0","0","0","0","0","0","0","0","0","0","0","0","0","0","0","0","2.86447787650649","0","0","0","0","0","0","0","0","0","0","0","0","0","0","0","0","0","0","0","0","0","0","0","0","0","0","0","0","0","0","0","0","0","0","0","0","0","0","0","0","0","0","0","0","0","0","2.24295767603621","0","0","0","0","0","0","0","0","0","0","0","0","0","0","0","0","0","0","0","0","0","0","0","0","0","0","0","0","0","0","0","0","0","0","0","0","0","0","0","0","0","0","0","0","0","0","0","0","0","0","0","0","0","0","0","0","0","0","0","0","0","0","0","0","0","0","0","0","0","0","0","0","0","0","0","0","0","0","0","0","0","0","0","0","0","0","0","0","0","0","0","0","0","0","0","0","0","0","0","0","0","0","0","0","0","0","0","0","0","0","0","0","0","0","0","0","0","0","0","0","0","0","0","0","0","0","0","0","0","0","0","0","0","0","0","0","0","0","0","0","0","0","0","0","0","0","0","0","0","0","0","0","0","0","0","0","0","0","0","0","0","0","0","0","0","0","0","0","0","0","0","0","0","0","0","0","0","0","0","0","0","0","0","0","0","0","0","0","0","0","0","0","0","0","0","0","0","0","0","0","0","0","0","0","0","0","0","0","0","0","0","0","0","0","0","0","0","0","0","0","0","0","0","0","0","0","0","0","0","0","0","0","0","0","0","0","0","0","0","0","0","0","0","0","0","0","0","0","0","0","0","0","0","0","0","0","0","0","0","0","0","0","0","0","2.2500655084946","0","0","0","0","0","0","0","0","0","0","0","0","0","3.58122124079596","0","0","0","0","0","0","0","0","0","0","0","0","0","0","0","0","0","0","0","0","0","0","0","0","0","0","0","0","0","0","0","0","0","0","0","0","0","0","0","0","0","0","0","0","0","0","0","0","0","0","0","0","0","0","0","0","0","0","0","0","0","0","0","0","0","0","0","0","0","0","0","0","0","0","0","0","0","0","0","0","0","0","0","0","0","0","0","0","0","0","0","0","0","0","0","0","0","0","0","0","0","0","0","0","0","0","0","0","0","0","0","0","0","0","0","0","0","0","0","0","0","0","0","0","0","0","0","3.09304572470924","0","0","0","0","0","0","0","0","2.42920483120544","0","0","0","0","0","0","0","0","0","0","0","0","0","0","0","0","0","0","0","0","0","0","0","0","0","0","0","0","0","0","0","0","0","0","0","0","0","0","0","0","0"
"DAG1__microglia","0","0","0","0","0","0","0","0","0","0","0","0","0","0","0","0","0","0","3.38184867768475","0","0","0","0","0","0","0","0","0","0","0","0","0","0","0","0","0","0","0","0","0","0","0","0","0","0","0","0","0","0","0","0","0","0","0","0","0","0","0","0","0","0","0","0","0","0","2.24295767603621","0","0","0","0","0","0","0","0","0","0","0","0","0","0","0","0","0","0","0","0","0","0","0","0","0","0","0","0","0","0","0","0","0","0","0","0","0","0","0","0","0","0","0","0","0","0","0","0","0","0","0","0","0","0","0","0","0","0","0","0","0","0","0","0","0","0","0","0","0","0","0","0","0","0","0","0","0","0","0","0","0","0","0","0","0","0","0","0","0","0","0","0","0","0","0","0","0","0","0","0","0","0","0","0","0","0","0","0","0","0","0","0","0","0","0","0","0","0","0","0","0","0","0","0","0","0","0","0","0","0","0","0","0","0","0","0","0","0","0","0","0","0","0","0","0","0","0","0","0","0","0","0","0","0","0","0","0","0","0","0","0","0","0","0","0","0","0","0","0","0","0","0","0","0","0","0","0","0","0","0","0","0","0","0","0","0","0","0","0","0","0","0","0","0","0","0","0","0","0","0","0","0","0","0","0","0","0","0","0","0","0","0","0","0","0","0","0","0","0","0","0","0","0","0","0","0","0","0","0","0","0","0","0","0","0","0","0","0","0","0","0","0","0","0","0","0","0","0","0","0","0","0","0","0","0","0","0","0","0","0","0","0","0","0","0","0","0","2.40126326059046","0","0","0","0","0","0","0","0","0","0","0","0","0","0","0","0","0","0","0","0","0","0","0","0","0","0","0","0","0","0","0","0","0","0","0","0","0","0","0","0","0","0","0","0","0","0","0","0","0","0","0","0","0","0","0","0","0","0","0","0","0","0","0","0","0","0","0","0","0","0","0","0","0","0","0","0","0","0","0","0","0","0","0","0","0","0","0","0","0","0","0","0","0","0","0","0","0","0","0","0","0","0","0","0","0","0","0","0","0","0","0","0","0","0","0","0","0","0","0","0","0","0","0","0","0","0","0","0","0","0","0","0","0","0","0","0","0","0","3.09304572470924","0","0","0","0","0","0","0","0","0","0","0","0","0","0","0","0","0","0","0","0","0","0","0","0","0","0","0","0","0","0","0","0","0","0","0","0","0","0","0","0","0","0","0","0","0","0","0","0","0","0"
"STX1A__microglia","0","0","0","0","0","0","0","0","0","0","0","0","3.34288771352301","0","0","0","0","0","0","0","0","0","0","0","0","0","0","0","0","0","0","0","0","0","0","0","0","0","0","0","0","0","0","0","0","0","0","0","0","0","0","0","0","0","0","0","0","0","0","0","0","0","0","0","0","2.24295767603621","0","0","0","0","0","0","0","0","0","0","0","0","0","0","0","0","0","0","0","0","0","0","0","0","0","0","0","0","0","0","0","0","0","0","0","0","0","0","0","0","0","0","0","0","0","0","0","0","0","0","0","0","0","0","0","0","0","0","0","0","0","0","0","0","0","0","0","0","0","0","0","0","0","0","0","0","0","0","0","0","0","0","0","0","0","0","0","0","0","0","0","0","0","0","0","0","0","0","0","0","0","0","0","0","0","0","0","0","0","0","0","0","0","0","0","0","0","0","0","0","0","0","0","0","0","0","0","0","0","0","0","0","0","0","0","0","0","0","0","0","0","0","0","0","0","0","0","0","0","0","0","0","0","0","0","0","0","0","0","0","0","0","0","0","0","0","0","0","0","0","0","0","0","0","0","0","0","0","0","0","0","0","0","0","0","0","0","0","0","0","0","0","0","0","0","0","0","0","0","0","0","0","0","0","0","0","0","0","0","0","0","0","0","0","0","0","0","0","0","0","0","0","0","0","0","0","0","0","0","0","0","0","0","0","0","0","0","0","0","0","0","0","0","0","0","0","0","0","0","0","0","0","0","0","0","0","0","0","0","0","0","0","0","0","3.08985215695536","0","0","3.25781179959359","0","0","0","0","0","0","0","0","0","0","0","0","0","0","0","0","0","0","0","0","0","0","0","0","0","0","0","0","0","0","0","0","0","0","0","0","0","0","0","0","0","0","0","0","0","0","0","0","0","0","0","0","0","0","0","0","0","0","0","0","0","0","0","0","0","0","0","0","0","0","0","0","0","0","0","0","0","0","0","0","0","0","0","0","0","0","0","0","0","0","0","0","0","0","0","0","0","0","0","0","0","0","0","0","0","0","0","0","0","0","0","0","0","0","0","0","2.23660628055615","0","0","0","0","0","0","0","0","0","0","0","0","0","0","0","0","0","0","0","0","0","3.09304572470924","0","0","0","0","0","0","0","0","0","0","0","0","0","0","0","0","0","0","0","0","0","0","0","0","0","0","0","0","0","0","0","0","0","0","0","0","0","0","0","0","0","0","0","0","0","0","0","0","0","0"
"PTPRJ__microglia","0","0","0","0","0","0","0","0","0","0","0","0","0","0","0","0","0","0","0","0","0","0","0","0","0","0","0","0","0","0","0","0","0","0","0","0","0","0","0","0","0","0","0","0","0","3.47372455335234","0","0","0","0","0","0","0","0","0","0","0","0","0","0","0","0","0","0","0","1.51945766892912","0","0","0","0","0","0","0","0","0","0","0","0","0","0","0","0","0","0","0","0","0","0","0","0","0","0","0","0","0","0","0","0","0","0","0","0","0","0","0","0","0","0","0","0","0","0","0","0","0","0","0","0","0","0","0","0","0","0","0","0","0","0","0","0","0","0","0","0","0","0","0","0","0","0","0","0","0","0","0","0","0","0","0","0","0","0","0","0","0","0","0","0","0","0","0","0","0","0","0","0","0","0","0","0","0","0","0","0","0","0","0","0","0","0","0","0","0","0","0","0","0","0","0","0","0","0","0","0","0","0","0","0","0","0","0","0","0","0","0","0","0","0","0","0","0","0","0","0","0","0","0","0","0","0","0","0","0","0","0","0","0","0","0","0","0","0","0","0","0","0","0","0","0","0","0","0","0","0","0","0","0","0","0","0","0","0","0","0","0","0","0","0","0","0","0","0","0","0","0","0","0","0","0","0","0","0","0","0","0","0","0","0","0","0","0","0","0","0","0","0","0","0","0","0","0","0","0","0","0","0","0","0","0","0","0","0","0","0","0","0","0","0","0","0","0","0","0","0","0","0","0","0","0","0","0","0","0","0","0","0","0","0","0","0","3.08985215695536","0","0","0","0","0","0","0","0","0","0","0","0","0","3.58122124079596","0","0","0","0","0","0","0","0","0","0","0","0","0","0","0","0","0","0","0","0","0","0","0","0","0","0","0","0","0","0","0","0","0","0","0","0","0","0","0","0","0","0","0","0","0","0","0","0","0","0","0","0","0","0","0","0","0","0","0","0","0","0","0","0","0","0","0","0","0","0","0","0","0","0","0","0","0","0","0","0","0","0","0","0","0","0","0","0","0","0","0","0","0","0","0","0","0","0","0","0","0","0","0","0","0","0","0","0","0","0","0","0","0","0","0","0","0","0","0","0","0","0","0","0","0","0","0","0","0","0","0","0","0","0","0","0","0","0","0","0","0","0","0","0","0","0","0","0","0","0","0","0","0","0","0","0","0","0","0","0","0","0","0","0","0","0","0","0","0","0","0","0","0","0","0","0","0","0"
"EPHB6__microglia","0","0","0","0","0","0","0","0","0","0","0","0","0","0","0","0","0","0","0","0","0","0","0","0","0","0","0","0","0","0","0","0","0","0","0","0","0","0","0","0","0","0","0","0","0","0","0","0","0","0","0","0","0","0","0","0","0","0","0","0","0","0","0","0","0","2.24295767603621","0","0","0","0","0","0","0","0","0","0","0","0","0","0","0","0","0","0","0","0","0","0","0","0","0","0","0","0","0","0","0","0","0","0","0","0","0","0","0","0","0","0","0","0","0","0","0","0","0","0","0","0","0","0","0","0","0","0","0","0","0","0","0","0","0","0","0","0","0","0","0","0","0","0","0","0","0","0","0","0","0","0","0","0","0","0","0","0","0","0","0","0","0","0","0","0","0","0","0","0","0","0","0","0","0","0","0","0","0","0","0","0","0","0","0","0","0","0","0","0","0","0","0","0","0","0","0","0","0","0","0","0","0","0","0","0","0","0","0","0","0","0","0","0","0","0","0","0","0","0","0","0","0","0","0","0","0","0","0","0","0","0","0","0","0","0","0","0","0","0","0","0","0","0","0","0","0","0","0","0","0","0","0","0","0","0","0","0","0","0","0","0","0","0","0","0","0","0","0","0","0","0","0","0","0","0","0","0","0","0","0","0","0","0","0","0","0","0","0","0","0","0","0","0","0","0","0","0","0","0","0","0","0","0","0","0","0","0","0","0","0","0","0","0","0","0","0","0","0","0","0","0","0","0","0","0","0","0","0","0","0","0","0","0","3.08985215695536","0","0","0","0","0","0","0","0","0","0","0","0","0","2.69698659214263","0","0","0","0","0","0","0","0","0","0","0","0","0","0","0","0","0","0","0","0","0","0","0","0","0","0","0","0","0","0","0","0","0","0","0","0","0","0","0","0","0","0","0","0","0","0","0","0","0","0","0","0","0","0","0","0","0","0","0","0","0","0","0","0","0","0","0","0","0","0","0","0","0","0","0","0","0","0","0","0","0","0","0","0","0","0","0","0","0","0","0","0","0","0","0","0","0","0","0","0","0","0","0","0","0","2.23660628055615","0","0","0","0","0","0","0","0","0","0","0","0","0","0","0","0","0","0","0","0","0","2.25292374130653","0","0","0","0","0","0","0","0","2.42920483120544","0","0","0","0","0","0","0","0","0","0","0","0","0","0","0","0","0","0","0","0","0","0","0","0","0","0","0","0","0","0","0","0","0","0","0","0","0","0","0","0","0"
"GRM3__microglia","0","0","0","0","0","0","0","0","0","0","0","0","3.34288771352301","0","0","0","0","0","2.86447787650649","0","0","0","0","0","0","0","0","0","0","0","0","0","0","0","0","0","0","0","0","0","0","0","0","0","0","3.47372455335234","0","0","0","0","0","0","0","0","0","0","0","0","0","0","0","0","0","0","0","2.24295767603621","0","0","0","0","0","0","0","0","0","0","0","0","0","0","0","0","0","0","0","0","0","0","0","0","0","0","0","0","0","0","0","0","0","0","0","0","0","0","0","0","0","0","0","0","0","0","0","0","0","0","0","0","0","0","0","0","0","0","0","0","0","0","0","0","0","0","0","0","0","0","0","0","0","0","0","0","0","0","0","0","0","0","0","0","0","0","0","0","0","0","0","0","0","0","0","0","0","0","0","0","0","0","0","0","0","0","0","0","0","0","0","0","0","0","0","0","0","0","0","0","0","0","0","0","0","0","0","0","0","0","0","0","0","0","0","0","0","0","0","0","0","0","0","0","0","0","0","0","0","0","0","0","0","0","0","0","0","0","0","0","0","0","0","0","0","0","0","0","0","0","0","0","0","0","0","0","0","0","0","0","0","0","0","0","0","0","0","0","0","0","0","0","0","0","0","0","0","0","0","0","0","0","0","0","0","0","0","0","0","0","0","0","0","0","0","0","0","0","0","0","0","0","0","0","0","0","0","0","0","0","0","0","0","0","0","0","0","0","0","0","0","0","0","0","0","0","0","0","0","0","0","0","0","0","0","0","0","0","0","0","0","0","0","0","0","0","0","0","0","0","0","0","0","0","0","0","0","0","0","0","0","0","0","0","0","0","0","0","0","0","0","0","0","0","0","0","0","0","0","0","0","0","0","0","0","0","0","0","0","0","0","0","0","0","0","0","0","0","0","0","0","0","0","0","0","0","0","0","0","0","0","0","0","0","0","0","0","0","0","0","0","0","0","0","0","0","0","0","0","0","0","0","0","0","0","0","0","0","0","0","0","0","0","0","0","0","0","0","0","0","0","0","0","0","0","0","0","0","0","0","0","0","0","0","0","0","0","0","0","0","0","0","0","0","0","0","0","0","0","0","0","0","0","0","0","0","0","0","0","0","0","0","0","0","0","3.28864350317529","0","0","0","0","0","0","0","0","0","0","0","0","0","0","0","0","0","0","0","0","0","0","0","0","0","0","0","0","0","0","0","0","0","0","0","0","0","0","0","0","0"
"ITGB1__microglia","0","0","0","0","0","0","0","0","0","0","0","0","2.47849835043999","0","0","0","0","0","0","0","0","0","0","0","0","0","0","0","0","0","0","0","0","0","0","0","0","0","0","0","0","0","0","0","0","0","0","0","0","0","0","0","0","0","0","0","0","0","0","0","0","0","0","0","0","2.24295767603621","0","0","0","0","0","0","0","0","0","0","0","0","0","0","0","0","0","0","0","0","0","0","0","0","0","0","0","0","0","0","0","0","0","0","0","0","0","0","0","0","0","0","0","0","0","0","0","0","0","0","0","0","0","0","0","0","0","0","0","0","0","0","0","0","0","0","0","0","0","0","0","0","0","0","0","0","0","0","0","0","0","0","0","0","0","0","0","0","0","0","0","0","0","0","0","0","0","0","0","0","0","0","0","0","0","0","0","0","0","0","0","0","0","0","0","0","0","0","0","0","0","0","0","0","0","0","0","0","0","0","0","0","0","0","0","0","0","0","0","0","0","0","0","0","0","0","0","0","0","0","0","0","0","0","0","0","0","0","0","0","0","0","0","0","0","0","0","0","0","0","0","0","0","0","0","0","0","0","0","0","0","0","0","0","0","0","0","0","0","0","0","0","0","0","0","0","0","0","0","0","0","0","0","0","0","0","0","0","0","0","0","0","0","0","0","0","0","0","0","0","0","0","0","0","0","0","0","0","0","0","0","0","0","0","0","0","0","0","0","0","0","0","0","0","0","0","0","0","0","0","0","0","0","0","0","0","0","0","0","0","0","0","0","0","0","0","0","3.25781179959359","0","0","0","0","0","0","0","0","0","0","0","0","0","0","0","0","0","0","0","0","0","0","0","0","0","0","0","0","0","0","0","0","0","0","0","0","0","0","0","0","0","0","0","0","0","0","0","0","0","0","0","0","0","0","0","0","0","0","0","0","0","0","0","0","0","0","0","0","0","0","0","0","0","0","0","0","0","0","0","0","0","0","0","0","0","0","0","0","0","0","0","0","0","0","0","0","0","0","0","0","0","0","0","0","0","0","0","0","0","0","0","0","0","0","0","0","0","0","0","0","0","0","0","0","0","0","0","0","0","0","0","0","0","0","0","0","0","0","0","0","0","0","0","0","0","0","0","3.28864350317529","0","0","0","0","0","0","0","0","0","0","0","0","0","0","0","0","0","0","0","0","0","0","0","0","0","0","0","0","0","0","0","0","0","0","0","0","0","0","0","0","0"
"NTSR2__microglia","0","0","0","0","0","0","0","0","0","0","0","0","3.34288771352301","0","0","0","0","0","3.76186447214435","0","0","0","0","0","0","0","0","0","0","0","0","0","0","0","0","0","0","0","0","0","0","0","0","0","0","3.47372455335234","0","0","0","3.58849419169141","0","0","0","0","0","0","0","0","0","0","0","0","0","0","0","2.72257483936307","0","0","0","0","0","0","0","0","0","0","0","0","0","0","0","0","0","0","0","0","0","0","0","0","0","0","0","0","0","0","0","0","0","0","0","0","0","0","0","0","0","0","0","0","0","0","0","0","0","0","0","0","0","0","0","0","0","0","0","0","0","0","0","0","0","0","0","0","0","0","0","0","0","0","0","0","0","0","0","0","0","0","0","0","0","0","0","0","0","0","0","0","0","0","0","0","0","0","0","0","0","0","0","0","0","0","0","0","0","0","0","0","0","0","0","0","0","0","0","0","0","0","0","0","0","0","0","0","0","0","0","0","0","0","0","0","0","0","0","0","0","0","0","0","0","0","0","0","0","0","0","0","0","0","0","0","0","0","0","0","0","0","0","0","0","0","0","0","0","0","0","0","0","0","0","0","0","0","0","0","0","0","0","0","0","0","0","0","0","0","0","0","0","0","0","0","0","0","0","0","0","0","0","0","0","0","0","0","0","0","0","0","0","0","0","0","0","0","0","0","0","0","0","0","0","0","0","0","0","0","0","0","0","0","0","0","0","0","0","0","0","0","0","0","0","0","0","0","0","0","0","0","0","0","0","0","0","0","0","0","0","0","0","0","3.08985215695536","0","0","3.25781179959359","0","0","0","0","0","0","0","0","0","0","3.58122124079596","0","0","0","0","0","0","0","0","0","0","0","0","0","0","0","0","0","0","0","0","0","0","0","0","0","0","0","0","0","0","0","0","0","0","0","0","0","0","0","0","0","0","0","0","0","0","0","0","0","0","0","0","0","0","0","0","0","0","0","0","0","0","0","0","0","0","0","0","0","0","0","0","0","0","0","0","0","0","0","0","0","0","0","0","0","0","0","0","0","0","0","0","0","0","0","0","0","0","0","0","0","0","0","0","0","3.07480383893417","0","0","0","0","0","0","0","0","0","0","0","0","0","0","0","0","0","0","0","0","0","3.09304572470924","0","0","0","0","0","0","0","0","4.21286964721794","0","0","0","0","0","0","0","0","0","0","0","0","0","0","0","0","0","0","0","0","0","0","0","0","0","0","0","0","0","0","0","0","0","0","0","0","0","0","0","0","0"
"SDC4__microglia","0","0","0","0","0","0","0","0","0","0","0","0","3.34288771352301","0","0","0","0","0","0","0","0","0","0","0","0","0","0","0","0","0","0","0","0","0","0","0","0","0","0","0","0","0","0","0","0","0","0","0","0","0","0","0","0","0","0","0","0","0","0","0","0","0","0","0","0","1.51945766892912","0","0","0","0","0","0","0","0","0","0","0","0","0","0","0","0","0","0","0","0","0","0","0","0","0","0","0","0","0","0","0","0","0","0","0","0","0","0","0","0","0","0","0","0","0","0","0","0","0","0","0","0","0","0","0","0","0","0","0","0","0","0","0","0","0","0","0","0","0","0","0","0","0","0","0","0","0","0","0","0","0","0","0","0","0","0","0","0","0","0","0","0","0","0","0","0","0","0","0","0","0","0","0","0","0","0","0","0","0","0","0","0","0","0","0","0","0","0","0","0","0","0","0","0","0","0","0","0","0","0","0","0","0","0","0","0","0","0","0","0","0","0","0","0","0","0","0","0","0","0","0","0","0","0","0","0","0","0","0","0","0","0","0","0","0","0","0","0","0","0","0","0","0","0","0","0","0","0","0","0","0","0","0","0","0","0","0","0","0","0","0","0","0","0","0","0","0","0","0","0","0","0","0","0","0","0","0","0","0","0","0","0","0","0","0","0","0","0","0","0","0","0","0","0","0","0","0","0","0","0","0","0","0","0","0","0","0","0","0","0","0","0","0","0","0","0","0","0","0","0","0","0","0","0","0","0","0","0","0","0","0","0","0","0","0","0","0","3.25781179959359","0","0","0","0","0","0","0","0","0","0","3.58122124079596","0","0","0","0","0","0","0","0","0","0","0","0","0","0","0","0","0","0","0","0","0","0","0","0","0","0","0","0","0","0","0","0","0","0","0","0","0","0","0","0","0","0","0","0","0","0","0","0","0","0","0","0","0","0","0","0","0","0","0","0","0","0","0","0","0","0","0","0","0","0","0","0","0","0","0","0","0","0","0","0","0","0","0","0","0","0","0","0","0","0","0","0","0","0","0","0","0","0","0","0","0","0","0","0","0","0","0","0","0","0","0","0","0","0","0","0","0","0","0","0","0","0","0","0","0","0","0","0","0","0","0","0","0","0","0","0","3.28864350317529","0","0","0","0","0","0","0","0","0","0","0","0","0","0","0","0","0","0","0","0","0","0","0","0","0","0","0","0","0","0","0","0","0","0","0","0","0","0","0","0","0"
"CSF1R__microglia","0","0","0","0","0","0","0","0","0","0","0","0","4.57687603600872","0","0","0","0","0","4.52290499109079","0","0","0","0","0","0","0","0","0","0","0","0","0","0","0","0","0","0","0","0","0","0","0","0","0","0","5.94619556933032","0","0","0","5.66198762431958","0","0","0","0","0","0","0","0","0","0","0","0","0","0","0","4.76211790763537","0","0","0","0","0","0","0","0","0","0","0","0","0","0","0","0","0","0","0","0","0","0","0","0","0","0","0","0","0","0","0","0","0","0","0","0","0","0","0","0","0","0","0","0","0","0","0","0","0","0","0","0","0","0","0","0","0","0","0","0","0","0","0","0","0","0","0","0","0","0","0","0","0","0","0","0","0","0","0","0","0","0","0","0","0","0","0","0","0","0","0","0","0","0","0","0","0","0","0","0","0","0","0","0","0","0","0","0","0","0","0","0","0","0","0","0","0","0","0","0","0","0","0","0","0","0","0","0","0","0","0","0","0","0","0","0","0","0","0","0","0","0","0","0","0","0","0","0","0","0","0","0","0","0","0","0","0","0","0","0","0","0","0","0","0","0","0","0","0","0","0","0","0","0","0","0","0","0","0","0","0","0","0","0","0","0","0","0","0","0","0","0","0","0","0","0","0","0","0","0","0","0","0","0","0","0","0","0","0","0","0","0","0","0","0","0","0","0","0","0","0","0","0","0","0","0","0","0","0","0","0","0","0","0","0","0","0","0","0","0","0","0","0","0","0","0","0","0","0","0","0","0","0","0","0","0","0","0","0","0","0","0","0","0","4.95681664033066","0","0","5.3053831565848","0","0","0","0","0","0","0","0","0","0","5.29980237287361","0","0","0","0","0","0","0","0","0","0","0","0","0","0","0","0","0","0","0","0","0","0","0","0","0","0","0","0","0","0","0","0","0","0","0","0","0","0","0","0","0","0","0","0","0","0","0","0","0","0","0","0","0","0","0","0","0","0","0","0","0","0","0","0","0","0","0","0","0","0","0","0","0","0","0","0","0","0","0","0","0","0","0","0","0","0","0","0","0","0","0","0","0","0","0","0","0","0","0","0","0","0","0","0","0","4.75435836405341","0","0","0","0","0","0","0","0","0","0","0","0","0","0","0","0","0","0","0","0","0","5.40705567529798","0","0","0","0","0","0","0","0","4.21286964721794","0","0","0","0","0","0","0","0","0","0","0","0","0","0","0","0","0","0","0","0","0","0","0","0","0","0","0","0","0","0","0","0","0","0","0","0","0","0","0","0","0"
"ITGB5__microglia","0","0","0","0","0","0","0","0","0","0","0","0","4.57687603600872","0","0","0","0","0","4.70768436046574","0","0","0","0","0","0","0","0","0","0","0","0","0","0","0","0","0","0","0","0","0","0","0","0","0","0","4.01473731524147","0","0","0","4.836607344335","0","0","0","0","0","0","0","0","0","0","0","0","0","0","0","4.42862204893469","0","0","0","0","0","0","0","0","0","0","0","0","0","0","0","0","0","0","0","0","0","0","0","0","0","0","0","0","0","0","0","0","0","0","0","0","0","0","0","0","0","0","0","0","0","0","0","0","0","0","0","0","0","0","0","0","0","0","0","0","0","0","0","0","0","0","0","0","0","0","0","0","0","0","0","0","0","0","0","0","0","0","0","0","0","0","0","0","0","0","0","0","0","0","0","0","0","0","0","0","0","0","0","0","0","0","0","0","0","0","0","0","0","0","0","0","0","0","0","0","0","0","0","0","0","0","0","0","0","0","0","0","0","0","0","0","0","0","0","0","0","0","0","0","0","0","0","0","0","0","0","0","0","0","0","0","0","0","0","0","0","0","0","0","0","0","0","0","0","0","0","0","0","0","0","0","0","0","0","0","0","0","0","0","0","0","0","0","0","0","0","0","0","0","0","0","0","0","0","0","0","0","0","0","0","0","0","0","0","0","0","0","0","0","0","0","0","0","0","0","0","0","0","0","0","0","0","0","0","0","0","0","0","0","0","0","0","0","0","0","0","0","0","0","0","0","0","0","0","0","0","0","0","0","0","0","0","0","0","0","0","0","0","0","2.2500655084946","0","0","0","0","0","0","0","0","0","0","0","0","0","3.58122124079596","0","0","0","0","0","0","0","0","0","0","0","0","0","0","0","0","0","0","0","0","0","0","0","0","0","0","0","0","0","0","0","0","0","0","0","0","0","0","0","0","0","0","0","0","0","0","0","0","0","0","0","0","0","0","0","0","0","0","0","0","0","0","0","0","0","0","0","0","0","0","0","0","0","0","0","0","0","0","0","0","0","0","0","0","0","0","0","0","0","0","0","0","0","0","0","0","0","0","0","0","0","0","0","0","0","0","0","0","0","0","0","0","0","0","0","0","0","0","0","0","0","0","0","0","0","0","0","4.00593109738058","0","0","0","0","0","0","0","0","2.42920483120544","0","0","0","0","0","0","0","0","0","0","0","0","0","0","0","0","0","0","0","0","0","0","0","0","0","0","0","0","0","0","0","0","0","0","0","0","0","0","0","0","0"
"LRP4__microglia","0","0","0","0","0","0","0","0","0","0","0","0","0","0","0","0","0","0","2.86447787650649","0","0","0","0","0","0","0","0","0","0","0","0","0","0","0","0","0","0","0","0","0","0","0","0","0","0","4.01473731524147","0","0","0","0","0","0","0","0","0","0","0","0","0","0","0","0","0","0","0","1.51945766892912","0","0","0","0","0","0","0","0","0","0","0","0","0","0","0","0","0","0","0","0","0","0","0","0","0","0","0","0","0","0","0","0","0","0","0","0","0","0","0","0","0","0","0","0","0","0","0","0","0","0","0","0","0","0","0","0","0","0","0","0","0","0","0","0","0","0","0","0","0","0","0","0","0","0","0","0","0","0","0","0","0","0","0","0","0","0","0","0","0","0","0","0","0","0","0","0","0","0","0","0","0","0","0","0","0","0","0","0","0","0","0","0","0","0","0","0","0","0","0","0","0","0","0","0","0","0","0","0","0","0","0","0","0","0","0","0","0","0","0","0","0","0","0","0","0","0","0","0","0","0","0","0","0","0","0","0","0","0","0","0","0","0","0","0","0","0","0","0","0","0","0","0","0","0","0","0","0","0","0","0","0","0","0","0","0","0","0","0","0","0","0","0","0","0","0","0","0","0","0","0","0","0","0","0","0","0","0","0","0","0","0","0","0","0","0","0","0","0","0","0","0","0","0","0","0","0","0","0","0","0","0","0","0","0","0","0","0","0","0","0","0","0","0","0","0","0","0","0","0","0","0","0","0","0","0","0","0","0","0","0","0","0","0","0","0","0","0","0","0","0","0","0","0","0","0","0","0","0","0","0","0","0","0","0","0","0","0","0","0","0","0","0","0","0","0","0","0","0","0","0","0","0","0","0","0","0","0","0","0","0","0","0","0","0","0","0","0","0","0","0","0","0","0","0","0","0","0","0","0","0","0","0","0","0","0","0","0","0","0","0","0","0","0","0","0","0","0","0","0","0","0","0","0","0","0","0","0","0","0","0","0","0","0","0","0","0","0","0","0","0","0","0","0","0","0","0","0","0","0","0","0","0","0","0","3.07480383893417","0","0","0","0","0","0","0","0","0","0","0","0","0","0","0","0","0","0","0","0","0","3.09304572470924","0","0","0","0","0","0","0","0","4.21286964721794","0","0","0","0","0","0","0","0","0","0","0","0","0","0","0","0","0","0","0","0","0","0","0","0","0","0","0","0","0","0","0","0","0","0","0","0","0","0","0","0","0"
"ADRB2__microglia","0","0","0","0","0","0","0","0","0","0","0","0","2.47849835043999","0","0","0","0","0","3.76186447214435","0","0","0","0","0","0","0","0","0","0","0","0","0","0","0","0","0","0","0","0","0","0","0","0","0","0","3.47372455335234","0","0","0","3.58849419169141","0","0","0","0","0","0","0","0","0","0","0","0","0","0","0","0","0","0","0","0","0","0","0","0","0","0","0","0","0","0","0","0","0","0","0","0","0","0","0","0","0","0","0","0","0","0","0","0","0","0","0","0","0","0","0","0","0","0","0","0","0","0","0","0","0","0","0","0","0","0","0","0","0","0","0","0","0","0","0","0","0","0","0","0","0","0","0","0","0","0","0","0","0","0","0","0","0","0","0","0","0","0","0","0","0","0","0","0","0","0","0","0","0","0","0","0","0","0","0","0","0","0","0","0","0","0","0","0","0","0","0","0","0","0","0","0","0","0","0","0","0","0","0","0","0","0","0","0","0","0","0","0","0","0","0","0","0","0","0","0","0","0","0","0","0","0","0","0","0","0","0","0","0","0","0","0","0","0","0","0","0","0","0","0","0","0","0","0","0","0","0","0","0","0","0","0","0","0","0","0","0","0","0","0","0","0","0","0","0","0","0","0","0","0","0","0","0","0","0","0","0","0","0","0","0","0","0","0","0","0","0","0","0","0","0","0","0","0","0","0","0","0","0","0","0","0","0","0","0","0","0","0","0","0","0","0","0","0","0","0","0","0","0","0","0","0","0","0","0","0","0","0","0","0","0","0","0","0","0","0","0","0","0","0","0","0","0","0","0","0","0","0","0","0","0","0","0","0","0","0","0","0","0","0","0","0","0","0","0","0","0","0","0","0","0","0","0","0","0","0","0","0","0","0","0","0","0","0","0","0","0","0","0","0","0","0","0","0","0","0","0","0","0","0","0","0","0","0","0","0","0","0","0","0","0","0","0","0","0","0","0","0","0","0","0","0","0","0","0","0","0","0","0","0","0","0","0","0","0","0","0","0","0","0","0","0","0","0","0","0","0","0","0","0","0","0","0","0","0","0","0","0","0","0","0","0","0","0","0","0","0","0","0","0","0","0","0","0","0","0","0","0","3.09304572470924","0","0","0","0","0","0","0","0","0","0","0","0","0","0","0","0","0","0","0","0","0","0","0","0","0","0","0","0","0","0","0","0","0","0","0","0","0","0","0","0","0","0","0","0","0","0","0","0","0","0"
"TNFRSF1B__microglia","0","0","0","0","0","0","0","0","0","0","0","0","0","0","0","0","0","0","0","0","0","0","0","0","0","0","0","0","0","0","0","0","0","0","0","0","0","0","0","0","0","0","0","0","0","3.47372455335234","0","0","0","0","0","0","0","0","0","0","0","0","0","0","0","0","0","0","0","2.72257483936307","0","0","0","0","0","0","0","0","0","0","0","0","0","0","0","0","0","0","0","0","0","0","0","0","0","0","0","0","0","0","0","0","0","0","0","0","0","0","0","0","0","0","0","0","0","0","0","0","0","0","0","0","0","0","0","0","0","0","0","0","0","0","0","0","0","0","0","0","0","0","0","0","0","0","0","0","0","0","0","0","0","0","0","0","0","0","0","0","0","0","0","0","0","0","0","0","0","0","0","0","0","0","0","0","0","0","0","0","0","0","0","0","0","0","0","0","0","0","0","0","0","0","0","0","0","0","0","0","0","0","0","0","0","0","0","0","0","0","0","0","0","0","0","0","0","0","0","0","0","0","0","0","0","0","0","0","0","0","0","0","0","0","0","0","0","0","0","0","0","0","0","0","0","0","0","0","0","0","0","0","0","0","0","0","0","0","0","0","0","0","0","0","0","0","0","0","0","0","0","0","0","0","0","0","0","0","0","0","0","0","0","0","0","0","0","0","0","0","0","0","0","0","0","0","0","0","0","0","0","0","0","0","0","0","0","0","0","0","0","0","0","0","0","0","0","0","0","0","0","0","0","0","0","0","0","0","0","0","0","0","0","0","0","0","0","0","0","0","0","0","0","0","0","0","0","0","0","0","2.69698659214263","0","0","0","0","0","0","0","0","0","0","0","0","0","0","0","0","0","0","0","0","0","0","0","0","0","0","0","0","0","0","0","0","0","0","0","0","0","0","0","0","0","0","0","0","0","0","0","0","0","0","0","0","0","0","0","0","0","0","0","0","0","0","0","0","0","0","0","0","0","0","0","0","0","0","0","0","0","0","0","0","0","0","0","0","0","0","0","0","0","0","0","0","0","0","0","0","0","0","0","0","0","0","0","0","0","2.23660628055615","0","0","0","0","0","0","0","0","0","0","0","0","0","0","0","0","0","0","0","0","0","3.09304572470924","0","0","0","0","0","0","0","0","0","0","0","0","0","0","0","0","0","0","0","0","0","0","0","0","0","0","0","0","0","0","0","0","0","0","0","0","0","0","0","0","0","0","0","0","0","0","0","0","0","0"
"KCNJ4__microglia","0","0","0","0","0","0","0","0","0","0","0","0","0","0","0","0","0","0","0","0","0","0","0","0","0","0","0","0","0","0","0","0","0","0","0","0","0","0","0","0","0","0","0","0","0","2.59806975107941","0","0","0","0","0","0","0","0","0","0","0","0","0","0","0","0","0","0","0","2.72257483936307","0","0","0","0","0","0","0","0","0","0","0","0","0","0","0","0","0","0","0","0","0","0","0","0","0","0","0","0","0","0","0","0","0","0","0","0","0","0","0","0","0","0","0","0","0","0","0","0","0","0","0","0","0","0","0","0","0","0","0","0","0","0","0","0","0","0","0","0","0","0","0","0","0","0","0","0","0","0","0","0","0","0","0","0","0","0","0","0","0","0","0","0","0","0","0","0","0","0","0","0","0","0","0","0","0","0","0","0","0","0","0","0","0","0","0","0","0","0","0","0","0","0","0","0","0","0","0","0","0","0","0","0","0","0","0","0","0","0","0","0","0","0","0","0","0","0","0","0","0","0","0","0","0","0","0","0","0","0","0","0","0","0","0","0","0","0","0","0","0","0","0","0","0","0","0","0","0","0","0","0","0","0","0","0","0","0","0","0","0","0","0","0","0","0","0","0","0","0","0","0","0","0","0","0","0","0","0","0","0","0","0","0","0","0","0","0","0","0","0","0","0","0","0","0","0","0","0","0","0","0","0","0","0","0","0","0","0","0","0","0","0","0","0","0","0","0","0","0","0","0","0","0","0","0","0","0","0","0","0","0","0","0","0","0","0","0","0","2.40126326059046","0","0","0","0","0","0","0","0","0","0","0","0","0","0","0","0","0","0","0","0","0","0","0","0","0","0","0","0","0","0","0","0","0","0","0","0","0","0","0","0","0","0","0","0","0","0","0","0","0","0","0","0","0","0","0","0","0","0","0","0","0","0","0","0","0","0","0","0","0","0","0","0","0","0","0","0","0","0","0","0","0","0","0","0","0","0","0","0","0","0","0","0","0","0","0","0","0","0","0","0","0","0","0","0","0","0","0","0","0","0","0","0","0","0","0","0","3.07480383893417","0","0","0","0","0","0","0","0","0","0","0","0","0","0","0","0","0","0","0","0","0","2.25292374130653","0","0","0","0","0","0","0","0","2.42920483120544","0","0","0","0","0","0","0","0","0","0","0","0","0","0","0","0","0","0","0","0","0","0","0","0","0","0","0","0","0","0","0","0","0","0","0","0","0","0","0","0","0"
"CSF3R__microglia","0","0","0","0","0","0","0","0","0","0","0","0","0","0","0","0","0","0","2.05010505643704","0","0","0","0","0","0","0","0","0","0","0","0","0","0","0","0","0","0","0","0","0","0","0","0","0","0","0","0","0","0","3.58849419169141","0","0","0","0","0","0","0","0","0","0","0","0","0","0","0","2.72257483936307","0","0","0","0","0","0","0","0","0","0","0","0","0","0","0","0","0","0","0","0","0","0","0","0","0","0","0","0","0","0","0","0","0","0","0","0","0","0","0","0","0","0","0","0","0","0","0","0","0","0","0","0","0","0","0","0","0","0","0","0","0","0","0","0","0","0","0","0","0","0","0","0","0","0","0","0","0","0","0","0","0","0","0","0","0","0","0","0","0","0","0","0","0","0","0","0","0","0","0","0","0","0","0","0","0","0","0","0","0","0","0","0","0","0","0","0","0","0","0","0","0","0","0","0","0","0","0","0","0","0","0","0","0","0","0","0","0","0","0","0","0","0","0","0","0","0","0","0","0","0","0","0","0","0","0","0","0","0","0","0","0","0","0","0","0","0","0","0","0","0","0","0","0","0","0","0","0","0","0","0","0","0","0","0","0","0","0","0","0","0","0","0","0","0","0","0","0","0","0","0","0","0","0","0","0","0","0","0","0","0","0","0","0","0","0","0","0","0","0","0","0","0","0","0","0","0","0","0","0","0","0","0","0","0","0","0","0","0","0","0","0","0","0","0","0","0","0","0","0","0","0","0","0","0","0","0","0","0","0","0","0","0","0","0","0","0","0","0","0","0","0","0","0","0","0","0","0","0","0","0","0","0","0","0","0","0","0","0","0","0","0","0","0","0","0","0","0","0","0","0","0","0","0","0","0","0","0","0","0","0","0","0","0","0","0","0","0","0","0","0","0","0","0","0","0","0","0","0","0","0","0","0","0","0","0","0","0","0","0","0","0","0","0","0","0","0","0","0","0","0","0","0","0","0","0","0","0","0","0","0","0","0","0","0","0","0","0","0","0","0","0","0","0","0","0","0","0","0","0","0","0","0","0","0","2.23660628055615","0","0","0","0","0","0","0","0","0","0","0","0","0","0","0","0","0","0","0","0","0","0","0","0","0","0","0","0","0","0","2.42920483120544","0","0","0","0","0","0","0","0","0","0","0","0","0","0","0","0","0","0","0","0","0","0","0","0","0","0","0","0","0","0","0","0","0","0","0","0","0","0","0","0","0"
"GPR37L1__microglia","0","0","0","0","0","0","0","0","0","0","0","0","3.34288771352301","0","0","0","0","0","0","0","0","0","0","0","0","0","0","0","0","0","0","0","0","0","0","0","0","0","0","0","0","0","0","0","0","2.59806975107941","0","0","0","2.70370004730468","0","0","0","0","0","0","0","0","0","0","0","0","0","0","0","2.24295767603621","0","0","0","0","0","0","0","0","0","0","0","0","0","0","0","0","0","0","0","0","0","0","0","0","0","0","0","0","0","0","0","0","0","0","0","0","0","0","0","0","0","0","0","0","0","0","0","0","0","0","0","0","0","0","0","0","0","0","0","0","0","0","0","0","0","0","0","0","0","0","0","0","0","0","0","0","0","0","0","0","0","0","0","0","0","0","0","0","0","0","0","0","0","0","0","0","0","0","0","0","0","0","0","0","0","0","0","0","0","0","0","0","0","0","0","0","0","0","0","0","0","0","0","0","0","0","0","0","0","0","0","0","0","0","0","0","0","0","0","0","0","0","0","0","0","0","0","0","0","0","0","0","0","0","0","0","0","0","0","0","0","0","0","0","0","0","0","0","0","0","0","0","0","0","0","0","0","0","0","0","0","0","0","0","0","0","0","0","0","0","0","0","0","0","0","0","0","0","0","0","0","0","0","0","0","0","0","0","0","0","0","0","0","0","0","0","0","0","0","0","0","0","0","0","0","0","0","0","0","0","0","0","0","0","0","0","0","0","0","0","0","0","0","0","0","0","0","0","0","0","0","0","0","0","0","0","0","0","0","0","0","0","0","0","2.2500655084946","0","0","0","0","0","0","0","0","0","0","0","0","0","0","0","0","0","0","0","0","0","0","0","0","0","0","0","0","0","0","0","0","0","0","0","0","0","0","0","0","0","0","0","0","0","0","0","0","0","0","0","0","0","0","0","0","0","0","0","0","0","0","0","0","0","0","0","0","0","0","0","0","0","0","0","0","0","0","0","0","0","0","0","0","0","0","0","0","0","0","0","0","0","0","0","0","0","0","0","0","0","0","0","0","0","0","0","0","0","0","0","0","0","0","0","0","0","0","0","2.23660628055615","0","0","0","0","0","0","0","0","0","0","0","0","0","0","0","0","0","0","0","0","0","0","0","0","0","0","0","0","0","0","2.42920483120544","0","0","0","0","0","0","0","0","0","0","0","0","0","0","0","0","0","0","0","0","0","0","0","0","0","0","0","0","0","0","0","0","0","0","0","0","0","0","0","0","0"
"CX3CR1__microglia","0","0","0","0","0","0","0","0","0","0","0","0","0","0","0","0","0","0","3.76186447214435","0","0","0","0","0","0","0","0","0","0","0","0","0","0","0","0","0","0","0","0","0","0","0","0","0","0","2.59806975107941","0","0","0","0","0","0","0","0","0","0","0","0","0","0","0","0","0","0","0","2.72257483936307","0","0","0","0","0","0","0","0","0","0","0","0","0","0","0","0","0","0","0","0","0","0","0","0","0","0","0","0","0","0","0","0","0","0","0","0","0","0","0","0","0","0","0","0","0","0","0","0","0","0","0","0","0","0","0","0","0","0","0","0","0","0","0","0","0","0","0","0","0","0","0","0","0","0","0","0","0","0","0","0","0","0","0","0","0","0","0","0","0","0","0","0","0","0","0","0","0","0","0","0","0","0","0","0","0","0","0","0","0","0","0","0","0","0","0","0","0","0","0","0","0","0","0","0","0","0","0","0","0","0","0","0","0","0","0","0","0","0","0","0","0","0","0","0","0","0","0","0","0","0","0","0","0","0","0","0","0","0","0","0","0","0","0","0","0","0","0","0","0","0","0","0","0","0","0","0","0","0","0","0","0","0","0","0","0","0","0","0","0","0","0","0","0","0","0","0","0","0","0","0","0","0","0","0","0","0","0","0","0","0","0","0","0","0","0","0","0","0","0","0","0","0","0","0","0","0","0","0","0","0","0","0","0","0","0","0","0","0","0","0","0","0","0","0","0","0","0","0","0","0","0","0","0","0","0","0","0","0","0","0","0","0","0","0","4.00253851663141","0","0","3.79160215533822","0","0","0","0","0","0","0","0","0","0","4.1254347211887","0","0","0","0","0","0","0","0","0","0","0","0","0","0","0","0","0","0","0","0","0","0","0","0","0","0","0","0","0","0","0","0","0","0","0","0","0","0","0","0","0","0","0","0","0","0","0","0","0","0","0","0","0","0","0","0","0","0","0","0","0","0","0","0","0","0","0","0","0","0","0","0","0","0","0","0","0","0","0","0","0","0","0","0","0","0","0","0","0","0","0","0","0","0","0","0","0","0","0","0","0","0","0","0","0","3.07480383893417","0","0","0","0","0","0","0","0","0","0","0","0","0","0","0","0","0","0","0","0","0","4.00593109738058","0","0","0","0","0","0","0","0","2.42920483120544","0","0","0","0","0","0","0","0","0","0","0","0","0","0","0","0","0","0","0","0","0","0","0","0","0","0","0","0","0","0","0","0","0","0","0","0","0","0","0","0","0"
"SELPLG__microglia","0","0","0","0","0","0","0","0","0","0","0","0","4.57687603600872","0","0","0","0","0","4.70768436046574","0","0","0","0","0","0","0","0","0","0","0","0","0","0","0","0","0","0","0","0","0","0","0","0","0","0","4.40728745415637","0","0","0","4.836607344335","0","0","0","0","0","0","0","0","0","0","0","0","0","0","0","2.72257483936307","0","0","0","0","0","0","0","0","0","0","0","0","0","0","0","0","0","0","0","0","0","0","0","0","0","0","0","0","0","0","0","0","0","0","0","0","0","0","0","0","0","0","0","0","0","0","0","0","0","0","0","0","0","0","0","0","0","0","0","0","0","0","0","0","0","0","0","0","0","0","0","0","0","0","0","0","0","0","0","0","0","0","0","0","0","0","0","0","0","0","0","0","0","0","0","0","0","0","0","0","0","0","0","0","0","0","0","0","0","0","0","0","0","0","0","0","0","0","0","0","0","0","0","0","0","0","0","0","0","0","0","0","0","0","0","0","0","0","0","0","0","0","0","0","0","0","0","0","0","0","0","0","0","0","0","0","0","0","0","0","0","0","0","0","0","0","0","0","0","0","0","0","0","0","0","0","0","0","0","0","0","0","0","0","0","0","0","0","0","0","0","0","0","0","0","0","0","0","0","0","0","0","0","0","0","0","0","0","0","0","0","0","0","0","0","0","0","0","0","0","0","0","0","0","0","0","0","0","0","0","0","0","0","0","0","0","0","0","0","0","0","0","0","0","0","0","0","0","0","0","0","0","0","0","0","0","0","0","0","0","0","0","0","0","5.12157081972923","0","0","4.73854798344956","0","0","0","0","0","0","0","0","0","0","4.1254347211887","0","0","0","0","0","0","0","0","0","0","0","0","0","0","0","0","0","0","0","0","0","0","0","0","0","0","0","0","0","0","0","0","0","0","0","0","0","0","0","0","0","0","0","0","0","0","0","0","0","0","0","0","0","0","0","0","0","0","0","0","0","0","0","0","0","0","0","0","0","0","0","0","0","0","0","0","0","0","0","0","0","0","0","0","0","0","0","0","0","0","0","0","0","0","0","0","0","0","0","0","0","0","0","0","0","2.23660628055615","0","0","0","0","0","0","0","0","0","0","0","0","0","0","0","0","0","0","0","0","0","4.00593109738058","0","0","0","0","0","0","0","0","2.42920483120544","0","0","0","0","0","0","0","0","0","0","0","0","0","0","0","0","0","0","0","0","0","0","0","0","0","0","0","0","0","0","0","0","0","0","0","0","0","0","0","0","0"
"LRP1__microglia","0","0","0","0","0","0","0","0","0","0","0","0","2.47849835043999","0","0","0","0","0","0","0","0","0","0","0","0","0","0","0","0","0","0","0","0","0","0","0","0","0","0","0","0","0","0","0","0","3.47372455335234","0","0","0","2.70370004730468","0","0","0","0","0","0","0","0","0","0","0","0","0","0","0","2.24295767603621","0","0","0","0","0","0","0","0","0","0","0","0","0","0","0","0","0","0","0","0","0","0","0","0","0","0","0","0","0","0","0","0","0","0","0","0","0","0","0","0","0","0","0","0","0","0","0","0","0","0","0","0","0","0","0","0","0","0","0","0","0","0","0","0","0","0","0","0","0","0","0","0","0","0","0","0","0","0","0","0","0","0","0","0","0","0","0","0","0","0","0","0","0","0","0","0","0","0","0","0","0","0","0","0","0","0","0","0","0","0","0","0","0","0","0","0","0","0","0","0","0","0","0","0","0","0","0","0","0","0","0","0","0","0","0","0","0","0","0","0","0","0","0","0","0","0","0","0","0","0","0","0","0","0","0","0","0","0","0","0","0","0","0","0","0","0","0","0","0","0","0","0","0","0","0","0","0","0","0","0","0","0","0","0","0","0","0","0","0","0","0","0","0","0","0","0","0","0","0","0","0","0","0","0","0","0","0","0","0","0","0","0","0","0","0","0","0","0","0","0","0","0","0","0","0","0","0","0","0","0","0","0","0","0","0","0","0","0","0","0","0","0","0","0","0","0","0","0","0","0","0","0","0","0","0","0","0","0","0","0","0","0","0","0","3.61719659890791","0","0","3.25781179959359","0","0","0","0","0","0","0","0","0","0","2.69698659214263","0","0","0","0","0","0","0","0","0","0","0","0","0","0","0","0","0","0","0","0","0","0","0","0","0","0","0","0","0","0","0","0","0","0","0","0","0","0","0","0","0","0","0","0","0","0","0","0","0","0","0","0","0","0","0","0","0","0","0","0","0","0","0","0","0","0","0","0","0","0","0","0","0","0","0","0","0","0","0","0","0","0","0","0","0","0","0","0","0","0","0","0","0","0","0","0","0","0","0","0","0","0","0","0","0","0","0","0","0","0","0","0","0","0","0","0","0","0","0","0","0","0","0","0","0","0","0","3.09304572470924","0","0","0","0","0","0","0","0","0","0","0","0","0","0","0","0","0","0","0","0","0","0","0","0","0","0","0","0","0","0","0","0","0","0","0","0","0","0","0","0","0","0","0","0","0","0","0","0","0","0"
"ADCY1__endothelial","0","0","0","0","0","0","0","0","0","0","0","0","0","0","0","0","0","0","0","0","0","0","3.07087662823954","0","0","0","0","0","0","0","0","0","0","0","0","0","0","0","0","0","0","0","0","0","0","0","0","0","0","0","0","0","0","0","0","0","0","0","0","0","0","0","0","0","0","0","0","0","0","0","0","0","0","0","0","0","0","0","0","0","0","0","0","0","0","0","2.21918622148164","0","0","0","0","0","0","0","0","0","0","0","0","0","0","0","0","0","0","0","0","0","0","0","0","0","0","0","0","0","0","0","0","0","0","0","0","0","0","0","0","0","0","0","0","0","0","0","0","0","0","0","0","0","0","0","0","0","0","0","0","0","0","0","0","0","0","0","2.62687751335225","0","0","0","0","0","0","0","0","0","0","0","0","0","0","0","0","0","0","0","0","0","0","0","0","0","0","0","0","0","0","0","0","0","0","0","0","0","0","0","0","0","0","0","0","0","0","0","0","0","0","2.2129937233342","0","0","0","0","0","0","0","0","0","0","0","0","0","0","0","0","0","0","0","0","2.52623043753816","0","0","0","0","0","0","0","0","0","0","0","0","0","0","0","0","0","0","0","0","0","0","0","0","0","2.57880274840416","0","0","0","0","0","0","0","0","0","0","0","0","0","0","0","0","0","0","0","0","0","0","0","0","0","0","0","0","0","0","0","0","0","0","0","0","2.2957431299265","0","0","0","0","0","0","3.15801764979612","0","0","0","0","0","0","0","0","0","0","0","0","0","0","0","0","0","2.07568120009115","0","0","0","0","0","0","0","0","0","0","0","0","0","0","0","0","0","0","0","0","0","0","0","0","0","0","0","0","0","0","0","0","0","0","0","0","0","0","0","0","0","0","0","0","0","0","1.45027523778389","0","0","0","0","0","0","0","0","0","0","0","0","0","0","0","0","0","2.77747555440897","0","0","0","0","2.81916676875277","0","0","0","0","0","0","0","0","0","0","0","0","0","0","0","0","0","0","0","0","0","0","3.63306428279956","0","0","0","0","0","0","0","0","0","0","0","0","0","0","0","0","0","0","0","0","0","1.89238224187389","0","0","0","0","0","0","0","2.22333752129877","0","0","0","0","0","0","0","0","0","0","0","0","0","0","0","0","0","2.3150279858828","0","0","0","0","0","4.32318504680639","0","0","0","0","0","0","0","0","0","0","0","0","0","0","0","0","0","0","0","0","0","0","0","0","0","0","0","0","0","0","0","0","0","0","0","0","0","0","0","0","0","0","0","0","0","0","0","0","0","0","0","0","0","0","0","0","0","0","0","0","0"
"FLT1__endothelial","0","0","0","0","0","0","0","0","0","0","0","0","0","0","0","0","0","0","0","0","0","0","3.07087662823954","0","0","0","0","0","0","0","0","0","0","0","0","0","0","0","0","0","0","0","0","2.29911821197928","0","0","0","0","0","0","0","0","0","0","0","0","0","0","0","0","0","0","0","0","0","0","0","0","0","0","0","0","0","0","0","0","0","0","0","0","0","0","0","0","0","0","3.05530226595198","0","0","0","0","0","0","0","0","0","0","0","0","0","0","0","0","0","0","0","0","0","0","0","0","0","0","0","0","0","3.62052014210521","0","0","0","0","0","0","0","0","0","0","0","0","0","0","0","0","0","0","0","0","0","0","0","0","0","0","0","0","0","0","0","0","0","0","0","0","0","2.62687751335225","0","0","0","0","0","0","0","0","0","0","0","0","0","0","0","0","0","0","0","0","0","0","0","0","0","0","0","0","0","0","0","0","0","0","0","0","0","0","0","0","0","0","0","0","0","0","0","0","0","0","1.49476469174958","0","0","0","0","0","0","0","0","0","0","0","0","0","0","2.46683639985905","0","0","0","0","0","2.06134887355808","0","0","0","0","0","0","0","0","0","0","0","0","0","0","0","0","0","0","0","0","0","0","0","0","0","1.41042015239865","0","0","0","0","0","0","0","0","0","0","3.65597180930146","0","1.30024154995135","0","0","0","0","0","0","0","0","0","0","0","0","0","0","0","0","0","0","0","0","0","0","0","0","0","0","0","0","0","0","0","0","0","0","0","0","0","0","0","0","0","0","0","0","0","0","0","0","0","0","0","0","3.91026137994776","0","0","0","0","0","0","0","0","0","0","0","0","0","0","0","0","0","0","0","0","0","0","0","0","0","0","0","0","0","0","0","0","0","0","0","0","0","0","0","0","0","0","3.27247249794988","0","0","0","0","0","0","0","0","0","0","0","0","0","0","0","0","0","0","0","0","0","0","2.81916676875277","0","0","0","0","0","0","0","0","0","0","0","0","0","0","0","0","0","0","0","0","0","0","0","0","0","0","0","0","0","0","0","0","0","0","0","0","0","0","0","0","0","0","0","0","1.89238224187389","0","0","3.27733794386329","0","0","0","0","3.05995215941718","0","0","0","0","2.8451020036813","0","0","0","0","0","0","0","0","0","0","0","0","2.79996068299654","0","0","0","0","0","0","0","0","0","0","0","0","0","0","0","0","0","0","0","0","0","0","0","0","0","0","0","0","0","0","0","0","0","0","0","0","0","0","0","0","0","0","0","0","0","0","0","0","0","0","0","0","0","0","0","0","0","0","0","0","0","0","0","0","0","0","0"
"GABBR2__endothelial","0","0","0","0","0","0","0","0","0","0","0","0","0","0","0","0","0","0","0","0","0","0","3.07087662823954","0","0","0","0","0","0","0","0","0","0","0","0","0","0","0","0","0","0","0","0","0","0","0","0","0","0","0","0","0","0","0","0","0","0","0","0","0","0","0","0","0","0","0","0","0","0","0","0","0","0","0","0","0","0","0","0","0","0","0","0","0","0","0","0","0","0","0","0","0","0","0","0","0","0","0","0","0","0","0","0","0","0","0","0","0","0","0","0","0","0","0","0","0","3.62052014210521","0","0","0","0","0","0","0","0","1.69583424280838","0","0","0","0","0","0","0","0","0","0","0","0","0","0","0","0","0","0","0","0","0","0","0","0","0","0","0","0","2.62687751335225","0","0","0","0","0","0","0","0","0","0","0","0","0","0","0","0","0","0","0","0","0","0","3.06774460663583","0","0","0","0","0","0","0","0","0","0","0","0","0","0","0","0","0","0","0","0","0","0","0","0","0","0","0","2.2129937233342","0","0","0","0","0","0","0","0","0","0","0","0","0","0","1.70670777307353","0","0","0","0","0","2.52623043753816","0","0","0","0","0","0","0","0","0","0","0","0","0","0","0","0","0","0","0","0","0","0","0","0","0","2.766279184676","0","0","0","0","0","0","0","0","0","0","3.12712872812258","0","1.30024154995135","0","0","0","0","0","0","0","0","0","0","0","0","0","0","0","0","0","0","0","0","0","0","0","2.77928129008784","0","0","0","0","0","0","3.15801764979612","0","0","0","0","0","0","0","0","0","0","0","0","0","0","0","0","0","0","0","0","0","0","0","0","0","0","0","0","0","0","0","0","0","0","0","0","0","0","0","0","0","0","0","0","0","0","0","0","0","0","0","0","0","0","0","0","0","0","0","0","0","0","0","0","2.15872595321565","0","0","0","0","0","0","0","0","0","0","0","0","0","0","0","0","0","1.97388957097043","0","0","0","0","0","0","0","0","0","0","0","0","0","0","0","0","0","0","0","0","0","0","0","0","0","0","0","2.74489777002788","0","0","0","0","0","0","0","0","0","0","0","0","0","0","0","0","0","0","0","0","0","0","0","0","0","0","0","0","0","2.22333752129877","0","0","0","0","2.03308235495583","0","0","0","0","0","0","0","0","0","0","0","0","2.3150279858828","0","0","0","0","0","0","0","0","0","0","0","0","0","0","0","0","0","0","0","0","0","0","0","0","0","0","0","0","0","0","0","0","0","0","0","0","0","0","0","0","0","0","0","0","0","0","0","0","0","0","0","0","0","0","0","0","0","0","0","0","0","0","0","0","0","0","0"
"PTPRB__endothelial","0","0","0","0","0","0","0","0","0","0","0","0","0","0","0","0","0","0","0","0","0","0","0","0","0","0","0","0","0","0","0","0","0","0","0","0","0","0","0","0","0","0","0","0","0","0","0","0","0","0","0","0","0","0","0","0","0","0","0","0","0","0","0","0","0","0","0","0","0","0","0","0","0","0","0","0","0","0","0","0","0","0","0","0","0","0","3.05530226595198","0","0","0","0","0","0","0","0","0","0","0","0","0","0","0","0","0","0","0","0","0","0","0","0","0","0","0","0","3.92239550164821","3.62052014210521","0","0","0","0","0","0","0","0","2.45398720231182","0","0","0","0","0","0","0","0","0","0","0","0","0","0","0","0","0","0","0","0","0","0","0","0","0","0","0","0","4.04706979041609","0","0","0","0","0","0","0","0","0","0","0","0","4.01359760340072","0","0","0","0","0","0","0","0","0","3.06774460663583","0","0","0","0","0","0","0","0","0","0","0","0","0","0","0","0","0","0","0","3.39973713832982","0","0","0","0","0","0","0","0","0","0","0","0","0","0","0","0","0","0","0","0","0","0","0","0","0","0","0","0","2.52623043753816","0","0","0","0","0","0","0","0","0","0","0","0","0","0","0","0","0","0","0","0","0","0","0","0","0","2.57880274840416","0","0","0","0","0","0","0","0","0","0","3.65597180930146","0","4.32301796946899","0","0","0","0","0","0","0","0","0","0","0","0","0","0","0","0","0","0","0","0","0","0","0","0","0","0","0","0","0","0","3.15801764979612","0","0","0","0","0","0","0","0","0","0","0","0","0","0","0","0","0","2.89353077433703","0","0","0","4.86146787305671","0","0","0","0","0","0","0","0","0","0","0","0","0","0","0","0","0","0","0","0","0","0","0","0","0","0","0","0","0","0","0","0","0","0","3.56084700491156","0","0","0","0","0","0","0","2.63175745085712","0","0","0","0","0","0","0","0","0","0","0","0","0","0","0","0","0","2.77747555440897","0","0","0","0","4.65707898124281","0","0","0","0","0","0","0","0","0","0","0","0","0","0","0","0","0","0","0","0","0","0","0","0","0","0","0","0","0","0","0","0","0","0","0","0","0","0","0","0","0","0","0","0","0","0","0","0","0","0","0","0","2.70145749246259","0","0","0","0","0","0","0","0","0","0","0","0","0","0","0","0","0","3.8988372530966","0","0","0","0","0","0","0","0","0","0","0","0","0","0","0","0","0","0","0","0","0","0","0","0","0","0","0","0","0","0","0","0","0","0","0","0","0","0","0","0","0","0","0","0","0","0","0","0","0","0","0","0","0","0","0","0","0","0","0","0","0","0","0","0","0","0","0"
"SDC3__endothelial","0","0","0","0","0","0","0","0","0","0","0","0","0","0","0","0","0","0","0","0","0","0","0","0","0","0","0","0","0","0","0","0","0","0","0","0","0","0","0","0","0","0","0","0","0","0","0","0","0","0","0","0","0","0","0","0","0","0","0","0","0","0","0","0","0","0","0","0","0","0","0","0","0","0","0","0","0","0","0","0","0","0","0","0","0","0","0","0","0","0","0","0","0","0","0","0","0","0","0","0","0","0","0","0","0","0","0","0","0","0","0","0","0","0","0","2.51618976514003","3.62052014210521","0","0","0","0","0","0","0","0","2.45398720231182","0","0","0","0","0","0","0","0","0","0","0","0","0","0","0","0","0","0","0","0","0","0","0","0","0","0","0","0","0","0","0","0","0","0","0","0","0","0","0","0","0","0","0","0","0","0","0","0","0","0","0","3.06774460663583","0","0","0","0","0","0","0","0","0","0","0","0","0","0","0","0","0","0","0","0","0","0","0","0","0","0","0","0","0","0","0","0","0","0","2.6705517446666","0","0","0","0","0","0","0","0","0","0","0","0","0","2.87725877681367","0","0","0","0","0","0","0","0","0","0","0","0","0","0","0","0","0","0","0","0","0","0","0","0","0","1.41042015239865","0","0","0","0","0","0","0","0","0","0","0","0","2.42977752741612","0","0","0","0","0","0","0","0","0","0","0","0","0","0","0","0","0","0","0","0","0","0","0","1.56317483388238","0","0","0","0","0","0","3.15801764979612","0","0","0","0","0","0","0","0","0","0","0","0","0","0","0","0","0","0","0","0","0","0","0","0","0","0","0","0","0","0","0","0","0","0","0","0","0","0","0","0","0","0","0","0","0","0","0","0","0","0","0","0","0","0","0","0","0","0","0","0","0","0","0","0","0","0","0","0","0","0","0","0","0","0","0","0","0","0","0","0","0","0","0","0","0","0","0","0","0","0","0","0","0","0","0","0","0","0","0","0","0","0","0","0","0","0","0","0","0","0","0","0","0","0","0","0","0","0","0","0","0","0","0","0","0","0","0","0","0","0","0","0","0","0","0","4.20095189706294","0","0","0","0","2.22333752129877","0","0","0","0","2.03308235495583","0","0","0","0","0","0","0","0","0","0","0","0","1.57921470411084","0","0","0","0","0","0","0","0","0","0","0","0","0","0","0","0","0","0","0","0","0","0","0","0","0","0","0","0","0","0","0","0","0","0","0","0","0","0","0","0","0","0","0","0","0","0","0","0","0","0","0","0","0","0","0","0","0","0","0","0","0","0","0","0","0","0","0"
"SLC16A1__endothelial","0","0","0","0","0","0","0","0","0","0","0","0","0","0","0","0","0","0","0","0","0","0","0","0","0","0","0","0","0","0","0","0","0","0","0","0","0","0","0","0","0","0","0","0","0","0","0","0","0","0","0","0","0","0","0","0","0","0","0","0","0","0","0","0","0","0","0","0","0","0","0","0","0","0","0","0","0","0","0","0","0","0","0","0","0","0","0","0","0","0","0","0","0","0","0","0","0","0","0","0","0","0","0","0","0","0","0","0","0","0","0","0","0","0","0","0","0","0","0","0","0","0","0","0","0","1.69583424280838","0","0","0","0","0","0","0","0","0","0","0","0","0","0","0","0","0","0","0","0","0","0","0","0","0","0","0","0","3.13180592612114","0","0","0","0","0","0","0","0","0","0","0","0","0","0","0","0","0","0","0","0","0","0","0","0","0","0","0","0","0","0","0","0","0","0","0","0","0","0","0","0","0","0","0","0","0","0","0","0","0","0","2.69031550086738","0","0","0","0","0","0","0","0","0","0","0","0","0","0","0","0","0","0","0","0","1.37121412314157","0","0","0","0","0","0","0","0","0","0","0","0","0","0","0","0","0","0","0","0","0","0","0","0","0","2.10979222704916","0","0","0","0","0","0","0","0","0","0","3.65597180930146","0","2.42977752741612","0","0","0","0","0","0","0","0","0","0","0","0","0","0","0","0","0","0","0","0","0","0","0","0","0","0","0","0","0","0","0","0","0","0","0","0","0","0","0","0","0","0","0","0","0","0","0","0","2.89353077433703","0","0","0","3.91026137994776","0","0","0","0","0","0","0","0","0","0","0","0","0","0","0","0","0","0","0","0","0","0","0","0","0","0","0","0","0","0","0","0","0","0","2.67819363954456","0","0","0","0","0","0","0","2.15872595321565","0","0","0","0","0","0","0","0","0","0","0","0","0","0","0","0","0","0","0","0","0","0","3.33432800294238","0","0","0","0","0","0","0","0","0","0","0","0","0","0","0","0","0","0","0","0","0","0","2.74489777002788","0","0","0","0","0","0","0","0","0","0","0","0","0","0","0","0","0","0","0","0","0","0","0","0","3.27733794386329","0","0","0","0","2.22333752129877","0","0","0","0","0","0","0","0","0","0","0","0","0","0","0","0","0","0","0","0","0","0","0","0","0","0","0","0","0","0","0","0","0","0","0","0","0","0","0","0","0","0","0","0","0","0","0","0","0","0","0","0","0","0","0","0","0","0","0","0","0","0","0","0","0","0","0","0","0","0","0","0","0","0","0","0","0","0","0","0","0","0","0","0","0"
"SLC17A7__endothelial","0","0","0","0","0","0","0","0","0","0","0","0","0","0","0","0","0","0","0","0","0","0","0","0","0","0","0","0","0","0","0","0","0","0","0","0","0","0","0","0","0","0","0","0","0","0","0","0","0","0","0","0","0","0","0","0","0","0","0","0","0","0","0","0","0","0","0","0","0","0","0","0","0","0","0","0","0","0","0","0","0","0","0","0","0","0","0","0","0","0","0","0","0","0","0","0","0","0","0","0","0","0","0","0","0","0","0","0","0","0","0","0","0","0","0","0","0","0","0","0","0","0","0","0","0","3.31593810518914","0","0","0","0","0","0","0","0","0","0","0","0","0","0","0","0","0","0","0","0","0","0","0","0","0","0","0","0","3.50509738616801","0","0","0","0","0","0","0","0","0","0","0","0","0","0","0","0","0","0","0","0","0","0","3.06774460663583","0","0","0","0","0","0","0","0","0","0","0","0","0","0","0","0","0","0","0","0","0","0","0","0","0","0","0","2.2129937233342","0","0","0","0","0","0","0","0","0","0","0","0","0","0","2.96207751685625","0","0","0","0","0","2.87725877681367","0","0","0","0","0","0","0","0","0","0","0","0","0","0","0","0","0","0","0","0","0","0","0","0","0","3.83442454154209","0","0","0","0","0","0","0","0","0","0","0","0","1.9728404970542","0","0","0","0","0","0","0","0","0","0","0","0","0","0","0","0","0","0","0","0","0","0","0","3.67018377822871","0","0","0","0","0","0","0","0","0","0","0","0","0","0","0","0","0","0","0","0","0","0","0","0","2.07568120009115","0","0","0","4.46287892025577","0","0","0","0","0","0","0","0","0","0","0","0","0","0","0","0","0","0","0","0","0","0","0","0","0","0","0","0","0","0","0","0","0","0","0","0","0","0","0","0","0","0","3.71459859481461","0","0","0","0","0","0","0","0","0","0","0","0","0","0","0","0","0","3.96728745279413","0","0","0","0","0","0","0","0","0","0","0","0","0","0","0","0","0","0","3.36793144438577","0","0","0","0","0","0","0","0","4.17873584407172","0","0","0","0","0","0","0","0","0","0","0","0","0","0","0","0","0","0","0","0","0","1.89238224187389","0","0","4.20095189706294","0","0","0","0","3.34685932538478","0","0","0","0","3.36153685221107","0","0","0","0","0","0","0","0","0","0","0","0","4.38409925734413","0","0","0","0","0","4.88392129611551","0","0","0","0","0","0","0","0","0","0","0","0","0","0","0","0","0","0","0","0","0","0","0","0","0","0","0","0","0","0","0","0","0","0","0","0","0","0","0","0","0","0","0","0","0","0","0","0","0","0","0","0","0","0","0","0","0","0","0","0","0"
"GLG1__endothelial","0","0","0","0","0","0","0","0","0","0","0","0","0","0","0","0","0","0","0","0","0","0","0","0","0","0","0","0","0","0","0","0","0","0","0","0","0","0","0","0","0","0","0","3.14455828128389","0","0","0","0","0","0","0","0","0","0","0","0","0","0","0","0","0","0","0","0","0","0","0","0","0","0","0","0","0","0","0","0","0","0","0","0","0","0","0","0","0","0","0","0","0","0","0","0","0","0","0","0","0","0","0","0","0","0","0","0","0","0","0","0","0","0","0","0","0","0","0","0","0","0","0","0","0","0","0","0","0","2.45398720231182","0","0","0","0","0","0","0","0","0","0","0","0","0","0","0","0","0","0","0","0","0","0","0","0","0","0","0","0","1.84335611863988","0","0","0","0","0","0","0","0","0","0","0","0","0","0","0","0","0","0","0","0","0","0","3.06774460663583","0","0","0","0","0","0","0","0","0","0","0","0","0","0","0","0","0","0","0","3.39973713832982","0","0","0","0","0","0","0","0","0","0","0","0","0","0","0","0","0","0","0","0","0","0","2.46683639985905","0","0","0","0","0","2.06134887355808","0","0","0","0","0","0","0","0","0","0","0","0","0","0","0","0","0","0","0","0","0","0","0","0","0","1.41042015239865","0","0","0","0","0","0","0","0","0","0","3.65597180930146","0","1.9728404970542","0","0","0","0","0","0","0","0","0","0","0","0","0","0","0","0","0","0","0","0","0","0","0","2.2957431299265","0","0","0","0","0","0","0","0","0","0","0","0","0","0","0","0","0","0","0","0","0","0","0","0","0","0","0","0","0","0","0","0","0","0","0","0","0","0","0","0","0","0","0","0","0","0","0","0","0","0","0","0","0","0","0","0","0","0","0","0","0","0","0","0","0","0","0","0","0","0","0","1.45027523778389","0","0","0","0","0","0","0","0","0","0","0","0","0","0","0","0","0","0","0","0","0","0","3.33432800294238","0","0","0","0","0","0","0","0","0","0","0","0","0","3.36793144438577","0","0","0","0","0","0","0","0","0","0","0","0","0","0","0","0","0","0","0","0","0","0","0","0","0","0","0","0","0","0","1.89238224187389","0","0","0","0","0","0","0","0","0","0","0","0","2.8451020036813","0","0","0","0","0","0","0","0","0","0","0","0","2.3150279858828","0","0","0","0","0","0","0","0","0","0","0","0","0","0","0","0","0","0","0","0","0","0","0","0","0","0","0","0","0","0","0","0","0","0","0","0","0","0","0","0","0","0","0","0","0","0","0","0","0","0","0","0","0","0","0","0","0","0","0","0","0","0","0","0","0","0","0"
"MGRN1__endothelial","0","0","0","0","0","0","0","0","0","0","0","0","0","0","0","0","0","0","0","0","0","0","3.07087662823954","0","0","0","0","0","0","0","0","0","0","0","0","0","0","0","0","0","0","0","0","0","0","0","0","0","0","0","0","0","0","0","0","0","0","0","0","0","0","0","0","0","0","0","0","0","0","0","0","0","0","0","0","0","0","0","0","0","0","0","0","0","0","0","0","0","0","0","0","0","0","0","0","0","0","0","0","0","0","0","0","0","0","0","0","0","0","0","0","0","0","0","0","0","0","0","0","0","0","0","0","0","0","0","0","0","0","0","0","0","0","0","0","0","0","0","0","0","0","0","0","0","0","0","0","0","0","0","0","0","0","0","0","0","0","0","0","0","0","0","0","0","0","0","0","0","0","0","0","0","0","0","0","0","0","0","0","0","0","0","0","0","0","0","0","0","0","0","0","0","0","0","0","0","0","3.39973713832982","0","0","0","0","0","0","0","0","0","0","0","0","0","0","3.5525556868736","0","0","0","0","0","0","0","0","0","0","0","0","0","2.52623043753816","0","0","0","0","0","0","0","0","0","0","0","0","0","0","0","0","0","0","0","0","0","0","0","0","0","2.57880274840416","0","0","0","0","0","0","0","0","0","0","0","0","0","0","0","0","0","0","0","0","0","0","0","0","0","0","0","0","0","0","0","0","0","0","0","0","2.2957431299265","0","0","0","0","0","0","0","0","0","0","0","0","0","0","0","0","0","0","0","0","0","0","0","0","2.07568120009115","0","0","0","0","0","0","0","0","0","0","0","0","0","0","0","0","0","0","0","0","0","0","0","0","0","0","0","0","0","0","0","0","0","0","0","0","0","0","3.56084700491156","0","0","0","0","0","0","0","2.15872595321565","0","0","0","0","0","0","0","0","0","0","0","0","0","0","0","0","0","0","0","0","0","0","0","0","0","0","0","0","0","0","0","0","0","0","0","0","0","0","0","0","0","0","0","0","0","0","0","0","0","0","0","0","0","0","0","0","0","0","0","0","0","0","0","0","0","0","0","1.89238224187389","0","0","0","0","0","0","0","2.22333752129877","0","0","0","0","0","0","0","0","0","0","0","0","0","0","0","0","0","1.57921470411084","0","0","0","0","0","2.7452867753738","0","0","0","0","0","0","0","0","0","0","0","0","0","0","0","0","0","0","0","0","0","0","0","0","0","0","0","0","0","0","0","0","0","0","0","0","0","0","0","0","0","0","0","0","0","0","0","0","0","0","0","0","0","0","0","0","0","0","0","0","0"
"DAG1__endothelial","0","0","0","0","0","0","0","0","0","0","0","0","0","0","0","0","0","0","0","0","0","0","3.98237078989437","0","0","0","0","0","0","0","0","0","0","0","0","0","0","0","0","0","0","0","0","4.06058997971447","0","0","0","0","0","0","0","0","0","0","0","0","0","0","0","0","0","0","0","0","0","0","0","0","0","0","0","0","0","0","0","0","0","0","0","0","0","0","0","0","0","0","0","0","0","0","0","0","0","0","0","0","0","0","0","0","0","0","0","0","0","0","0","0","0","0","0","0","0","0","0","3.38424114969754","0","0","0","0","0","0","0","0","0","0","0","0","0","0","0","0","0","0","0","0","0","0","0","0","0","0","0","0","0","0","0","0","0","0","0","0","0","0","0","0","0","0","0","0","0","0","0","0","0","0","0","0","0","0","0","0","0","0","0","0","0","0","0","0","0","0","0","0","0","0","0","0","0","0","0","0","0","0","0","0","0","0","0","0","0","0","0","0","0","2.69031550086738","0","0","0","0","0","0","0","0","0","0","0","0","0","0","0","0","0","0","0","0","0","0","0","0","0","0","0","0","0","0","0","0","0","0","0","0","0","0","0","0","0","0","0","0","0","0","1.41042015239865","0","0","0","0","0","0","0","0","0","0","3.12712872812258","0","2.42977752741612","0","0","0","0","0","0","0","0","0","0","0","0","0","0","0","0","0","0","0","0","0","0","0","1.56317483388238","0","0","0","0","0","0","3.15801764979612","0","0","0","0","0","0","0","0","0","0","0","0","0","0","0","0","0","0","0","0","0","0","0","0","0","0","0","0","0","0","0","0","0","0","0","0","0","0","0","0","0","0","0","0","0","0","0","0","0","0","0","0","0","0","0","0","0","0","0","0","0","0","0","0","2.15872595321565","0","0","0","0","0","0","0","0","0","0","0","0","0","0","0","0","0","2.77747555440897","0","0","0","0","0","0","0","0","0","0","0","0","0","0","0","0","0","0","2.50131293713632","0","0","0","0","0","0","0","0","0","0","0","0","0","0","0","0","0","0","0","0","0","0","0","0","0","0","0","0","0","0","2.9599914547136","0","0","0","0","0","0","0","1.50327870312745","0","0","0","0","0","0","0","0","0","0","0","0","0","0","0","0","0","0","0","0","0","0","0","0","0","0","0","0","0","0","0","0","0","0","0","0","0","0","0","0","0","0","0","0","0","0","0","0","0","0","0","0","0","0","0","0","0","0","0","0","0","0","0","0","0","0","0","0","0","0","0","0","0","0","0","0","0","0","0","0","0","0","0","0","0"
"LRP8__endothelial","0","0","0","0","0","0","0","0","0","0","0","0","0","0","0","0","0","0","0","0","0","0","2.23309622449886","0","0","0","0","0","0","0","0","0","0","0","0","0","0","0","0","0","0","0","0","3.14455828128389","0","0","0","0","0","0","0","0","0","0","0","0","0","0","0","0","0","0","0","0","0","0","0","0","0","0","0","0","0","0","0","0","0","0","0","0","0","0","0","0","0","0","0","0","0","0","0","0","0","0","0","0","0","0","0","0","0","0","0","0","0","0","0","0","0","0","0","0","0","0","0","0","3.62052014210521","0","0","0","0","0","0","0","0","0","0","0","0","0","0","0","0","0","0","0","0","0","0","0","0","0","0","0","0","0","0","0","0","0","0","0","0","0","0","0","0","0","0","0","0","0","0","0","0","0","0","0","0","0","0","0","0","0","0","0","0","0","0","0","0","0","0","0","0","0","0","0","0","0","0","0","0","0","0","0","0","0","0","0","0","0","0","0","0","2.69031550086738","0","0","0","0","0","0","3.5525556868736","0","0","0","0","0","0","0","0","0","0","0","0","0","0","0","0","0","0","0","0","0","0","0","0","0","0","0","0","0","0","0","0","0","0","0","0","0","0","0","1.41042015239865","0","0","0","0","0","0","0","0","0","0","0","0","1.9728404970542","0","0","0","0","0","0","0","0","0","0","0","0","0","0","0","0","0","0","0","0","0","0","0","0","0","0","0","0","0","0","0","0","0","0","0","0","0","0","0","0","0","0","0","0","0","0","0","0","0","0","0","0","0","0","0","0","0","0","0","0","0","0","0","0","0","0","0","0","0","0","0","0","0","0","0","0","0","0","0","0","0","0","0","0","0","0","0","3.56084700491156","0","0","0","0","0","0","0","2.63175745085712","0","0","0","0","0","0","0","0","0","0","0","0","0","0","0","0","0","0","0","0","0","0","0","0","0","0","0","0","0","0","0","0","0","0","0","0","3.36793144438577","0","0","0","0","0","0","0","0","2.74489777002788","0","0","0","0","0","0","0","0","0","0","0","0","0","0","0","0","0","0","0","0","0","0","0","0","0","0","0","0","0","2.22333752129877","0","0","0","0","2.8451020036813","0","0","0","0","0","0","0","0","0","0","0","0","0","0","0","0","0","0","0","0","0","0","0","0","0","0","0","0","0","0","0","0","0","0","0","0","0","0","0","0","0","0","0","0","0","0","0","0","0","0","0","0","0","0","0","0","0","0","0","0","0","0","0","0","0","0","0","0","0","0","0","0","0","0","0","0","0","0","0","0"
"IGF1R__endothelial","0","0","0","0","0","0","0","0","0","0","0","0","0","0","0","0","0","0","0","0","0","0","3.07087662823954","0","0","0","0","0","0","0","0","0","0","0","0","0","0","0","0","0","0","0","0","3.14455828128389","0","0","0","0","0","0","0","0","0","0","0","0","0","0","0","0","0","0","0","0","0","0","0","0","0","0","0","0","0","0","0","0","0","0","0","0","0","0","0","0","0","0","0","0","0","0","0","0","0","0","0","0","0","0","0","0","0","0","0","0","0","0","0","0","0","0","0","0","0","0","0","3.38424114969754","4.1658438246305","0","0","0","0","0","0","0","0","2.45398720231182","0","0","0","0","0","0","0","0","0","0","0","0","0","0","0","0","0","0","0","0","0","0","0","0","0","0","0","0","1.84335611863988","0","0","0","0","0","0","0","0","0","0","0","0","4.96823041950661","0","0","0","0","0","0","0","0","0","3.06774460663583","0","0","0","0","0","0","0","0","0","0","0","0","0","0","0","0","0","0","0","3.39973713832982","0","0","0","0","0","0","0","3.9584208962486","0","0","0","0","0","0","3.5525556868736","0","0","0","0","0","0","0","2.96207751685625","0","0","0","0","0","2.87725877681367","0","0","0","0","0","0","0","0","0","0","0","0","0","0","0","0","0","0","0","0","0","0","0","0","0","1.80207674618489","0","0","0","0","0","0","0","0","0","0","3.12712872812258","0","2.77627341278284","0","0","0","0","0","0","0","0","0","0","0","0","0","0","0","0","0","0","0","0","0","0","0","0","0","0","0","0","0","0","3.15801764979612","0","0","0","0","0","0","0","0","0","0","0","0","0","0","0","0","0","4.34288213792232","0","0","0","4.46287892025577","0","0","0","0","0","0","0","0","0","0","0","0","0","0","0","0","0","0","0","0","0","0","0","0","0","0","0","0","0","0","0","0","0","0","2.67819363954456","0","0","0","0","0","0","0","2.98739493839873","0","0","0","0","0","0","0","0","0","0","0","0","0","0","0","0","0","3.29053839055907","0","0","0","0","4.01291426518819","0","0","0","0","0","0","0","0","0","0","0","0","0","3.36793144438577","0","0","0","0","0","0","0","0","2.74489777002788","0","0","0","0","0","0","0","0","0","0","0","0","0","0","0","0","0","0","0","0","0","2.9599914547136","0","0","4.20095189706294","0","0","0","0","2.22333752129877","0","0","0","0","3.74104992206457","0","0","0","0","0","0","0","0","0","0","0","0","4.239752724288","0","0","0","0","0","2.26408194180178","0","0","0","0","0","0","0","0","0","0","0","0","0","0","0","0","0","0","0","0","0","0","0","0","0","0","0","0","0","0","0","0","0","0","0","0","0","0","0","0","0","0","0","0","0","0","0","0","0","0","0","0","0","0","0","0","0","0","0","0","0"
"GRM3__endothelial","0","0","0","0","0","0","0","0","0","0","0","0","0","0","0","0","0","0","0","0","0","0","3.07087662823954","0","0","0","0","0","0","0","0","0","0","0","0","0","0","0","0","0","0","0","0","3.14455828128389","0","0","0","0","0","0","0","0","0","0","0","0","0","0","0","0","0","0","0","0","0","0","0","0","0","0","0","0","0","0","0","0","0","0","0","0","0","0","0","0","0","0","0","0","0","0","0","0","0","0","0","0","0","0","0","0","0","0","0","0","0","0","0","0","0","0","0","0","0","0","0","0","0","0","0","0","0","0","0","0","0","2.45398720231182","0","0","0","0","0","0","0","0","0","0","0","0","0","0","0","0","0","0","0","0","0","0","0","0","0","0","0","0","2.62687751335225","0","0","0","0","0","0","0","0","0","0","0","0","3.10026412347343","0","0","0","0","0","0","0","0","0","0","0","0","0","0","0","0","0","0","0","0","0","0","0","0","0","0","0","0","0","0","0","0","0","0","0","0","0","0","0","0","0","0","0","0","3.5525556868736","0","0","0","0","0","0","0","1.70670777307353","0","0","0","0","0","2.06134887355808","0","0","0","0","0","0","0","0","0","0","0","0","0","0","0","0","0","0","0","0","0","0","0","0","0","0.871112513737512","0","0","0","0","0","0","0","0","0","0","0","0","2.42977752741612","0","0","0","0","0","0","0","0","0","0","0","0","0","0","0","0","0","0","0","0","0","0","0","2.2957431299265","0","0","0","0","0","0","3.15801764979612","0","0","0","0","0","0","0","0","0","0","0","0","0","0","0","0","0","0","0","0","0","0","0","0","0","0","0","0","0","0","0","0","0","0","0","0","0","0","0","0","0","0","0","0","0","0","0","0","0","0","0","0","0","0","0","0","0","0","0","0","0","0","0","0","1.45027523778389","0","0","0","0","0","0","0","0","0","0","0","0","0","0","0","0","0","0","0","0","0","0","0","0","0","0","0","0","0","0","0","0","0","0","0","0","3.36793144438577","0","0","0","0","0","0","0","0","1.94549946950884","0","0","0","0","0","0","0","0","0","0","0","0","0","0","0","0","0","0","0","0","0","0","0","0","0","0","0","0","0","0","0","0","0","0","0","0","0","0","0","0","0","0","0","0","0","0","0","2.3150279858828","0","0","0","0","0","1.53691988081479","0","0","0","0","0","0","0","0","0","0","0","0","0","0","0","0","0","0","0","0","0","0","0","0","0","0","0","0","0","0","0","0","0","0","0","0","0","0","0","0","0","0","0","0","0","0","0","0","0","0","0","0","0","0","0","0","0","0","0","0","0"
"NTSR2__endothelial","0","0","0","0","0","0","0","0","0","0","0","0","0","0","0","0","0","0","0","0","0","0","4.28592699703586","0","0","0","0","0","0","0","0","0","0","0","0","0","0","0","0","0","0","0","0","3.67408839119414","0","0","0","0","0","0","0","0","0","0","0","0","0","0","0","0","0","0","0","0","0","0","0","0","0","0","0","0","0","0","0","0","0","0","0","0","0","0","0","0","0","0","0","0","0","0","0","0","0","0","0","0","0","0","0","0","0","0","0","0","0","0","0","0","0","0","0","0","0","0","0","3.38424114969754","4.1658438246305","0","0","0","0","0","0","0","0","2.94839993485685","0","0","0","0","0","0","0","0","0","0","0","0","0","0","0","0","0","0","0","0","0","0","0","0","0","0","0","0","0","0","0","0","0","0","0","0","0","0","0","0","0","0","0","0","0","0","0","0","0","0","0","3.59418103075054","0","0","0","0","0","0","0","0","0","0","0","0","0","0","0","0","0","0","0","3.93839967758287","0","0","0","0","0","0","0","0","0","0","0","0","0","0","3.5525556868736","0","0","0","0","0","0","0","2.96207751685625","0","0","0","0","0","3.15937228162594","0","0","0","0","0","0","0","0","0","0","0","0","0","0","0","0","0","0","0","0","0","0","0","0","0","3.83442454154209","0","0","0","0","0","0","0","0","0","0","3.12712872812258","0","3.4904299421731","0","0","0","0","0","0","0","0","0","0","0","0","0","0","0","0","0","0","0","0","0","0","0","2.2957431299265","0","0","0","0","0","0","3.15801764979612","0","0","0","0","0","0","0","0","0","0","0","0","0","0","0","0","0","2.89353077433703","0","0","0","0","0","0","0","0","0","0","0","0","0","0","0","0","0","0","0","0","0","0","0","0","0","0","0","0","0","0","0","0","0","0","0","0","0","0","0","0","0","0","0","0","0","0","2.63175745085712","0","0","0","0","0","0","0","0","0","0","0","0","0","0","0","0","0","3.29053839055907","0","0","0","0","4.26097710529873","0","0","0","0","0","0","0","0","0","0","0","0","0","3.36793144438577","0","0","0","0","0","0","0","0","0","0","0","0","0","0","0","0","0","0","0","0","0","0","0","0","0","0","0","0","0","0","3.56680414615543","0","0","4.20095189706294","0","0","0","0","2.22333752129877","0","0","0","0","3.36153685221107","0","0","0","0","0","0","0","0","0","0","0","0","3.45158802352383","0","0","0","0","0","2.26408194180178","0","0","0","0","0","0","0","0","0","0","0","0","0","0","0","0","0","0","0","0","0","0","0","0","0","0","0","0","0","0","0","0","0","0","0","0","0","0","0","0","0","0","0","0","0","0","0","0","0","0","0","0","0","0","0","0","0","0","0","0","0"
"SDC4__endothelial","0","0","0","0","0","0","0","0","0","0","0","0","0","0","0","0","0","0","0","0","0","0","2.23309622449886","0","0","0","0","0","0","0","0","0","0","0","0","0","0","0","0","0","0","0","0","3.14455828128389","0","0","0","0","0","0","0","0","0","0","0","0","0","0","0","0","0","0","0","0","0","0","0","0","0","0","0","0","0","0","0","0","0","0","0","0","0","0","0","0","0","0","2.21918622148164","0","0","0","0","0","0","0","0","0","0","0","0","0","0","0","0","0","0","0","0","0","0","0","0","0","0","0","0","0","3.62052014210521","0","0","0","0","0","0","0","0","0","0","0","0","0","0","0","0","0","0","0","0","0","0","0","0","0","0","0","0","0","0","0","0","0","0","0","0","0","0","0","0","0","0","0","0","0","0","0","0","0","0","4.01359760340072","0","0","0","0","0","0","0","0","0","0","0","0","0","0","0","0","0","0","0","0","0","0","0","0","0","0","0","0","0","3.39973713832982","0","0","0","0","0","0","0","0","0","0","0","0","0","0","0","0","0","0","0","0","0","0","2.46683639985905","0","0","0","0","0","1.37121412314157","0","0","0","0","0","0","0","0","0","0","0","0","0","0","0","0","0","0","0","0","0","0","0","0","0","1.41042015239865","0","0","0","0","0","0","0","0","0","0","0","0","1.9728404970542","0","0","0","0","0","0","0","0","0","0","0","0","0","0","0","0","0","0","0","0","0","0","0","2.77928129008784","0","0","0","0","0","0","0","0","0","0","0","0","0","0","0","0","0","0","0","0","0","0","0","0","0","0","0","0","0","0","0","0","0","0","0","0","0","0","0","0","0","0","0","0","0","0","0","0","0","0","0","0","0","0","0","0","0","0","0","0","0","0","0","0","0","0","0","0","0","0","0","2.15872595321565","0","0","0","0","0","0","0","0","0","0","0","0","0","0","0","0","0","0","0","0","0","0","0","0","0","0","0","0","0","0","0","0","0","0","0","0","0","0","0","0","0","0","0","0","0","1.94549946950884","0","0","0","0","0","0","0","0","0","0","0","0","0","0","0","0","0","0","0","0","0","2.9599914547136","0","0","0","0","0","0","0","0","0","0","0","0","2.8451020036813","0","0","0","0","0","0","0","0","0","0","0","0","0","0","0","0","0","0","2.26408194180178","0","0","0","0","0","0","0","0","0","0","0","0","0","0","0","0","0","0","0","0","0","0","0","0","0","0","0","0","0","0","0","0","0","0","0","0","0","0","0","0","0","0","0","0","0","0","0","0","0","0","0","0","0","0","0","0","0","0","0","0","0"
"ITGB5__endothelial","0","0","0","0","0","0","0","0","0","0","0","0","0","0","0","0","0","0","0","0","0","0","0","0","0","0","0","0","0","0","0","0","0","0","0","0","0","0","0","0","0","0","0","3.14455828128389","0","0","0","0","0","0","0","0","0","0","0","0","0","0","0","0","0","0","0","0","0","0","0","0","0","0","0","0","0","0","0","0","0","0","0","0","0","0","0","0","0","0","3.05530226595198","0","0","0","0","0","0","0","0","0","0","0","0","0","0","0","0","0","0","0","0","0","0","0","0","0","0","0","0","0","3.62052014210521","0","0","0","0","0","0","0","0","0","0","0","0","0","0","0","0","0","0","0","0","0","0","0","0","0","0","0","0","0","0","0","0","0","0","0","0","0","1.84335611863988","0","0","0","0","0","0","0","0","0","0","0","0","0","0","0","0","0","0","0","0","0","0","2.23029761942179","0","0","0","0","0","0","0","0","0","0","0","0","0","0","0","0","0","0","0","3.39973713832982","0","0","0","0","0","0","0","1.49476469174958","0","0","0","0","0","0","0","0","0","0","0","0","0","0","0","0","0","0","0","0","0","0","0","0","0","0","0","0","0","0","0","0","0","0","0","0","0","0","0","0","0","0","0","0","0","0","0.871112513737512","0","0","0","0","0","0","0","0","0","0","0","0","0","0","0","0","0","0","0","0","0","0","0","0","0","0","0","0","0","0","0","0","0","0","0","0","2.77928129008784","0","0","0","0","0","0","2.31121591065604","0","0","0","0","0","0","0","0","0","0","0","0","0","0","0","0","0","2.89353077433703","0","0","0","0","0","0","0","0","0","0","0","0","0","0","0","0","0","0","0","0","0","0","0","0","0","0","0","0","0","0","0","0","0","0","0","0","0","0","0","0","0","0","0","0","0","0","0","0","0","0","0","0","0","0","0","0","0","0","0","0","0","0","0","0","2.77747555440897","0","0","0","0","0","0","0","0","0","0","0","0","0","0","0","0","0","0","0","0","0","0","0","0","0","0","0","0","0","0","0","0","0","0","0","0","0","0","0","0","0","0","0","0","0","0","0","0","0","1.89238224187389","0","0","0","0","0","0","0","0","0","0","0","0","0","0","0","0","0","0","0","0","0","0","0","0","0","1.57921470411084","0","0","0","0","0","0","0","0","0","0","0","0","0","0","0","0","0","0","0","0","0","0","0","0","0","0","0","0","0","0","0","0","0","0","0","0","0","0","0","0","0","0","0","0","0","0","0","0","0","0","0","0","0","0","0","0","0","0","0","0","0","0","0","0","0","0","0"
"LRP4__endothelial","0","0","0","0","0","0","0","0","0","0","0","0","0","0","0","0","0","0","0","0","0","0","3.07087662823954","0","0","0","0","0","0","0","0","0","0","0","0","0","0","0","0","0","0","0","0","2.29911821197928","0","0","0","0","0","0","0","0","0","0","0","0","0","0","0","0","0","0","0","0","0","0","0","0","0","0","0","0","0","0","0","0","0","0","0","0","0","0","0","0","0","0","3.05530226595198","0","0","0","0","0","0","0","0","0","0","0","0","0","0","0","0","0","0","0","0","0","0","0","0","0","0","0","0","0","0","0","0","0","0","0","0","0","0","0","0","0","0","0","0","0","0","0","0","0","0","0","0","0","0","0","0","0","0","0","0","0","0","0","0","0","0","0","1.84335611863988","0","0","0","0","0","0","0","0","0","0","0","0","4.01359760340072","0","0","0","0","0","0","0","0","0","0","0","0","0","0","0","0","0","0","0","0","0","0","0","0","0","0","0","0","0","3.39973713832982","0","0","0","0","0","0","0","0","0","0","0","0","0","0","0","0","0","0","0","0","0","0","0","0","0","0","0","0","0","0","0","0","0","0","0","0","0","0","0","0","0","0","0","0","0","0","0","0","0","0","0","0","0","0","1.41042015239865","0","0","0","0","0","0","0","0","0","0","0","0","0","0","0","0","0","0","0","0","0","0","0","0","0","0","0","0","0","0","0","0","0","0","0","0","0","0","0","0","0","0","0","0","0","0","0","0","0","0","0","0","0","0","0","0","0","0","0","0","0","2.89353077433703","0","0","0","0","0","0","0","0","0","0","0","0","0","0","0","0","0","0","0","0","0","0","0","0","0","0","0","0","0","0","0","0","0","0","0","0","0","0","0","0","0","0","0","0","0","0","1.45027523778389","0","0","0","0","0","0","0","0","0","0","0","0","0","0","0","0","0","0","0","0","0","0","2.81916676875277","0","0","0","0","0","0","0","0","0","0","0","0","0","0","0","0","0","0","0","0","0","0","0","0","0","0","0","0","0","0","0","0","0","0","0","0","0","0","0","0","0","0","0","0","2.34162035879779","0","0","4.20095189706294","0","0","0","0","2.22333752129877","0","0","0","0","2.8451020036813","0","0","0","0","0","0","0","0","0","0","0","0","0","0","0","0","0","0","0","0","0","0","0","0","0","0","0","0","0","0","0","0","0","0","0","0","0","0","0","0","0","0","0","0","0","0","0","0","0","0","0","0","0","0","0","0","0","0","0","0","0","0","0","0","0","0","0","0","0","0","0","0","0","0","0","0","0","0","0","0"
"CDH5__endothelial","0","0","0","0","0","0","0","0","0","0","0","0","0","0","0","0","0","0","0","0","0","0","3.07087662823954","0","0","0","0","0","0","0","0","0","0","0","0","0","0","0","0","0","0","0","0","3.14455828128389","0","0","0","0","0","0","0","0","0","0","0","0","0","0","0","0","0","0","0","0","0","0","0","0","0","0","0","0","0","0","0","0","0","0","0","0","0","0","0","0","0","0","0","0","0","0","0","0","0","0","0","0","0","0","0","0","0","0","0","0","0","0","0","0","0","0","0","0","0","0","0","3.38424114969754","3.62052014210521","0","0","0","0","0","0","0","0","0","0","0","0","0","0","0","0","0","0","0","0","0","0","0","0","0","0","0","0","0","0","0","0","0","0","0","0","0","3.80138544818711","0","0","0","0","0","0","0","0","0","0","0","0","0","0","0","0","0","0","0","0","0","0","0","0","0","0","0","0","0","0","0","0","0","0","0","0","0","0","0","0","0","0","0","0","0","0","0","0","0","0","2.2129937233342","0","0","0","0","0","0","3.5525556868736","0","0","0","0","0","0","0","0","0","0","0","0","0","2.06134887355808","0","0","0","0","0","0","0","0","0","0","0","0","0","0","0","0","0","0","0","0","0","0","0","0","0","0.871112513737512","0","0","0","0","0","0","0","0","0","0","4.34641514025614","0","2.42977752741612","0","0","0","0","0","0","0","0","0","0","0","0","0","0","0","0","0","0","0","0","0","0","0","0","0","0","0","0","0","0","0","0","0","0","0","0","0","0","0","0","0","0","0","0","0","0","0","0","0","0","0","0","3.91026137994776","0","0","0","0","0","0","0","0","0","0","0","0","0","0","0","0","0","0","0","0","0","0","0","0","0","0","0","0","0","0","0","0","0","0","3.56084700491156","0","0","0","0","0","0","0","2.15872595321565","0","0","0","0","0","0","0","0","0","0","0","0","0","0","0","0","0","0","0","0","0","0","2.81916676875277","0","0","0","0","0","0","0","0","0","0","0","0","0","0","0","0","0","0","0","0","0","0","2.74489777002788","0","0","0","0","0","0","0","0","0","0","0","0","0","0","0","0","0","0","0","0","0","1.89238224187389","0","0","0","0","0","0","0","2.22333752129877","0","0","0","0","3.36153685221107","0","0","0","0","0","0","0","0","0","0","0","0","1.57921470411084","0","0","0","0","0","2.26408194180178","0","0","0","0","0","0","0","0","0","0","0","0","0","0","0","0","0","0","0","0","0","0","0","0","0","0","0","0","0","0","0","0","0","0","0","0","0","0","0","0","0","0","0","0","0","0","0","0","0","0","0","0","0","0","0","0","0","0","0","0","0"
"EPHB4__endothelial","0","0","0","0","0","0","0","0","0","0","0","0","0","0","0","0","0","0","0","0","0","0","0","0","0","0","0","0","0","0","0","0","0","0","0","0","0","0","0","0","0","0","0","0","0","0","0","0","0","0","0","0","0","0","0","0","0","0","0","0","0","0","0","0","0","0","0","0","0","0","0","0","0","0","0","0","0","0","0","0","0","0","0","0","0","0","3.05530226595198","0","0","0","0","0","0","0","0","0","0","0","0","0","0","0","0","0","0","0","0","0","0","0","0","0","0","0","0","3.92239550164821","0","0","0","0","0","0","0","0","0","0","0","0","0","0","0","0","0","0","0","0","0","0","0","0","0","0","0","0","0","0","0","0","0","0","0","0","0","0","2.62687751335225","0","0","0","0","0","0","0","0","0","0","0","0","4.01359760340072","0","0","0","0","0","0","0","0","0","0","0","0","0","0","0","0","0","0","0","0","0","0","0","0","0","0","0","0","0","0","0","0","0","0","0","0","0","0","0","0","0","0","0","0","0","0","0","0","0","0","0","0","0","0","0","0","0","0","1.37121412314157","0","0","0","0","0","0","0","0","0","0","0","0","0","0","0","0","0","0","0","0","0","0","0","0","0","2.10979222704916","0","0","0","0","0","0","0","0","0","0","0","0","3.05545695538267","0","0","0","0","0","0","0","0","0","0","0","0","0","0","0","0","0","0","0","0","0","0","0","2.2957431299265","0","0","0","0","0","0","0","0","0","0","0","0","0","0","0","0","0","0","0","0","0","0","0","0","0","0","0","0","0","0","0","0","0","0","0","0","0","0","0","0","0","0","0","0","0","0","0","0","0","0","0","0","0","0","0","0","0","0","0","0","0","0","0","0","0","0","0","0","0","0","0","2.15872595321565","0","0","0","0","0","0","0","0","0","0","0","0","0","0","0","0","0","2.77747555440897","0","0","0","0","0","0","0","0","0","0","0","0","0","0","0","0","0","0","3.36793144438577","0","0","0","0","0","0","0","0","0","0","0","0","0","0","0","0","0","0","0","0","0","0","0","0","0","0","0","0","0","0","1.23648569833343","0","0","0","0","0","0","0","0","0","0","0","0","0","0","0","0","0","0","0","0","0","0","0","0","0","0","0","0","0","0","0","2.26408194180178","0","0","0","0","0","0","0","0","0","0","0","0","0","0","0","0","0","0","0","0","0","0","0","0","0","0","0","0","0","0","0","0","0","0","0","0","0","0","0","0","0","0","0","0","0","0","0","0","0","0","0","0","0","0","0","0","0","0","0","0","0"
"INSR__endothelial","0","0","0","0","0","0","0","0","0","0","0","0","0","0","0","0","0","0","0","0","0","0","2.23309622449886","0","0","0","0","0","0","0","0","0","0","0","0","0","0","0","0","0","0","0","0","0","0","0","0","0","0","0","0","0","0","0","0","0","0","0","0","0","0","0","0","0","0","0","0","0","0","0","0","0","0","0","0","0","0","0","0","0","0","0","0","0","0","0","0","0","0","0","0","0","0","0","0","0","0","0","0","0","0","0","0","0","0","0","0","0","0","0","0","0","0","0","0","3.38424114969754","0","0","0","0","0","0","0","0","0","2.94839993485685","0","0","0","0","0","0","0","0","0","0","0","0","0","0","0","0","0","0","0","0","0","0","0","0","0","0","0","0","1.84335611863988","0","0","0","0","0","0","0","0","0","0","0","0","0","0","0","0","0","0","0","0","0","0","0","0","0","0","0","0","0","0","0","0","0","0","0","0","0","0","0","0","0","0","0","0","0","0","0","0","0","0","1.49476469174958","0","0","0","0","0","0","0","0","0","0","0","0","0","0","1.70670777307353","0","0","0","0","0","2.52623043753816","0","0","0","0","0","0","0","0","0","0","0","0","0","0","0","0","0","0","0","0","0","0","0","0","0","1.80207674618489","0","0","0","0","0","0","0","0","0","0","0","0","1.30024154995135","0","0","0","0","0","0","0","0","0","0","0","0","0","0","0","0","0","0","0","0","0","0","0","0","0","0","0","0","0","0","2.31121591065604","0","0","0","0","0","0","0","0","0","0","0","0","0","0","0","0","0","0","0","0","0","0","0","0","0","0","0","0","0","0","0","0","0","0","0","0","0","0","0","0","0","0","0","0","0","0","0","0","0","0","0","0","0","0","0","0","2.67819363954456","0","0","0","0","0","0","0","0","0","0","0","0","0","0","0","0","0","0","0","0","0","0","0","0","0","1.97388957097043","0","0","0","0","2.01034064374579","0","0","0","0","0","0","0","0","0","0","0","0","0","2.50131293713632","0","0","0","0","0","0","0","0","2.74489777002788","0","0","0","0","0","0","0","0","0","0","0","0","0","0","0","0","0","0","0","0","0","1.89238224187389","0","0","0","0","0","0","0","1.50327870312745","0","0","0","0","0","0","0","0","0","0","0","0","0","0","0","0","0","0","0","0","0","0","0","2.7452867753738","0","0","0","0","0","0","0","0","0","0","0","0","0","0","0","0","0","0","0","0","0","0","0","0","0","0","0","0","0","0","0","0","0","0","0","0","0","0","0","0","0","0","0","0","0","0","0","0","0","0","0","0","0","0","0","0","0","0","0","0","0"
"S1PR1__endothelial","0","0","0","0","0","0","0","0","0","0","0","0","0","0","0","0","0","0","0","0","0","0","0","0","0","0","0","0","0","0","0","0","0","0","0","0","0","0","0","0","0","0","0","0","0","0","0","0","0","0","0","0","0","0","0","0","0","0","0","0","0","0","0","0","0","0","0","0","0","0","0","0","0","0","0","0","0","0","0","0","0","0","0","0","0","0","0","0","0","0","0","0","0","0","0","0","0","0","0","0","0","0","0","0","0","0","0","0","0","0","0","0","0","0","0","0","0","0","0","0","0","0","0","0","0","2.94839993485685","0","0","0","0","0","0","0","0","0","0","0","0","0","0","0","0","0","0","0","0","0","0","0","0","0","0","0","0","3.13180592612114","0","0","0","0","0","0","0","0","0","0","0","0","3.10026412347343","0","0","0","0","0","0","0","0","0","3.06774460663583","0","0","0","0","0","0","0","0","0","0","0","0","0","0","0","0","0","0","0","3.39973713832982","0","0","0","0","0","0","0","1.49476469174958","0","0","0","0","0","0","0","0","0","0","0","0","0","0","0","0","0","0","0","0","0","0","0","0","0","0","0","0","0","0","0","0","0","0","0","0","0","0","0","0","0","0","0","0","0","0","0.871112513737512","0","0","0","0","0","0","0","0","0","0","0","0","2.77627341278284","0","0","0","0","0","0","0","0","0","0","0","0","0","0","0","0","0","0","0","0","0","0","0","2.77928129008784","0","0","0","0","0","0","3.15801764979612","0","0","0","0","0","0","0","0","0","0","0","0","0","0","0","0","0","0","0","0","0","3.00316034089333","0","0","0","0","0","0","0","0","0","0","0","0","0","0","0","0","0","0","0","0","0","0","0","0","0","0","0","0","0","0","0","0","0","0","0","0","0","0","0","0","0","0","0","0","0","0","0","0","0","0","0","0","0","0","0","0","0","0","0","0","0","0","0","0","0","2.81916676875277","0","0","0","0","0","0","0","0","0","0","0","0","0","0","0","0","0","0","0","0","0","0","1.94549946950884","0","0","0","0","0","0","0","0","0","0","0","0","0","0","0","0","0","0","0","0","0","1.89238224187389","0","0","0","0","0","0","0","1.50327870312745","0","0","0","0","0","0","0","0","0","0","0","0","0","0","0","0","0","1.57921470411084","0","0","0","0","0","2.26408194180178","0","0","0","0","0","0","0","0","0","0","0","0","0","0","0","0","0","0","0","0","0","0","0","0","0","0","0","0","0","0","0","0","0","0","0","0","0","0","0","0","0","0","0","0","0","0","0","0","0","0","0","0","0","0","0","0","0","0","0","0","0"
"PLXND1__endothelial","0","0","0","0","0","0","0","0","0","0","0","0","0","0","0","0","0","0","0","0","0","0","0","0","0","0","0","0","0","0","0","0","0","0","0","0","0","0","0","0","0","0","0","0","0","0","0","0","0","0","0","0","0","0","0","0","0","0","0","0","0","0","0","0","0","0","0","0","0","0","0","0","0","0","0","0","0","0","0","0","0","0","0","0","0","0","2.21918622148164","0","0","0","0","0","0","0","0","0","0","0","0","0","0","0","0","0","0","0","0","0","0","0","0","0","0","0","0","2.51618976514003","2.73329305495545","0","0","0","0","0","0","0","0","1.69583424280838","0","0","0","0","0","0","0","0","0","0","0","0","0","0","0","0","0","0","0","0","0","0","0","0","0","0","0","0","1.84335611863988","0","0","0","0","0","0","0","0","0","0","0","0","0","0","0","0","0","0","0","0","0","0","2.23029761942179","0","0","0","0","0","0","0","0","0","0","0","0","0","0","0","0","0","0","0","0","0","0","0","0","0","0","0","3.0483630215614","0","0","0","0","0","0","2.6705517446666","0","0","0","0","0","0","0","1.70670777307353","0","0","0","0","0","4.07628696284087","0","0","0","0","0","0","0","0","0","0","0","0","0","0","0","0","0","0","0","0","0","0","0","0","0","1.80207674618489","0","0","0","0","0","0","0","0","0","0","0","0","0","0","0","0","0","0","0","0","0","0","0","0","0","0","0","0","0","0","0","0","0","0","0","0","1.56317483388238","0","0","0","0","0","0","0","0","0","0","0","0","0","0","0","0","0","0","0","0","0","0","0","0","2.07568120009115","0","0","0","0","0","0","0","0","0","0","0","0","0","0","0","0","0","0","0","0","0","0","0","0","0","0","0","0","0","0","0","0","0","0","0","0","0","0","0","0","0","0","0","0","0","0","2.98739493839873","0","0","0","0","0","0","0","0","0","0","0","0","0","0","0","0","0","1.97388957097043","0","0","0","0","0","0","0","0","0","0","0","0","0","0","0","0","0","0","0","0","0","0","0","0","0","0","0","1.94549946950884","0","0","0","0","0","0","0","0","0","0","0","0","0","0","0","0","0","0","0","0","0","2.68368630309652","0","0","0","0","0","0","0","2.70145749246259","0","0","0","0","2.03308235495583","0","0","0","0","0","0","0","0","0","0","0","0","3.16225617253632","0","0","0","0","0","3.10550595294165","0","0","0","0","0","0","0","0","0","0","0","0","0","0","0","0","0","0","0","0","0","0","0","0","0","0","0","0","0","0","0","0","0","0","0","0","0","0","0","0","0","0","0","0","0","0","0","0","0","0","0","0","0","0","0","0","0","0","0","0","0"
"KCNJ4__endothelial","0","0","0","0","0","0","0","0","0","0","0","0","0","0","0","0","0","0","0","0","0","0","2.23309622449886","0","0","0","0","0","0","0","0","0","0","0","0","0","0","0","0","0","0","0","0","0","0","0","0","0","0","0","0","0","0","0","0","0","0","0","0","0","0","0","0","0","0","0","0","0","0","0","0","0","0","0","0","0","0","0","0","0","0","0","0","0","0","0","3.05530226595198","0","0","0","0","0","0","0","0","0","0","0","0","0","0","0","0","0","0","0","0","0","0","0","0","0","0","0","0","0","0","0","0","0","0","0","0","0","0","1.69583424280838","0","0","0","0","0","0","0","0","0","0","0","0","0","0","0","0","0","0","0","0","0","0","0","0","0","0","0","0","2.62687751335225","0","0","0","0","0","0","0","0","0","0","0","0","0","0","0","0","0","0","0","0","0","0","0","0","0","0","0","0","0","0","0","0","0","0","0","0","0","0","0","0","0","0","2.5303379916369","0","0","0","0","0","0","0","1.49476469174958","0","0","0","0","0","0","0","0","0","0","0","0","0","0","2.96207751685625","0","0","0","0","0","1.37121412314157","0","0","0","0","0","0","0","0","0","0","0","0","0","0","0","0","0","0","0","0","0","0","0","0","0","1.80207674618489","0","0","0","0","0","0","0","0","0","0","3.12712872812258","0","0","0","0","0","0","0","0","0","0","0","0","0","0","0","0","0","0","0","0","0","0","0","0","0","2.2957431299265","0","0","0","0","0","0","0","0","0","0","0","0","0","0","0","0","0","0","0","0","0","0","0","0","2.07568120009115","0","0","0","0","0","0","0","0","0","0","0","0","0","0","0","0","0","0","0","0","0","0","0","0","0","0","0","0","0","0","0","0","0","0","0","0","0","0","0","0","0","0","0","0","0","0","0","0","0","0","0","0","0","0","0","0","0","0","0","0","0","0","0","0","0","0","0","0","0","2.01034064374579","0","0","0","0","0","0","0","0","0","0","0","0","0","0","0","0","0","0","0","0","0","0","1.94549946950884","0","0","0","0","0","0","0","0","0","0","0","0","0","0","0","0","0","0","0","0","0","0","0","0","0","0","0","0","0","0","0","0","0","0","0","0","0","0","0","0","0","0","0","0","0","0","0","2.3150279858828","0","0","0","0","0","1.53691988081479","0","0","0","0","0","0","0","0","0","0","0","0","0","0","0","0","0","0","0","0","0","0","0","0","0","0","0","0","0","0","0","0","0","0","0","0","0","0","0","0","0","0","0","0","0","0","0","0","0","0","0","0","0","0","0","0","0","0","0","0","0"
"ESAM__endothelial","0","0","0","0","0","0","0","0","0","0","0","0","0","0","0","0","0","0","0","0","0","0","2.23309622449886","0","0","0","0","0","0","0","0","0","0","0","0","0","0","0","0","0","0","0","0","3.14455828128389","0","0","0","0","0","0","0","0","0","0","0","0","0","0","0","0","0","0","0","0","0","0","0","0","0","0","0","0","0","0","0","0","0","0","0","0","0","0","0","0","0","0","0","0","0","0","0","0","0","0","0","0","0","0","0","0","0","0","0","0","0","0","0","0","0","0","0","0","0","0","0","2.51618976514003","0","0","0","0","0","0","0","0","0","2.45398720231182","0","0","0","0","0","0","0","0","0","0","0","0","0","0","0","0","0","0","0","0","0","0","0","0","0","0","0","0","2.62687751335225","0","0","0","0","0","0","0","0","0","0","0","0","0","0","0","0","0","0","0","0","0","0","3.06774460663583","0","0","0","0","0","0","0","0","0","0","0","0","0","0","0","0","0","0","0","4.32971779642136","0","0","0","0","0","0","0","3.33498424771281","0","0","0","0","0","0","2.6705517446666","0","0","0","0","0","0","0","3.33007126819598","0","0","0","0","0","3.3952397881217","0","0","0","0","0","0","0","0","0","0","0","0","0","0","0","0","0","0","0","0","0","0","0","0","0","0.871112513737512","0","0","0","0","0","0","0","0","0","0","4.04210916413061","0","2.77627341278284","0","0","0","0","0","0","0","0","0","0","0","0","0","0","0","0","0","0","0","0","0","0","0","1.56317483388238","0","0","0","0","0","0","0","0","0","0","0","0","0","0","0","0","0","0","0","0","0","0","0","0","2.89353077433703","0","0","0","3.91026137994776","0","0","0","0","0","0","0","0","0","0","0","0","0","0","0","0","0","0","0","0","0","0","0","0","0","0","0","0","0","0","0","0","0","0","3.56084700491156","0","0","0","0","0","0","0","2.98739493839873","0","0","0","0","0","0","0","0","0","0","0","0","0","0","0","0","0","1.97388957097043","0","0","0","0","4.01291426518819","0","0","0","0","0","0","0","0","0","0","0","0","0","3.36793144438577","0","0","0","0","0","0","0","0","1.94549946950884","0","0","0","0","0","0","0","0","0","0","0","0","0","0","0","0","0","0","0","0","0","1.89238224187389","0","0","0","0","0","0","0","1.50327870312745","0","0","0","0","4.68606726374108","0","0","0","0","0","0","0","0","0","0","0","0","3.16225617253632","0","0","0","0","0","2.26408194180178","0","0","0","0","0","0","0","0","0","0","0","0","0","0","0","0","0","0","0","0","0","0","0","0","0","0","0","0","0","0","0","0","0","0","0","0","0","0","0","0","0","0","0","0","0","0","0","0","0","0","0","0","0","0","0","0","0","0","0","0","0"
"GPR37L1__endothelial","0","0","0","0","0","0","0","0","0","0","0","0","0","0","0","0","0","0","0","0","0","0","2.23309622449886","0","0","0","0","0","0","0","0","0","0","0","0","0","0","0","0","0","0","0","0","2.29911821197928","0","0","0","0","0","0","0","0","0","0","0","0","0","0","0","0","0","0","0","0","0","0","0","0","0","0","0","0","0","0","0","0","0","0","0","0","0","0","0","0","0","0","2.21918622148164","0","0","0","0","0","0","0","0","0","0","0","0","0","0","0","0","0","0","0","0","0","0","0","0","0","0","0","0","0","2.73329305495545","0","0","0","0","0","0","0","0","1.69583424280838","0","0","0","0","0","0","0","0","0","0","0","0","0","0","0","0","0","0","0","0","0","0","0","0","0","0","0","0","1.84335611863988","0","0","0","0","0","0","0","0","0","0","0","0","3.10026412347343","0","0","0","0","0","0","0","0","0","2.23029761942179","0","0","0","0","0","0","0","0","0","0","0","0","0","0","0","0","0","0","0","0","0","0","0","0","0","0","0","0","0","0","0","0","0","0","0","0","0","0","0","0","0","0","1.70670777307353","0","0","0","0","0","2.52623043753816","0","0","0","0","0","0","0","0","0","0","0","0","0","0","0","0","0","0","0","0","0","0","0","0","0","3.08093993023328","0","0","0","0","0","0","0","0","0","0","0","0","2.77627341278284","0","0","0","0","0","0","0","0","0","0","0","0","0","0","0","0","0","0","0","0","0","0","0","2.2957431299265","0","0","0","0","0","0","3.15801764979612","0","0","0","0","0","0","0","0","0","0","0","0","0","0","0","0","0","0","0","0","0","0","0","0","0","0","0","0","0","0","0","0","0","0","0","0","0","0","0","0","0","0","0","0","0","0","0","0","0","0","0","0","0","0","0","0","0","0","0","0","0","0","0","0","2.15872595321565","0","0","0","0","0","0","0","0","0","0","0","0","0","0","0","0","0","1.97388957097043","0","0","0","0","2.01034064374579","0","0","0","0","0","0","0","0","0","0","0","0","0","0","0","0","0","0","0","0","0","0","0","0","0","0","0","0","0","0","0","0","0","0","0","0","0","0","0","0","0","0","0","0","1.89238224187389","0","0","0","0","0","0","0","0","0","0","0","0","0","0","0","0","0","0","0","0","0","0","0","0","0","1.57921470411084","0","0","0","0","0","0","0","0","0","0","0","0","0","0","0","0","0","0","0","0","0","0","0","0","0","0","0","0","0","0","0","0","0","0","0","0","0","0","0","0","0","0","0","0","0","0","0","0","0","0","0","0","0","0","0","0","0","0","0","0","0","0","0","0","0","0","0"
"IL6ST__endothelial","0","0","0","0","0","0","0","0","0","0","0","0","0","0","0","0","0","0","0","0","0","0","2.23309622449886","0","0","0","0","0","0","0","0","0","0","0","0","0","0","0","0","0","0","0","0","0","0","0","0","0","0","0","0","0","0","0","0","0","0","0","0","0","0","0","0","0","0","0","0","0","0","0","0","0","0","0","0","0","0","0","0","0","0","0","0","0","0","0","2.21918622148164","0","0","0","0","0","0","0","0","0","0","0","0","0","0","0","0","0","0","0","0","0","0","0","0","0","0","0","0","2.51618976514003","2.73329305495545","0","0","0","0","0","0","0","0","0","0","0","0","0","0","0","0","0","0","0","0","0","0","0","0","0","0","0","0","0","0","0","0","0","0","0","0","0","0","0","0","0","0","0","0","0","0","0","0","0","0","0","0","0","0","0","0","0","0","0","0","2.23029761942179","0","0","0","0","0","0","0","0","0","0","0","0","0","0","0","0","0","0","0","2.5303379916369","0","0","0","0","0","0","0","0","0","0","0","0","0","0","0","0","0","0","0","0","0","0","0","0","0","0","0","0","1.37121412314157","0","0","0","0","0","0","0","0","0","0","0","0","0","0","0","0","0","0","0","0","0","0","0","0","0","0.871112513737512","0","0","0","0","0","0","0","0","0","0","2.28346903084605","0","1.30024154995135","0","0","0","0","0","0","0","0","0","0","0","0","0","0","0","0","0","0","0","0","0","0","0","0","0","0","0","0","0","0","2.31121591065604","0","0","0","0","0","0","0","0","0","0","0","0","0","0","0","0","0","0","0","0","0","0","0","0","0","0","0","0","0","0","0","0","0","0","0","0","0","0","0","0","0","0","0","0","0","0","0","0","0","0","0","0","0","0","0","0","0","0","0","0","0","0","0","0","0","0","0","0","0","0","0","0","0","0","0","0","0","0","0","0","0","0","0","0","0","0","0","2.01034064374579","0","0","0","0","0","0","0","0","0","0","0","0","0","0","0","0","0","0","0","0","0","0","0","0","0","0","0","0","0","0","0","0","0","0","0","0","0","0","0","0","0","0","0","0","3.39144754331865","0","0","0","0","0","0","0","1.50327870312745","0","0","0","0","2.03308235495583","0","0","0","0","0","0","0","0","0","0","0","0","0","0","0","0","0","0","1.53691988081479","0","0","0","0","0","0","0","0","0","0","0","0","0","0","0","0","0","0","0","0","0","0","0","0","0","0","0","0","0","0","0","0","0","0","0","0","0","0","0","0","0","0","0","0","0","0","0","0","0","0","0","0","0","0","0","0","0","0","0","0","0"
"ENG__endothelial","0","0","0","0","0","0","0","0","0","0","0","0","0","0","0","0","0","0","0","0","0","0","3.07087662823954","0","0","0","0","0","0","0","0","0","0","0","0","0","0","0","0","0","0","0","0","4.06058997971447","0","0","0","0","0","0","0","0","0","0","0","0","0","0","0","0","0","0","0","0","0","0","0","0","0","0","0","0","0","0","0","0","0","0","0","0","0","0","0","0","0","0","2.21918622148164","0","0","0","0","0","0","0","0","0","0","0","0","0","0","0","0","0","0","0","0","0","0","0","0","0","0","0","0","2.51618976514003","3.62052014210521","0","0","0","0","0","0","0","0","3.31593810518914","0","0","0","0","0","0","0","0","0","0","0","0","0","0","0","0","0","0","0","0","0","0","0","0","0","0","0","0","5.2187089663125","0","0","0","0","0","0","0","0","0","0","0","0","4.56847437793259","0","0","0","0","0","0","0","0","0","3.59418103075054","0","0","0","0","0","0","0","0","0","0","0","0","0","0","0","0","0","0","0","4.8905644179287","0","0","0","0","0","0","0","4.72544372427099","0","0","0","0","0","0","4.79875724586057","0","0","0","0","0","0","0","0","0","0","0","0","0","4.07628696284087","0","0","0","0","0","0","0","0","0","0","0","0","0","0","0","0","0","0","0","0","0","0","0","0","0","2.766279184676","0","0","0","0","0","0","0","0","0","0","0","0","4.09505620777513","0","0","0","0","0","0","0","0","0","0","0","0","0","0","0","0","0","0","0","0","0","0","0","0","0","0","0","0","0","0","4.07485198716259","0","0","0","0","0","0","0","0","0","0","0","0","0","0","0","0","0","3.4122805252664","0","0","0","3.91026137994776","0","0","0","0","0","0","0","0","0","0","0","0","0","0","0","0","0","0","0","0","0","0","0","0","0","0","0","0","0","0","0","0","0","0","4.80749404628416","0","0","0","0","0","0","0","2.98739493839873","0","0","0","0","0","0","0","0","0","0","0","0","0","0","0","0","0","3.29053839055907","0","0","0","0","4.01291426518819","0","0","0","0","0","0","0","0","0","0","0","0","0","0","0","0","0","0","0","0","0","0","4.17873584407172","0","0","0","0","0","0","0","0","0","0","0","0","0","0","0","0","0","0","0","0","0","1.89238224187389","0","0","4.20095189706294","0","0","0","0","3.58606505716831","0","0","0","0","3.74104992206457","0","0","0","0","0","0","0","0","0","0","0","0","4.07934163275662","0","0","0","0","0","3.10550595294165","0","0","0","0","0","0","0","0","0","0","0","0","0","0","0","0","0","0","0","0","0","0","0","0","0","0","0","0","0","0","0","0","0","0","0","0","0","0","0","0","0","0","0","0","0","0","0","0","0","0","0","0","0","0","0","0","0","0","0","0","0"
"NOTCH1__endothelial","0","0","0","0","0","0","0","0","0","0","0","0","0","0","0","0","0","0","0","0","0","0","2.23309622449886","0","0","0","0","0","0","0","0","0","0","0","0","0","0","0","0","0","0","0","0","2.29911821197928","0","0","0","0","0","0","0","0","0","0","0","0","0","0","0","0","0","0","0","0","0","0","0","0","0","0","0","0","0","0","0","0","0","0","0","0","0","0","0","0","0","0","2.21918622148164","0","0","0","0","0","0","0","0","0","0","0","0","0","0","0","0","0","0","0","0","0","0","0","0","0","0","0","0","0","3.62052014210521","0","0","0","0","0","0","0","0","0","0","0","0","0","0","0","0","0","0","0","0","0","0","0","0","0","0","0","0","0","0","0","0","0","0","0","0","0","2.62687751335225","0","0","0","0","0","0","0","0","0","0","0","0","0","0","0","0","0","0","0","0","0","0","0","0","0","0","0","0","0","0","0","0","0","0","0","0","0","0","0","0","0","0","2.5303379916369","0","0","0","0","0","0","0","1.49476469174958","0","0","0","0","0","0","0","0","0","0","0","0","0","0","1.70670777307353","0","0","0","0","0","1.37121412314157","0","0","0","0","0","0","0","0","0","0","0","0","0","0","0","0","0","0","0","0","0","0","0","0","0","0.871112513737512","0","0","0","0","0","0","0","0","0","0","2.28346903084605","0","1.9728404970542","0","0","0","0","0","0","0","0","0","0","0","0","0","0","0","0","0","0","0","0","0","0","0","1.56317483388238","0","0","0","0","0","0","0","0","0","0","0","0","0","0","0","0","0","0","0","0","0","0","0","0","2.89353077433703","0","0","0","0","0","0","0","0","0","0","0","0","0","0","0","0","0","0","0","0","0","0","0","0","0","0","0","0","0","0","0","0","0","0","0","0","0","0","0","0","0","0","0","0","0","0","0","0","0","0","0","0","0","0","0","0","0","0","0","0","0","0","0","0","2.77747555440897","0","0","0","0","0","0","0","0","0","0","0","0","0","0","0","0","0","0","0","0","0","0","0","0","0","0","0","1.94549946950884","0","0","0","0","0","0","0","0","0","0","0","0","0","0","0","0","0","0","0","0","0","1.23648569833343","0","0","0","0","0","0","0","2.22333752129877","0","0","0","0","2.03308235495583","0","0","0","0","0","0","0","0","0","0","0","0","1.57921470411084","0","0","0","0","0","0","0","0","0","0","0","0","0","0","0","0","0","0","0","0","0","0","0","0","0","0","0","0","0","0","0","0","0","0","0","0","0","0","0","0","0","0","0","0","0","0","0","0","0","0","0","0","0","0","0","0","0","0","0","0","0","0","0","0","0","0","0"
"LRP1__endothelial","0","0","0","0","0","0","0","0","0","0","0","0","0","0","0","0","0","0","0","0","0","0","0","0","0","0","0","0","0","0","0","0","0","0","0","0","0","0","0","0","0","0","0","3.14455828128389","0","0","0","0","0","0","0","0","0","0","0","0","0","0","0","0","0","0","0","0","0","0","0","0","0","0","0","0","0","0","0","0","0","0","0","0","0","0","0","0","0","0","3.96580538425245","0","0","0","0","0","0","0","0","0","0","0","0","0","0","0","0","0","0","0","0","0","0","0","0","0","0","0","0","0","0","0","0","0","0","0","0","0","0","2.94839993485685","0","0","0","0","0","0","0","0","0","0","0","0","0","0","0","0","0","0","0","0","0","0","0","0","0","0","0","0","0","0","0","0","0","0","0","0","0","0","0","0","0","0","0","0","0","0","0","0","0","0","0","2.23029761942179","0","0","0","0","0","0","0","0","0","0","0","0","0","0","0","0","0","0","0","2.5303379916369","0","0","0","0","0","0","0","1.49476469174958","0","0","0","0","0","0","2.6705517446666","0","0","0","0","0","0","0","0","0","0","0","0","0","1.37121412314157","0","0","0","0","0","0","0","0","0","0","0","0","0","0","0","0","0","0","0","0","0","0","0","0","0","2.36327317008973","0","0","0","0","0","0","0","0","0","0","2.28346903084605","0","1.9728404970542","0","0","0","0","0","0","0","0","0","0","0","0","0","0","0","0","0","0","0","0","0","0","0","1.56317483388238","0","0","0","0","0","0","0","0","0","0","0","0","0","0","0","0","0","0","0","0","0","0","0","0","0","0","0","0","0","0","0","0","0","0","0","0","0","0","0","0","0","0","0","0","0","0","0","0","0","0","0","0","0","0","0","0","0","0","0","0","0","0","0","0","0","0","0","0","0","0","0","1.45027523778389","0","0","0","0","0","0","0","0","0","0","0","0","0","0","0","0","0","0","0","0","0","0","0","0","0","0","0","0","0","0","0","0","0","0","0","0","0","0","0","0","0","0","0","0","0","2.74489777002788","0","0","0","0","0","0","0","0","0","0","0","0","0","0","0","0","0","0","0","0","0","2.34162035879779","0","0","0","0","0","0","0","0","0","0","0","0","0","0","0","0","0","0","0","0","0","0","0","0","0","2.3150279858828","0","0","0","0","0","2.26408194180178","0","0","0","0","0","0","0","0","0","0","0","0","0","0","0","0","0","0","0","0","0","0","0","0","0","0","0","0","0","0","0","0","0","0","0","0","0","0","0","0","0","0","0","0","0","0","0","0","0","0","0","0","0","0","0","0","0","0","0","0","0"
"ACKR3__mural","0","0","0","0","0","0","0","0","0","0","0","0","0","0","0","0","0","0","0","0","0","0","0","0","0","0","0","0","0","0","0","0","0","0","0","0","0","0","0","0","0","0","0","0","0","0","0","0","0","0","0","0","0","0","0","0","0","0","0","0","0","0","0","0","0","0","0","0","0","0","0","0","0","0","0","0","0","0","0","0","0","0","0","0","0","0","0","0","0","0","0","0","0","0","0","0","0","0","0","0","0","0","0","0","0","0","0","0","0","0","0","0","0","0","0","0","0","0","0","0","0","0","0","0","0","0","0","0","0","0","0","0","0","0","0","0","0","0","0","0","0","0","0","0","0","0","0","0","0","0","0","0","0","0","0","2.89822448779855","0","0","0","0","0","0","0","0","0","0","0","0","0","0","0","0","0","0","0","0","0","0","0","0","0","0","0","0","0","0","0","0","0","0","0","0","0","0","0","0","0","0","0","0","0","0","0","0","0","0","0","0","0","0","0","0","0","0","0","0","0","0","0","0","0","0","0","0","0","0","0","0","0","0","0","0","0","0","0","0","0","0","0","2.83935570363972","0","0","0","0","0","0","0","0","0","0","0","0","0","0","0","0","0","0","0","0","0","0","0","0","0","0","0","0","0","0","0","0","0","0","0","0","0","0","0","0","0","2.80570738281397","0","0","0","0","0","0","0","0","0","0","0","0","0","0","0","0","0","0","0","0","0","0","0","0","0","0","0","0","0","0","0","0","0","0","0","0","0","0","0","0","0","0","0","0","0","0","0","0","0","0","0","0","0","0","0","0","0","0","0","0","0","0","0","0","0","0","0","2.0246933230237","0","0","0","0","0","0","0","0","0","0","0","0","0","0","0","0","0","0","0","0","0","0","0","0","0","0","0","0","0","0","0","0","0","0","0","0","0","0","0","0","0","0","0","0","0","0","0","0","0","0","0","0","0","0","0","0","0","0","0","0","0","0","0","0","0","0","0","0","0","0","0","0","0","0","0","0","0","0","0","0","0","0","0","0","0","0","0","0","0","0","0","0","0","0","0","0","0","0","0","0","0","0","0","0","0","0","0","0","0","0","2.23625468282088","0","0","0","0","0","0","0","0","0","0","0","0","0","0","0","0","0","0","0","0","0","0","3.21792835737219","0","0","0","0","0","0","0","0","0","0","0","0","0","0","0","0","0","0","0","0","0","0","0","0","0","0","0","0","0","0","0","0","0","0","0","0","0","0","0"
"AXL__mural","0","0","0","0","0","0","0","0","0","0","0","0","0","0","0","0","0","0","0","0","0","0","0","0","0","0","0","0","0","0","0","0","0","0","0","0","0","0","0","0","0","0","0","0","0","0","0","0","0","0","0","0","0","0","0","0","0","0","0","0","0","0","0","0","0","0","0","0","0","0","0","0","0","0","0","0","0","0","0","0","0","0","0","0","0","0","0","0","0","0","0","0","0","0","0","0","0","0","0","0","0","0","0","0","0","0","0","0","0","0","0","0","0","0","0","0","0","0","0","0","0","0","0","0","0","0","0","0","0","0","0","0","0","0","0","0","0","0","0","0","0","0","0","0","0","0","0","0","0","0","0","0","0","0","0","0","0","0","0","0","0","0","0","0","0","0","0","0","0","0","0","0","0","0","0","0","0","0","0","0","0","0","0","0","0","0","0","0","0","0","0","0","0","0","0","0","0","0","0","0","0","0","0","0","0","0","0","0","0","0","0","0","0","0","0","0","0","0","0","0","0","0","0","0","0","0","0","0","0","0","0","0","0","0","0","0","0","0","0","2.02803928731263","0","0","0","0","0","0","0","0","0","0","0","0","0","0","0","0","0","0","0","0","0","0","0","0","0","0","0","0","0","0","0","0","0","0","0","0","0","0","0","0","0","2.3203904501472","0","0","0","0","0","0","0","0","0","0","0","0","0","0","0","0","0","0","0","0","0","0","0","0","0","0","0","0","0","0","0","0","0","0","0","0","0","0","0","0","0","0","0","0","0","2.66512706254909","0","0","0","0","0","0","0","0","0","0","0","0","0","0","0","0","0","0","0","0","0","2.0246933230237","0","0","0","0","0","0","0","0","0","0","3.57039246607316","0","0","0","0","0","0","0","0","0","0","0","0","0","0","0","0","0","0","0","0","0","0","0","0","0","0","0","0","0","0","0","0","0","0","0","0","0","0","0","0","0","0","2.21093867503131","0","0","0","0","0","0","0","0","0","0","0","0","0","0","0","0","0","0","0","0","0","0","0","0","0","0","0","0","0","0","0","0","0","0","0","0","0","0","0","0","0","0","0","0","0","0","0","0","0","0","0","0","0","0","0","0","1.51392597918306","0","0","0","0","0","0","0","0","0","0","0","0","0","0","0","0","0","0","0","0","0","0","3.21792835737219","0","0","0","0","0","0","0","0","0","0","0","0","0","0","0","0","0","0","0","0","0","0","0","0","0","0","0","0","0","0","0","0","0","0","0","0","0","0","0"
"CSPG4__mural","0","0","0","0","0","0","0","0","0","0","0","0","0","0","0","0","0","0","0","0","0","0","0","0","0","0","0","0","0","0","0","0","0","0","0","0","0","0","0","0","0","0","0","0","0","0","0","0","0","0","0","0","0","0","0","0","0","0","0","0","0","0","0","0","0","0","0","0","0","0","0","0","0","0","0","0","0","0","0","0","0","0","0","0","0","0","0","0","0","0","0","0","0","0","0","0","0","0","0","0","0","0","0","0","0","0","0","0","0","0","0","0","0","0","0","0","0","0","0","0","0","0","0","0","0","0","0","0","0","0","0","0","0","0","0","0","0","0","0","0","0","0","0","0","0","0","0","0","0","0","0","0","0","0","0","2.89822448779855","0","0","0","0","0","0","0","0","0","0","0","0","0","0","0","0","0","0","0","0","0","0","0","0","0","0","0","0","0","0","0","0","0","0","0","0","0","0","0","0","0","0","0","0","0","0","0","0","0","0","0","0","0","0","0","0","0","0","0","0","0","0","0","0","0","0","0","0","0","0","0","0","0","0","0","0","0","0","0","0","0","0","0","3.3555104333858","0","0","0","0","0","0","0","0","0","0","0","0","0","0","0","0","0","0","0","0","0","0","0","0","0","0","0","0","0","0","0","0","0","0","0","0","0","0","0","0","0","2.3203904501472","0","0","0","0","0","0","0","0","0","0","0","0","0","0","0","0","0","0","0","0","0","0","0","0","0","0","0","0","0","0","0","0","0","0","0","0","0","0","0","0","0","0","0","0","0","2.66512706254909","0","0","0","0","0","0","0","0","0","0","0","0","0","0","0","0","0","0","0","0","0","2.83554161175871","0","0","0","0","0","0","0","0","0","0","4.11429452574036","0","0","0","0","0","0","0","0","0","0","0","0","0","0","0","0","0","0","0","0","0","0","0","0","0","0","0","0","0","0","0","0","0","0","0","0","0","0","0","0","0","0","0","0","0","0","0","0","0","0","0","0","0","0","0","0","0","0","0","0","0","0","0","0","0","0","0","0","0","0","0","0","0","0","0","0","0","0","0","0","0","0","0","0","0","0","0","0","0","0","0","0","0","0","0","0","0","0","0","2.71536281073221","0","0","0","0","0","0","0","0","0","0","0","0","0","0","0","0","0","0","0","0","0","0","3.21792835737219","0","0","0","0","0","0","0","0","0","0","0","0","0","0","0","0","0","0","0","0","0","0","0","0","0","0","0","0","0","0","0","0","0","0","0","0","0","0","0"
"FLT1__mural","0","0","0","0","0","0","0","0","0","0","0","0","0","0","0","0","0","0","0","0","0","0","0","0","0","0","0","0","0","0","0","0","0","0","0","0","0","0","0","0","0","0","0","0","0","0","0","0","0","0","0","0","0","0","0","0","0","0","0","0","0","0","0","0","0","0","0","0","0","0","0","0","0","0","0","0","0","0","0","0","0","0","0","0","0","0","0","0","0","0","0","0","0","0","0","0","0","0","0","0","0","0","0","0","0","0","0","0","0","0","0","0","0","0","0","0","0","0","0","0","0","0","0","0","0","0","0","0","0","0","0","0","0","0","0","0","0","0","0","0","0","0","0","0","0","0","0","0","0","0","0","0","0","0","0","0","0","0","0","0","0","0","0","0","0","0","0","0","0","0","0","0","0","0","0","0","0","0","0","0","0","0","0","0","0","0","0","0","0","0","0","0","0","0","0","0","0","0","0","0","0","0","0","0","0","0","0","0","0","0","0","0","0","0","0","0","0","0","0","0","0","0","0","0","0","0","0","0","0","0","0","0","0","0","0","0","0","0","0","2.83935570363972","0","0","0","0","0","0","0","0","0","0","0","0","0","0","0","0","0","0","0","0","0","0","0","0","0","0","0","0","0","0","0","0","0","0","0","0","0","0","0","0","0","0","0","0","0","0","0","0","0","0","0","0","0","0","0","0","0","0","0","0","0","0","0","0","0","0","0","0","0","0","0","0","0","0","0","0","0","0","0","0","0","0","0","0","0","0","0","2.66512706254909","0","0","0","0","0","0","0","0","0","0","0","0","0","0","0","0","0","0","0","0","0","0","0","0","0","0","0","0","0","0","0","0","0","0","0","0","0","0","0","0","0","0","0","0","0","0","0","0","0","0","0","0","0","0","0","0","0","0","0","0","0","0","0","0","0","0","0","0","0","0","0","0","0","0","0","3.04605936239703","0","0","0","0","0","0","0","0","0","0","0","0","0","0","0","0","0","0","0","0","0","0","0","0","0","0","0","0","0","0","0","0","0","0","0","0","0","0","0","0","0","0","0","0","0","0","0","0","0","0","0","0","0","0","0","0","0","0","0","0","0","0","0","0","0","0","0","0","0","0","0","0","0","0","0","0","0","0","0","3.21792835737219","0","0","0","0","0","0","0","0","0","0","0","0","0","0","0","0","0","0","0","0","0","0","0","0","0","0","0","0","0","0","0","0","0","0","0","0","0","0","0"
"ITGA1__mural","0","0","0","0","0","0","0","0","0","0","0","0","0","0","0","0","0","0","0","0","0","0","0","0","0","0","0","0","0","0","0","0","0","0","2.90158942986974","0","0","0","0","0","0","0","0","0","0","0","0","0","0","0","0","0","0","0","0","0","0","0","0","0","0","0","0","0","0","0","0","0","0","0","0","0","0","0","0","0","0","0","0","0","0","0","0","0","0","0","0","0","0","0","0","0","0","0","0","0","0","0","0","0","0","0","0","0","0","0","0","0","0","0","0","0","0","0","0","0","0","0","0","0","0","0","0","0","0","0","0","0","0","0","0","0","0","0","0","0","0","0","0","0","0","0","0","0","0","0","0","0","0","0","0","0","0","0","0","0","0","0","0","0","0","0","0","0","0","0","0","0","0","0","0","0","0","0","0","0","0","0","0","0","0","0","0","0","0","0","0","0","0","0","0","0","0","0","0","0","0","0","0","0","0","0","0","0","0","0","0","0","0","0","0","0","0","0","0","0","0","0","0","0","0","0","0","0","0","0","0","0","0","0","0","0","0","0","0","0","0","0","0","0","0","0","0","0","0","0","0","0","0","0","0","0","0","0","0","0","0","0","0","0","0","0","0","0","0","0","0","0","0","0","0","0","0","0","0","0","0","0","0","0","0","1.58368124393988","0","0","0","0","0","0","0","0","0","0","0","0","0","0","0","0","0","0","0","0","0","0","0","0","0","0","0","0","0","0","0","0","0","0","0","0","0","0","0","0","0","0","0","0","0","0","0","0","0","0","0","0","0","0","0","0","0","0","0","0","0","0","0","0","0","0","0","2.83554161175871","0","0","0","0","0","0","0","0","0","0","3.57039246607316","0","0","0","0","0","0","0","0","0","0","0","0","0","0","0","0","0","0","0","0","0","0","0","0","0","0","0","0","0","0","0","0","0","0","0","0","0","0","0","0","0","0","0","0","0","0","0","0","0","0","0","0","0","0","0","0","0","0","0","0","0","0","0","0","0","0","0","0","0","0","0","0","0","0","0","0","0","0","0","0","0","0","0","0","0","0","0","0","0","0","0","0","0","0","0","0","0","0","0","0","0","0","0","0","0","0","0","0","0","0","0","0","0","0","0","0","0","0","0","0","0","0","0","0","0","0","0","0","0","0","0","0","0","0","0","0","0","0","0","0","0","0","0","0","0","0","0","0","0","0","0","0","0","0","0","0","0","0","0","0","0","0"
"PDGFRB__mural","0","0","0","0","0","0","0","0","0","0","0","0","0","0","0","0","0","0","0","0","0","0","0","0","0","0","0","0","0","0","0","0","0","0","0","0","0","0","0","0","0","0","0","0","0","0","0","0","0","0","0","0","0","0","0","0","0","0","0","0","0","0","0","0","0","0","0","0","0","0","0","0","0","0","0","0","0","0","0","0","0","0","0","0","0","0","0","0","0","0","0","0","0","0","0","0","0","0","0","0","0","0","0","0","0","0","0","0","0","0","0","0","0","0","0","0","0","0","0","0","0","0","0","0","0","0","0","0","0","0","0","0","0","0","0","0","0","0","0","0","0","0","0","0","0","0","0","0","0","0","0","0","0","0","0","4.09910230845231","0","0","0","0","0","0","0","0","0","0","0","0","0","0","0","0","0","0","0","0","0","0","0","0","0","0","0","0","0","0","0","0","0","0","0","0","0","0","0","0","0","0","0","0","0","0","0","0","0","0","0","0","0","0","0","0","0","0","0","0","0","0","0","0","0","0","0","0","0","0","0","0","0","0","0","0","0","0","0","0","0","0","0","5.56002788884845","0","0","0","0","0","0","0","0","0","0","0","0","0","0","0","0","0","0","0","0","0","0","0","0","0","0","0","0","0","0","0","0","0","0","0","0","0","0","0","0","0","3.45768416803498","0","0","0","0","0","0","0","0","0","0","0","0","0","0","0","0","0","0","0","0","0","0","0","0","0","0","0","0","0","0","0","0","0","0","0","0","0","0","0","0","0","0","0","0","0","4.48357891747308","0","0","0","0","0","0","0","0","0","0","0","0","0","0","0","0","0","0","0","0","0","4.27904943887295","0","0","0","0","0","0","0","0","0","0","4.50835509150036","0","0","0","0","0","0","0","0","0","0","0","0","0","0","0","0","0","0","0","0","0","0","0","0","0","0","0","0","0","0","0","0","0","0","0","0","0","0","0","0","0","0","3.04605936239703","0","0","0","0","0","0","0","0","0","0","0","0","0","0","0","0","0","0","0","0","0","0","0","0","0","0","0","0","0","0","0","0","0","0","0","0","0","0","0","0","0","0","0","0","0","0","0","0","0","0","0","0","0","0","0","0","3.36167112089162","0","0","0","0","0","0","0","0","0","0","0","0","0","0","0","0","0","0","0","0","0","0","2.36520235608142","0","0","0","0","0","0","0","0","0","0","0","0","0","0","0","0","0","0","0","0","0","0","0","0","0","0","0","0","0","0","0","0","0","0","0","0","0","0","0"
"PTPRB__mural","0","0","0","0","0","0","0","0","0","0","0","0","0","0","0","0","0","0","0","0","0","0","0","0","0","0","0","0","0","0","0","0","0","0","0","0","0","0","0","0","0","0","0","0","0","0","0","0","0","0","0","0","0","0","0","0","0","0","0","0","0","0","0","0","0","0","0","0","0","0","0","0","0","0","0","0","0","0","0","0","0","0","0","0","0","0","0","0","0","0","0","0","0","0","0","0","0","0","0","0","0","0","0","0","0","0","0","0","0","0","0","0","0","0","0","0","0","0","0","0","0","0","0","0","0","0","0","0","0","0","0","0","0","0","0","0","0","0","0","0","0","0","0","0","0","0","0","0","0","0","0","0","0","0","0","0","0","0","0","0","0","0","0","0","0","0","0","0","0","0","0","0","0","0","0","0","0","0","0","0","0","0","0","0","0","0","0","0","0","0","0","0","0","0","0","0","0","0","0","0","0","0","0","0","0","0","0","0","0","0","0","0","0","0","0","0","0","0","0","0","0","0","0","0","0","0","0","0","0","0","0","0","0","0","0","0","0","0","0","0","0","0","0","0","0","0","0","0","0","0","0","0","0","0","0","0","0","0","0","0","0","0","0","0","0","0","0","0","0","0","0","0","0","0","0","0","0","0","0","0","0","2.3203904501472","0","0","0","0","0","0","0","0","0","0","0","0","0","0","0","0","0","0","0","0","0","0","0","0","0","0","0","0","0","0","0","0","0","0","0","0","0","0","0","0","0","0","0","0","0","3.17220707019835","0","0","0","0","0","0","0","0","0","0","0","0","0","0","0","0","0","0","0","0","0","0","0","0","0","0","0","0","0","0","0","0","0","0","0","0","0","0","0","0","0","0","0","0","0","0","0","0","0","0","0","0","0","0","0","0","0","0","0","0","0","0","0","0","0","0","0","0","0","0","0","0","0","0","0","3.04605936239703","0","0","0","0","0","0","0","0","0","0","0","0","0","0","0","0","0","0","0","0","0","0","0","0","0","0","0","0","0","0","0","0","0","0","0","0","0","0","0","0","0","0","0","0","0","0","0","0","0","0","0","0","0","0","0","0","2.23625468282088","0","0","0","0","0","0","0","0","0","0","0","0","0","0","0","0","0","0","0","0","0","0","3.21792835737219","0","0","0","0","0","0","0","0","0","0","0","0","0","0","0","0","0","0","0","0","0","0","0","0","0","0","0","0","0","0","0","0","0","0","0","0","0","0","0"
"SDC3__mural","0","0","0","0","0","0","0","0","0","0","0","0","0","0","0","0","0","0","0","0","0","0","0","0","0","0","0","0","0","0","0","0","0","0","0","0","0","0","0","0","0","0","0","0","0","0","0","0","0","0","0","0","0","0","0","0","0","0","0","0","0","0","0","0","0","0","0","0","0","0","0","0","0","0","0","0","0","0","0","0","0","0","0","0","0","0","0","0","0","0","0","0","0","0","0","0","0","0","0","0","0","0","0","0","0","0","0","0","0","0","0","0","0","0","0","0","0","0","0","0","0","0","0","0","0","0","0","0","0","0","0","0","0","0","0","0","0","0","0","0","0","0","0","0","0","0","0","0","0","0","0","0","0","0","0","3.7980678100281","0","0","0","0","0","0","0","0","0","0","0","0","0","0","0","0","0","0","0","0","0","0","0","0","0","0","0","0","0","0","0","0","0","0","0","0","0","0","0","0","0","0","0","0","0","0","0","0","0","0","0","0","0","0","0","0","0","0","0","0","0","0","0","0","0","0","0","0","0","0","0","0","0","0","0","0","0","0","0","0","0","0","0","0","0","0","0","0","0","0","0","0","0","0","0","0","0","0","0","0","0","0","0","0","0","0","0","0","0","0","0","0","0","0","0","0","0","0","0","0","0","0","0","0","0","2.3203904501472","0","0","0","0","0","0","0","0","0","0","0","0","0","0","0","0","0","0","0","0","0","0","0","0","0","0","0","0","0","0","0","0","0","0","0","0","0","0","0","0","0","0","0","0","0","3.54666773393192","0","0","0","0","0","0","0","0","0","0","0","0","0","0","0","0","0","0","0","0","0","0","0","0","0","0","0","0","0","0","0","0","0","0","0","0","0","0","0","0","0","0","0","0","0","0","0","0","0","0","0","0","0","0","0","0","0","0","0","0","0","0","0","0","0","0","0","0","0","0","0","0","0","0","0","0","0","0","0","0","0","0","0","0","0","0","0","0","0","0","0","0","0","0","0","0","0","0","0","0","0","0","0","0","0","0","0","0","0","0","0","0","0","0","0","0","0","0","0","0","0","0","0","0","0","0","0","0","0","0","0","0","0","0","0","0","0","0","0","0","0","0","0","0","0","0","0","0","0","0","0","0","0","0","0","3.21792835737219","0","0","0","0","0","0","0","0","0","0","0","0","0","0","0","0","0","0","0","0","0","0","0","0","0","0","0","0","0","0","0","0","0","0","0","0","0","0","0"
"TNFRSF21__mural","0","0","0","0","0","0","0","0","0","0","0","0","0","0","0","0","0","0","0","0","0","0","0","0","0","0","0","0","0","0","0","0","0","0","0","0","0","0","0","0","0","0","0","0","0","0","0","0","0","0","0","0","0","0","0","0","0","0","0","0","0","0","0","0","0","0","0","0","0","0","0","0","0","0","0","0","0","0","0","0","0","0","0","0","0","0","0","0","0","0","0","0","0","0","0","0","0","0","0","0","0","0","0","0","0","0","0","0","0","0","0","0","0","0","0","0","0","0","0","0","0","0","0","0","0","0","0","0","0","0","0","0","0","0","0","0","0","0","0","0","0","0","0","0","0","0","0","0","0","0","0","0","0","0","0","2.89822448779855","0","0","0","0","0","0","0","0","0","0","0","0","0","0","0","0","0","0","0","0","0","0","0","0","0","0","0","0","0","0","0","0","0","0","0","0","0","0","0","0","0","0","0","0","0","0","0","0","0","0","0","0","0","0","0","0","0","0","0","0","0","0","0","0","0","0","0","0","0","0","0","0","0","0","0","0","0","0","0","0","0","0","0","2.02803928731263","0","0","0","0","0","0","0","0","0","0","0","0","0","0","0","0","0","0","0","0","0","0","0","0","0","0","0","0","0","0","0","0","0","0","0","0","0","0","0","0","0","0","0","0","0","0","0","0","0","0","0","0","0","0","0","0","0","0","0","0","0","0","0","0","0","0","0","0","0","0","0","0","0","0","0","0","0","0","0","0","0","0","0","0","0","0","0","0","0","0","0","0","0","0","0","0","0","0","0","0","0","0","0","0","0","0","0","0","0","2.83554161175871","0","0","0","0","0","0","0","0","0","0","0","0","0","0","0","0","0","0","0","0","0","0","0","0","0","0","0","0","0","0","0","0","0","0","0","0","0","0","0","0","0","0","0","0","0","0","0","0","0","0","0","0","0","2.21093867503131","0","0","0","0","0","0","0","0","0","0","0","0","0","0","0","0","0","0","0","0","0","0","0","0","0","0","0","0","0","0","0","0","0","0","0","0","0","0","0","0","0","0","0","0","0","0","0","0","0","0","0","0","0","0","0","0","0","0","0","0","0","0","0","0","0","0","0","0","0","0","0","0","0","0","0","0","0","0","0","2.36520235608142","0","0","0","0","0","0","0","0","0","0","0","0","0","0","0","0","0","0","0","0","0","0","0","0","0","0","0","0","0","0","0","0","0","0","0","0","0","0","0"
"ADORA1__mural","0","0","0","0","0","0","0","0","0","0","0","0","0","0","0","0","0","0","0","0","0","0","0","0","0","0","0","0","0","0","0","0","0","0","0","0","0","0","0","0","0","0","0","0","0","0","0","0","0","0","0","0","0","0","0","0","0","0","0","0","0","0","0","0","0","0","0","0","0","0","0","0","0","0","0","0","0","0","0","0","0","0","0","0","0","0","0","0","0","0","0","0","0","0","0","0","0","0","0","0","0","0","0","0","0","0","0","0","0","0","0","0","0","0","0","0","0","0","0","0","0","0","0","0","0","0","0","0","0","0","0","0","0","0","0","0","0","0","0","0","0","0","0","0","0","0","0","0","0","0","0","0","0","0","0","0","0","0","0","0","0","0","0","0","0","0","0","0","0","0","0","0","0","0","0","0","0","0","0","0","0","0","0","0","0","0","0","0","0","0","0","0","0","0","0","0","0","0","0","0","0","0","0","0","0","0","0","0","0","0","0","0","0","0","0","0","0","0","0","0","0","0","0","0","0","0","0","0","0","0","0","0","0","0","0","0","0","0","0","2.02803928731263","0","0","0","0","0","0","0","0","0","0","0","0","0","0","0","0","0","0","0","0","0","0","0","0","0","0","0","0","0","0","0","0","0","0","0","0","0","0","0","0","0","2.3203904501472","0","0","0","0","0","0","0","0","0","0","0","0","0","0","0","0","0","0","0","0","0","0","0","0","0","0","0","0","0","0","0","0","0","0","0","0","0","0","0","0","0","0","0","0","0","0","0","0","0","0","0","0","0","0","0","0","0","0","0","0","0","0","0","0","0","0","0","2.83554161175871","0","0","0","0","0","0","0","0","0","0","0","0","0","0","0","0","0","0","0","0","0","0","0","0","0","0","0","0","0","0","0","0","0","0","0","0","0","0","0","0","0","0","0","0","0","0","0","0","0","0","0","0","0","0","0","0","0","0","0","0","0","0","0","0","0","0","0","0","0","0","0","0","0","0","0","0","0","0","0","0","0","0","0","0","0","0","0","0","0","0","0","0","0","0","0","0","0","0","0","0","0","0","0","0","0","0","0","0","0","0","0","0","0","0","0","0","0","0","0","0","0","0","0","0","0","0","0","0","0","0","0","0","0","3.21792835737219","0","0","0","0","0","0","0","0","0","0","0","0","0","0","0","0","0","0","0","0","0","0","0","0","0","0","0","0","0","0","0","0","0","0","0","0","0","0","0"
"SLC17A7__mural","0","0","0","0","0","0","0","0","0","0","0","0","0","0","0","0","0","0","0","0","0","0","0","0","0","0","0","0","0","0","0","0","0","0","0","0","0","0","0","0","0","0","0","0","0","0","0","0","0","0","0","0","0","0","0","0","0","0","0","0","0","0","0","0","0","0","0","0","0","0","0","0","0","0","0","0","0","0","0","0","0","0","0","0","0","0","0","0","0","0","0","0","0","0","0","0","0","0","0","0","0","0","0","0","0","0","0","0","0","0","0","0","0","0","0","0","0","0","0","0","0","0","0","0","0","0","0","0","0","0","0","0","0","0","0","0","0","0","0","0","0","0","0","0","0","0","0","0","0","0","0","0","0","0","0","3.41719430241248","0","0","0","0","0","0","0","0","0","0","0","0","0","0","0","0","0","0","0","0","0","0","0","0","0","0","0","0","0","0","0","0","0","0","0","0","0","0","0","0","0","0","0","0","0","0","0","0","0","0","0","0","0","0","0","0","0","0","0","0","0","0","0","0","0","0","0","0","0","0","0","0","0","0","0","0","0","0","0","0","0","0","0","2.83935570363972","0","0","0","0","0","0","0","0","0","0","0","0","0","0","0","0","0","0","0","0","0","0","0","0","0","0","0","0","0","0","0","0","0","0","0","0","0","0","0","0","0","0","0","0","0","0","0","0","0","0","0","0","0","0","0","0","0","0","0","0","0","0","0","0","0","0","0","0","0","0","0","0","0","0","0","0","0","0","0","0","0","0","0","0","0","0","0","2.66512706254909","0","0","0","0","0","0","0","0","0","0","0","0","0","0","0","0","0","0","0","0","0","2.83554161175871","0","0","0","0","0","0","0","0","0","0","2.68699569439168","0","0","0","0","0","0","0","0","0","0","0","0","0","0","0","0","0","0","0","0","0","0","0","0","0","0","0","0","0","0","0","0","0","0","0","0","0","0","0","0","0","0","0","0","0","0","0","0","0","0","0","0","0","0","0","0","0","0","0","0","0","0","0","0","0","0","0","0","0","0","0","0","0","0","0","0","0","0","0","0","0","0","0","0","0","0","0","0","0","0","0","0","0","0","0","0","0","0","0","2.23625468282088","0","0","0","0","0","0","0","0","0","0","0","0","0","0","0","0","0","0","0","0","0","0","0","0","0","0","0","0","0","0","0","0","0","0","0","0","0","0","0","0","0","0","0","0","0","0","0","0","0","0","0","0","0","0","0","0","0","0","0","0","0","0"
"GLG1__mural","0","0","0","0","0","0","0","0","0","0","0","0","0","0","0","0","0","0","0","0","0","0","0","0","0","0","0","0","0","0","0","0","0","0","0","0","0","0","0","0","0","0","0","0","0","0","0","0","0","0","0","0","0","0","0","0","0","0","0","0","0","0","0","0","0","0","0","0","0","0","0","0","0","0","0","0","0","0","0","0","0","0","0","0","0","0","0","0","0","0","0","0","0","0","0","0","0","0","0","0","0","0","0","0","0","0","0","0","0","0","0","0","0","0","0","0","0","0","0","0","0","0","0","0","0","0","0","0","0","0","0","0","0","0","0","0","0","0","0","0","0","0","0","0","0","0","0","0","0","0","0","0","0","0","0","2.89822448779855","0","0","0","0","0","0","0","0","0","0","0","0","0","0","0","0","0","0","0","0","0","0","0","0","0","0","0","0","0","0","0","0","0","0","0","0","0","0","0","0","0","0","0","0","0","0","0","0","0","0","0","0","0","0","0","0","0","0","0","0","0","0","0","0","0","0","0","0","0","0","0","0","0","0","0","0","0","0","0","0","0","0","0","0","0","0","0","0","0","0","0","0","0","0","0","0","0","0","0","0","0","0","0","0","0","0","0","0","0","0","0","0","0","0","0","0","0","0","0","0","0","0","0","0","0","0","0","0","0","0","0","0","0","0","0","0","0","0","0","0","0","0","0","0","0","0","0","0","0","0","0","0","0","0","0","0","0","0","0","0","0","0","0","0","0","0","0","0","0","0","0","2.66512706254909","0","0","0","0","0","0","0","0","0","0","0","0","0","0","0","0","0","0","0","0","0","2.83554161175871","0","0","0","0","0","0","0","0","0","0","3.57039246607316","0","0","0","0","0","0","0","0","0","0","0","0","0","0","0","0","0","0","0","0","0","0","0","0","0","0","0","0","0","0","0","0","0","0","0","0","0","0","0","0","0","0","0","0","0","0","0","0","0","0","0","0","0","0","0","0","0","0","0","0","0","0","0","0","0","0","0","0","0","0","0","0","0","0","0","0","0","0","0","0","0","0","0","0","0","0","0","0","0","0","0","0","0","0","0","0","0","0","0","2.23625468282088","0","0","0","0","0","0","0","0","0","0","0","0","0","0","0","0","0","0","0","0","0","0","0","0","0","0","0","0","0","0","0","0","0","0","0","0","0","0","0","0","0","0","0","0","0","0","0","0","0","0","0","0","0","0","0","0","0","0","0","0","0","0"
"DAG1__mural","0","0","0","0","0","0","0","0","0","0","0","0","0","0","0","0","0","0","0","0","0","0","0","0","0","0","0","0","0","0","0","0","0","0","2.90158942986974","0","0","0","0","0","0","0","0","0","0","0","0","0","0","0","0","0","0","0","0","0","0","0","0","0","0","0","0","0","0","0","0","0","0","0","0","0","0","0","0","0","0","0","0","0","0","0","0","0","0","0","0","0","0","0","0","0","0","0","0","0","0","0","0","0","0","0","0","0","0","0","0","0","0","0","0","0","0","0","0","0","0","0","0","0","0","0","0","0","0","0","0","0","0","0","0","0","0","0","0","0","0","0","0","0","0","0","0","0","0","0","0","0","0","0","0","0","0","0","0","2.89822448779855","0","0","0","0","0","0","0","0","0","0","0","0","0","0","0","0","0","0","0","0","0","0","0","0","0","0","0","0","0","0","0","0","0","0","0","0","0","0","0","0","0","0","0","0","0","0","0","0","0","0","0","0","0","0","0","0","0","0","0","0","0","0","0","0","0","0","0","0","0","0","0","0","0","0","0","0","0","0","0","0","0","0","0","0","0","0","0","0","0","0","0","0","0","0","0","0","0","0","0","0","0","0","0","0","0","0","0","0","0","0","0","0","0","0","0","0","0","0","0","0","0","0","0","0","0","2.3203904501472","0","0","0","0","0","0","0","0","0","0","0","0","0","0","0","0","0","0","0","0","0","0","0","0","0","0","0","0","0","0","0","0","0","0","0","0","0","0","0","0","0","0","0","0","0","0","0","0","0","0","0","0","0","0","0","0","0","0","0","0","0","0","0","0","0","0","0","2.83554161175871","0","0","0","0","0","0","0","0","0","0","0","0","0","0","0","0","0","0","0","0","0","0","0","0","0","0","0","0","0","0","0","0","0","0","0","0","0","0","0","0","0","0","0","0","0","0","0","0","0","0","0","0","0","0","0","0","0","0","0","0","0","0","0","0","0","0","0","0","0","0","0","0","0","0","0","0","0","0","0","0","0","0","0","0","0","0","0","0","0","0","0","0","0","0","0","0","0","0","0","0","0","0","0","0","0","0","0","0","0","0","2.23625468282088","0","0","0","0","0","0","0","0","0","0","0","0","0","0","0","0","0","0","0","0","0","0","3.21792835737219","0","0","0","0","0","0","0","0","0","0","0","0","0","0","0","0","0","0","0","0","0","0","0","0","0","0","0","0","0","0","0","0","0","0","0","0","0","0","0"
"EPHB6__mural","0","0","0","0","0","0","0","0","0","0","0","0","0","0","0","0","0","0","0","0","0","0","0","0","0","0","0","0","0","0","0","0","0","0","0","0","0","0","0","0","0","0","0","0","0","0","0","0","0","0","0","0","0","0","0","0","0","0","0","0","0","0","0","0","0","0","0","0","0","0","0","0","0","0","0","0","0","0","0","0","0","0","0","0","0","0","0","0","0","0","0","0","0","0","0","0","0","0","0","0","0","0","0","0","0","0","0","0","0","0","0","0","0","0","0","0","0","0","0","0","0","0","0","0","0","0","0","0","0","0","0","0","0","0","0","0","0","0","0","0","0","0","0","0","0","0","0","0","0","0","0","0","0","0","0","2.89822448779855","0","0","0","0","0","0","0","0","0","0","0","0","0","0","0","0","0","0","0","0","0","0","0","0","0","0","0","0","0","0","0","0","0","0","0","0","0","0","0","0","0","0","0","0","0","0","0","0","0","0","0","0","0","0","0","0","0","0","0","0","0","0","0","0","0","0","0","0","0","0","0","0","0","0","0","0","0","0","0","0","0","0","0","0","0","0","0","0","0","0","0","0","0","0","0","0","0","0","0","0","0","0","0","0","0","0","0","0","0","0","0","0","0","0","0","0","0","0","0","0","0","0","0","0","0","0","0","0","0","0","0","0","0","0","0","0","0","0","0","0","0","0","0","0","0","0","0","0","0","0","0","0","0","0","0","0","0","0","0","0","0","0","0","0","0","0","0","0","0","0","0","0","0","0","0","0","0","0","0","0","0","0","0","0","0","0","0","0","0","0","0","0","0","2.83554161175871","0","0","0","0","0","0","0","0","0","0","3.57039246607316","0","0","0","0","0","0","0","0","0","0","0","0","0","0","0","0","0","0","0","0","0","0","0","0","0","0","0","0","0","0","0","0","0","0","0","0","0","0","0","0","0","0","0","0","0","0","0","0","0","0","0","0","0","0","0","0","0","0","0","0","0","0","0","0","0","0","0","0","0","0","0","0","0","0","0","0","0","0","0","0","0","0","0","0","0","0","0","0","0","0","0","0","0","0","0","0","0","0","0","2.23625468282088","0","0","0","0","0","0","0","0","0","0","0","0","0","0","0","0","0","0","0","0","0","0","0","0","0","0","0","0","0","0","0","0","0","0","0","0","0","0","0","0","0","0","0","0","0","0","0","0","0","0","0","0","0","0","0","0","0","0","0","0","0","0"
"IGF1R__mural","0","0","0","0","0","0","0","0","0","0","0","0","0","0","0","0","0","0","0","0","0","0","0","0","0","0","0","0","0","0","0","0","0","0","0","0","0","0","0","0","0","0","0","0","0","0","0","0","0","0","0","0","0","0","0","0","0","0","0","0","0","0","0","0","0","0","0","0","0","0","0","0","0","0","0","0","0","0","0","0","0","0","0","0","0","0","0","0","0","0","0","0","0","0","0","0","0","0","0","0","0","0","0","0","0","0","0","0","0","0","0","0","0","0","0","0","0","0","0","0","0","0","0","0","0","0","0","0","0","0","0","0","0","0","0","0","0","0","0","0","0","0","0","0","0","0","0","0","0","0","0","0","0","0","0","0","0","0","0","0","0","0","0","0","0","0","0","0","0","0","0","0","0","0","0","0","0","0","0","0","0","0","0","0","0","0","0","0","0","0","0","0","0","0","0","0","0","0","0","0","0","0","0","0","0","0","0","0","0","0","0","0","0","0","0","0","0","0","0","0","0","0","0","0","0","0","0","0","0","0","0","0","0","0","0","0","0","0","0","0","0","0","0","0","0","0","0","0","0","0","0","0","0","0","0","0","0","0","0","0","0","0","0","0","0","0","0","0","0","0","0","0","0","0","0","0","0","0","0","0","0","2.80570738281397","0","0","0","0","0","0","0","0","0","0","0","0","0","0","0","0","0","0","0","0","0","0","0","0","0","0","0","0","0","0","0","0","0","0","0","0","0","0","0","0","0","0","0","0","0","3.17220707019835","0","0","0","0","0","0","0","0","0","0","0","0","0","0","0","0","0","0","0","0","0","2.83554161175871","0","0","0","0","0","0","0","0","0","0","0","0","0","0","0","0","0","0","0","0","0","0","0","0","0","0","0","0","0","0","0","0","0","0","0","0","0","0","0","0","0","0","0","0","0","0","0","0","0","0","0","0","0","3.95596892248471","0","0","0","0","0","0","0","0","0","0","0","0","0","0","0","0","0","0","0","0","0","0","0","0","0","0","0","0","0","0","0","0","0","0","0","0","0","0","0","0","0","0","0","0","0","0","0","0","0","0","0","0","0","0","0","0","1.51392597918306","0","0","0","0","0","0","0","0","0","0","0","0","0","0","0","0","0","0","0","0","0","0","0","0","0","0","0","0","0","0","0","0","0","0","0","0","0","0","0","0","0","0","0","0","0","0","0","0","0","0","0","0","0","0","0","0","0","0","0","0","0","0"
"PTPRZ1__mural","0","0","0","0","0","0","0","0","0","0","0","0","0","0","0","0","0","0","0","0","0","0","0","0","0","0","0","0","0","0","0","0","0","0","3.80167435520601","0","0","0","0","0","0","0","0","0","0","0","0","0","0","0","0","0","0","0","0","0","0","0","0","0","0","0","0","0","0","0","0","0","0","0","0","0","0","0","0","0","0","0","0","0","0","0","0","0","0","0","0","0","0","0","0","0","0","0","0","0","0","0","0","0","0","0","0","0","0","0","0","0","0","0","0","0","0","0","0","0","0","0","0","0","0","0","0","0","0","0","0","0","0","0","0","0","0","0","0","0","0","0","0","0","0","0","0","0","0","0","0","0","0","0","0","0","0","0","0","0","0","0","0","0","0","0","0","0","0","0","0","0","0","0","0","0","0","0","0","0","0","0","0","0","0","0","0","0","0","0","0","0","0","0","0","0","0","0","0","0","0","0","0","0","0","0","0","0","0","0","0","0","0","0","0","0","0","0","0","0","0","0","0","0","0","0","0","0","0","0","0","0","0","0","0","0","0","0","0","0","0","0","0","2.83935570363972","0","0","0","0","0","0","0","0","0","0","0","0","0","0","0","0","0","0","0","0","0","0","0","0","0","0","0","0","0","0","0","0","0","0","0","0","0","0","0","0","0","1.58368124393988","0","0","0","0","0","0","0","0","0","0","0","0","0","0","0","0","0","0","0","0","0","0","0","0","0","0","0","0","0","0","0","0","0","0","0","0","0","0","0","0","0","0","0","0","0","0","0","0","0","0","0","0","0","0","0","0","0","0","0","0","0","0","0","0","0","0","0","0","0","0","0","0","0","0","0","0","0","0","0","0","0","0","0","0","0","0","0","0","0","0","0","0","0","0","0","0","0","0","0","0","0","0","0","0","0","0","0","0","0","0","0","0","0","0","0","0","0","0","0","0","0","2.21093867503131","0","0","0","0","0","0","0","0","0","0","0","0","0","0","0","0","0","0","0","0","0","0","0","0","0","0","0","0","0","0","0","0","0","0","0","0","0","0","0","0","0","0","0","0","0","0","0","0","0","0","0","0","0","0","0","0","1.51392597918306","0","0","0","0","0","0","0","0","0","0","0","0","0","0","0","0","0","0","0","0","0","0","0","0","0","0","0","0","0","0","0","0","0","0","0","0","0","0","0","0","0","0","0","0","0","0","0","0","0","0","0","0","0","0","0","0","0","0","0","0","0","0"
"GRM3__mural","0","0","0","0","0","0","0","0","0","0","0","0","0","0","0","0","0","0","0","0","0","0","0","0","0","0","0","0","0","0","0","0","0","0","3.80167435520601","0","0","0","0","0","0","0","0","0","0","0","0","0","0","0","0","0","0","0","0","0","0","0","0","0","0","0","0","0","0","0","0","0","0","0","0","0","0","0","0","0","0","0","0","0","0","0","0","0","0","0","0","0","0","0","0","0","0","0","0","0","0","0","0","0","0","0","0","0","0","0","0","0","0","0","0","0","0","0","0","0","0","0","0","0","0","0","0","0","0","0","0","0","0","0","0","0","0","0","0","0","0","0","0","0","0","0","0","0","0","0","0","0","0","0","0","0","0","0","0","0","0","0","0","0","0","0","0","0","0","0","0","0","0","0","0","0","0","0","0","0","0","0","0","0","0","0","0","0","0","0","0","0","0","0","0","0","0","0","0","0","0","0","0","0","0","0","0","0","0","0","0","0","0","0","0","0","0","0","0","0","0","0","0","0","0","0","0","0","0","0","0","0","0","0","0","0","0","0","0","0","0","0","0","0","0","0","0","0","0","0","0","0","0","0","0","0","0","0","0","0","0","0","0","0","0","0","0","0","0","0","0","0","0","0","0","0","0","0","0","0","0","0","0","0","0","2.3203904501472","0","0","0","0","0","0","0","0","0","0","0","0","0","0","0","0","0","0","0","0","0","0","0","0","0","0","0","0","0","0","0","0","0","0","0","0","0","0","0","0","0","0","0","0","0","0","0","0","0","0","0","0","0","0","0","0","0","0","0","0","0","0","0","0","0","0","0","2.83554161175871","0","0","0","0","0","0","0","0","0","0","2.68699569439168","0","0","0","0","0","0","0","0","0","0","0","0","0","0","0","0","0","0","0","0","0","0","0","0","0","0","0","0","0","0","0","0","0","0","0","0","0","0","0","0","0","0","3.04605936239703","0","0","0","0","0","0","0","0","0","0","0","0","0","0","0","0","0","0","0","0","0","0","0","0","0","0","0","0","0","0","0","0","0","0","0","0","0","0","0","0","0","0","0","0","0","0","0","0","0","0","0","0","0","0","0","0","3.07441050651906","0","0","0","0","0","0","0","0","0","0","0","0","0","0","0","0","0","0","0","0","0","0","0","0","0","0","0","0","0","0","0","0","0","0","0","0","0","0","0","0","0","0","0","0","0","0","0","0","0","0","0","0","0","0","0","0","0","0","0","0","0","0"
"ITGB1__mural","0","0","0","0","0","0","0","0","0","0","0","0","0","0","0","0","0","0","0","0","0","0","0","0","0","0","0","0","0","0","0","0","0","0","0","0","0","0","0","0","0","0","0","0","0","0","0","0","0","0","0","0","0","0","0","0","0","0","0","0","0","0","0","0","0","0","0","0","0","0","0","0","0","0","0","0","0","0","0","0","0","0","0","0","0","0","0","0","0","0","0","0","0","0","0","0","0","0","0","0","0","0","0","0","0","0","0","0","0","0","0","0","0","0","0","0","0","0","0","0","0","0","0","0","0","0","0","0","0","0","0","0","0","0","0","0","0","0","0","0","0","0","0","0","0","0","0","0","0","0","0","0","0","0","0","0","0","0","0","0","0","0","0","0","0","0","0","0","0","0","0","0","0","0","0","0","0","0","0","0","0","0","0","0","0","0","0","0","0","0","0","0","0","0","0","0","0","0","0","0","0","0","0","0","0","0","0","0","0","0","0","0","0","0","0","0","0","0","0","0","0","0","0","0","0","0","0","0","0","0","0","0","0","0","0","0","0","0","0","2.83935570363972","0","0","0","0","0","0","0","0","0","0","0","0","0","0","0","0","0","0","0","0","0","0","0","0","0","0","0","0","0","0","0","0","0","0","0","0","0","0","0","0","0","0","0","0","0","0","0","0","0","0","0","0","0","0","0","0","0","0","0","0","0","0","0","0","0","0","0","0","0","0","0","0","0","0","0","0","0","0","0","0","0","0","0","0","0","0","0","0","0","0","0","0","0","0","0","0","0","0","0","0","0","0","0","0","0","0","0","0","0","2.83554161175871","0","0","0","0","0","0","0","0","0","0","2.68699569439168","0","0","0","0","0","0","0","0","0","0","0","0","0","0","0","0","0","0","0","0","0","0","0","0","0","0","0","0","0","0","0","0","0","0","0","0","0","0","0","0","0","0","3.04605936239703","0","0","0","0","0","0","0","0","0","0","0","0","0","0","0","0","0","0","0","0","0","0","0","0","0","0","0","0","0","0","0","0","0","0","0","0","0","0","0","0","0","0","0","0","0","0","0","0","0","0","0","0","0","0","0","0","2.23625468282088","0","0","0","0","0","0","0","0","0","0","0","0","0","0","0","0","0","0","0","0","0","0","3.21792835737219","0","0","0","0","0","0","0","0","0","0","0","0","0","0","0","0","0","0","0","0","0","0","0","0","0","0","0","0","0","0","0","0","0","0","0","0","0","0","0"
"NTSR2__mural","0","0","0","0","0","0","0","0","0","0","0","0","0","0","0","0","0","0","0","0","0","0","0","0","0","0","0","0","0","0","0","0","0","0","4.35173260754856","0","0","0","0","0","0","0","0","0","0","0","0","0","0","0","0","0","0","0","0","0","0","0","0","0","0","0","0","0","0","0","0","0","0","0","0","0","0","0","0","0","0","0","0","0","0","0","0","0","0","0","0","0","0","0","0","0","0","0","0","0","0","0","0","0","0","0","0","0","0","0","0","0","0","0","0","0","0","0","0","0","0","0","0","0","0","0","0","0","0","0","0","0","0","0","0","0","0","0","0","0","0","0","0","0","0","0","0","0","0","0","0","0","0","0","0","0","0","0","0","2.07981898156196","0","0","0","0","0","0","0","0","0","0","0","0","0","0","0","0","0","0","0","0","0","0","0","0","0","0","0","0","0","0","0","0","0","0","0","0","0","0","0","0","0","0","0","0","0","0","0","0","0","0","0","0","0","0","0","0","0","0","0","0","0","0","0","0","0","0","0","0","0","0","0","0","0","0","0","0","0","0","0","0","0","0","0","2.83935570363972","0","0","0","0","0","0","0","0","0","0","0","0","0","0","0","0","0","0","0","0","0","0","0","0","0","0","0","0","0","0","0","0","0","0","0","0","0","0","0","0","0","0","0","0","0","0","0","0","0","0","0","0","0","0","0","0","0","0","0","0","0","0","0","0","0","0","0","0","0","0","0","0","0","0","0","0","0","0","0","0","0","0","0","0","0","0","0","2.66512706254909","0","0","0","0","0","0","0","0","0","0","0","0","0","0","0","0","0","0","0","0","0","2.83554161175871","0","0","0","0","0","0","0","0","0","0","4.11429452574036","0","0","0","0","0","0","0","0","0","0","0","0","0","0","0","0","0","0","0","0","0","0","0","0","0","0","0","0","0","0","0","0","0","0","0","0","0","0","0","0","0","0","3.95596892248471","0","0","0","0","0","0","0","0","0","0","0","0","0","0","0","0","0","0","0","0","0","0","0","0","0","0","0","0","0","0","0","0","0","0","0","0","0","0","0","0","0","0","0","0","0","0","0","0","0","0","0","0","0","0","0","0","2.23625468282088","0","0","0","0","0","0","0","0","0","0","0","0","0","0","0","0","0","0","0","0","0","0","3.21792835737219","0","0","0","0","0","0","0","0","0","0","0","0","0","0","0","0","0","0","0","0","0","0","0","0","0","0","0","0","0","0","0","0","0","0","0","0","0","0","0"
"SDC4__mural","0","0","0","0","0","0","0","0","0","0","0","0","0","0","0","0","0","0","0","0","0","0","0","0","0","0","0","0","0","0","0","0","0","0","3.80167435520601","0","0","0","0","0","0","0","0","0","0","0","0","0","0","0","0","0","0","0","0","0","0","0","0","0","0","0","0","0","0","0","0","0","0","0","0","0","0","0","0","0","0","0","0","0","0","0","0","0","0","0","0","0","0","0","0","0","0","0","0","0","0","0","0","0","0","0","0","0","0","0","0","0","0","0","0","0","0","0","0","0","0","0","0","0","0","0","0","0","0","0","0","0","0","0","0","0","0","0","0","0","0","0","0","0","0","0","0","0","0","0","0","0","0","0","0","0","0","0","0","0","0","0","0","0","0","0","0","0","0","0","0","0","0","0","0","0","0","0","0","0","0","0","0","0","0","0","0","0","0","0","0","0","0","0","0","0","0","0","0","0","0","0","0","0","0","0","0","0","0","0","0","0","0","0","0","0","0","0","0","0","0","0","0","0","0","0","0","0","0","0","0","0","0","0","0","0","0","0","0","0","0","0","0","2.02803928731263","0","0","0","0","0","0","0","0","0","0","0","0","0","0","0","0","0","0","0","0","0","0","0","0","0","0","0","0","0","0","0","0","0","0","0","0","0","0","0","0","0","0","0","0","0","0","0","0","0","0","0","0","0","0","0","0","0","0","0","0","0","0","0","0","0","0","0","0","0","0","0","0","0","0","0","0","0","0","0","0","0","0","0","0","0","0","0","2.66512706254909","0","0","0","0","0","0","0","0","0","0","0","0","0","0","0","0","0","0","0","0","0","0","0","0","0","0","0","0","0","0","0","0","0","0","0","0","0","0","0","0","0","0","0","0","0","0","0","0","0","0","0","0","0","0","0","0","0","0","0","0","0","0","0","0","0","0","0","0","0","0","0","0","0","0","0","0","0","0","0","0","0","0","0","0","0","0","0","0","0","0","0","0","0","0","0","0","0","0","0","0","0","0","0","0","0","0","0","0","0","0","0","0","0","0","0","0","0","0","0","0","0","0","0","0","0","0","0","0","0","0","0","0","0","0","0","0","0","0","0","0","0","0","0","0","0","0","0","0","0","0","0","0","0","0","0","3.21792835737219","0","0","0","0","0","0","0","0","0","0","0","0","0","0","0","0","0","0","0","0","0","0","0","0","0","0","0","0","0","0","0","0","0","0","0","0","0","0","0"
"ITGB5__mural","0","0","0","0","0","0","0","0","0","0","0","0","0","0","0","0","0","0","0","0","0","0","0","0","0","0","0","0","0","0","0","0","0","0","3.80167435520601","0","0","0","0","0","0","0","0","0","0","0","0","0","0","0","0","0","0","0","0","0","0","0","0","0","0","0","0","0","0","0","0","0","0","0","0","0","0","0","0","0","0","0","0","0","0","0","0","0","0","0","0","0","0","0","0","0","0","0","0","0","0","0","0","0","0","0","0","0","0","0","0","0","0","0","0","0","0","0","0","0","0","0","0","0","0","0","0","0","0","0","0","0","0","0","0","0","0","0","0","0","0","0","0","0","0","0","0","0","0","0","0","0","0","0","0","0","0","0","0","2.89822448779855","0","0","0","0","0","0","0","0","0","0","0","0","0","0","0","0","0","0","0","0","0","0","0","0","0","0","0","0","0","0","0","0","0","0","0","0","0","0","0","0","0","0","0","0","0","0","0","0","0","0","0","0","0","0","0","0","0","0","0","0","0","0","0","0","0","0","0","0","0","0","0","0","0","0","0","0","0","0","0","0","0","0","0","2.83935570363972","0","0","0","0","0","0","0","0","0","0","0","0","0","0","0","0","0","0","0","0","0","0","0","0","0","0","0","0","0","0","0","0","0","0","0","0","0","0","0","0","0","1.58368124393988","0","0","0","0","0","0","0","0","0","0","0","0","0","0","0","0","0","0","0","0","0","0","0","0","0","0","0","0","0","0","0","0","0","0","0","0","0","0","0","0","0","0","0","0","0","2.66512706254909","0","0","0","0","0","0","0","0","0","0","0","0","0","0","0","0","0","0","0","0","0","0","0","0","0","0","0","0","0","0","0","0","3.57039246607316","0","0","0","0","0","0","0","0","0","0","0","0","0","0","0","0","0","0","0","0","0","0","0","0","0","0","0","0","0","0","0","0","0","0","0","0","0","0","0","0","0","0","0","0","0","0","0","0","0","0","0","0","0","0","0","0","0","0","0","0","0","0","0","0","0","0","0","0","0","0","0","0","0","0","0","0","0","0","0","0","0","0","0","0","0","0","0","0","0","0","0","0","0","0","0","0","0","0","0","0","0","0","0","0","0","0","0","0","0","0","0","0","0","0","0","0","0","0","0","0","0","0","0","0","0","0","0","0","0","0","0","0","0","0","0","0","0","0","0","0","0","0","0","0","0","0","0","0","0","0","0","0","0","0","0","0","0","0","0","0","0","0"
"FZD6__mural","0","0","0","0","0","0","0","0","0","0","0","0","0","0","0","0","0","0","0","0","0","0","0","0","0","0","0","0","0","0","0","0","0","0","0","0","0","0","0","0","0","0","0","0","0","0","0","0","0","0","0","0","0","0","0","0","0","0","0","0","0","0","0","0","0","0","0","0","0","0","0","0","0","0","0","0","0","0","0","0","0","0","0","0","0","0","0","0","0","0","0","0","0","0","0","0","0","0","0","0","0","0","0","0","0","0","0","0","0","0","0","0","0","0","0","0","0","0","0","0","0","0","0","0","0","0","0","0","0","0","0","0","0","0","0","0","0","0","0","0","0","0","0","0","0","0","0","0","0","0","0","0","0","0","0","0","0","0","0","0","0","0","0","0","0","0","0","0","0","0","0","0","0","0","0","0","0","0","0","0","0","0","0","0","0","0","0","0","0","0","0","0","0","0","0","0","0","0","0","0","0","0","0","0","0","0","0","0","0","0","0","0","0","0","0","0","0","0","0","0","0","0","0","0","0","0","0","0","0","0","0","0","0","0","0","0","0","0","0","2.83935570363972","0","0","0","0","0","0","0","0","0","0","0","0","0","0","0","0","0","0","0","0","0","0","0","0","0","0","0","0","0","0","0","0","0","0","0","0","0","0","0","0","0","1.58368124393988","0","0","0","0","0","0","0","0","0","0","0","0","0","0","0","0","0","0","0","0","0","0","0","0","0","0","0","0","0","0","0","0","0","0","0","0","0","0","0","0","0","0","0","0","0","0","0","0","0","0","0","0","0","0","0","0","0","0","0","0","0","0","0","0","0","0","0","0","0","0","0","0","0","0","0","0","0","0","3.57039246607316","0","0","0","0","0","0","0","0","0","0","0","0","0","0","0","0","0","0","0","0","0","0","0","0","0","0","0","0","0","0","0","0","0","0","0","0","0","0","0","0","0","0","0","0","0","0","0","0","0","0","0","0","0","0","0","0","0","0","0","0","0","0","0","0","0","0","0","0","0","0","0","0","0","0","0","0","0","0","0","0","0","0","0","0","0","0","0","0","0","0","0","0","0","0","0","0","0","0","0","2.23625468282088","0","0","0","0","0","0","0","0","0","0","0","0","0","0","0","0","0","0","0","0","0","0","0","0","0","0","0","0","0","0","0","0","0","0","0","0","0","0","0","0","0","0","0","0","0","0","0","0","0","0","0","0","0","0","0","0","0","0","0","0","0","0"
"RYK__mural","0","0","0","0","0","0","0","0","0","0","0","0","0","0","0","0","0","0","0","0","0","0","0","0","0","0","0","0","0","0","0","0","0","0","0","0","0","0","0","0","0","0","0","0","0","0","0","0","0","0","0","0","0","0","0","0","0","0","0","0","0","0","0","0","0","0","0","0","0","0","0","0","0","0","0","0","0","0","0","0","0","0","0","0","0","0","0","0","0","0","0","0","0","0","0","0","0","0","0","0","0","0","0","0","0","0","0","0","0","0","0","0","0","0","0","0","0","0","0","0","0","0","0","0","0","0","0","0","0","0","0","0","0","0","0","0","0","0","0","0","0","0","0","0","0","0","0","0","0","0","0","0","0","0","0","2.89822448779855","0","0","0","0","0","0","0","0","0","0","0","0","0","0","0","0","0","0","0","0","0","0","0","0","0","0","0","0","0","0","0","0","0","0","0","0","0","0","0","0","0","0","0","0","0","0","0","0","0","0","0","0","0","0","0","0","0","0","0","0","0","0","0","0","0","0","0","0","0","0","0","0","0","0","0","0","0","0","0","0","0","0","0","2.02803928731263","0","0","0","0","0","0","0","0","0","0","0","0","0","0","0","0","0","0","0","0","0","0","0","0","0","0","0","0","0","0","0","0","0","0","0","0","0","0","0","0","0","1.58368124393988","0","0","0","0","0","0","0","0","0","0","0","0","0","0","0","0","0","0","0","0","0","0","0","0","0","0","0","0","0","0","0","0","0","0","0","0","0","0","0","0","0","0","0","0","0","0","0","0","0","0","0","0","0","0","0","0","0","0","0","0","0","0","0","0","0","0","0","0","0","0","0","0","0","0","0","0","0","0","2.68699569439168","0","0","0","0","0","0","0","0","0","0","0","0","0","0","0","0","0","0","0","0","0","0","0","0","0","0","0","0","0","0","0","0","0","0","0","0","0","0","0","0","0","0","0","0","0","0","0","0","0","0","0","0","0","0","0","0","0","0","0","0","0","0","0","0","0","0","0","0","0","0","0","0","0","0","0","0","0","0","0","0","0","0","0","0","0","0","0","0","0","0","0","0","0","0","0","0","0","0","0","0","0","0","0","0","0","0","0","0","0","0","0","0","0","0","0","0","0","0","0","0","0","0","2.36520235608142","0","0","0","0","0","0","0","0","0","0","0","0","0","0","0","0","0","0","0","0","0","0","0","0","0","0","0","0","0","0","0","0","0","0","0","0","0","0","0"
"S1PR1__mural","0","0","0","0","0","0","0","0","0","0","0","0","0","0","0","0","0","0","0","0","0","0","0","0","0","0","0","0","0","0","0","0","0","0","2.90158942986974","0","0","0","0","0","0","0","0","0","0","0","0","0","0","0","0","0","0","0","0","0","0","0","0","0","0","0","0","0","0","0","0","0","0","0","0","0","0","0","0","0","0","0","0","0","0","0","0","0","0","0","0","0","0","0","0","0","0","0","0","0","0","0","0","0","0","0","0","0","0","0","0","0","0","0","0","0","0","0","0","0","0","0","0","0","0","0","0","0","0","0","0","0","0","0","0","0","0","0","0","0","0","0","0","0","0","0","0","0","0","0","0","0","0","0","0","0","0","0","0","0","0","0","0","0","0","0","0","0","0","0","0","0","0","0","0","0","0","0","0","0","0","0","0","0","0","0","0","0","0","0","0","0","0","0","0","0","0","0","0","0","0","0","0","0","0","0","0","0","0","0","0","0","0","0","0","0","0","0","0","0","0","0","0","0","0","0","0","0","0","0","0","0","0","0","0","0","0","0","0","0","0","0","0","2.02803928731263","0","0","0","0","0","0","0","0","0","0","0","0","0","0","0","0","0","0","0","0","0","0","0","0","0","0","0","0","0","0","0","0","0","0","0","0","0","0","0","0","0","1.58368124393988","0","0","0","0","0","0","0","0","0","0","0","0","0","0","0","0","0","0","0","0","0","0","0","0","0","0","0","0","0","0","0","0","0","0","0","0","0","0","0","0","0","0","0","0","0","1.87633653348746","0","0","0","0","0","0","0","0","0","0","0","0","0","0","0","0","0","0","0","0","0","0","0","0","0","0","0","0","0","0","0","0","0","0","0","0","0","0","0","0","0","0","0","0","0","0","0","0","0","0","0","0","0","0","0","0","0","0","0","0","0","0","0","0","0","0","0","0","0","0","0","0","0","0","0","3.04605936239703","0","0","0","0","0","0","0","0","0","0","0","0","0","0","0","0","0","0","0","0","0","0","0","0","0","0","0","0","0","0","0","0","0","0","0","0","0","0","0","0","0","0","0","0","0","0","0","0","0","0","0","0","0","0","0","0","0","0","0","0","0","0","0","0","0","0","0","0","0","0","0","0","0","0","0","0","0","0","0","0","0","0","0","0","0","0","0","0","0","0","0","0","0","0","0","0","0","0","0","0","0","0","0","0","0","0","0","0","0","0","0","0","0","0","0","0","0","0","0"
"S1PR3__mural","0","0","0","0","0","0","0","0","0","0","0","0","0","0","0","0","0","0","0","0","0","0","0","0","0","0","0","0","0","0","0","0","0","0","0","0","0","0","0","0","0","0","0","0","0","0","0","0","0","0","0","0","0","0","0","0","0","0","0","0","0","0","0","0","0","0","0","0","0","0","0","0","0","0","0","0","0","0","0","0","0","0","0","0","0","0","0","0","0","0","0","0","0","0","0","0","0","0","0","0","0","0","0","0","0","0","0","0","0","0","0","0","0","0","0","0","0","0","0","0","0","0","0","0","0","0","0","0","0","0","0","0","0","0","0","0","0","0","0","0","0","0","0","0","0","0","0","0","0","0","0","0","0","0","0","0","0","0","0","0","0","0","0","0","0","0","0","0","0","0","0","0","0","0","0","0","0","0","0","0","0","0","0","0","0","0","0","0","0","0","0","0","0","0","0","0","0","0","0","0","0","0","0","0","0","0","0","0","0","0","0","0","0","0","0","0","0","0","0","0","0","0","0","0","0","0","0","0","0","0","0","0","0","0","0","0","0","0","0","2.02803928731263","0","0","0","0","0","0","0","0","0","0","0","0","0","0","0","0","0","0","0","0","0","0","0","0","0","0","0","0","0","0","0","0","0","0","0","0","0","0","0","0","0","0","0","0","0","0","0","0","0","0","0","0","0","0","0","0","0","0","0","0","0","0","0","0","0","0","0","0","0","0","0","0","0","0","0","0","0","0","0","0","0","0","0","0","0","0","0","2.66512706254909","0","0","0","0","0","0","0","0","0","0","0","0","0","0","0","0","0","0","0","0","0","2.0246933230237","0","0","0","0","0","0","0","0","0","0","4.11429452574036","0","0","0","0","0","0","0","0","0","0","0","0","0","0","0","0","0","0","0","0","0","0","0","0","0","0","0","0","0","0","0","0","0","0","0","0","0","0","0","0","0","0","0","0","0","0","0","0","0","0","0","0","0","0","0","0","0","0","0","0","0","0","0","0","0","0","0","0","0","0","0","0","0","0","0","0","0","0","0","0","0","0","0","0","0","0","0","0","0","0","0","0","0","0","0","0","0","0","0","1.51392597918306","0","0","0","0","0","0","0","0","0","0","0","0","0","0","0","0","0","0","0","0","0","0","3.21792835737219","0","0","0","0","0","0","0","0","0","0","0","0","0","0","0","0","0","0","0","0","0","0","0","0","0","0","0","0","0","0","0","0","0","0","0","0","0","0","0"
"KCNJ4__mural","0","0","0","0","0","0","0","0","0","0","0","0","0","0","0","0","0","0","0","0","0","0","0","0","0","0","0","0","0","0","0","0","0","0","2.90158942986974","0","0","0","0","0","0","0","0","0","0","0","0","0","0","0","0","0","0","0","0","0","0","0","0","0","0","0","0","0","0","0","0","0","0","0","0","0","0","0","0","0","0","0","0","0","0","0","0","0","0","0","0","0","0","0","0","0","0","0","0","0","0","0","0","0","0","0","0","0","0","0","0","0","0","0","0","0","0","0","0","0","0","0","0","0","0","0","0","0","0","0","0","0","0","0","0","0","0","0","0","0","0","0","0","0","0","0","0","0","0","0","0","0","0","0","0","0","0","0","0","3.41719430241248","0","0","0","0","0","0","0","0","0","0","0","0","0","0","0","0","0","0","0","0","0","0","0","0","0","0","0","0","0","0","0","0","0","0","0","0","0","0","0","0","0","0","0","0","0","0","0","0","0","0","0","0","0","0","0","0","0","0","0","0","0","0","0","0","0","0","0","0","0","0","0","0","0","0","0","0","0","0","0","0","0","0","0","0","0","0","0","0","0","0","0","0","0","0","0","0","0","0","0","0","0","0","0","0","0","0","0","0","0","0","0","0","0","0","0","0","0","0","0","0","0","0","0","0","0","1.58368124393988","0","0","0","0","0","0","0","0","0","0","0","0","0","0","0","0","0","0","0","0","0","0","0","0","0","0","0","0","0","0","0","0","0","0","0","0","0","0","0","0","0","0","0","0","0","0","0","0","0","0","0","0","0","0","0","0","0","0","0","0","0","0","0","0","0","0","0","2.0246933230237","0","0","0","0","0","0","0","0","0","0","0","0","0","0","0","0","0","0","0","0","0","0","0","0","0","0","0","0","0","0","0","0","0","0","0","0","0","0","0","0","0","0","0","0","0","0","0","0","0","0","0","0","0","0","0","0","0","0","0","0","0","0","0","0","0","0","0","0","0","0","0","0","0","0","0","0","0","0","0","0","0","0","0","0","0","0","0","0","0","0","0","0","0","0","0","0","0","0","0","0","0","0","0","0","0","0","0","0","0","0","0","0","0","0","0","0","0","0","0","0","0","0","0","0","0","0","0","0","0","0","0","0","0","2.36520235608142","0","0","0","0","0","0","0","0","0","0","0","0","0","0","0","0","0","0","0","0","0","0","0","0","0","0","0","0","0","0","0","0","0","0","0","0","0","0","0"
"ESAM__mural","0","0","0","0","0","0","0","0","0","0","0","0","0","0","0","0","0","0","0","0","0","0","0","0","0","0","0","0","0","0","0","0","0","0","0","0","0","0","0","0","0","0","0","0","0","0","0","0","0","0","0","0","0","0","0","0","0","0","0","0","0","0","0","0","0","0","0","0","0","0","0","0","0","0","0","0","0","0","0","0","0","0","0","0","0","0","0","0","0","0","0","0","0","0","0","0","0","0","0","0","0","0","0","0","0","0","0","0","0","0","0","0","0","0","0","0","0","0","0","0","0","0","0","0","0","0","0","0","0","0","0","0","0","0","0","0","0","0","0","0","0","0","0","0","0","0","0","0","0","0","0","0","0","0","0","0","0","0","0","0","0","0","0","0","0","0","0","0","0","0","0","0","0","0","0","0","0","0","0","0","0","0","0","0","0","0","0","0","0","0","0","0","0","0","0","0","0","0","0","0","0","0","0","0","0","0","0","0","0","0","0","0","0","0","0","0","0","0","0","0","0","0","0","0","0","0","0","0","0","0","0","0","0","0","0","0","0","0","0","2.83935570363972","0","0","0","0","0","0","0","0","0","0","0","0","0","0","0","0","0","0","0","0","0","0","0","0","0","0","0","0","0","0","0","0","0","0","0","0","0","0","0","0","0","2.3203904501472","0","0","0","0","0","0","0","0","0","0","0","0","0","0","0","0","0","0","0","0","0","0","0","0","0","0","0","0","0","0","0","0","0","0","0","0","0","0","0","0","0","0","0","0","0","3.17220707019835","0","0","0","0","0","0","0","0","0","0","0","0","0","0","0","0","0","0","0","0","0","2.0246933230237","0","0","0","0","0","0","0","0","0","0","0","0","0","0","0","0","0","0","0","0","0","0","0","0","0","0","0","0","0","0","0","0","0","0","0","0","0","0","0","0","0","0","0","0","0","0","0","0","0","0","0","0","0","3.04605936239703","0","0","0","0","0","0","0","0","0","0","0","0","0","0","0","0","0","0","0","0","0","0","0","0","0","0","0","0","0","0","0","0","0","0","0","0","0","0","0","0","0","0","0","0","0","0","0","0","0","0","0","0","0","0","0","0","3.07441050651906","0","0","0","0","0","0","0","0","0","0","0","0","0","0","0","0","0","0","0","0","0","0","3.21792835737219","0","0","0","0","0","0","0","0","0","0","0","0","0","0","0","0","0","0","0","0","0","0","0","0","0","0","0","0","0","0","0","0","0","0","0","0","0","0","0"
"MRC2__mural","0","0","0","0","0","0","0","0","0","0","0","0","0","0","0","0","0","0","0","0","0","0","0","0","0","0","0","0","0","0","0","0","0","0","0","0","0","0","0","0","0","0","0","0","0","0","0","0","0","0","0","0","0","0","0","0","0","0","0","0","0","0","0","0","0","0","0","0","0","0","0","0","0","0","0","0","0","0","0","0","0","0","0","0","0","0","0","0","0","0","0","0","0","0","0","0","0","0","0","0","0","0","0","0","0","0","0","0","0","0","0","0","0","0","0","0","0","0","0","0","0","0","0","0","0","0","0","0","0","0","0","0","0","0","0","0","0","0","0","0","0","0","0","0","0","0","0","0","0","0","0","0","0","0","0","0","0","0","0","0","0","0","0","0","0","0","0","0","0","0","0","0","0","0","0","0","0","0","0","0","0","0","0","0","0","0","0","0","0","0","0","0","0","0","0","0","0","0","0","0","0","0","0","0","0","0","0","0","0","0","0","0","0","0","0","0","0","0","0","0","0","0","0","0","0","0","0","0","0","0","0","0","0","0","0","0","0","0","0","3.3555104333858","0","0","0","0","0","0","0","0","0","0","0","0","0","0","0","0","0","0","0","0","0","0","0","0","0","0","0","0","0","0","0","0","0","0","0","0","0","0","0","0","0","2.3203904501472","0","0","0","0","0","0","0","0","0","0","0","0","0","0","0","0","0","0","0","0","0","0","0","0","0","0","0","0","0","0","0","0","0","0","0","0","0","0","0","0","0","0","0","0","0","2.66512706254909","0","0","0","0","0","0","0","0","0","0","0","0","0","0","0","0","0","0","0","0","0","0","0","0","0","0","0","0","0","0","0","0","2.68699569439168","0","0","0","0","0","0","0","0","0","0","0","0","0","0","0","0","0","0","0","0","0","0","0","0","0","0","0","0","0","0","0","0","0","0","0","0","0","0","0","0","0","0","0","0","0","0","0","0","0","0","0","0","0","0","0","0","0","0","0","0","0","0","0","0","0","0","0","0","0","0","0","0","0","0","0","0","0","0","0","0","0","0","0","0","0","0","0","0","0","0","0","0","0","0","0","0","0","0","0","0","0","0","0","0","0","0","0","0","0","0","0","0","0","0","0","0","0","0","0","0","0","0","0","0","0","0","0","0","0","0","0","0","0","0","0","0","0","0","0","0","0","0","0","0","0","0","0","0","0","0","0","0","0","0","0","0","0","0","0","0","0","0"
"ENG__mural","0","0","0","0","0","0","0","0","0","0","0","0","0","0","0","0","0","0","0","0","0","0","0","0","0","0","0","0","0","0","0","0","0","0","3.80167435520601","0","0","0","0","0","0","0","0","0","0","0","0","0","0","0","0","0","0","0","0","0","0","0","0","0","0","0","0","0","0","0","0","0","0","0","0","0","0","0","0","0","0","0","0","0","0","0","0","0","0","0","0","0","0","0","0","0","0","0","0","0","0","0","0","0","0","0","0","0","0","0","0","0","0","0","0","0","0","0","0","0","0","0","0","0","0","0","0","0","0","0","0","0","0","0","0","0","0","0","0","0","0","0","0","0","0","0","0","0","0","0","0","0","0","0","0","0","0","0","0","2.07981898156196","0","0","0","0","0","0","0","0","0","0","0","0","0","0","0","0","0","0","0","0","0","0","0","0","0","0","0","0","0","0","0","0","0","0","0","0","0","0","0","0","0","0","0","0","0","0","0","0","0","0","0","0","0","0","0","0","0","0","0","0","0","0","0","0","0","0","0","0","0","0","0","0","0","0","0","0","0","0","0","0","0","0","0","2.02803928731263","0","0","0","0","0","0","0","0","0","0","0","0","0","0","0","0","0","0","0","0","0","0","0","0","0","0","0","0","0","0","0","0","0","0","0","0","0","0","0","0","0","1.58368124393988","0","0","0","0","0","0","0","0","0","0","0","0","0","0","0","0","0","0","0","0","0","0","0","0","0","0","0","0","0","0","0","0","0","0","0","0","0","0","0","0","0","0","0","0","0","4.08987903699532","0","0","0","0","0","0","0","0","0","0","0","0","0","0","0","0","0","0","0","0","0","3.73077197508448","0","0","0","0","0","0","0","0","0","0","2.68699569439168","0","0","0","0","0","0","0","0","0","0","0","0","0","0","0","0","0","0","0","0","0","0","0","0","0","0","0","0","0","0","0","0","0","0","0","0","0","0","0","0","0","0","4.90872225728309","0","0","0","0","0","0","0","0","0","0","0","0","0","0","0","0","0","0","0","0","0","0","0","0","0","0","0","0","0","0","0","0","0","0","0","0","0","0","0","0","0","0","0","0","0","0","0","0","0","0","0","0","0","0","0","0","0","0","0","0","0","0","0","0","0","0","0","0","0","0","0","0","0","0","0","0","0","0","0","0","0","0","0","0","0","0","0","0","0","0","0","0","0","0","0","0","0","0","0","0","0","0","0","0","0","0","0","0","0","0","0","0","0","0","0","0","0","0","0"
"NOTCH1__mural","0","0","0","0","0","0","0","0","0","0","0","0","0","0","0","0","0","0","0","0","0","0","0","0","0","0","0","0","0","0","0","0","0","0","3.80167435520601","0","0","0","0","0","0","0","0","0","0","0","0","0","0","0","0","0","0","0","0","0","0","0","0","0","0","0","0","0","0","0","0","0","0","0","0","0","0","0","0","0","0","0","0","0","0","0","0","0","0","0","0","0","0","0","0","0","0","0","0","0","0","0","0","0","0","0","0","0","0","0","0","0","0","0","0","0","0","0","0","0","0","0","0","0","0","0","0","0","0","0","0","0","0","0","0","0","0","0","0","0","0","0","0","0","0","0","0","0","0","0","0","0","0","0","0","0","0","0","0","0","0","0","0","0","0","0","0","0","0","0","0","0","0","0","0","0","0","0","0","0","0","0","0","0","0","0","0","0","0","0","0","0","0","0","0","0","0","0","0","0","0","0","0","0","0","0","0","0","0","0","0","0","0","0","0","0","0","0","0","0","0","0","0","0","0","0","0","0","0","0","0","0","0","0","0","0","0","0","0","0","0","0","0","3.3555104333858","0","0","0","0","0","0","0","0","0","0","0","0","0","0","0","0","0","0","0","0","0","0","0","0","0","0","0","0","0","0","0","0","0","0","0","0","0","0","0","0","0","1.58368124393988","0","0","0","0","0","0","0","0","0","0","0","0","0","0","0","0","0","0","0","0","0","0","0","0","0","0","0","0","0","0","0","0","0","0","0","0","0","0","0","0","0","0","0","0","0","3.17220707019835","0","0","0","0","0","0","0","0","0","0","0","0","0","0","0","0","0","0","0","0","0","0","0","0","0","0","0","0","0","0","0","0","0","0","0","0","0","0","0","0","0","0","0","0","0","0","0","0","0","0","0","0","0","0","0","0","0","0","0","0","0","0","0","0","0","0","0","0","0","0","0","0","0","0","0","0","0","0","0","0","0","0","0","0","0","0","0","0","0","0","0","0","0","0","0","0","0","0","0","0","0","0","0","0","0","0","0","0","0","0","0","0","0","0","0","0","0","0","0","0","0","0","0","0","0","0","0","0","0","0","0","0","2.23625468282088","0","0","0","0","0","0","0","0","0","0","0","0","0","0","0","0","0","0","0","0","0","0","2.36520235608142","0","0","0","0","0","0","0","0","0","0","0","0","0","0","0","0","0","0","0","0","0","0","0","0","0","0","0","0","0","0","0","0","0","0","0","0","0","0","0"
"LRP1__mural","0","0","0","0","0","0","0","0","0","0","0","0","0","0","0","0","0","0","0","0","0","0","0","0","0","0","0","0","0","0","0","0","0","0","0","0","0","0","0","0","0","0","0","0","0","0","0","0","0","0","0","0","0","0","0","0","0","0","0","0","0","0","0","0","0","0","0","0","0","0","0","0","0","0","0","0","0","0","0","0","0","0","0","0","0","0","0","0","0","0","0","0","0","0","0","0","0","0","0","0","0","0","0","0","0","0","0","0","0","0","0","0","0","0","0","0","0","0","0","0","0","0","0","0","0","0","0","0","0","0","0","0","0","0","0","0","0","0","0","0","0","0","0","0","0","0","0","0","0","0","0","0","0","0","0","0","0","0","0","0","0","0","0","0","0","0","0","0","0","0","0","0","0","0","0","0","0","0","0","0","0","0","0","0","0","0","0","0","0","0","0","0","0","0","0","0","0","0","0","0","0","0","0","0","0","0","0","0","0","0","0","0","0","0","0","0","0","0","0","0","0","0","0","0","0","0","0","0","0","0","0","0","0","0","0","0","0","0","0","2.83935570363972","0","0","0","0","0","0","0","0","0","0","0","0","0","0","0","0","0","0","0","0","0","0","0","0","0","0","0","0","0","0","0","0","0","0","0","0","0","0","0","0","0","2.80570738281397","0","0","0","0","0","0","0","0","0","0","0","0","0","0","0","0","0","0","0","0","0","0","0","0","0","0","0","0","0","0","0","0","0","0","0","0","0","0","0","0","0","0","0","0","0","1.87633653348746","0","0","0","0","0","0","0","0","0","0","0","0","0","0","0","0","0","0","0","0","0","0","0","0","0","0","0","0","0","0","0","0","0","0","0","0","0","0","0","0","0","0","0","0","0","0","0","0","0","0","0","0","0","0","0","0","0","0","0","0","0","0","0","0","0","0","0","0","0","0","0","0","0","0","0","3.04605936239703","0","0","0","0","0","0","0","0","0","0","0","0","0","0","0","0","0","0","0","0","0","0","0","0","0","0","0","0","0","0","0","0","0","0","0","0","0","0","0","0","0","0","0","0","0","0","0","0","0","0","0","0","0","0","0","0","1.51392597918306","0","0","0","0","0","0","0","0","0","0","0","0","0","0","0","0","0","0","0","0","0","0","2.36520235608142","0","0","0","0","0","0","0","0","0","0","0","0","0","0","0","0","0","0","0","0","0","0","0","0","0","0","0","0","0","0","0","0","0","0","0","0","0","0","0"
"NOTCH3__mural","0","0","0","0","0","0","0","0","0","0","0","0","0","0","0","0","0","0","0","0","0","0","0","0","0","0","0","0","0","0","0","0","0","0","0","0","0","0","0","0","0","0","0","0","0","0","0","0","0","0","0","0","0","0","0","0","0","0","0","0","0","0","0","0","0","0","0","0","0","0","0","0","0","0","0","0","0","0","0","0","0","0","0","0","0","0","0","0","0","0","0","0","0","0","0","0","0","0","0","0","0","0","0","0","0","0","0","0","0","0","0","0","0","0","0","0","0","0","0","0","0","0","0","0","0","0","0","0","0","0","0","0","0","0","0","0","0","0","0","0","0","0","0","0","0","0","0","0","0","0","0","0","0","0","0","2.89822448779855","0","0","0","0","0","0","0","0","0","0","0","0","0","0","0","0","0","0","0","0","0","0","0","0","0","0","0","0","0","0","0","0","0","0","0","0","0","0","0","0","0","0","0","0","0","0","0","0","0","0","0","0","0","0","0","0","0","0","0","0","0","0","0","0","0","0","0","0","0","0","0","0","0","0","0","0","0","0","0","0","0","0","0","2.83935570363972","0","0","0","0","0","0","0","0","0","0","0","0","0","0","0","0","0","0","0","0","0","0","0","0","0","0","0","0","0","0","0","0","0","0","0","0","0","0","0","0","0","1.58368124393988","0","0","0","0","0","0","0","0","0","0","0","0","0","0","0","0","0","0","0","0","0","0","0","0","0","0","0","0","0","0","0","0","0","0","0","0","0","0","0","0","0","0","0","0","0","2.66512706254909","0","0","0","0","0","0","0","0","0","0","0","0","0","0","0","0","0","0","0","0","0","3.73077197508448","0","0","0","0","0","0","0","0","0","0","0","0","0","0","0","0","0","0","0","0","0","0","0","0","0","0","0","0","0","0","0","0","0","0","0","0","0","0","0","0","0","0","0","0","0","0","0","0","0","0","0","0","0","2.21093867503131","0","0","0","0","0","0","0","0","0","0","0","0","0","0","0","0","0","0","0","0","0","0","0","0","0","0","0","0","0","0","0","0","0","0","0","0","0","0","0","0","0","0","0","0","0","0","0","0","0","0","0","0","0","0","0","0","2.71536281073221","0","0","0","0","0","0","0","0","0","0","0","0","0","0","0","0","0","0","0","0","0","0","2.36520235608142","0","0","0","0","0","0","0","0","0","0","0","0","0","0","0","0","0","0","0","0","0","0","0","0","0","0","0","0","0","0","0","0","0","0","0","0","0","0","0"
"ADCY1__astrocytes","0","0","0","0","0","0","0","0","0","0","0","0","0","0","0","0","0","0","0","0","0","0","0","0","0","0","0","0","0","0","0","0","0","0","0","0","0","0","0","0","0","0","3.10026412347343","0","0","0","0","0","0","0","2.98194716293867","0","0","0","0","0","0","0","0","0","0","0","0","0","0","0","0","0","0","0","0","0","0","0","0","0","0","0","0","0","0","0","0","0","0","0","0","0","0","0","0","0","0","0","0","0","0","0","0","0","0","0","0","0","0","0","0","0","0","0","0","0","0","0","0","0","0","0","0","0","0","0","0","0","0","0","0","0","0","0","0","0","0","0","0","0","1.68695128438446","0","0","0","0","0","0","0","0","0","0","0","0","0","0","0","0","0","0","0","0","0","0","0","0","0","0","0","0","0","0","0","0","0","0","0","0","0","0","0","0","0","0","0","0","0","0","0","0","0","0","0","0","0","0","0","0","0","0","0","0","0","0","0","0","0","0","0","0","0","0","0","0","0","0","0","0","0","0","0","0","0","0","0","0","0","0","0","0","0","0","0","0","0","0","0","0","0","0","0","0","0","0","0","0","0","0","0","3.17506601370974","0","0","0","0","0","0","0","0","0","0","0","1.86013854908526","0","0","0","0","0","0","0","0","0","0","0","0","0","0","0","0","0","0","0","0","0","0","0","0","0","2.14143241902884","0","0","0","0","0","0","0","0","0","0","0","0","0","0","2.05297446486505","0","0","0","0","0","0","0","0","0","0","0","0","0","0","0","0","0","0","0","0","0","0","0","0","0","0","0","3.24497309642864","0","0","0","0","0","0","0","0","0","1.83820956620443","0","0","0","2.75016132887107","0","0","0","0","0","0","2.95994408956981","0","0","0","0","0","0","0","0","0","0","0","0","0","0","0","0","0","0","0","0","0","0","0","0","0","0","0","0","0","0","0","0","0","0","0","0","0","0","0","0","0","0","0","0","0","0","0","0","0","0","0","0","0","0","0","0","0","0","0","0","0","0","0","0","0","0","0","0","0","0","0","0","0","0","0","0","0","0","0","0","0","0","0","0","0","0","0","0","0","0","0","0","0","0","0","0","0","0","0","0","0","0","0","0","0","0","0","0","0","0","0","3.90823782960266","3.5277844811422","0","0","0","0","0","0","0","0","0","0","0","0","0","0","0","0","0","0","0","0","0","0","0","0","0","0","2.37125580725093","0","0","0","0","0","0","0","0","0","0","0","0","0","0","0","0","0","0","0","0","0","0","0","0","2.31834407555279","0","0","0","0","0","0","0","0","0","0","0"
"FGFR3__astrocytes","0","0","0","0","0","0","0","0","0","0","0","0","0","0","0","0","0","0","0","0","0","0","0","0","0","0","0","0","0","0","0","0","0","0","0","0","2.51900367409471","0","0","2.0163840945341","0","3.843292041264","3.62803122261304","0","3.18541717759523","0","0","0","0","0","3.50471906533076","0","0","0","0","0","0","0","0","0","0","0","0","0","0","0","0","0","0","0","0","0","0","0","0","0","0","0","0","0","0","0","0","0","0","0","0","0","0","0","0","0","0","0","0","0","0","0","0","2.93442559146439","0","0","0","0","0","0","0","0","0","0","0","0","0","0","0","0","0","2.53382662081296","0","0","0","0","0","0","0","0","0","0","0","0","0","0","0","0","0","0","2.44347713559622","0","0","0","0","0","0","0","0","0","0","0","0","0","0","0","0","0","0","0","0","0","0","3.32257748624935","0","0","0","0","0","0","0","0","0","0","3.14288687986903","0","0","0","0","0","0","0","0","0","0","0","0","0","0","0","0","0","0","0","0","0","3.44260921097802","0","0","0","0","0","0","0","0","3.84813755811737","0","0","0","0","0","0","0","0","0","0","0","0","0","0","0","0","0","0","0","0","0","0","0","0","0","0","0","0","0","0","0","0","0","0","0","0","0","0","0","0","0","0","3.17506601370974","0","0","0","0","0","0","0","0","0","0","0","1.86013854908526","0","0","0","0","0","0","0","0","0","0","0","0","0","0","0","0","0","0","0","0","0","0","0","0","0","3.49005618636583","0","0","0","0","3.74841078740953","0","0","0","0","0","0","0","0","0","3.14958711340006","0","0","0","0","0","0","0","0","0","0","0","0","0","0","0","0","0","0","0","0","0","0","0","0","0","0","0","0","0","0","0","0","0","0","0","0","0","3.12548249726303","0","0","0","2.75016132887107","0","0","0","0","0","0","3.15560261944781","0","0","0","0","0","0","0","0","0","0","2.00924633351453","0","0","0","0","0","0","0","0","0","0","0","0","0","0","0","0","0","0","0","0","0","0","0","0","0","0","0","0","0","0","0","0","0","0","0","0","0","0","0","0","0","0","0","0","0","0","0","0","0","0","0","0","0","0","0","0","0","0","0","0","0","0","0","0","0","0","0","0","0","0","0","0","0","0","0","0","0","0","0","0","0","0","0","0","0","0","0","0","0","0","0","0","0","0","0","0","0","0","0","0","2.80859222491294","2.38224756416117","0","0","0","0","0","0","0","0","0","0","0","0","0","0","0","0","0","0","0","0","0","0","0","0","0","0","2.86014233641704","0","0","0","3.83386853901076","0","0","0","0","0","0","0","0","0","0","0","0","0","2.66242519557775","0","0","0","0","0","0","3.69630352009871","0","0","0","0","0","0","0","0","0","0","0"
"FLOT1__astrocytes","0","0","0","0","0","0","0","0","0","0","0","0","0","0","0","0","0","0","0","0","0","0","0","0","0","0","0","0","0","0","0","0","0","0","0","0","0","0","0","0","0","0","0","0","2.08367849534613","0","0","0","0","0","2.98194716293867","0","0","0","0","0","0","0","0","0","0","0","0","0","0","0","0","0","0","0","0","0","0","0","0","0","0","0","0","0","0","0","0","0","0","0","0","0","0","0","0","0","0","0","0","0","0","0","0","0","0","0","0","0","0","0","0","0","0","0","0","0","0","0","0","0","0","2.06833986286999","0","0","0","0","0","0","0","0","0","0","0","0","0","0","0","0","0","0","0","0","0","0","0","0","0","0","0","0","0","0","0","0","0","0","0","0","0","0","0","0","0","2.80797339664877","0","0","0","0","0","0","0","0","0","0","0","0","0","0","0","0","0","0","0","0","0","0","0","0","0","0","0","0","0","0","0","0","0","0","0","0","0","0","0","0","0","0","0","0","0","0","0","0","0","0","0","0","0","0","0","0","0","0","0","0","0","0","0","0","0","0","0","0","0","0","0","0","0","0","0","0","0","0","0","0","0","0","0","0","0","0","0","0","0","0","0","0","0","0","0","0","0","0","0","0","0","0","0","0","0","0","0","0","0","0","0","0","0","0","0","0","0","0","0","0","0","0","0","0","0","0","0","3.21614751919141","0","0","0","0","0","0","0","0","0","2.05297446486505","0","0","0","0","0","0","0","0","0","0","0","0","0","0","0","0","0","0","0","0","0","0","0","0","0","0","0","0","0","0","0","0","0","0","0","0","0","1.83820956620443","0","0","0","0","0","0","0","0","0","0","1.09095931787067","0","0","0","0","0","0","0","0","0","0","0","0","0","0","0","0","0","0","0","0","0","0","0","0","0","0","0","0","0","0","0","0","0","0","0","0","0","0","0","0","0","0","0","0","0","0","0","0","0","0","0","0","0","0","0","0","0","0","0","0","0","0","0","0","0","0","0","0","0","0","0","0","0","0","0","0","2.59705557270918","0","0","2.94980708630464","0","0","0","0","0","0","0","0","0","0","0","0","0","0","0","0","0","0","0","0","0","0","0","0","0","0","0","0","0","0","0","0","2.38224756416117","0","0","0","0","0","0","0","0","0","0","0","0","0","0","0","0","0","0","0","0","0","0","0","0","0","0","0","0","0","0","0","0","0","0","0","0","0","0","0","0","0","0","0","0","2.66242519557775","0","0","0","0","0","0","2.31834407555279","0","0","0","0","0","0","0","0","0","0","0"
"GABBR2__astrocytes","0","0","0","0","0","0","0","0","0","0","0","0","0","0","0","0","0","0","0","0","0","0","0","0","0","0","0","0","0","0","0","0","0","0","0","0","0","0","0","2.0163840945341","0","2.44653112992949","3.10026412347343","0","2.90260091939776","0","0","0","0","0","2.15388922697502","0","0","0","0","0","0","0","0","0","0","0","0","0","0","0","0","0","0","0","0","0","0","0","0","0","0","0","0","0","0","0","0","0","0","0","0","0","0","0","0","0","0","0","0","0","0","0","0","2.93442559146439","0","0","0","0","0","0","0","0","0","0","0","0","0","0","0","0","0","2.53382662081296","0","0","0","0","0","0","0","0","0","0","0","0","0","0","0","0","0","0","2.44347713559622","0","0","0","0","0","0","0","0","0","0","0","0","0","0","0","0","0","0","0","0","0","0","2.00054117976535","0","0","0","0","0","0","0","0","0","0","0","0","0","0","0","0","0","0","0","0","0","0","0","0","0","0","0","0","0","0","0","0","2.56954947675203","0","0","0","0","0","0","0","0","0","0","0","0","0","0","0","0","0","0","0","0","0","0","0","0","0","0","0","0","0","0","0","0","0","0","0","0","0","0","0","0","0","0","0","0","0","0","0","0","0","0","0","0","0","0","0","0","0","0","0","0","0","0","0","2.64635865313155","0","0","0","0","0","0","0","0","0","0","0","0","0","0","0","0","0","0","0","0","0","0","0","0","0","2.14143241902884","0","0","0","0","3.21614751919141","0","0","0","0","0","0","0","0","0","1.36446213872592","0","0","0","0","0","0","0","0","0","0","0","0","0","0","0","0","0","0","0","0","0","0","0","0","0","0","0","1.64161138481658","0","0","0","0","0","0","0","0","0","1.83820956620443","0","0","0","2.75016132887107","0","0","0","0","0","0","2.13437506488574","0","0","0","0","0","0","0","0","0","0","0","0","0","0","0","0","0","0","0","0","0","0","0","0","0","0","0","0","0","0","0","0","0","0","0","0","0","0","0","0","0","0","0","0","0","0","0","0","0","0","0","0","0","0","0","0","0","0","0","0","0","0","0","0","0","0","0","0","0","0","0","0","0","0","0","0","0","0","0","0","0","0","0","0","0","0","0","0","0","0","0","0","0","0","0","0","0","0","0","0","0","0","0","0","0","0","0","0","0","0","0","2.32308294389111","2.38224756416117","0","0","0","0","0","0","0","0","0","0","0","0","0","0","0","0","0","0","0","0","0","0","0","0","0","0","2.37125580725093","0","0","0","0","0","0","0","0","0","0","0","0","0","0","0","0","0","0","0","0","0","0","0","0","0","0","0","0","0","0","0","0","0","0","0","0"
"IGSF11__astrocytes","0","0","0","0","0","0","0","0","0","0","0","0","0","0","0","0","0","0","0","0","0","0","0","0","0","0","0","0","0","0","0","0","0","0","0","0","2.51900367409471","0","0","0","0","0","3.10026412347343","0","2.08367849534613","0","0","0","0","0","0","0","0","0","0","0","0","0","0","0","0","0","0","0","0","0","0","0","0","0","0","0","0","0","0","0","0","0","0","0","0","0","0","0","0","0","0","0","0","0","0","0","0","0","0","0","0","0","0","2.93442559146439","0","0","0","0","0","0","0","0","0","0","0","0","0","0","0","0","0","2.06833986286999","0","0","0","0","0","0","0","0","0","0","0","0","0","0","0","0","0","0","2.44347713559622","0","0","0","0","0","0","0","0","0","0","0","0","0","0","0","0","0","0","0","0","0","0","2.80797339664877","0","0","0","0","0","0","0","0","0","0","0","0","0","0","0","0","0","0","0","0","0","0","0","0","0","0","0","0","0","0","0","0","0","0","0","0","0","0","0","0","0","2.27171626531967","0","0","0","0","0","0","0","0","0","0","0","0","0","0","0","0","0","0","0","0","0","0","0","0","0","0","0","0","0","0","0","0","0","0","0","0","0","0","0","0","0","0","0","0","0","0","0","0","0","0","0","0","0","0","0","0","0","0","0","0","0","0","0","0","0","0","0","0","0","0","0","0","0","0","0","0","0","0","0","0","2.6130597046017","0","0","0","0","0","0","0","0","0","0","0","0","0","0","0","0","0","0","0","0","0","0","0","0","0","0","0","0","0","0","0","0","0","0","0","0","0","0","0","0","0","0","0","0","0","0","0","0","0","0","0","0","0","0","0","0","0","0","0","0","0","0","0","1.09095931787067","0","0","0","0","0","0","0","0","0","0","2.81791733603125","0","0","0","0","0","0","0","0","0","0","0","0","0","0","0","0","0","0","0","0","0","0","0","0","0","0","0","0","0","0","0","0","0","0","0","0","0","0","0","0","0","0","0","0","0","0","0","0","0","0","0","0","0","0","0","0","0","0","0","0","0","0","0","0","0","2.59705557270918","0","0","2.12539609486081","0","0","0","0","0","0","0","0","0","0","0","0","0","0","0","0","0","0","0","0","0","0","0","0","0","0","0","0","0","0","0","1.58592493907632","0","0","0","0","0","0","0","0","0","0","0","0","0","0","0","0","0","0","0","0","0","0","0","0","0","0","0","2.37125580725093","0","0","0","2.93165171717485","0","0","0","0","0","0","0","0","0","0","0","0","0","2.66242519557775","0","0","0","0","0","0","1.21983331638004","0","0","0","0","0","0","0","0","0","0","0"
"LRP5__astrocytes","0","0","0","0","0","0","0","0","0","0","0","0","0","0","0","0","0","0","0","0","0","0","0","0","0","0","0","0","0","0","0","0","0","0","0","0","1.75100543068502","0","0","0","0","0","0","0","1.38925467040783","0","0","0","0","0","2.15388922697502","0","0","0","0","0","0","0","0","0","0","0","0","0","0","0","0","0","0","0","0","0","0","0","0","0","0","0","0","0","0","0","0","0","0","0","0","0","0","0","0","0","0","0","0","0","0","0","0","2.93442559146439","0","0","0","0","0","0","0","0","0","0","0","0","0","0","0","0","0","2.06833986286999","0","0","0","0","0","0","0","0","0","0","0","0","0","0","0","0","0","0","0","0","0","0","0","0","0","0","0","0","0","0","0","0","0","0","0","0","0","0","0","0","0","2.80797339664877","0","0","0","0","0","0","0","0","0","0","1.56473156389556","0","0","0","0","0","0","0","0","0","0","0","0","0","0","0","0","0","0","0","0","0","0","0","0","0","0","0","0","0","0","2.27171626531967","0","0","0","0","0","0","0","0","0","0","0","0","0","0","0","0","0","0","0","0","0","0","0","0","0","0","0","0","0","0","0","0","0","0","0","0","0","0","0","0","0","0","3.17506601370974","0","0","0","0","0","0","0","0","0","0","0","2.64635865313155","0","0","0","0","0","0","0","0","0","0","0","0","0","0","0","0","0","0","0","0","0","0","0","0","0","0","0","0","0","0","0","0","0","0","0","0","0","0","0","0","2.05297446486505","0","0","0","0","0","0","0","0","0","0","0","0","0","0","0","0","0","0","0","0","0","0","0","0","0","0","0","0","0","0","0","0","0","0","0","0","0","0","0","0","0","2.75016132887107","0","0","0","0","0","0","0","0","0","0","0","0","0","0","0","0","0","0","0","0","0","0","0","0","0","0","0","0","0","0","0","0","0","0","0","0","0","0","0","0","0","0","0","0","0","0","0","0","0","0","0","0","0","0","0","0","0","0","0","0","0","0","0","0","0","0","0","0","0","0","0","0","0","0","0","0","0","0","0","0","0","0","0","0","0","0","2.12539609486081","0","0","0","0","0","0","0","0","0","0","0","0","0","0","0","0","0","0","0","0","0","0","0","0","0","0","0","0","0","0","0","0","2.38224756416117","0","0","0","0","0","0","0","0","0","0","0","0","0","0","0","0","0","0","0","0","0","0","0","0","0","0","0","0","0","0","0","0","0","0","0","0","0","0","0","0","0","0","0","0","0","0","0","0","0","0","0","1.21983331638004","0","0","0","0","0","0","0","0","0","0","0"
"SV2A__astrocytes","0","0","0","0","0","0","0","0","0","0","0","0","0","0","0","0","0","0","0","0","0","0","0","0","0","0","0","0","0","0","0","0","0","0","0","0","2.51900367409471","0","0","0","0","2.44653112992949","0","0","0","0","0","0","0","0","0","0","0","0","0","0","0","0","0","0","0","0","0","0","0","0","0","0","0","0","0","0","0","0","0","0","0","0","0","0","0","0","0","0","0","0","0","0","0","0","0","0","0","0","0","0","0","0","0","0","0","0","0","0","0","0","0","0","0","0","0","0","0","0","0","0","0","0","0","0","0","0","0","0","0","0","0","0","0","0","0","0","0","0","0","0","1.68695128438446","0","0","0","0","0","0","0","0","0","0","0","0","0","0","0","0","0","0","0","0","0","0","0","0","0","0","0","0","0","0","0","0","0","1.56473156389556","0","0","0","0","0","0","0","0","0","0","0","0","0","0","0","0","0","0","0","0","0","0","0","0","0","0","0","0","0","0","1.54324160990577","0","0","0","0","0","0","0","0","0","0","0","0","0","0","0","0","0","0","0","0","0","0","0","0","0","0","0","0","0","0","0","0","0","0","0","0","0","0","0","0","0","0","3.17506601370974","0","0","0","0","0","0","0","0","0","0","0","0","0","0","0","0","0","0","0","0","0","0","0","0","0","0","0","0","0","0","0","0","0","0","0","0","0","2.14143241902884","0","0","0","0","0","0","0","0","0","0","0","0","0","0","2.05297446486505","0","0","0","0","0","0","0","0","0","0","0","0","0","0","0","0","0","0","0","0","0","0","0","0","0","0","0","2.38964463962275","0","0","0","0","0","0","0","0","0","1.19397985894392","0","0","0","0","0","0","0","0","0","0","1.09095931787067","0","0","0","0","0","0","0","0","0","0","0","0","0","0","0","0","0","0","0","0","0","0","0","0","0","0","0","0","0","0","0","0","0","0","0","0","0","0","0","0","0","0","0","0","0","0","0","0","0","0","0","0","0","0","0","0","0","0","0","0","0","0","0","0","0","0","0","0","0","0","0","0","0","0","0","0","2.59705557270918","0","0","0","0","0","0","0","0","0","0","0","0","0","0","0","0","0","0","0","0","0","0","0","0","0","0","0","0","0","0","0","0","0","0","2.32308294389111","2.87188793760174","0","0","0","0","0","0","0","0","0","0","0","0","0","0","0","0","0","0","0","0","0","0","0","0","0","0","2.37125580725093","0","0","0","0","0","0","0","0","0","0","0","0","0","0","0","0","0","0","0","0","0","0","0","0","1.87121128668823","0","0","0","0","0","0","0","0","0","0","0"
"ADORA1__astrocytes","0","0","0","0","0","0","0","0","0","0","0","0","0","0","0","0","0","0","0","0","0","0","0","0","0","0","0","0","0","0","0","0","0","0","0","0","0","0","0","2.82606448595309","0","0","0","0","2.55048197494705","0","0","0","0","0","0","0","0","0","0","0","0","0","0","0","0","0","0","0","0","0","0","0","0","0","0","0","0","0","0","0","0","0","0","0","0","0","0","0","0","0","0","0","0","0","0","0","0","0","0","0","0","0","0","0","0","0","0","0","0","0","0","0","0","0","0","0","0","0","0","0","0","2.06833986286999","0","0","0","0","0","0","0","0","0","0","0","0","0","0","0","0","0","0","2.44347713559622","0","0","0","0","0","0","0","0","0","0","0","0","0","0","0","0","0","0","0","0","0","0","0","0","0","0","0","0","0","0","0","0","0","0","0","0","0","0","0","0","0","0","0","0","0","0","0","0","0","0","0","0","0","0","0","0","0","0","0","0","0","0","0","0","3.11402465546438","0","0","0","0","0","0","0","0","0","0","0","0","0","0","0","0","0","0","0","0","0","0","0","0","0","0","0","0","0","0","0","0","0","0","0","0","0","0","0","0","0","0","3.17506601370974","0","0","0","0","0","0","0","0","0","0","0","2.64635865313155","0","0","0","0","0","0","0","0","0","0","0","0","0","0","0","0","0","0","0","0","0","0","0","0","0","2.6130597046017","0","0","0","0","3.21614751919141","0","0","0","0","0","0","0","0","0","2.05297446486505","0","0","0","0","0","0","0","0","0","0","0","0","0","0","0","0","0","0","0","0","0","0","0","0","0","0","0","2.38964463962275","0","0","0","0","0","0","0","0","0","2.62089603488506","0","0","0","0","0","0","0","0","0","0","2.13437506488574","0","0","0","0","0","0","0","0","0","0","2.81791733603125","0","0","0","0","0","0","0","0","0","0","0","0","0","0","0","0","0","0","0","0","0","0","0","0","0","0","0","0","0","0","0","0","0","0","0","0","0","0","0","0","0","0","0","0","0","0","0","0","0","0","0","0","0","0","0","0","0","0","0","0","0","0","0","0","0","1.81772660613004","0","0","2.94980708630464","0","0","0","0","0","0","0","0","0","0","0","0","0","0","0","0","0","0","0","0","0","0","0","0","0","0","0","0","0","0","0","2.32308294389111","2.38224756416117","0","0","0","0","0","0","0","0","0","0","0","0","0","0","0","0","0","0","0","0","0","0","0","0","0","0","2.37125580725093","0","0","0","0","0","0","0","0","0","0","0","0","0","0","0","0","0","0","0","0","0","0","0","0","1.87121128668823","0","0","0","0","0","0","0","0","0","0","0"
"LINGO1__astrocytes","0","0","0","0","0","0","0","0","0","0","0","0","0","0","0","0","0","0","0","0","0","0","0","0","0","0","0","0","0","0","0","0","0","0","0","0","0","0","0","0","0","3.30773119000046","0","0","0","0","0","0","0","0","2.15388922697502","0","0","0","0","0","0","0","0","0","0","0","0","0","0","0","0","0","0","0","0","0","0","0","0","0","0","0","0","0","0","0","0","0","0","0","0","0","0","0","0","0","0","0","0","0","0","0","0","0","0","0","0","0","0","0","0","0","0","0","0","0","0","0","0","0","0","0","0","0","0","0","0","0","0","0","0","0","0","0","0","0","0","0","0","0","0","0","0","0","0","0","0","0","0","0","0","0","0","0","0","0","0","0","0","0","0","0","0","0","0","0","0","0","0","0","0","0","0","0","1.56473156389556","0","0","0","0","0","0","0","0","0","0","0","0","0","0","0","0","0","0","0","0","0","1.79415386585274","0","0","0","0","0","0","0","0","2.27171626531967","0","0","0","0","0","0","0","0","0","0","0","0","0","0","0","0","0","0","0","0","0","0","0","0","0","0","0","0","0","0","0","0","0","0","0","0","0","0","0","0","0","0","2.32655582953988","0","0","0","0","0","0","0","0","0","0","0","2.64635865313155","0","0","0","0","0","0","0","0","0","0","0","0","0","0","0","0","0","0","0","0","0","0","0","0","0","2.14143241902884","0","0","0","0","3.21614751919141","0","0","0","0","0","0","0","0","0","2.86774084185336","0","0","0","0","0","0","0","0","0","0","0","0","0","0","0","0","0","0","0","0","0","0","0","0","0","0","0","0","0","0","0","0","0","0","0","0","0","1.19397985894392","0","0","0","0","0","0","0","0","0","0","2.95994408956981","0","0","0","0","0","0","0","0","0","0","2.81791733603125","0","0","0","0","0","0","0","0","0","0","0","0","0","0","0","0","0","0","0","0","0","0","0","0","0","0","0","0","0","0","0","0","0","0","0","0","0","0","0","0","0","0","0","0","0","0","0","0","0","0","0","0","0","0","0","0","0","0","0","0","0","0","0","0","0","0","0","0","0","0","0","0","0","0","0","0","0","0","0","0","0","0","0","0","0","0","0","0","0","0","0","0","0","0","0","0","0","0","0","0","1.58592493907632","2.38224756416117","0","0","0","0","0","0","0","0","0","0","0","0","0","0","0","0","0","0","0","0","0","0","0","0","0","0","0","0","0","0","0","0","0","0","0","0","0","0","0","0","0","0","0","0","0","0","0","0","0","0","0","0","0","0","0","0","0","0","0","0","0","0","0"
"SLC17A7__astrocytes","0","0","0","0","0","0","0","0","0","0","0","0","0","0","0","0","0","0","0","0","0","0","0","0","0","0","0","0","0","0","0","0","0","0","0","0","0","0","0","2.82606448595309","0","3.30773119000046","0","0","0","0","0","0","0","0","0","0","0","0","0","0","0","0","0","0","0","0","0","0","0","0","0","0","0","0","0","0","0","0","0","0","0","0","0","0","0","0","0","0","0","0","0","0","0","0","0","0","0","0","0","0","0","0","0","0","0","0","0","0","0","0","0","0","0","0","0","0","0","0","0","0","0","0","0","0","0","0","0","0","0","0","0","0","0","0","0","0","0","0","0","0","2.44347713559622","0","0","0","0","0","0","0","0","0","0","0","0","0","0","0","0","0","0","0","0","0","0","2.80797339664877","0","0","0","0","0","0","0","0","0","0","3.43177306644958","0","0","0","0","0","0","0","0","0","0","0","0","0","0","0","0","0","0","0","0","0","3.73775171106215","0","0","0","0","0","0","0","0","0","0","0","0","0","0","0","0","0","0","0","0","0","0","0","0","0","0","0","0","0","0","0","0","0","0","0","0","0","0","0","0","0","0","0","0","0","0","0","0","0","0","0","3.17506601370974","0","0","0","0","0","0","0","0","0","0","0","1.86013854908526","0","0","0","0","0","0","0","0","0","0","0","0","0","0","0","0","0","0","0","0","0","0","0","0","0","3.49005618636583","0","0","0","0","4.13635875701079","0","0","0","0","0","0","0","0","0","3.92345616952356","0","0","0","0","0","0","0","0","0","0","0","0","0","0","0","0","0","0","0","0","0","0","0","0","0","0","0","3.7782977490766","0","0","0","0","0","0","0","0","0","4.0403629430588","0","0","0","3.26181442835939","0","0","0","0","0","0","5.1713207941871","0","0","0","0","0","0","0","0","0","0","3.33301660506674","0","0","0","0","0","0","0","0","0","0","0","0","0","0","0","0","0","0","0","0","0","0","0","0","0","0","0","0","0","0","0","0","0","0","0","0","0","0","0","0","0","0","0","0","0","0","0","0","0","0","0","0","0","0","0","0","0","0","0","0","0","0","0","0","0","0","0","0","2.94980708630464","0","0","0","0","0","0","0","0","0","0","0","0","0","0","0","0","0","0","0","0","0","0","0","0","0","0","0","0","0","0","0","3.90823782960266","3.5277844811422","0","0","0","0","0","0","0","0","0","0","0","0","0","0","0","0","0","0","0","0","0","0","0","0","0","0","1.62618516344767","0","0","0","0","0","0","0","0","0","0","0","0","0","0","0","0","0","3.16935518853305","0","0","0","0","0","0","0","0","0","0","0","0","0","0","0","0","0","0"
"GLG1__astrocytes","0","0","0","0","0","0","0","0","0","0","0","0","0","0","0","0","0","0","0","0","0","0","0","0","0","0","0","0","0","0","0","0","0","0","0","0","2.51900367409471","0","0","2.82606448595309","0","3.30773119000046","3.10026412347343","0","0","0","0","0","0","0","2.98194716293867","0","0","0","0","0","0","0","0","0","0","0","0","0","0","0","0","0","0","0","0","0","0","0","0","0","0","0","0","0","0","0","0","0","0","0","0","0","0","0","0","0","0","0","0","0","0","0","0","0","0","0","0","0","0","0","0","0","0","0","0","0","0","0","0","0","0","1.37685651229659","0","0","0","0","0","0","0","0","0","0","0","0","0","0","0","0","0","0","1.68695128438446","0","0","0","0","0","0","0","0","0","0","0","0","0","0","0","0","0","0","0","0","0","0","0","0","0","0","0","0","0","0","0","0","0","0","0","0","0","0","0","0","0","0","0","0","0","0","0","0","0","0","0","0","0","0","0","1.79415386585274","0","0","0","0","0","0","0","0","1.54324160990577","0","0","0","0","0","0","0","0","0","0","0","0","0","0","0","0","0","0","0","0","0","0","0","0","0","0","0","0","0","0","0","0","0","0","0","0","0","0","0","0","0","0","3.17506601370974","0","0","0","0","0","0","0","0","0","0","0","2.64635865313155","0","0","0","0","0","0","0","0","0","0","0","0","0","0","0","0","0","0","0","0","0","0","0","0","0","2.14143241902884","0","0","0","0","3.21614751919141","0","0","0","0","0","0","0","0","0","2.51712686714743","0","0","0","0","0","0","0","0","0","0","0","0","0","0","0","0","0","0","0","0","0","0","0","0","0","0","0","1.64161138481658","0","0","0","0","0","0","0","0","0","0","0","0","0","1.95008083660321","0","0","0","0","0","0","1.70501033112191","0","0","0","0","0","0","0","0","0","0","0","0","0","0","0","0","0","0","0","0","0","0","0","0","0","0","0","0","0","0","0","0","0","0","0","0","0","0","0","0","0","0","0","0","0","0","0","0","0","0","0","0","0","0","0","0","0","0","0","0","0","0","0","0","0","0","0","0","0","0","0","0","0","0","0","0","2.59705557270918","0","0","2.94980708630464","0","0","0","0","0","0","0","0","0","0","0","0","0","0","0","0","0","0","0","0","0","0","0","0","0","0","0","0","0","0","0","0","2.38224756416117","0","0","0","0","0","0","0","0","0","0","0","0","0","0","0","0","0","0","0","0","0","0","0","0","0","0","0","0","0","0","3.45216727780628","0","0","0","0","0","0","0","0","0","0","0","0","0","0","0","0","0","0","0","0","0","0","0","0","0","0","0","0","0","0","0","0"
"MGRN1__astrocytes","0","0","0","0","0","0","0","0","0","0","0","0","0","0","0","0","0","0","0","0","0","0","0","0","0","0","0","0","0","0","0","0","0","0","0","0","2.51900367409471","0","0","2.0163840945341","0","0","0","0","0","0","0","0","0","0","2.98194716293867","0","0","0","0","0","0","0","0","0","0","0","0","0","0","0","0","0","0","0","0","0","0","0","0","0","0","0","0","0","0","0","0","0","0","0","0","0","0","0","0","0","0","0","0","0","0","0","0","0","0","0","0","0","0","0","0","0","0","0","0","0","0","0","0","0","0","1.37685651229659","0","0","0","0","0","0","0","0","0","0","0","0","0","0","0","0","0","0","0","0","0","0","0","0","0","0","0","0","0","0","0","0","0","0","0","0","0","0","0","0","0","2.00054117976535","0","0","0","0","0","0","0","0","0","0","0","0","0","0","0","0","0","0","0","0","0","0","0","0","0","0","0","0","0","0","0","0","2.56954947675203","0","0","0","0","0","0","0","0","0","0","0","0","0","0","0","0","0","0","0","0","0","0","0","0","0","0","0","0","0","0","0","0","0","0","0","0","0","0","0","0","0","0","0","0","0","0","0","0","0","0","0","0","0","0","0","0","0","0","0","0","0","0","0","0","0","0","0","0","0","0","0","0","0","0","0","0","0","0","0","0","0","0","0","0","0","0","0","0","0","0","0","0","0","0","0","0","0","0","0","0","0","0","0","0","2.05297446486505","0","0","0","0","0","0","0","0","0","0","0","0","0","0","0","0","0","0","0","0","0","0","0","0","0","0","0","0","0","0","0","0","0","0","0","0","0","0","0","0","0","1.95008083660321","0","0","0","0","0","0","1.70501033112191","0","0","0","0","0","0","0","0","0","0","0","0","0","0","0","0","0","0","0","0","0","0","0","0","0","0","0","0","0","0","0","0","0","0","0","0","0","0","0","0","0","0","0","0","0","0","0","0","0","0","0","0","0","0","0","0","0","0","0","0","0","0","0","0","0","0","0","0","0","0","0","0","0","0","0","0","0","0","0","2.94980708630464","0","0","0","0","0","0","0","0","0","0","0","0","0","0","0","0","0","0","0","0","0","0","0","0","0","0","0","0","0","0","0","0","2.38224756416117","0","0","0","0","0","0","0","0","0","0","0","0","0","0","0","0","0","0","0","0","0","0","0","0","0","0","2.37125580725093","0","0","0","0","0","0","0","0","0","0","0","0","0","0","0","0","0","2.66242519557775","0","0","0","0","0","0","1.87121128668823","0","0","0","0","0","0","0","0","0","0","0"
"DAG1__astrocytes","0","0","0","0","0","0","0","0","0","0","0","0","0","0","0","0","0","0","0","0","0","0","0","0","0","0","0","0","0","0","0","0","0","0","0","0","3.38732426664861","0","0","2.82606448595309","0","3.843292041264","3.10026412347343","0","3.62480655310181","0","0","0","0","0","0","0","0","0","0","0","0","0","0","0","0","0","0","0","0","0","0","0","0","0","0","0","0","0","0","0","0","0","0","0","0","0","0","0","0","0","0","0","0","0","0","0","0","0","0","0","0","0","0","0","0","0","0","0","0","0","0","0","0","0","0","0","0","0","0","0","0","2.53382662081296","0","0","0","0","0","0","0","0","0","0","0","0","0","0","0","0","0","0","0","0","0","0","0","0","0","0","0","0","0","0","0","0","0","0","0","0","0","0","0","0","0","4.4601203576585","0","0","0","0","0","0","0","0","0","0","2.78129122412111","0","0","0","0","0","0","0","0","0","0","0","0","0","0","0","0","0","0","0","0","0","3.07113802036101","0","0","0","0","0","0","0","0","3.64234549490999","0","0","0","0","0","0","0","0","0","0","0","0","0","0","0","0","0","0","0","0","0","0","0","0","0","0","0","0","0","0","0","0","0","0","0","0","0","0","0","0","0","0","3.7057780962614","0","0","0","0","0","0","0","0","0","0","0","3.15239043763343","0","0","0","0","0","0","0","0","0","0","0","0","0","0","0","0","0","0","0","0","0","0","0","0","0","2.96790595085639","0","0","0","0","3.21614751919141","0","0","0","0","0","0","0","0","0","2.86774084185336","0","0","0","0","0","0","0","0","0","0","0","0","0","0","0","0","0","0","0","0","0","0","0","0","0","0","0","1.64161138481658","0","0","0","0","0","0","0","0","0","2.89513779413084","0","0","0","2.75016132887107","0","0","0","0","0","0","2.13437506488574","0","0","0","0","0","0","0","0","0","0","0","0","0","0","0","0","0","0","0","0","0","0","0","0","0","0","0","0","0","0","0","0","0","0","0","0","0","0","0","0","0","0","0","0","0","0","0","0","0","0","0","0","0","0","0","0","0","0","0","0","0","0","0","0","0","0","0","0","0","0","0","0","0","0","0","0","3.76831801286866","0","0","2.94980708630464","0","0","0","0","0","0","0","0","0","0","0","0","0","0","0","0","0","0","0","0","0","0","0","0","0","0","0","0","0","0","0","0","2.38224756416117","0","0","0","0","0","0","0","0","0","0","0","0","0","0","0","0","0","0","0","0","0","0","0","0","0","0","3.75720881407359","0","0","0","2.93165171717485","0","0","0","0","0","0","0","0","0","0","0","0","0","2.66242519557775","0","0","0","0","0","0","2.31834407555279","0","0","0","0","0","0","0","0","0","0","0"
"STX1A__astrocytes","0","0","0","0","0","0","0","0","0","0","0","0","0","0","0","0","0","0","0","0","0","0","0","0","0","0","0","0","0","0","0","0","0","0","0","0","2.51900367409471","0","0","0","0","0","0","0","0","0","0","0","0","0","2.98194716293867","0","0","0","0","0","0","0","0","0","0","0","0","0","0","0","0","0","0","0","0","0","0","0","0","0","0","0","0","0","0","0","0","0","0","0","0","0","0","0","0","0","0","0","0","0","0","0","0","2.93442559146439","0","0","0","0","0","0","0","0","0","0","0","0","0","0","0","0","0","0","0","0","0","0","0","0","0","0","0","0","0","0","0","0","0","0","0","0","1.68695128438446","0","0","0","0","0","0","0","0","0","0","0","0","0","0","0","0","0","0","0","0","0","0","0","0","0","0","0","0","0","0","0","0","0","2.29761670268927","0","0","0","0","0","0","0","0","0","0","0","0","0","0","0","0","0","0","0","0","0","2.56954947675203","0","0","0","0","0","0","0","0","2.75348876488714","0","0","0","0","0","0","0","0","0","0","0","0","0","0","0","0","0","0","0","0","0","0","0","0","0","0","0","0","0","0","0","0","0","0","0","0","0","0","0","0","0","0","0","0","0","0","0","0","0","0","0","0","0","0","2.64635865313155","0","0","0","0","0","0","0","0","0","0","0","0","0","0","0","0","0","0","0","0","0","0","0","0","0","2.6130597046017","0","0","0","0","3.21614751919141","0","0","0","0","0","0","0","0","0","1.36446213872592","0","0","0","0","0","0","0","0","0","0","0","0","0","0","0","0","0","0","0","0","0","0","0","0","0","0","0","1.64161138481658","0","0","0","0","0","0","0","0","0","2.89513779413084","0","0","0","0","0","0","0","0","0","0","1.09095931787067","0","0","0","0","0","0","0","0","0","0","0","0","0","0","0","0","0","0","0","0","0","0","0","0","0","0","0","0","0","0","0","0","0","0","0","0","0","0","0","0","0","0","0","0","0","0","0","0","0","0","0","0","0","0","0","0","0","0","0","0","0","0","0","0","0","0","0","0","0","0","0","0","0","0","0","0","0","0","0","0","0","0","0","0","0","0","0","0","0","0","0","0","0","0","0","0","0","0","0","0","0","0","0","0","0","0","0","0","0","0","0","0","0","0","0","0","0","0","0","0","0","0","0","0","0","0","0","0","0","0","0","0","0","0","0","0","0","0","0","0","0","0","0","2.93165171717485","0","0","0","0","0","0","0","0","0","0","0","0","0","0","0","0","0","0","0","0","0","0","0","0","0","0","0","0","0","0","0","0"
"IGF1R__astrocytes","0","0","0","0","0","0","0","0","0","0","0","0","0","0","0","0","0","0","0","0","0","0","0","0","0","0","0","0","0","0","0","0","0","0","0","0","3.01752855043601","0","0","2.0163840945341","0","0","0","0","0","0","0","0","0","0","2.98194716293867","0","0","0","0","0","0","0","0","0","0","0","0","0","0","0","0","0","0","0","0","0","0","0","0","0","0","0","0","0","0","0","0","0","0","0","0","0","0","0","0","0","0","0","0","0","0","0","0","0","0","0","0","0","0","0","0","0","0","0","0","0","0","0","0","0","0","2.53382662081296","0","0","0","0","0","0","0","0","0","0","0","0","0","0","0","0","0","0","0","0","0","0","0","0","0","0","0","0","0","0","0","0","0","0","0","0","0","0","0","0","0","2.80797339664877","0","0","0","0","0","0","0","0","0","0","2.29761670268927","0","0","0","0","0","0","0","0","0","0","0","0","0","0","0","0","0","0","0","0","0","0","0","0","0","0","0","0","0","0","0","0","0","0","0","0","0","0","0","0","0","0","0","0","0","0","0","0","0","0","0","0","0","0","0","0","0","0","0","0","0","0","0","0","0","0","0","0","0","0","0","0","0","0","0","0","0","0","0","0","0","0","0","0","0","0","0","0","0","0","0","0","0","0","0","0","0","0","0","0","0","0","0","0","0","0","0","0","0","0","0","0","0","0","0","0","3.21614751919141","0","0","0","0","0","0","0","0","0","0","0","0","0","0","0","0","0","0","0","0","0","0","0","0","0","0","0","0","0","0","0","0","0","0","0","0","0","0","0","0","0","0","0","0","0","0","0","0","0","0","0","2.75016132887107","0","0","0","0","0","0","1.70501033112191","0","0","0","0","0","0","0","0","0","0","0","0","0","0","0","0","0","0","0","0","0","0","0","0","0","0","0","0","0","0","0","0","0","0","0","0","0","0","0","0","0","0","0","0","0","0","0","0","0","0","0","0","0","0","0","0","0","0","0","0","0","0","0","0","0","0","0","0","0","0","0","0","0","0","0","0","2.59705557270918","0","0","0","0","0","0","0","0","0","0","0","0","0","0","0","0","0","0","0","0","0","0","0","0","0","0","0","0","0","0","0","0","0","0","0","0","0","0","0","0","0","0","0","0","0","0","0","0","0","0","0","0","0","0","0","0","0","0","0","0","0","0","2.37125580725093","0","0","0","0","0","0","0","0","0","0","0","0","0","0","0","0","0","2.66242519557775","0","0","0","0","0","0","2.65919211392799","0","0","0","0","0","0","0","0","0","0","0"
"PTPRZ1__astrocytes","0","0","0","0","0","0","0","0","0","0","0","0","0","0","0","0","0","0","0","0","0","0","0","0","0","0","0","0","0","0","0","0","0","0","0","0","1.75100543068502","0","0","2.82606448595309","0","3.30773119000046","3.10026412347343","0","2.08367849534613","0","0","0","0","0","0","0","0","0","0","0","0","0","0","0","0","0","0","0","0","0","0","0","0","0","0","0","0","0","0","0","0","0","0","0","0","0","0","0","0","0","0","0","0","0","0","0","0","0","0","0","0","0","0","3.45506774646283","0","0","0","0","0","0","0","0","0","0","0","0","0","0","0","0","0","2.53382662081296","0","0","0","0","0","0","0","0","0","0","0","0","0","0","0","0","0","0","2.44347713559622","0","0","0","0","0","0","0","0","0","0","0","0","0","0","0","0","0","0","0","0","0","0","2.80797339664877","0","0","0","0","0","0","0","0","0","0","3.43177306644958","0","0","0","0","0","0","0","0","0","0","0","0","0","0","0","0","0","0","0","0","0","0","0","0","0","0","0","0","0","0","2.75348876488714","0","0","0","0","0","0","0","0","0","0","0","0","0","0","0","0","0","0","0","0","0","0","0","0","0","0","0","0","0","0","0","0","0","0","0","0","0","0","0","0","0","0","2.32655582953988","0","0","0","0","0","0","0","0","0","0","0","3.52628181992469","0","0","0","0","0","0","0","0","0","0","0","0","0","0","0","0","0","0","0","0","0","0","0","0","0","2.6130597046017","0","0","0","0","3.21614751919141","0","0","0","0","0","0","0","0","0","2.05297446486505","0","0","0","0","0","0","0","0","0","0","0","0","0","0","0","0","0","0","0","0","0","0","0","0","0","0","0","2.87978888120876","0","0","0","0","0","0","0","0","0","2.89513779413084","0","0","0","0","0","0","0","0","0","0","0","0","0","0","0","0","0","0","0","0","0","2.81791733603125","0","0","0","0","0","0","0","0","0","0","0","0","0","0","0","0","0","0","0","0","0","0","0","0","0","0","0","0","0","0","0","0","0","0","0","0","0","0","0","0","0","0","0","0","0","0","0","0","0","0","0","0","0","0","0","0","0","0","0","0","0","0","0","0","0","3.10026412347343","0","0","2.12539609486081","0","0","0","0","0","0","0","0","0","0","0","0","0","0","0","0","0","0","0","0","0","0","0","0","0","0","0","0","0","0","0","0","2.38224756416117","0","0","0","0","0","0","0","0","0","0","0","0","0","0","0","0","0","0","0","0","0","0","0","0","0","0","1.62618516344767","0","0","0","0","0","0","0","0","0","0","0","0","0","0","0","0","0","0","0","0","0","0","0","0","0","0","0","0","0","0","0","0","0","0","0","0"
"GRM3__astrocytes","0","0","0","0","0","0","0","0","0","0","0","0","0","0","0","0","0","0","0","0","0","0","0","0","0","0","0","0","0","0","0","0","0","0","0","0","0","0","0","2.82606448595309","0","2.44653112992949","3.10026412347343","0","2.55048197494705","0","0","0","0","0","2.15388922697502","0","0","0","0","0","0","0","0","0","0","0","0","0","0","0","0","0","0","0","0","0","0","0","0","0","0","0","0","0","0","0","0","0","0","0","0","0","0","0","0","0","0","0","0","0","0","0","0","0","0","0","0","0","0","0","0","0","0","0","0","0","0","0","0","0","0","2.06833986286999","0","0","0","0","0","0","0","0","0","0","0","0","0","0","0","0","0","0","0","0","0","0","0","0","0","0","0","0","0","0","0","0","0","0","0","0","0","0","0","0","0","2.80797339664877","0","0","0","0","0","0","0","0","0","0","2.78129122412111","0","0","0","0","0","0","0","0","0","0","0","0","0","0","0","0","0","0","0","0","0","2.56954947675203","0","0","0","0","0","0","0","0","1.54324160990577","0","0","0","0","0","0","0","0","0","0","0","0","0","0","0","0","0","0","0","0","0","0","0","0","0","0","0","0","0","0","0","0","0","0","0","0","0","0","0","0","0","0","0","0","0","0","0","0","0","0","0","0","0","0","2.64635865313155","0","0","0","0","0","0","0","0","0","0","0","0","0","0","0","0","0","0","0","0","0","0","0","0","0","2.14143241902884","0","0","0","0","2.36359443568057","0","0","0","0","0","0","0","0","0","2.05297446486505","0","0","0","0","0","0","0","0","0","0","0","0","0","0","0","0","0","0","0","0","0","0","0","0","0","0","0","0","0","0","0","0","0","0","0","0","0","1.83820956620443","0","0","0","2.75016132887107","0","0","0","0","0","0","2.13437506488574","0","0","0","0","0","0","0","0","0","0","2.81791733603125","0","0","0","0","0","0","0","0","0","0","0","0","0","0","0","0","0","0","0","0","0","0","0","0","0","0","0","0","0","0","0","0","0","0","0","0","0","0","0","0","0","0","0","0","0","0","0","0","0","0","0","0","0","0","0","0","0","0","0","0","0","0","0","0","0","0","0","0","0","0","0","0","0","0","0","0","0","0","0","0","0","0","0","0","0","0","0","0","0","0","0","0","0","0","0","0","0","0","0","0","3.17120810995681","1.63540223926831","0","0","0","0","0","0","0","0","0","0","0","0","0","0","0","0","0","0","0","0","0","0","0","0","0","0","0","0","0","0","0","0","0","0","0","0","0","0","0","0","0","0","0","0","2.66242519557775","0","0","0","0","0","0","1.87121128668823","0","0","0","0","0","0","0","0","0","0","0"
"NTSR2__astrocytes","0","0","0","0","0","0","0","0","0","0","0","0","0","0","0","0","0","0","0","0","0","0","0","0","0","0","0","0","0","0","0","0","0","0","0","0","3.38732426664861","0","0","4.26859246416271","0","3.843292041264","3.62803122261304","0","4.23371669792605","0","0","0","0","0","2.98194716293867","0","0","0","0","0","0","0","0","0","0","0","0","0","0","0","0","0","0","0","0","0","0","0","0","0","0","0","0","0","0","0","0","0","0","0","0","0","0","0","0","0","0","0","0","0","0","0","0","2.93442559146439","0","0","0","0","0","0","0","0","0","0","0","0","0","0","0","0","0","4.9700878963942","0","0","0","0","0","0","0","0","0","0","0","0","0","0","0","0","0","0","2.93720642182745","0","0","0","0","0","0","0","0","0","0","0","0","0","0","0","0","0","0","0","0","0","0","3.70110575672064","0","0","0","0","0","0","0","0","0","0","3.67235148071251","0","0","0","0","0","0","0","0","0","0","0","0","0","0","0","0","0","0","0","0","0","3.73775171106215","0","0","0","0","0","0","0","0","2.75348876488714","0","0","0","0","0","0","0","0","0","0","0","0","0","0","0","0","0","0","0","0","0","0","0","0","0","0","0","0","0","0","0","0","0","0","0","0","0","0","0","0","0","0","3.17506601370974","0","0","0","0","0","0","0","0","0","0","0","2.64635865313155","0","0","0","0","0","0","0","0","0","0","0","0","0","0","0","0","0","0","0","0","0","0","0","0","0","3.25247578369848","0","0","0","0","3.21614751919141","0","0","0","0","0","0","0","0","0","2.51712686714743","0","0","0","0","0","0","0","0","0","0","0","0","0","0","0","0","0","0","0","0","0","0","0","0","0","0","0","3.24497309642864","0","0","0","0","0","0","0","0","0","3.65426024113869","0","0","0","3.93732641195331","0","0","0","0","0","0","2.73352391597126","0","0","0","0","0","0","0","0","0","0","4.25959727526184","0","0","0","0","0","0","0","0","0","0","0","0","0","0","0","0","0","0","0","0","0","0","0","0","0","0","0","0","0","0","0","0","0","0","0","0","0","0","0","0","0","0","0","0","0","0","0","0","0","0","0","0","0","0","0","0","0","0","0","0","0","0","0","0","0","5.08015804062711","0","0","4.15511317816779","0","0","0","0","0","0","0","0","0","0","0","0","0","0","0","0","0","0","0","0","0","0","0","0","0","0","0","0","0","0","0","3.70177215420061","3.23679356947343","0","0","0","0","0","0","0","0","0","0","0","0","0","0","0","0","0","0","0","0","0","0","0","0","0","0","4.91730721155386","0","0","0","4.94646204396714","0","0","0","0","0","0","0","0","0","0","0","0","0","3.84070593266759","0","0","0","0","0","0","5.2561632166778","0","0","0","0","0","0","0","0","0","0","0"
"SDC4__astrocytes","0","0","0","0","0","0","0","0","0","0","0","0","0","0","0","0","0","0","0","0","0","0","0","0","0","0","0","0","0","0","0","0","0","0","0","0","3.01752855043601","0","0","3.72057847922203","0","3.30773119000046","0","0","3.80275835178259","0","0","0","0","0","0","0","0","0","0","0","0","0","0","0","0","0","0","0","0","0","0","0","0","0","0","0","0","0","0","0","0","0","0","0","0","0","0","0","0","0","0","0","0","0","0","0","0","0","0","0","0","0","0","2.11178556995809","0","0","0","0","0","0","0","0","0","0","0","0","0","0","0","0","0","3.40355587644133","0","0","0","0","0","0","0","0","0","0","0","0","0","0","0","0","0","0","3.59678957001025","0","0","0","0","0","0","0","0","0","0","0","0","0","0","0","0","0","0","0","0","0","0","4.24861107520252","0","0","0","0","0","0","0","0","0","0","2.78129122412111","0","0","0","0","0","0","0","0","0","0","0","0","0","0","0","0","0","0","0","0","0","4.53686611697678","0","0","0","0","0","0","0","0","3.11402465546438","0","0","0","0","0","0","0","0","0","0","0","0","0","0","0","0","0","0","0","0","0","0","0","0","0","0","0","0","0","0","0","0","0","0","0","0","0","0","0","0","0","0","4.09290569624521","0","0","0","0","0","0","0","0","0","0","0","4.06889016552722","0","0","0","0","0","0","0","0","0","0","0","0","0","0","0","0","0","0","0","0","0","0","0","0","0","3.49005618636583","0","0","0","0","3.21614751919141","0","0","0","0","0","0","0","0","0","0","0","0","0","0","0","0","0","0","0","0","0","0","0","0","0","0","0","0","0","0","0","0","0","0","0","0","0","1.64161138481658","0","0","0","0","0","0","0","0","0","1.19397985894392","0","0","0","1.95008083660321","0","0","0","0","0","0","2.46483169867418","0","0","0","0","0","0","0","0","0","0","2.81791733603125","0","0","0","0","0","0","0","0","0","0","0","0","0","0","0","0","0","0","0","0","0","0","0","0","0","0","0","0","0","0","0","0","0","0","0","0","0","0","0","0","0","0","0","0","0","0","0","0","0","0","0","0","0","0","0","0","0","0","0","0","0","0","0","0","0","2.59705557270918","0","0","3.47114662446963","0","0","0","0","0","0","0","0","0","0","0","0","0","0","0","0","0","0","0","0","0","0","0","0","0","0","0","0","0","0","0","3.17120810995681","2.87188793760174","0","0","0","0","0","0","0","0","0","0","0","0","0","0","0","0","0","0","0","0","0","0","0","0","0","0","3.22463089353245","0","0","0","3.83386853901076","0","0","0","0","0","0","0","0","0","0","0","0","0","2.66242519557775","0","0","0","0","0","0","3.54022376652724","0","0","0","0","0","0","0","0","0","0","0"
"ITGB5__astrocytes","0","0","0","0","0","0","0","0","0","0","0","0","0","0","0","0","0","0","0","0","0","0","0","0","0","0","0","0","0","0","0","0","0","0","0","0","2.51900367409471","0","0","0","0","3.30773119000046","3.10026412347343","0","2.08367849534613","0","0","0","0","0","0","0","0","0","0","0","0","0","0","0","0","0","0","0","0","0","0","0","0","0","0","0","0","0","0","0","0","0","0","0","0","0","0","0","0","0","0","0","0","0","0","0","0","0","0","0","0","0","0","2.93442559146439","0","0","0","0","0","0","0","0","0","0","0","0","0","0","0","0","0","0","0","0","0","0","0","0","0","0","0","0","0","0","0","0","0","0","0","0","2.44347713559622","0","0","0","0","0","0","0","0","0","0","0","0","0","0","0","0","0","0","0","0","0","0","3.32257748624935","0","0","0","0","0","0","0","0","0","0","0","0","0","0","0","0","0","0","0","0","0","0","0","0","0","0","0","0","0","0","0","0","3.07113802036101","0","0","0","0","0","0","0","0","2.27171626531967","0","0","0","0","0","0","0","0","0","0","0","0","0","0","0","0","0","0","0","0","0","0","0","0","0","0","0","0","0","0","0","0","0","0","0","0","0","0","0","0","0","0","3.17506601370974","0","0","0","0","0","0","0","0","0","0","0","0","0","0","0","0","0","0","0","0","0","0","0","0","0","0","0","0","0","0","0","0","0","0","0","0","0","2.6130597046017","0","0","0","0","3.21614751919141","0","0","0","0","0","0","0","0","0","2.05297446486505","0","0","0","0","0","0","0","0","0","0","0","0","0","0","0","0","0","0","0","0","0","0","0","0","0","0","0","2.87978888120876","0","0","0","0","0","0","0","0","0","1.19397985894392","0","0","0","1.95008083660321","0","0","0","0","0","0","1.09095931787067","0","0","0","0","0","0","0","0","0","0","2.81791733603125","0","0","0","0","0","0","0","0","0","0","0","0","0","0","0","0","0","0","0","0","0","0","0","0","0","0","0","0","0","0","0","0","0","0","0","0","0","0","0","0","0","0","0","0","0","0","0","0","0","0","0","0","0","0","0","0","0","0","0","0","0","0","0","0","0","2.59705557270918","0","0","0","0","0","0","0","0","0","0","0","0","0","0","0","0","0","0","0","0","0","0","0","0","0","0","0","0","0","0","0","0","0","0","1.58592493907632","1.63540223926831","0","0","0","0","0","0","0","0","0","0","0","0","0","0","0","0","0","0","0","0","0","0","0","0","0","0","0","0","0","0","2.93165171717485","0","0","0","0","0","0","0","0","0","0","0","0","0","0","0","0","0","0","0","0","1.87121128668823","0","0","0","0","0","0","0","0","0","0","0"
"LRP4__astrocytes","0","0","0","0","0","0","0","0","0","0","0","0","0","0","0","0","0","0","0","0","0","0","0","0","0","0","0","0","0","0","0","0","0","0","0","0","2.51900367409471","0","0","2.82606448595309","0","0","3.10026412347343","0","3.42177524791072","0","0","0","0","0","0","0","0","0","0","0","0","0","0","0","0","0","0","0","0","0","0","0","0","0","0","0","0","0","0","0","0","0","0","0","0","0","0","0","0","0","0","0","0","0","0","0","0","0","0","0","0","0","0","2.93442559146439","0","0","0","0","0","0","0","0","0","0","0","0","0","0","0","0","0","4.2146849751838","0","0","0","0","0","0","0","0","0","0","0","0","0","0","0","0","0","0","2.44347713559622","0","0","0","0","0","0","0","0","0","0","0","0","0","0","0","0","0","0","0","0","0","0","0","0","0","0","0","0","0","0","0","0","0","1.56473156389556","0","0","0","0","0","0","0","0","0","0","0","0","0","0","0","0","0","0","0","0","0","2.56954947675203","0","0","0","0","0","0","0","0","0","0","0","0","0","0","0","0","0","0","0","0","0","0","0","0","0","0","0","0","0","0","0","0","0","0","0","0","0","0","0","0","0","0","0","0","0","0","0","0","0","0","0","3.17506601370974","0","0","0","0","0","0","0","0","0","0","0","2.64635865313155","0","0","0","0","0","0","0","0","0","0","0","0","0","0","0","0","0","0","0","0","0","0","0","0","0","1.43616153613175","0","0","0","0","0","0","0","0","0","0","0","0","0","0","2.05297446486505","0","0","0","0","0","0","0","0","0","0","0","0","0","0","0","0","0","0","0","0","0","0","0","0","0","0","0","0","0","0","0","0","0","0","0","0","0","1.83820956620443","0","0","0","0","0","0","0","0","0","0","2.13437506488574","0","0","0","0","0","0","0","0","0","0","2.81791733603125","0","0","0","0","0","0","0","0","0","0","0","0","0","0","0","0","0","0","0","0","0","0","0","0","0","0","0","0","0","0","0","0","0","0","0","0","0","0","0","0","0","0","0","0","0","0","0","0","0","0","0","0","0","0","0","0","0","0","0","0","0","0","0","0","0","3.76831801286866","0","0","3.47114662446963","0","0","0","0","0","0","0","0","0","0","0","0","0","0","0","0","0","0","0","0","0","0","0","0","0","0","0","0","0","0","0","2.80859222491294","2.38224756416117","0","0","0","0","0","0","0","0","0","0","0","0","0","0","0","0","0","0","0","0","0","0","0","0","0","0","3.22463089353245","0","0","0","4.94646204396714","0","0","0","0","0","0","0","0","0","0","0","0","0","0","0","0","0","0","0","0","3.36518668700116","0","0","0","0","0","0","0","0","0","0","0"
"PTCH1__astrocytes","0","0","0","0","0","0","0","0","0","0","0","0","0","0","0","0","0","0","0","0","0","0","0","0","0","0","0","0","0","0","0","0","0","0","0","0","2.51900367409471","0","0","2.82606448595309","0","2.44653112992949","3.10026412347343","0","3.42177524791072","0","0","0","0","0","2.15388922697502","0","0","0","0","0","0","0","0","0","0","0","0","0","0","0","0","0","0","0","0","0","0","0","0","0","0","0","0","0","0","0","0","0","0","0","0","0","0","0","0","0","0","0","0","0","0","0","0","0","0","0","0","0","0","0","0","0","0","0","0","0","0","0","0","0","0","1.37685651229659","0","0","0","0","0","0","0","0","0","0","0","0","0","0","0","0","0","0","2.93720642182745","0","0","0","0","0","0","0","0","0","0","0","0","0","0","0","0","0","0","0","0","0","0","0","0","0","0","0","0","0","0","0","0","0","2.29761670268927","0","0","0","0","0","0","0","0","0","0","0","0","0","0","0","0","0","0","0","0","0","1.79415386585274","0","0","0","0","0","0","0","0","2.75348876488714","0","0","0","0","0","0","0","0","0","0","0","0","0","0","0","0","0","0","0","0","0","0","0","0","0","0","0","0","0","0","0","0","0","0","0","0","0","0","0","0","0","0","0","0","0","0","0","0","0","0","0","0","0","0","2.64635865313155","0","0","0","0","0","0","0","0","0","0","0","0","0","0","0","0","0","0","0","0","0","0","0","0","0","2.14143241902884","0","0","0","0","0","0","0","0","0","0","0","0","0","0","0","0","0","0","0","0","0","0","0","0","0","0","0","0","0","0","0","0","0","0","0","0","0","0","0","0","0","0","2.38964463962275","0","0","0","0","0","0","0","0","0","1.83820956620443","0","0","0","0","0","0","0","0","0","0","1.70501033112191","0","0","0","0","0","0","0","0","0","0","2.81791733603125","0","0","0","0","0","0","0","0","0","0","0","0","0","0","0","0","0","0","0","0","0","0","0","0","0","0","0","0","0","0","0","0","0","0","0","0","0","0","0","0","0","0","0","0","0","0","0","0","0","0","0","0","0","0","0","0","0","0","0","0","0","0","0","0","0","0","0","0","0","0","0","0","0","0","0","0","0","0","0","0","0","0","0","0","0","0","0","0","0","0","0","0","0","0","0","0","0","0","0","0","1.58592493907632","2.38224756416117","0","0","0","0","0","0","0","0","0","0","0","0","0","0","0","0","0","0","0","0","0","0","0","0","0","0","1.62618516344767","0","0","0","0","0","0","0","0","0","0","0","0","0","0","0","0","0","1.8740029240951","0","0","0","0","0","0","2.31834407555279","0","0","0","0","0","0","0","0","0","0","0"
"EGFR__astrocytes","0","0","0","0","0","0","0","0","0","0","0","0","0","0","0","0","0","0","0","0","0","0","0","0","0","0","0","0","0","0","0","0","0","0","0","0","0","0","0","0","0","3.30773119000046","3.10026412347343","0","2.08367849534613","0","0","0","0","0","2.15388922697502","0","0","0","0","0","0","0","0","0","0","0","0","0","0","0","0","0","0","0","0","0","0","0","0","0","0","0","0","0","0","0","0","0","0","0","0","0","0","0","0","0","0","0","0","0","0","0","0","0","0","0","0","0","0","0","0","0","0","0","0","0","0","0","0","0","0","0","0","0","0","0","0","0","0","0","0","0","0","0","0","0","0","0","0","0","0","0","0","0","0","0","0","0","0","0","0","0","0","0","0","0","0","0","0","0","0","0","0","0","0","0","0","0","0","0","0","0","0","0","2.78129122412111","0","0","0","0","0","0","0","0","0","0","0","0","0","0","0","0","0","0","0","0","0","0","0","0","0","0","0","0","0","0","0","0","0","0","0","0","0","0","0","0","0","0","0","0","0","0","0","0","0","0","0","0","0","0","0","0","0","0","0","0","0","0","0","0","0","0","0","0","0","0","0","0","0","0","0","0","0","0","0","0","0","0","0","0","0","2.64635865313155","0","0","0","0","0","0","0","0","0","0","0","0","0","0","0","0","0","0","0","0","0","0","0","0","0","1.43616153613175","0","0","0","0","0","0","0","0","0","0","0","0","0","0","1.36446213872592","0","0","0","0","0","0","0","0","0","0","0","0","0","0","0","0","0","0","0","0","0","0","0","0","0","0","0","2.38964463962275","0","0","0","0","0","0","0","0","0","2.28199195715832","0","0","0","1.95008083660321","0","0","0","0","0","0","1.70501033112191","0","0","0","0","0","0","0","0","0","0","0","0","0","0","0","0","0","0","0","0","0","0","0","0","0","0","0","0","0","0","0","0","0","0","0","0","0","0","0","0","0","0","0","0","0","0","0","0","0","0","0","0","0","0","0","0","0","0","0","0","0","0","0","0","0","0","0","0","0","0","0","0","0","0","0","0","0","0","0","2.94980708630464","0","0","0","0","0","0","0","0","0","0","0","0","0","0","0","0","0","0","0","0","0","0","0","0","0","0","0","0","0","0","0","0","1.63540223926831","0","0","0","0","0","0","0","0","0","0","0","0","0","0","0","0","0","0","0","0","0","0","0","0","0","0","3.51535703323529","0","0","0","2.93165171717485","0","0","0","0","0","0","0","0","0","0","0","0","0","0","0","0","0","0","0","0","0","0","0","0","0","0","0","0","0","0","0","0"
"S1PR1__astrocytes","0","0","0","0","0","0","0","0","0","0","0","0","0","0","0","0","0","0","0","0","0","0","0","0","0","0","0","0","0","0","0","0","0","0","0","0","3.38732426664861","0","0","3.72057847922203","0","3.30773119000046","4.56847437793259","0","3.42177524791072","0","0","0","0","0","2.98194716293867","0","0","0","0","0","0","0","0","0","0","0","0","0","0","0","0","0","0","0","0","0","0","0","0","0","0","0","0","0","0","0","0","0","0","0","0","0","0","0","0","0","0","0","0","0","0","0","0","2.93442559146439","0","0","0","0","0","0","0","0","0","0","0","0","0","0","0","0","0","2.88519862755131","0","0","0","0","0","0","0","0","0","0","0","0","0","0","0","0","0","0","3.30436841638788","0","0","0","0","0","0","0","0","0","0","0","0","0","0","0","0","0","0","0","0","0","0","4.00067644299298","0","0","0","0","0","0","0","0","0","0","3.87848717431459","0","0","0","0","0","0","0","0","0","0","0","0","0","0","0","0","0","0","0","0","0","4.19194481369478","0","0","0","0","0","0","0","0","3.40223529392048","0","0","0","0","0","0","0","0","0","0","0","0","0","0","0","0","0","0","0","0","0","0","0","0","0","0","0","0","0","0","0","0","0","0","0","0","0","0","0","0","0","0","4.86356434157727","0","0","0","0","0","0","0","0","0","0","0","3.15239043763343","0","0","0","0","0","0","0","0","0","0","0","0","0","0","0","0","0","0","0","0","0","0","0","0","0","3.25247578369848","0","0","0","0","2.36359443568057","0","0","0","0","0","0","0","0","0","3.58779966002469","0","0","0","0","0","0","0","0","0","0","0","0","0","0","0","0","0","0","0","0","0","0","0","0","0","0","0","3.24497309642864","0","0","0","0","0","0","0","0","0","4.5168415662871","0","0","0","4.39559292660579","0","0","0","0","0","0","4.16610040724928","0","0","0","0","0","0","0","0","0","0","4.0115486870372","0","0","0","0","0","0","0","0","0","0","0","0","0","0","0","0","0","0","0","0","0","0","0","0","0","0","0","0","0","0","0","0","0","0","0","0","0","0","0","0","0","0","0","0","0","0","0","0","0","0","0","0","0","0","0","0","0","0","0","0","0","0","0","0","0","1.81772660613004","0","0","2.12539609486081","0","0","0","0","0","0","0","0","0","0","0","0","0","0","0","0","0","0","0","0","0","0","0","0","0","0","0","0","0","0","0","2.80859222491294","2.87188793760174","0","0","0","0","0","0","0","0","0","0","0","0","0","0","0","0","0","0","0","0","0","0","0","0","0","0","2.37125580725093","0","0","0","4.13541876945631","0","0","0","0","0","0","0","0","0","0","0","0","0","1.8740029240951","0","0","0","0","0","0","3.69630352009871","0","0","0","0","0","0","0","0","0","0","0"
"CDH2__astrocytes","0","0","0","0","0","0","0","0","0","0","0","0","0","0","0","0","0","0","0","0","0","0","0","0","0","0","0","0","0","0","0","0","0","0","0","0","2.51900367409471","0","0","0","0","2.44653112992949","2.25938662881865","0","2.08367849534613","0","0","0","0","0","0","0","0","0","0","0","0","0","0","0","0","0","0","0","0","0","0","0","0","0","0","0","0","0","0","0","0","0","0","0","0","0","0","0","0","0","0","0","0","0","0","0","0","0","0","0","0","0","0","0","0","0","0","0","0","0","0","0","0","0","0","0","0","0","0","0","0","0","0","0","0","0","0","0","0","0","0","0","0","0","0","0","0","0","0","0","2.44347713559622","0","0","0","0","0","0","0","0","0","0","0","0","0","0","0","0","0","0","0","0","0","0","0","0","0","0","0","0","0","0","0","0","0","1.56473156389556","0","0","0","0","0","0","0","0","0","0","0","0","0","0","0","0","0","0","0","0","0","0","0","0","0","0","0","0","0","0","0","0","0","0","0","0","0","0","0","0","0","0","0","0","0","0","0","0","0","0","0","0","0","0","0","0","0","0","0","0","0","0","0","0","0","0","0","0","0","0","0","0","0","2.32655582953988","0","0","0","0","0","0","0","0","0","0","0","1.86013854908526","0","0","0","0","0","0","0","0","0","0","0","0","0","0","0","0","0","0","0","0","0","0","0","0","0","0","0","0","0","0","0","0","0","0","0","0","0","0","0","0","0","0","0","0","0","0","0","0","0","0","0","0","0","0","0","0","0","0","0","0","0","0","0","0","0","0","0","0","2.38964463962275","0","0","0","0","0","0","0","0","0","2.28199195715832","0","0","0","2.75016132887107","0","0","0","0","0","0","0","0","0","0","0","0","0","0","0","0","0","0","0","0","0","0","0","0","0","0","0","0","0","0","0","0","0","0","0","0","0","0","0","0","0","0","0","0","0","0","0","0","0","0","0","0","0","0","0","0","0","0","0","0","0","0","0","0","0","0","0","0","0","0","0","0","0","0","0","0","0","0","0","0","0","0","0","0","0","0","0","0","0","0","0","0","0","0","0","0","0","0","0","0","0","0","0","0","0","0","0","0","0","0","0","0","0","0","0","0","0","0","1.58592493907632","2.38224756416117","0","0","0","0","0","0","0","0","0","0","0","0","0","0","0","0","0","0","0","0","0","0","0","0","0","0","2.37125580725093","0","0","0","0","0","0","0","0","0","0","0","0","0","0","0","0","0","0","0","0","0","0","0","0","0","0","0","0","0","0","0","0","0","0","0","0"
"GPR37L1__astrocytes","0","0","0","0","0","0","0","0","0","0","0","0","0","0","0","0","0","0","0","0","0","0","0","0","0","0","0","0","0","0","0","0","0","0","0","0","4.47854316352529","0","0","3.3415667979876","0","3.843292041264","4.78215436793246","0","4.46287892025577","0","0","0","0","0","3.50471906533076","0","0","0","0","0","0","0","0","0","0","0","0","0","0","0","0","0","0","0","0","0","0","0","0","0","0","0","0","0","0","0","0","0","0","0","0","0","0","0","0","0","0","0","0","0","0","0","0","2.93442559146439","0","0","0","0","0","0","0","0","0","0","0","0","0","0","0","0","0","4.08493072575571","0","0","0","0","0","0","0","0","0","0","0","0","0","0","0","0","0","0","4.53590105286158","0","0","0","0","0","0","0","0","0","0","0","0","0","0","0","0","0","0","0","0","0","0","5.21015539753575","0","0","0","0","0","0","0","0","0","0","4.36332847727381","0","0","0","0","0","0","0","0","0","0","0","0","0","0","0","0","0","0","0","0","0","3.98264871828758","0","0","0","0","0","0","0","0","4.98330285865217","0","0","0","0","0","0","0","0","0","0","0","0","0","0","0","0","0","0","0","0","0","0","0","0","0","0","0","0","0","0","0","0","0","0","0","0","0","0","0","0","0","0","5.21507974276025","0","0","0","0","0","0","0","0","0","0","0","4.4622749909292","0","0","0","0","0","0","0","0","0","0","0","0","0","0","0","0","0","0","0","0","0","0","0","0","0","4.73281140927036","0","0","0","0","2.36359443568057","0","0","0","0","0","0","0","0","0","4.19557080863318","0","0","0","0","0","0","0","0","0","0","0","0","0","0","0","0","0","0","0","0","0","0","0","0","0","0","0","4.32777875721945","0","0","0","0","0","0","0","0","0","3.92278109610305","0","0","0","4.57964446565703","0","0","0","0","0","0","3.15560261944781","0","0","0","0","0","0","0","0","0","0","3.71181143144945","0","0","0","0","0","0","0","0","0","0","0","0","0","0","0","0","0","0","0","0","0","0","0","0","0","0","0","0","0","0","0","0","0","0","0","0","0","0","0","0","0","0","0","0","0","0","0","0","0","0","0","0","0","0","0","0","0","0","0","0","0","0","0","0","0","3.10026412347343","0","0","3.47114662446963","0","0","0","0","0","0","0","0","0","0","0","0","0","0","0","0","0","0","0","0","0","0","0","0","0","0","0","0","0","0","0","3.70177215420061","2.87188793760174","0","0","0","0","0","0","0","0","0","0","0","0","0","0","0","0","0","0","0","0","0","0","0","0","0","0","4.45085263374851","0","0","0","4.59719861223975","0","0","0","0","0","0","0","0","0","0","0","0","0","4.08685950292496","0","0","0","0","0","0","3.83713394602355","0","0","0","0","0","0","0","0","0","0","0"
"IL6ST__astrocytes","0","0","0","0","0","0","0","0","0","0","0","0","0","0","0","0","0","0","0","0","0","0","0","0","0","0","0","0","0","0","0","0","0","0","0","0","0","0","0","0","0","2.44653112992949","2.25938662881865","0","0","0","0","0","0","0","0","0","0","0","0","0","0","0","0","0","0","0","0","0","0","0","0","0","0","0","0","0","0","0","0","0","0","0","0","0","0","0","0","0","0","0","0","0","0","0","0","0","0","0","0","0","0","0","0","0","0","0","0","0","0","0","0","0","0","0","0","0","0","0","0","0","0","2.06833986286999","0","0","0","0","0","0","0","0","0","0","0","0","0","0","0","0","0","0","1.68695128438446","0","0","0","0","0","0","0","0","0","0","0","0","0","0","0","0","0","0","0","0","0","0","0","0","0","0","0","0","0","0","0","0","0","0","0","0","0","0","0","0","0","0","0","0","0","0","0","0","0","0","0","0","0","0","0","1.79415386585274","0","0","0","0","0","0","0","0","0","0","0","0","0","0","0","0","0","0","0","0","0","0","0","0","0","0","0","0","0","0","0","0","0","0","0","0","0","0","0","0","0","0","0","0","0","0","0","0","0","0","0","2.32655582953988","0","0","0","0","0","0","0","0","0","0","0","0","0","0","0","0","0","0","0","0","0","0","0","0","0","0","0","0","0","0","0","0","0","0","0","0","0","2.14143241902884","0","0","0","0","2.36359443568057","0","0","0","0","0","0","0","0","0","0","0","0","0","0","0","0","0","0","0","0","0","0","0","0","0","0","0","0","0","0","0","0","0","0","0","0","0","0","0","0","0","0","0","0","0","0","0","0","0","0","0","1.95008083660321","0","0","0","0","0","0","1.09095931787067","0","0","0","0","0","0","0","0","0","0","0","0","0","0","0","0","0","0","0","0","0","0","0","0","0","0","0","0","0","0","0","0","0","0","0","0","0","0","0","0","0","0","0","0","0","0","0","0","0","0","0","0","0","0","0","0","0","0","0","0","0","0","0","0","0","0","0","0","0","0","0","0","0","0","0","0","1.81772660613004","0","0","2.12539609486081","0","0","0","0","0","0","0","0","0","0","0","0","0","0","0","0","0","0","0","0","0","0","0","0","0","0","0","0","0","0","0","1.58592493907632","1.63540223926831","0","0","0","0","0","0","0","0","0","0","0","0","0","0","0","0","0","0","0","0","0","0","0","0","0","0","2.37125580725093","0","0","0","2.10933285105877","0","0","0","0","0","0","0","0","0","0","0","0","0","0","0","0","0","0","0","0","2.65919211392799","0","0","0","0","0","0","0","0","0","0","0"
"FGFR1__astrocytes","0","0","0","0","0","0","0","0","0","0","0","0","0","0","0","0","0","0","0","0","0","0","0","0","0","0","0","0","0","0","0","0","0","0","0","0","1.75100543068502","0","0","0","0","0","2.25938662881865","0","2.90260091939776","0","0","0","0","0","2.15388922697502","0","0","0","0","0","0","0","0","0","0","0","0","0","0","0","0","0","0","0","0","0","0","0","0","0","0","0","0","0","0","0","0","0","0","0","0","0","0","0","0","0","0","0","0","0","0","0","0","0","0","0","0","0","0","0","0","0","0","0","0","0","0","0","0","0","0","2.06833986286999","0","0","0","0","0","0","0","0","0","0","0","0","0","0","0","0","0","0","0","0","0","0","0","0","0","0","0","0","0","0","0","0","0","0","0","0","0","0","0","0","0","2.00054117976535","0","0","0","0","0","0","0","0","0","0","0","0","0","0","0","0","0","0","0","0","0","0","0","0","0","0","0","0","0","0","0","0","1.79415386585274","0","0","0","0","0","0","0","0","0","0","0","0","0","0","0","0","0","0","0","0","0","0","0","0","0","0","0","0","0","0","0","0","0","0","0","0","0","0","0","0","0","0","0","0","0","0","0","0","0","0","0","3.17506601370974","0","0","0","0","0","0","0","0","0","0","0","1.86013854908526","0","0","0","0","0","0","0","0","0","0","0","0","0","0","0","0","0","0","0","0","0","0","0","0","0","2.6130597046017","0","0","0","0","0","0","0","0","0","0","0","0","0","0","2.05297446486505","0","0","0","0","0","0","0","0","0","0","0","0","0","0","0","0","0","0","0","0","0","0","0","0","0","0","0","3.5361407917411","0","0","0","0","0","0","0","0","0","1.19397985894392","0","0","0","2.75016132887107","0","0","0","0","0","0","1.09095931787067","0","0","0","0","0","0","0","0","0","0","0","0","0","0","0","0","0","0","0","0","0","0","0","0","0","0","0","0","0","0","0","0","0","0","0","0","0","0","0","0","0","0","0","0","0","0","0","0","0","0","0","0","0","0","0","0","0","0","0","0","0","0","0","0","0","0","0","0","0","0","0","0","0","0","0","0","2.59705557270918","0","0","2.12539609486081","0","0","0","0","0","0","0","0","0","0","0","0","0","0","0","0","0","0","0","0","0","0","0","0","0","0","0","0","0","0","0","2.32308294389111","1.63540223926831","0","0","0","0","0","0","0","0","0","0","0","0","0","0","0","0","0","0","0","0","0","0","0","0","0","0","3.22463089353245","0","0","0","2.93165171717485","0","0","0","0","0","0","0","0","0","0","0","0","0","1.8740029240951","0","0","0","0","0","0","3.69630352009871","0","0","0","0","0","0","0","0","0","0","0"
"NOTCH1__astrocytes","0","0","0","0","0","0","0","0","0","0","0","0","0","0","0","0","0","0","0","0","0","0","0","0","0","0","0","0","0","0","0","0","0","0","0","0","3.01752855043601","0","0","0","0","0","3.62803122261304","0","2.55048197494705","0","0","0","0","0","2.15388922697502","0","0","0","0","0","0","0","0","0","0","0","0","0","0","0","0","0","0","0","0","0","0","0","0","0","0","0","0","0","0","0","0","0","0","0","0","0","0","0","0","0","0","0","0","0","0","0","0","3.45506774646283","0","0","0","0","0","0","0","0","0","0","0","0","0","0","0","0","0","2.06833986286999","0","0","0","0","0","0","0","0","0","0","0","0","0","0","0","0","0","0","2.93720642182745","0","0","0","0","0","0","0","0","0","0","0","0","0","0","0","0","0","0","0","0","0","0","2.00054117976535","0","0","0","0","0","0","0","0","0","0","3.14288687986903","0","0","0","0","0","0","0","0","0","0","0","0","0","0","0","0","0","0","0","0","0","1.79415386585274","0","0","0","0","0","0","0","0","2.75348876488714","0","0","0","0","0","0","0","0","0","0","0","0","0","0","0","0","0","0","0","0","0","0","0","0","0","0","0","0","0","0","0","0","0","0","0","0","0","0","0","0","0","0","3.17506601370974","0","0","0","0","0","0","0","0","0","0","0","1.86013854908526","0","0","0","0","0","0","0","0","0","0","0","0","0","0","0","0","0","0","0","0","0","0","0","0","0","2.6130597046017","0","0","0","0","2.36359443568057","0","0","0","0","0","0","0","0","0","1.36446213872592","0","0","0","0","0","0","0","0","0","0","0","0","0","0","0","0","0","0","0","0","0","0","0","0","0","0","0","1.64161138481658","0","0","0","0","0","0","0","0","0","1.83820956620443","0","0","0","1.95008083660321","0","0","0","0","0","0","1.70501033112191","0","0","0","0","0","0","0","0","0","0","0","0","0","0","0","0","0","0","0","0","0","0","0","0","0","0","0","0","0","0","0","0","0","0","0","0","0","0","0","0","0","0","0","0","0","0","0","0","0","0","0","0","0","0","0","0","0","0","0","0","0","0","0","0","0","0","0","0","0","0","0","0","0","0","0","0","3.10026412347343","0","0","2.12539609486081","0","0","0","0","0","0","0","0","0","0","0","0","0","0","0","0","0","0","0","0","0","0","0","0","0","0","0","0","0","0","0","2.32308294389111","0","0","0","0","0","0","0","0","0","0","0","0","0","0","0","0","0","0","0","0","0","0","0","0","0","0","0","3.22463089353245","0","0","0","2.93165171717485","0","0","0","0","0","0","0","0","0","0","0","0","0","3.16935518853305","0","0","0","0","0","0","2.93470336096119","0","0","0","0","0","0","0","0","0","0","0"
"LRP1__astrocytes","0","0","0","0","0","0","0","0","0","0","0","0","0","0","0","0","0","0","0","0","0","0","0","0","0","0","0","0","0","0","0","0","0","0","0","0","0","0","0","2.82606448595309","0","0","0","0","2.08367849534613","0","0","0","0","0","3.50471906533076","0","0","0","0","0","0","0","0","0","0","0","0","0","0","0","0","0","0","0","0","0","0","0","0","0","0","0","0","0","0","0","0","0","0","0","0","0","0","0","0","0","0","0","0","0","0","0","0","0","0","0","0","0","0","0","0","0","0","0","0","0","0","0","0","0","0","2.53382662081296","0","0","0","0","0","0","0","0","0","0","0","0","0","0","0","0","0","0","2.44347713559622","0","0","0","0","0","0","0","0","0","0","0","0","0","0","0","0","0","0","0","0","0","0","2.00054117976535","0","0","0","0","0","0","0","0","0","0","2.78129122412111","0","0","0","0","0","0","0","0","0","0","0","0","0","0","0","0","0","0","0","0","0","1.79415386585274","0","0","0","0","0","0","0","0","1.54324160990577","0","0","0","0","0","0","0","0","0","0","0","0","0","0","0","0","0","0","0","0","0","0","0","0","0","0","0","0","0","0","0","0","0","0","0","0","0","0","0","0","0","0","0","0","0","0","0","0","0","0","0","0","0","0","2.64635865313155","0","0","0","0","0","0","0","0","0","0","0","0","0","0","0","0","0","0","0","0","0","0","0","0","0","3.69398823347922","0","0","0","0","2.36359443568057","0","0","0","0","0","0","0","0","0","2.86774084185336","0","0","0","0","0","0","0","0","0","0","0","0","0","0","0","0","0","0","0","0","0","0","0","0","0","0","0","2.38964463962275","0","0","0","0","0","0","0","0","0","2.28199195715832","0","0","0","0","0","0","0","0","0","0","1.09095931787067","0","0","0","0","0","0","0","0","0","0","2.00924633351453","0","0","0","0","0","0","0","0","0","0","0","0","0","0","0","0","0","0","0","0","0","0","0","0","0","0","0","0","0","0","0","0","0","0","0","0","0","0","0","0","0","0","0","0","0","0","0","0","0","0","0","0","0","0","0","0","0","0","0","0","0","0","0","0","0","0","0","0","0","0","0","0","0","0","0","0","0","0","0","0","0","0","0","0","0","0","0","0","0","0","0","0","0","0","0","0","0","0","0","0","1.58592493907632","1.63540223926831","0","0","0","0","0","0","0","0","0","0","0","0","0","0","0","0","0","0","0","0","0","0","0","0","0","0","0","0","0","0","2.93165171717485","0","0","0","0","0","0","0","0","0","0","0","0","0","0","0","0","0","0","0","0","1.87121128668823","0","0","0","0","0","0","0","0","0","0","0"
"ADCY1__OPC","0","0","0","0","0","0","0","0","0","0","0","0","0","0","0","0","0","0","0","0","0","0","0","0","0","0","0","0","0","0","0","0","0","0","0","0","0","0","0","0","0","0","0","0","0","0","0","0","0","0","0","0","0","0","0","0","0","0","0","0","0","0","0","0","0","0","0","0","0","0","0","0","0","0","0","0","0","0","0","0","0","0","0","0","0","0","0","0","0","0","0","0","0","0","0","0","0","0","0","0","0","0","0","0","2.59401899650618","0","0","0","0","0","0","0","0","0","0","0","0","0","0","0","0","0","0","0","0","0","0","0","0","0","0","0","0","0","0","0","0","0","0","0","0","0","0","0","0","0","0","0","0","0","0","0","0","0","0","0","0","0","0","0","0","0","0","0","0","0","0","0","0","0","0","0","0","0","0","0","0","0","0","0","0","0","0","0","0","0","0","0","0","0","0","0","0","0","0","0","0","0","0","0","0","0","0","0","0","0","0","0","0","0","0","0","0","0","0","0","0","0","0","0","0","0","0","0","0","0","0","0","0","0","0","0","0","0","0","0","0","0","0","0","0","0","0","0","0","0","0","0","0","0","0","0","0","0","0","0","0","0","0","0","0","0","0","0","0","0","0","0","0","0","0","0","0","0","0","0","0","0","0","0","0","0","0","0","0","0","0","0","0","0","0","0","0","0","0","0","0","0","0","0","0","0","0","0","0","0","0","0","0","0","0","0","0","0","0","1.81555477235792","0","0","0","0","0","0","0","0","0","0","0","0","0","0","0","0","0","0","0","0","0","0","0","0","0","0","0","0","0","0","0","0","0","0","0","0","0","0","0","0","0","0","0","0","0","0","0","0","0","0","0","0","0","0","0","0","0","0","0","0","0","0","0","0","0","0","0","0","0","0","0","0","0","0","0","0","0","0","0","0","0","0","0","0","0","0","0","0","0","0","0","0","0","0","0","0","0","0","0","0","0","0","0","0","0","0","0","0","2.06833986286999","0","0","2.62531380815","0","0","0","0","0","0","0","0","0","0","0","0","0","0","0","0","0","0","0","1.27748688941324","0","0","0","0","0","0","0","0","0","0","0","0","0","0","0","0","0","0","0","0","3.32030617786337","0","0","0","0","0","0","0","0","0","0","0","0","0","0","0","0","2.45003292063505","0","0","0","0","0","0","0","0","0","0","0","0","0","0","0","0","0","0","0","0","3.05452913548883","0","0","0","0","0","0","0","0","0","0","0","0","0","0","0","0"
"CAV1__OPC","0","0","0","0","0","0","0","0","0","0","0","0","0","0","0","0","0","0","0","0","0","0","0","0","0","0","0","0","0","0","0","0","0","0","0","0","0","0","0","0","0","0","0","0","0","0","0","0","0","0","0","0","0","1.90389836423085","0","0","0","0","0","0","0","0","0","0","0","0","0","0","0","0","0","0","0","0","0","0","0","0","0","0","0","0","0","0","0","0","0","0","0","0","0","0","0","0","0","0","0","0","0","0","0","0","0","0","1.81512110826651","2.55679844409898","0","0","0","0","0","0","0","0","0","0","0","0","0","0","0","0","0","2.69031550086738","0","0","0","0","0","0","0","0","0","0","0","0","0","0","0","0","0","0","0","0","0","2.14079817817525","0","0","0","0","0","0","0","0","0","0","0","0","0","0","0","0","0","0","0","0","0","0","0","0","0","0","0","0","0","0","0","0","0","0","0","0","0","0","0","0","0","0","0","0","0","0","0","0","0","0","0","0","0","0","0","0","0","0","0","0","0","0","0","0","0","0","0","0","0","0","0","0","0","0","0","0","0","0","0","0","0","0","0","0","0","0","0","0","0","0","0","0","0","0","0","0","0","0","0","0","0","0","0","0","0","0","0","0","0","0","0","0","0","0","0","0","0","0","0","0","0","0","0","0","0","0","0","0","0","0","0","0","0","0","0","0","0","0","0","0","0","0","0","0","0","0","0","0","0","0","0","0","0","0","0","0","0","0","0","0","0","0","0","0","0","0","0","0","0","1.81555477235792","0","1.43306539149518","0","0","0","0","0","0","0","0","0","0","0","0","0","0","0","0","0","0","0","0","0","0","0","0","0","0","0","0","0","0","0","0","0","0","0","0","0","0","0","0","0","0","0","0","0","0","0","0","0","0","0","0","0","0","0","0","0","0","0","0","0","0","0","0","0","0","0","0","0","0","0","0","0","0","0","0","0","0","0","0","0","0","0","0","0","0","0","0","0","0","0","0","0","0","0","0","0","0","0","0","0","0","0","0","0","0","1.37685651229659","2.3135013376493","0","0","0","0","0","0","0","0","0","0","0","0","0","0","0","0","0","0","0","0","0","1.94423124607156","0","0","0","0","0","0","0","0","0","0","0","0","0","0","0","0","0","0","0","0","0","0","0","0","0","0","0","0","0","0","0","0","0","0","0","0","0","0","0","0","0","0","0","0","0","0","0","0","0","0","0","0","0","0","0","0","0","0","0","0","0","0","0","0","0","0","0","0","0","0","0","0","0","0","0"
"CLDN11__OPC","0","0","0","0","0","0","0","0","0","0","0","0","0","0","0","0","0","0","0","0","0","0","0","0","0","0","0","0","0","0","0","0","0","0","0","0","0","0","0","0","0","0","0","0","0","0","0","0","0","0","0","0","0","0","0","0","0","0","0","0","0","0","0","0","0","0","0","0","0","0","0","0","0","0","0","0","0","0","0","0","0","0","0","0","0","0","0","0","0","0","0","0","0","0","0","0","0","0","0","0","0","0","0","0","3.46930862006969","2.55679844409898","0","0","0","0","0","0","0","0","0","0","0","0","0","0","0","0","0","0","0","0","0","0","0","0","0","0","0","0","0","0","0","0","0","0","0","0","0","0","0","0","0","0","0","0","0","0","0","0","0","0","0","0","0","0","0","0","0","0","0","0","0","0","0","0","0","0","0","0","0","0","0","0","0","0","0","0","0","0","0","0","0","0","0","0","0","0","0","0","0","0","0","0","0","0","0","0","0","0","0","0","0","0","0","0","0","0","0","0","0","0","0","0","0","0","0","0","0","0","0","0","0","0","0","0","0","0","0","0","0","0","0","0","0","0","0","0","0","0","0","0","0","0","0","0","0","0","0","0","0","0","0","0","0","0","0","0","0","0","0","0","0","0","0","0","0","0","0","0","0","0","0","0","0","0","0","0","0","0","0","0","0","0","0","0","0","0","0","0","0","0","0","0","0","0","0","0","0","0","0","0","0","0","0","0","0","0","0","0","0","0","0","0","0","0","0","0","0","0","0","0","0","0","0","0","0","0","0","0","0","0","0","0","0","0","0","0","0","0","0","0","0","0","0","0","0","0","0","0","0","0","0","0","0","0","0","0","0","0","0","0","0","0","0","0","0","0","0","0","0","0","0","0","0","0","0","0","0","0","0","0","0","0","0","0","0","0","0","0","0","0","0","0","0","0","0","0","0","0","0","0","0","0","0","0","0","0","0","0","0","0","0","0","0","0","0","0","0","0","5.29750155361284","4.63373815848265","0","1.84201039611034","0","0","0","3.29814863463797","0","0","0","0","0","0","0","0","0","0","0","0","0","0","0","3.63148923291879","0","0","0","0","0","0","0","0","0","0","0","0","0","0","0","0","0","0","0","0","0","0","0","0","0","0","0","0","0","0","0","0","0","0","0","0","0","4.90774908717856","0","0","0","0","0","0","0","0","0","0","0","0","0","0","0","0","0","0","0","0","3.51604411222749","0","0","0","0","0","0","0","0","0","0","0","0","0","0","0","0"
"CSPG4__OPC","0","0","0","0","0","0","0","0","0","0","0","0","0","0","0","0","0","0","0","0","0","0","0","0","0","0","0","0","0","0","0","0","0","0","0","0","0","3.46052506649992","0","0","0","0","0","0","0","0","0","1.72621226101334","0","0","0","0","0","2.97371703898138","0","0","0","0","0","0","0","0","0","0","0","0","0","0","0","0","0","0","0","0","0","0","0","0","0","0","0","0","0","0","0","0","0","0","0","0","0","0","0","0","0","0","0","0","0","0","0","0","0","0","0","1.78324812092941","0","0","0","0","0","0","0","0","0","0","0","0","0","0","0","0","0","3.1987798641145","0","0","0","0","0","0","0","0","0","0","0","0","0","0","0","0","0","0","0","0","0","2.14079817817525","0","0","0","0","0","0","0","0","0","0","0","0","0","0","0","0","0","0","0","0","0","0","0","0","0","0","0","0","0","0","0","0","0","0","0","0","0","0","0","0","0","0","0","0","0","0","0","0","0","0","0","0","0","0","0","0","0","0","0","0","0","0","0","0","0","0","0","0","0","0","0","0","0","0","0","0","0","0","0","0","0","0","0","0","0","0","0","0","0","0","0","0","0","0","0","0","0","0","0","0","0","0","0","0","0","0","0","0","0","0","0","0","0","0","0","0","0","0","0","0","0","0","0","0","0","0","0","0","0","0","0","0","0","0","0","0","0","0","0","0","0","0","0","0","0","0","0","0","0","0","0","0","0","0","0","3.74173815334338","0","0","0","0","0","0","0","0","0","0","0","0","0","0","0","2.96362086928207","0","0","0","0","0","0","0","0","0","0","0","0","0","0","0","0","0","0","0","0","0","0","0","0","0","0","0","0","0","0","0","0","0","0","0","0","0","0","0","0","0","0","0","0","0","0","0","0","0","0","0","0","0","0","0","0","0","0","0","0","0","0","0","0","0","0","0","0","0","0","0","0","0","0","0","0","0","0","0","0","0","0","0","0","0","0","0","0","0","0","0","0","0","0","0","0","0","0","0","0","0","0","0","0","0","0","0","0","0","3.50339587387823","0","0","0","3.29814863463797","0","0","0","0","0","0","0","0","0","0","0","0","0","0","0","0","0","0","0","0","0","0","0","0","0","0","0","0","0","0","0","0","0","0","0","0","0","0","0","0","0","0","0","0","0","0","0","0","0","0","0","0","0","0","0","0","0","0","0","0","0","0","0","0","0","0","0","0","0","0","0","0","0","0","0","0","0","0","0","0","0","0","0","0","0","0","0","0","0","0","0"
"FLOT1__OPC","0","0","0","0","0","0","0","0","0","0","0","0","0","0","0","0","0","0","0","0","0","0","0","0","0","0","0","0","0","0","0","0","0","0","0","0","0","3.46052506649992","0","0","0","0","0","0","0","0","0","0","0","0","0","0","0","1.90389836423085","0","0","0","0","0","0","0","0","0","0","0","0","0","0","0","0","0","0","0","0","0","0","0","0","0","0","0","0","0","0","0","0","0","0","0","0","0","0","0","0","0","0","0","0","0","0","0","0","0","0","0","1.78324812092941","0","0","0","0","0","0","0","0","0","0","0","0","0","0","0","0","0","0","0","0","0","0","0","0","0","0","0","0","0","0","0","0","0","0","0","0","0","0","0","2.14079817817525","0","0","0","0","0","0","0","0","0","0","0","0","0","0","0","0","0","0","0","0","0","0","0","0","0","0","0","0","0","0","0","0","0","0","0","0","0","0","0","0","0","0","0","0","0","0","0","0","0","0","0","0","0","0","0","0","0","0","0","0","0","0","0","0","0","0","0","0","0","0","0","0","0","0","0","0","0","0","0","0","0","0","0","0","0","0","0","0","0","0","0","0","0","0","0","0","0","0","0","0","0","0","0","0","0","0","0","0","0","0","0","0","0","0","0","0","0","0","0","0","0","0","0","0","0","0","0","0","0","0","0","0","0","0","0","0","0","0","0","0","0","0","0","0","0","0","0","0","0","0","0","0","0","0","0","0","0","0","0","0","0","0","0","0","0","0","0","0","0","1.81555477235792","0","0","0","0","0","0","0","0","0","0","0","0","0","0","0","0","0","0","0","0","0","0","0","0","0","0","0","0","0","0","0","0","0","0","0","0","0","0","0","0","0","0","0","0","0","0","0","0","0","0","0","0","0","0","0","0","0","0","0","0","0","0","0","0","0","0","0","0","0","0","0","0","0","0","0","0","0","0","0","0","0","0","0","0","0","0","0","0","0","0","0","0","0","0","0","0","0","0","0","0","0","0","0","0","0","0","0","0","2.06833986286999","0","0","0","0","0","0","1.68218271687118","0","0","0","0","0","0","0","0","0","0","0","0","0","0","0","0","0","0","0","0","0","0","0","0","0","0","0","0","0","0","0","0","0","0","0","0","3.32030617786337","0","0","0","0","0","0","0","0","0","0","0","0","0","0","0","0","0","0","0","0","0","0","0","0","0","0","0","0","0","0","0","0","0","0","0","0","0","1.03141140780319","0","0","0","0","0","0","0","0","0","0","0","0","0","0","0","0"
"SDC3__OPC","0","0","0","0","0","0","0","0","0","0","0","0","0","0","0","0","0","0","0","0","0","0","0","0","0","0","0","0","0","0","0","0","0","0","0","0","0","3.46052506649992","0","0","0","0","0","0","0","0","0","2.48984101206949","0","0","0","0","0","2.35426751568364","0","0","0","0","0","0","0","0","0","0","0","0","0","0","0","0","0","0","0","0","0","0","0","0","0","0","0","0","0","0","0","0","0","0","0","0","0","0","0","0","0","0","0","0","0","0","0","0","0","0","0","0","0","0","0","0","0","0","0","0","0","0","0","0","0","0","0","0","0","0","0","0","0","0","0","0","0","0","0","0","0","0","0","0","0","0","0","0","0","0","0","1.43564450788913","0","0","0","0","0","0","0","0","0","0","0","0","0","0","0","0","0","0","0","0","0","0","0","0","0","0","0","0","0","0","0","0","0","0","0","0","0","0","0","0","0","0","0","0","0","0","0","0","0","0","0","0","0","0","0","0","0","0","0","0","0","0","0","0","0","0","0","0","0","0","0","0","0","0","0","0","0","0","0","0","0","0","0","0","0","0","0","0","0","0","0","0","0","0","0","0","0","0","0","0","0","0","0","0","0","0","0","0","0","0","0","0","0","0","0","0","0","0","0","0","0","0","0","0","0","0","0","0","0","0","0","0","0","0","0","0","0","0","0","0","0","0","0","0","0","0","0","0","0","0","0","0","0","0","0","2.84574235574871","0","0","0","0","0","0","0","0","0","0","0","0","0","0","0","2.13763359420572","0","0","0","0","0","0","0","0","0","0","0","0","0","0","0","0","0","0","0","0","0","0","0","0","0","0","0","0","0","0","0","0","0","0","0","0","0","0","0","0","0","0","0","0","0","0","0","0","0","0","0","0","0","0","0","0","0","0","0","0","0","0","0","0","0","0","0","0","0","0","0","0","0","0","0","0","0","0","0","0","0","0","0","0","0","0","0","0","0","0","0","0","0","0","0","0","0","0","0","0","0","0","0","0","0","0","0","0","0","0","0","0","0","2.43783019672824","0","0","0","0","0","0","0","0","0","0","0","0","0","0","0","1.27748688941324","0","0","0","0","0","0","0","0","0","0","0","0","0","0","0","0","0","0","0","0","2.45795722398584","0","0","0","0","0","0","0","0","0","0","0","0","0","0","0","0","0","0","0","0","0","0","0","0","0","0","0","0","0","0","0","0","0","0","0","0","0","0","0","0","0","0","0","0","0","0","0","0","0","0","0","0","0","0"
"SV2A__OPC","0","0","0","0","0","0","0","0","0","0","0","0","0","0","0","0","0","0","0","0","0","0","0","0","0","0","0","0","0","0","0","0","0","0","0","0","0","2.58596485957541","0","0","0","0","0","0","0","0","0","0","0","0","0","0","0","0","0","0","0","0","0","0","0","0","0","0","0","0","0","0","0","0","0","0","0","0","0","0","0","0","0","0","0","0","0","0","0","0","0","0","0","0","0","0","0","0","0","0","0","0","0","0","0","0","0","0","0","0","0","0","0","0","0","0","0","0","0","0","0","0","0","0","0","0","0","0","0","0","0","0","0","0","0","0","0","0","0","0","0","0","0","0","0","0","0","0","0","1.43564450788913","0","0","0","0","0","0","0","0","0","0","0","0","0","0","0","0","0","0","0","0","0","0","0","0","0","0","0","0","0","0","0","0","0","0","0","0","0","0","0","0","0","0","0","0","0","0","0","0","0","0","0","0","0","0","0","0","0","0","0","0","0","0","0","0","0","0","0","0","0","0","0","0","0","0","0","0","0","0","0","0","0","0","0","0","0","0","0","0","0","0","0","0","0","0","0","0","0","0","0","0","0","0","0","0","0","0","0","0","0","0","0","0","0","0","0","0","0","0","0","0","0","0","0","0","0","0","0","0","0","0","0","0","0","0","0","0","0","0","0","0","0","0","0","0","0","0","0","0","0","0","0","0","0","0","0","0","0","0","0","0","0","0","0","0","0","0","0","0","0","0","0","2.13763359420572","0","0","0","0","0","0","0","0","0","0","0","0","0","0","0","0","0","0","0","0","0","0","0","0","0","0","0","0","0","0","0","0","0","0","0","0","0","0","0","0","0","0","0","0","0","0","0","0","0","0","0","0","0","0","0","0","0","0","0","0","0","0","0","0","0","0","0","0","0","0","0","0","0","0","0","0","0","0","0","0","0","0","0","0","0","0","0","0","0","0","0","0","0","0","0","0","0","0","0","0","0","0","0","0","0","0","2.53382662081296","2.3135013376493","0","2.62531380815","0","0","0","2.43783019672824","0","0","0","0","0","0","0","0","0","0","0","0","0","0","0","0","0","0","0","0","0","0","0","0","0","0","0","0","0","0","0","0","0","0","0","0","3.32030617786337","0","0","0","0","0","0","0","0","0","0","0","0","0","0","0","0","0","0","0","0","0","0","0","0","0","0","0","0","0","0","0","0","0","0","0","0","0","0","0","0","0","0","0","0","0","0","0","0","0","0","0","0","0","0"
"TNFRSF21__OPC","0","0","0","0","0","0","0","0","0","0","0","0","0","0","0","0","0","0","0","0","0","0","0","0","0","0","0","0","0","0","0","0","0","0","0","0","0","0","0","0","0","0","0","0","0","0","0","2.48984101206949","0","0","0","0","0","1.90389836423085","0","0","0","0","0","0","0","0","0","0","0","0","0","0","0","0","0","0","0","0","0","0","0","0","0","0","0","0","0","0","0","0","0","0","0","0","0","0","0","0","0","0","0","0","0","0","0","0","0","0","2.59401899650618","2.55679844409898","0","0","0","0","0","0","0","0","0","0","0","0","0","0","0","0","0","2.69031550086738","0","0","0","0","0","0","0","0","0","0","0","0","0","0","0","0","0","0","0","0","0","0","0","0","0","0","0","0","0","0","0","0","0","0","0","0","0","0","0","0","0","0","0","0","0","0","0","0","0","0","0","0","0","0","0","0","0","0","0","0","0","0","0","0","0","0","0","0","0","0","0","0","0","0","0","0","0","0","0","0","0","0","0","0","0","0","0","0","0","0","0","0","0","0","0","0","0","0","0","0","0","0","0","0","0","0","0","0","0","0","0","0","0","0","0","0","0","0","0","0","0","0","0","0","0","0","0","0","0","0","0","0","0","0","0","0","0","0","0","0","0","0","0","0","0","0","0","0","0","0","0","0","0","0","0","0","0","0","0","0","0","0","0","0","0","0","0","0","0","0","0","0","0","0","0","0","0","0","0","0","0","0","0","0","0","0","0","0","0","0","0","1.17630668618444","0","0","0","0","0","0","0","0","0","0","0","0","0","0","0","0","0","0","0","0","0","0","0","0","0","0","0","0","0","0","0","0","0","0","0","0","0","0","0","0","0","0","0","0","0","0","0","0","0","0","0","0","0","0","0","0","0","0","0","0","0","0","0","0","0","0","0","0","0","0","0","0","0","0","0","0","0","0","0","0","0","0","0","0","0","0","0","0","0","0","0","0","0","0","0","0","0","0","0","0","0","0","0","0","0","0","0","0","2.88519862755131","2.79832436595025","0","0","0","0","0","0","0","0","0","0","0","0","0","0","0","0","0","0","0","0","0","1.27748688941324","0","0","0","0","0","0","0","0","0","0","0","0","0","0","0","0","0","0","0","0","0","0","0","0","0","0","0","0","0","0","0","0","0","0","0","0","0","0","0","0","0","0","0","0","0","0","0","0","0","0","0","0","0","0","0","0","0","0","2.04686431248401","0","0","0","0","0","0","0","0","0","0","0","0","0","0","0","0"
"CADM3__OPC","0","0","0","0","0","0","0","0","0","0","0","0","0","0","0","0","0","0","0","0","0","0","0","0","0","0","0","0","0","0","0","0","0","0","0","0","0","3.46052506649992","0","0","0","0","0","0","0","0","0","0","0","0","0","0","0","1.90389836423085","0","0","0","0","0","0","0","0","0","0","0","0","0","0","0","0","0","0","0","0","0","0","0","0","0","0","0","0","0","0","0","0","0","0","0","0","0","0","0","0","0","0","0","0","0","0","0","0","0","0","0","2.55679844409898","0","0","0","0","0","0","0","0","0","0","0","0","0","0","0","0","0","2.69031550086738","0","0","0","0","0","0","0","0","0","0","0","0","0","0","0","0","0","0","0","0","0","2.14079817817525","0","0","0","0","0","0","0","0","0","0","0","0","0","0","0","0","0","0","0","0","0","0","0","0","0","0","0","0","0","0","0","0","0","0","0","0","0","0","0","0","0","0","0","0","0","0","0","0","0","0","0","0","0","0","0","0","0","0","0","0","0","0","0","0","0","0","0","0","0","0","0","0","0","0","0","0","0","0","0","0","0","0","0","0","0","0","0","0","0","0","0","0","0","0","0","0","0","0","0","0","0","0","0","0","0","0","0","0","0","0","0","0","0","0","0","0","0","0","0","0","0","0","0","0","0","0","0","0","0","0","0","0","0","0","0","0","0","0","0","0","0","0","0","0","0","0","0","0","0","0","0","0","0","0","0","0","0","0","0","0","0","0","0","0","0","0","0","0","0","1.81555477235792","0","2.13763359420572","0","0","0","0","0","0","0","0","0","0","0","0","0","0","0","0","0","0","0","0","0","0","0","0","0","0","0","0","0","0","0","0","0","0","0","0","0","0","0","0","0","0","0","0","0","0","0","0","0","0","0","0","0","0","0","0","0","0","0","0","0","0","0","0","0","0","0","0","0","0","0","0","0","0","0","0","0","0","0","0","0","0","0","0","0","0","0","0","0","0","0","0","0","0","0","0","0","0","0","0","0","0","0","0","0","0","1.37685651229659","2.3135013376493","0","0","0","0","0","0","0","0","0","0","0","0","0","0","0","0","0","0","0","0","0","0","0","0","0","0","0","0","0","0","0","0","0","0","0","0","0","0","0","0","0","0","0","0","0","0","0","0","0","0","0","0","0","0","0","0","0","0","0","2.45003292063505","0","0","0","0","0","0","0","0","0","0","0","0","0","0","0","0","0","0","0","0","0","0","0","0","0","0","0","0","0","0","0","0","0","0","0","0","0"
"NTRK3__OPC","0","0","0","0","0","0","0","0","0","0","0","0","0","0","0","0","0","0","0","0","0","0","0","0","0","0","0","0","0","0","0","0","0","0","0","0","0","2.58596485957541","0","0","0","0","0","0","0","0","0","1.72621226101334","0","0","0","0","0","1.90389836423085","0","0","0","0","0","0","0","0","0","0","0","0","0","0","0","0","0","0","0","0","0","0","0","0","0","0","0","0","0","0","0","0","0","0","0","0","0","0","0","0","0","0","0","0","0","0","0","0","0","0","0","2.55679844409898","0","0","0","0","0","0","0","0","0","0","0","0","0","0","0","0","0","0","0","0","0","0","0","0","0","0","0","0","0","0","0","0","0","0","0","0","0","0","0","0","0","0","0","0","0","0","0","0","0","0","0","0","0","0","0","0","0","0","0","0","0","0","0","0","0","0","0","0","0","0","0","0","0","0","0","0","0","0","0","0","0","0","0","0","0","0","0","0","0","0","0","0","0","0","0","0","0","0","0","0","0","0","0","0","0","0","0","0","0","0","0","0","0","0","0","0","0","0","0","0","0","0","0","0","0","0","0","0","0","0","0","0","0","0","0","0","0","0","0","0","0","0","0","0","0","0","0","0","0","0","0","0","0","0","0","0","0","0","0","0","0","0","0","0","0","0","0","0","0","0","0","0","0","0","0","0","0","0","0","0","0","0","0","0","0","0","0","0","0","0","0","0","0","0","0","2.84574235574871","0","0","0","0","0","0","0","0","0","0","0","0","0","1.81555477235792","0","2.13763359420572","0","0","0","0","0","0","0","0","0","0","0","0","0","0","0","0","0","0","0","0","0","0","0","0","0","0","0","0","0","0","0","0","0","0","0","0","0","0","0","0","0","0","0","0","0","0","0","0","0","0","0","0","0","0","0","0","0","0","0","0","0","0","0","0","0","0","0","0","0","0","0","0","0","0","0","0","0","0","0","0","0","0","0","0","0","0","0","0","0","0","0","0","0","0","0","0","0","0","0","0","0","0","0","0","0","0","0","0","0","0","0","0","0","0","0","0","0","0","0","0","0","0","0","0","0","0","0","0","0","0","0","0","0","0","0","0","0","0","0","0","0","0","0","0","0","0","0","0","0","0","3.32030617786337","0","0","0","0","0","0","0","0","0","0","0","0","0","0","0","0","2.45003292063505","0","0","0","0","0","0","0","0","0","0","0","0","0","0","0","0","0","0","0","0","0","0","0","0","0","0","0","0","0","0","0","0","0","0","0","0","0"
"ADORA1__OPC","0","0","0","0","0","0","0","0","0","0","0","0","0","0","0","0","0","0","0","0","0","0","0","0","0","0","0","0","0","0","0","0","0","0","0","0","0","2.58596485957541","0","0","0","0","0","0","0","0","0","2.48984101206949","0","0","0","0","0","1.90389836423085","0","0","0","0","0","0","0","0","0","0","0","0","0","0","0","0","0","0","0","0","0","0","0","0","0","0","0","0","0","0","0","0","0","0","0","0","0","0","0","0","0","0","0","0","0","0","0","0","0","0","0","0","0","0","0","0","0","0","0","0","0","0","0","0","0","0","0","0","0","0","0","0","0","0","0","0","0","0","0","0","0","0","0","0","0","0","0","0","0","0","0","0","0","0","0","0","0","0","0","0","0","0","0","0","0","0","0","0","0","0","0","0","0","0","0","0","0","0","0","0","0","0","0","0","0","0","0","0","0","0","0","0","0","0","0","0","0","0","0","0","0","0","0","0","0","0","0","0","0","0","0","0","0","0","0","0","0","0","0","0","0","0","0","0","0","0","0","0","0","0","0","0","0","0","0","0","0","0","0","0","0","0","0","0","0","0","0","0","0","0","0","0","0","0","0","0","0","0","0","0","0","0","0","0","0","0","0","0","0","0","0","0","0","0","0","0","0","0","0","0","0","0","0","0","0","0","0","0","0","0","0","0","0","0","0","0","0","0","0","0","0","0","0","0","0","0","0","2.03364449285321","0","0","0","0","0","0","0","0","0","0","0","0","0","1.81555477235792","0","2.13763359420572","0","0","0","0","0","0","0","0","0","0","0","0","0","0","0","0","0","0","0","0","0","0","0","0","0","0","0","0","0","0","0","0","0","0","0","0","0","0","0","0","0","0","0","0","0","0","0","0","0","0","0","0","0","0","0","0","0","0","0","0","0","0","0","0","0","0","0","0","0","0","0","0","0","0","0","0","0","0","0","0","0","0","0","0","0","0","0","0","0","0","0","0","0","0","0","0","0","0","0","0","0","0","0","0","0","0","1.37685651229659","0","0","2.62531380815","0","0","0","2.43783019672824","0","0","0","0","0","0","0","0","0","0","0","0","0","0","0","1.94423124607156","0","0","0","0","0","0","0","0","0","0","0","0","0","0","0","0","0","0","0","0","3.32030617786337","0","0","0","0","0","0","0","0","0","0","0","0","0","0","0","0","2.45003292063505","0","0","0","0","0","0","0","0","0","0","0","0","0","0","0","0","0","0","0","0","0","0","0","0","0","0","0","0","0","0","0","0","0","0","0","0","0"
"LINGO1__OPC","0","0","0","0","0","0","0","0","0","0","0","0","0","0","0","0","0","0","0","0","0","0","0","0","0","0","0","0","0","0","0","0","0","0","0","0","0","0","0","0","0","0","0","0","0","0","0","2.48984101206949","0","0","0","0","0","2.35426751568364","0","0","0","0","0","0","0","0","0","0","0","0","0","0","0","0","0","0","0","0","0","0","0","0","0","0","0","0","0","0","0","0","0","0","0","0","0","0","0","0","0","0","0","0","0","0","0","0","0","0","0","3.05762482789799","0","0","0","0","0","0","0","0","0","0","0","0","0","0","0","0","0","0","0","0","0","0","0","0","0","0","0","0","0","0","0","0","0","0","0","0","0","0","0","2.96719062637565","0","0","0","0","0","0","0","0","0","0","0","0","0","0","0","0","0","0","0","0","0","0","0","0","0","0","0","0","0","0","0","0","0","0","0","0","0","0","0","0","0","0","0","0","0","0","0","0","0","0","0","0","0","0","0","0","0","0","0","0","0","0","0","0","0","0","0","0","0","0","0","0","0","0","0","0","0","0","0","0","0","0","0","0","0","0","0","0","0","0","0","0","0","0","0","0","0","0","0","0","0","0","0","0","0","0","0","0","0","0","0","0","0","0","0","0","0","0","0","0","0","0","0","0","0","0","0","0","0","0","0","0","0","0","0","0","0","0","0","0","0","0","0","0","0","0","0","0","0","0","0","0","0","0","0","2.84574235574871","0","0","0","0","0","0","0","0","0","0","0","0","0","1.81555477235792","0","0","0","0","0","0","0","0","0","0","0","0","0","0","0","0","0","0","0","0","0","0","0","0","0","0","0","0","0","0","0","0","0","0","0","0","0","0","0","0","0","0","0","0","0","0","0","0","0","0","0","0","0","0","0","0","0","0","0","0","0","0","0","0","0","0","0","0","0","0","0","0","0","0","0","0","0","0","0","0","0","0","0","0","0","0","0","0","0","0","0","0","0","0","0","0","0","0","0","0","0","0","0","0","0","0","0","0","0","0","0","3.13015297133978","0","0","0","2.43783019672824","0","0","0","0","0","0","0","0","0","0","0","0","0","0","0","1.27748688941324","0","0","0","0","0","0","0","0","0","0","0","0","0","0","0","0","0","0","0","0","0","0","0","0","0","0","0","0","0","0","0","0","0","0","0","0","0","0","0","0","0","0","0","0","0","0","0","0","0","0","0","0","0","0","0","0","0","0","0","0","0","0","0","0","0","0","0","0","0","0","0","0","0","0","0"
"SLC17A7__OPC","0","0","0","0","0","0","0","0","0","0","0","0","0","0","0","0","0","0","0","0","0","0","0","0","0","0","0","0","0","0","0","0","0","0","0","0","0","0","0","0","0","0","0","0","0","0","0","0","0","0","0","0","0","2.35426751568364","0","0","0","0","0","0","0","0","0","0","0","0","0","0","0","0","0","0","0","0","0","0","0","0","0","0","0","0","0","0","0","0","0","0","0","0","0","0","0","0","0","0","0","0","0","0","0","0","0","0","0","2.55679844409898","0","0","0","0","0","0","0","0","0","0","0","0","0","0","0","0","0","1.89812038598079","0","0","0","0","0","0","0","0","0","0","0","0","0","0","0","0","0","0","0","0","0","4.03080117473447","0","0","0","0","0","0","0","0","0","0","0","0","0","0","0","0","0","0","0","0","0","0","0","0","0","0","0","0","0","0","0","0","0","0","0","0","0","0","0","0","0","0","0","0","0","0","0","0","0","0","0","0","0","0","0","0","0","0","0","0","0","0","0","0","0","0","0","0","0","0","0","0","0","0","0","0","0","0","0","0","0","0","0","0","0","0","0","0","0","0","0","0","0","0","0","0","0","0","0","0","0","0","0","0","0","0","0","0","0","0","0","0","0","0","0","0","0","0","0","0","0","0","0","0","0","0","0","0","0","0","0","0","0","0","0","0","0","0","0","0","0","0","0","0","0","0","0","0","0","0","0","0","0","0","0","2.03364449285321","0","0","0","0","0","0","0","0","0","0","0","0","0","2.59452447306606","0","3.48558012325917","0","0","0","0","0","0","0","0","0","0","0","0","0","0","0","0","0","0","0","0","0","0","0","0","0","0","0","0","0","0","0","0","0","0","0","0","0","0","0","0","0","0","0","0","0","0","0","0","0","0","0","0","0","0","0","0","0","0","0","0","0","0","0","0","0","0","0","0","0","0","0","0","0","0","0","0","0","0","0","0","0","0","0","0","0","0","0","0","0","0","0","0","0","0","0","0","0","0","0","0","0","0","0","0","0","0","0","0","0","3.13015297133978","0","0","0","1.68218271687118","0","0","0","0","0","0","0","0","0","0","0","0","0","0","0","1.94423124607156","0","0","0","0","0","0","0","0","0","0","0","0","0","0","0","0","0","0","0","0","2.45795722398584","0","0","0","0","0","0","0","0","0","0","0","0","0","0","0","0","0","0","0","0","0","0","0","0","0","0","0","0","0","0","0","0","0","0","0","0","0","3.225303275655","0","0","0","0","0","0","0","0","0","0","0","0","0","0","0","0"
"GLG1__OPC","0","0","0","0","0","0","0","0","0","0","0","0","0","0","0","0","0","0","0","0","0","0","0","0","0","0","0","0","0","0","0","0","0","0","0","0","0","0","0","0","0","0","0","0","0","0","0","2.48984101206949","0","0","0","0","0","1.24556574145914","0","0","0","0","0","0","0","0","0","0","0","0","0","0","0","0","0","0","0","0","0","0","0","0","0","0","0","0","0","0","0","0","0","0","0","0","0","0","0","0","0","0","0","0","0","0","0","0","0","0","1.81512110826651","1.78324812092941","0","0","0","0","0","0","0","0","0","0","0","0","0","0","0","0","0","0","0","0","0","0","0","0","0","0","0","0","0","0","0","0","0","0","0","0","0","0","0","2.61237361740428","0","0","0","0","0","0","0","0","0","0","0","0","0","0","0","0","0","0","0","0","0","0","0","0","0","0","0","0","0","0","0","0","0","0","0","0","0","0","0","0","0","0","0","0","0","0","0","0","0","0","0","0","0","0","0","0","0","0","0","0","0","0","0","0","0","0","0","0","0","0","0","0","0","0","0","0","0","0","0","0","0","0","0","0","0","0","0","0","0","0","0","0","0","0","0","0","0","0","0","0","0","0","0","0","0","0","0","0","0","0","0","0","0","0","0","0","0","0","0","0","0","0","0","0","0","0","0","0","0","0","0","0","0","0","0","0","0","0","0","0","0","0","0","0","0","0","0","0","0","0","0","0","0","0","0","0","0","0","0","0","0","0","0","0","0","0","0","0","0","1.17630668618444","0","2.6089499741241","0","0","0","0","0","0","0","0","0","0","0","0","0","0","0","0","0","0","0","0","0","0","0","0","0","0","0","0","0","0","0","0","0","0","0","0","0","0","0","0","0","0","0","0","0","0","0","0","0","0","0","0","0","0","0","0","0","0","0","0","0","0","0","0","0","0","0","0","0","0","0","0","0","0","0","0","0","0","0","0","0","0","0","0","0","0","0","0","0","0","0","0","0","0","0","0","0","0","0","0","0","0","0","0","0","0","1.37685651229659","2.79832436595025","0","0","0","0","0","2.43783019672824","0","0","0","0","0","0","0","0","0","0","0","0","0","0","0","1.94423124607156","0","0","0","0","0","0","0","0","0","0","0","0","0","0","0","0","0","0","0","0","0","0","0","0","0","0","0","0","0","0","0","0","0","0","0","0","0","0","0","0","0","0","0","0","0","0","0","0","0","0","0","0","0","0","0","0","0","0","0","0","0","0","0","0","0","0","0","0","0","0","0","0","0","0","0"
"CAP1__OPC","0","0","0","0","0","0","0","0","0","0","0","0","0","0","0","0","0","0","0","0","0","0","0","0","0","0","0","0","0","0","0","0","0","0","0","0","0","0","0","0","0","0","0","0","0","0","0","2.48984101206949","0","0","0","0","0","1.90389836423085","0","0","0","0","0","0","0","0","0","0","0","0","0","0","0","0","0","0","0","0","0","0","0","0","0","0","0","0","0","0","0","0","0","0","0","0","0","0","0","0","0","0","0","0","0","0","0","0","0","0","1.81512110826651","2.55679844409898","0","0","0","0","0","0","0","0","0","0","0","0","0","0","0","0","0","1.89812038598079","0","0","0","0","0","0","0","0","0","0","0","0","0","0","0","0","0","0","0","0","0","0","0","0","0","0","0","0","0","0","0","0","0","0","0","0","0","0","0","0","0","0","0","0","0","0","0","0","0","0","0","0","0","0","0","0","0","0","0","0","0","0","0","0","0","0","0","0","0","0","0","0","0","0","0","0","0","0","0","0","0","0","0","0","0","0","0","0","0","0","0","0","0","0","0","0","0","0","0","0","0","0","0","0","0","0","0","0","0","0","0","0","0","0","0","0","0","0","0","0","0","0","0","0","0","0","0","0","0","0","0","0","0","0","0","0","0","0","0","0","0","0","0","0","0","0","0","0","0","0","0","0","0","0","0","0","0","0","0","0","0","0","0","0","0","0","0","0","0","0","0","0","0","0","0","0","0","0","0","0","0","0","0","0","0","0","0","0","0","0","0","1.81555477235792","0","1.43306539149518","0","0","0","0","0","0","0","0","0","0","0","0","0","0","0","0","0","0","0","0","0","0","0","0","0","0","0","0","0","0","0","0","0","0","0","0","0","0","0","0","0","0","0","0","0","0","0","0","0","0","0","0","0","0","0","0","0","0","0","0","0","0","0","0","0","0","0","0","0","0","0","0","0","0","0","0","0","0","0","0","0","0","0","0","0","0","0","0","0","0","0","0","0","0","0","0","0","0","0","0","0","0","0","0","0","0","2.06833986286999","0","0","0","0","0","0","1.68218271687118","0","0","0","0","0","0","0","0","0","0","0","0","0","0","0","0","0","0","0","0","0","0","0","0","0","0","0","0","0","0","0","0","0","0","0","0","0","0","0","0","0","0","0","0","0","0","0","0","0","0","0","0","0","0","0","0","0","0","0","0","0","0","0","0","0","0","0","0","0","0","0","0","0","0","2.04686431248401","0","0","0","0","0","0","0","0","0","0","0","0","0","0","0","0"
"DAG1__OPC","0","0","0","0","0","0","0","0","0","0","0","0","0","0","0","0","0","0","0","0","0","0","0","0","0","0","0","0","0","0","0","0","0","0","0","0","0","3.46052506649992","0","0","0","0","0","0","0","0","0","3.35534346912853","0","0","0","0","0","2.69698659214263","0","0","0","0","0","0","0","0","0","0","0","0","0","0","0","0","0","0","0","0","0","0","0","0","0","0","0","0","0","0","0","0","0","0","0","0","0","0","0","0","0","0","0","0","0","0","0","0","0","0","2.59401899650618","2.55679844409898","0","0","0","0","0","0","0","0","0","0","0","0","0","0","0","0","0","0","0","0","0","0","0","0","0","0","0","0","0","0","0","0","0","0","0","0","0","0","0","2.14079817817525","0","0","0","0","0","0","0","0","0","0","0","0","0","0","0","0","0","0","0","0","0","0","0","0","0","0","0","0","0","0","0","0","0","0","0","0","0","0","0","0","0","0","0","0","0","0","0","0","0","0","0","0","0","0","0","0","0","0","0","0","0","0","0","0","0","0","0","0","0","0","0","0","0","0","0","0","0","0","0","0","0","0","0","0","0","0","0","0","0","0","0","0","0","0","0","0","0","0","0","0","0","0","0","0","0","0","0","0","0","0","0","0","0","0","0","0","0","0","0","0","0","0","0","0","0","0","0","0","0","0","0","0","0","0","0","0","0","0","0","0","0","0","0","0","0","0","0","0","0","0","0","0","0","0","0","0","0","0","0","0","0","0","0","0","0","0","0","0","0","1.81555477235792","0","1.43306539149518","0","0","0","0","0","0","0","0","0","0","0","0","0","0","0","0","0","0","0","0","0","0","0","0","0","0","0","0","0","0","0","0","0","0","0","0","0","0","0","0","0","0","0","0","0","0","0","0","0","0","0","0","0","0","0","0","0","0","0","0","0","0","0","0","0","0","0","0","0","0","0","0","0","0","0","0","0","0","0","0","0","0","0","0","0","0","0","0","0","0","0","0","0","0","0","0","0","0","0","0","0","0","0","0","0","0","2.06833986286999","3.16055889229396","0","2.62531380815","0","0","0","2.43783019672824","0","0","0","0","0","0","0","0","0","0","0","0","0","0","0","1.27748688941324","0","0","0","0","0","0","0","0","0","0","0","0","0","0","0","0","0","0","0","0","0","0","0","0","0","0","0","0","0","0","0","0","0","0","0","0","0","2.45003292063505","0","0","0","0","0","0","0","0","0","0","0","0","0","0","0","0","0","0","0","0","2.04686431248401","0","0","0","0","0","0","0","0","0","0","0","0","0","0","0","0"
"PTPRJ__OPC","0","0","0","0","0","0","0","0","0","0","0","0","0","0","0","0","0","0","0","0","0","0","0","0","0","0","0","0","0","0","0","0","0","0","0","0","0","0","0","0","0","0","0","0","0","0","0","0","0","0","0","0","0","1.24556574145914","0","0","0","0","0","0","0","0","0","0","0","0","0","0","0","0","0","0","0","0","0","0","0","0","0","0","0","0","0","0","0","0","0","0","0","0","0","0","0","0","0","0","0","0","0","0","0","0","0","0","0","2.55679844409898","0","0","0","0","0","0","0","0","0","0","0","0","0","0","0","0","0","0","0","0","0","0","0","0","0","0","0","0","0","0","0","0","0","0","0","0","0","0","0","2.14079817817525","0","0","0","0","0","0","0","0","0","0","0","0","0","0","0","0","0","0","0","0","0","0","0","0","0","0","0","0","0","0","0","0","0","0","0","0","0","0","0","0","0","0","0","0","0","0","0","0","0","0","0","0","0","0","0","0","0","0","0","0","0","0","0","0","0","0","0","0","0","0","0","0","0","0","0","0","0","0","0","0","0","0","0","0","0","0","0","0","0","0","0","0","0","0","0","0","0","0","0","0","0","0","0","0","0","0","0","0","0","0","0","0","0","0","0","0","0","0","0","0","0","0","0","0","0","0","0","0","0","0","0","0","0","0","0","0","0","0","0","0","0","0","0","0","0","0","0","0","0","0","0","0","0","0","0","0","0","0","0","0","0","0","0","0","0","0","0","0","0","2.25698780096204","0","2.13763359420572","0","0","0","0","0","0","0","0","0","0","0","0","0","0","0","0","0","0","0","0","0","0","0","0","0","0","0","0","0","0","0","0","0","0","0","0","0","0","0","0","0","0","0","0","0","0","0","0","0","0","0","0","0","0","0","0","0","0","0","0","0","0","0","0","0","0","0","0","0","0","0","0","0","0","0","0","0","0","0","0","0","0","0","0","0","0","0","0","0","0","0","0","0","0","0","0","0","0","0","0","0","0","0","0","0","0","2.88519862755131","0","0","0","0","0","0","0","0","0","0","0","0","0","0","0","0","0","0","0","0","0","0","1.27748688941324","0","0","0","0","0","0","0","0","0","0","0","0","0","0","0","0","0","0","0","0","3.32030617786337","0","0","0","0","0","0","0","0","0","0","0","0","0","0","0","0","0","0","0","0","0","0","0","0","0","0","0","0","0","0","0","0","0","0","0","0","0","1.62669421394164","0","0","0","0","0","0","0","0","0","0","0","0","0","0","0","0"
"PTPRZ1__OPC","0","0","0","0","0","0","0","0","0","0","0","0","0","0","0","0","0","0","0","0","0","0","0","0","0","0","0","0","0","0","0","0","0","0","0","0","0","2.58596485957541","0","0","0","0","0","0","0","0","0","1.72621226101334","0","0","0","0","0","2.97371703898138","0","0","0","0","0","0","0","0","0","0","0","0","0","0","0","0","0","0","0","0","0","0","0","0","0","0","0","0","0","0","0","0","0","0","0","0","0","0","0","0","0","0","0","0","0","0","0","0","0","0","2.59401899650618","2.55679844409898","0","0","0","0","0","0","0","0","0","0","0","0","0","0","0","0","0","2.69031550086738","0","0","0","0","0","0","0","0","0","0","0","0","0","0","0","0","0","0","0","0","0","2.96719062637565","0","0","0","0","0","0","0","0","0","0","0","0","0","0","0","0","0","0","0","0","0","0","0","0","0","0","0","0","0","0","0","0","0","0","0","0","0","0","0","0","0","0","0","0","0","0","0","0","0","0","0","0","0","0","0","0","0","0","0","0","0","0","0","0","0","0","0","0","0","0","0","0","0","0","0","0","0","0","0","0","0","0","0","0","0","0","0","0","0","0","0","0","0","0","0","0","0","0","0","0","0","0","0","0","0","0","0","0","0","0","0","0","0","0","0","0","0","0","0","0","0","0","0","0","0","0","0","0","0","0","0","0","0","0","0","0","0","0","0","0","0","0","0","0","0","0","0","0","0","0","0","0","0","0","0","3.74173815334338","0","0","0","0","0","0","0","0","0","0","0","0","0","0","0","3.48558012325917","0","0","0","0","0","0","0","0","0","0","0","0","0","0","0","0","0","0","0","0","0","0","0","0","0","0","0","0","0","0","0","0","0","0","0","0","0","0","0","0","0","0","0","0","0","0","0","0","0","0","0","0","0","0","0","0","0","0","0","0","0","0","0","0","0","0","0","0","0","0","0","0","0","0","0","0","0","0","0","0","0","0","0","0","0","0","0","0","0","0","0","0","0","0","0","0","0","0","0","0","0","0","0","0","0","0","2.06833986286999","1.57794362555452","0","2.62531380815","0","0","0","0","0","0","0","0","0","0","0","0","0","0","0","0","0","0","0","1.94423124607156","0","0","0","0","0","0","0","0","0","0","0","0","0","0","0","0","0","0","0","0","3.32030617786337","0","0","0","0","0","0","0","0","0","0","0","0","0","0","0","0","0","0","0","0","0","0","0","0","0","0","0","0","0","0","0","0","0","0","0","0","0","0","0","0","0","0","0","0","0","0","0","0","0","0","0","0","0","0"
"NLGN2__OPC","0","0","0","0","0","0","0","0","0","0","0","0","0","0","0","0","0","0","0","0","0","0","0","0","0","0","0","0","0","0","0","0","0","0","0","0","0","0","0","0","0","0","0","0","0","0","0","0","0","0","0","0","0","2.35426751568364","0","0","0","0","0","0","0","0","0","0","0","0","0","0","0","0","0","0","0","0","0","0","0","0","0","0","0","0","0","0","0","0","0","0","0","0","0","0","0","0","0","0","0","0","0","0","0","0","0","0","2.59401899650618","3.05762482789799","0","0","0","0","0","0","0","0","0","0","0","0","0","0","0","0","0","2.69031550086738","0","0","0","0","0","0","0","0","0","0","0","0","0","0","0","0","0","0","0","0","0","0","0","0","0","0","0","0","0","0","0","0","0","0","0","0","0","0","0","0","0","0","0","0","0","0","0","0","0","0","0","0","0","0","0","0","0","0","0","0","0","0","0","0","0","0","0","0","0","0","0","0","0","0","0","0","0","0","0","0","0","0","0","0","0","0","0","0","0","0","0","0","0","0","0","0","0","0","0","0","0","0","0","0","0","0","0","0","0","0","0","0","0","0","0","0","0","0","0","0","0","0","0","0","0","0","0","0","0","0","0","0","0","0","0","0","0","0","0","0","0","0","0","0","0","0","0","0","0","0","0","0","0","0","0","0","0","0","0","0","0","0","0","0","0","0","0","0","0","0","0","0","0","0","0","0","0","0","0","0","0","0","0","0","0","0","0","0","0","0","0","1.81555477235792","0","0","0","0","0","0","0","0","0","0","0","0","0","0","0","0","0","0","0","0","0","0","0","0","0","0","0","0","0","0","0","0","0","0","0","0","0","0","0","0","0","0","0","0","0","0","0","0","0","0","0","0","0","0","0","0","0","0","0","0","0","0","0","0","0","0","0","0","0","0","0","0","0","0","0","0","0","0","0","0","0","0","0","0","0","0","0","0","0","0","0","0","0","0","0","0","0","0","0","0","0","0","0","0","0","0","0","0","2.06833986286999","1.57794362555452","0","1.84201039611034","0","0","0","0","0","0","0","0","0","0","0","0","0","0","0","0","0","0","0","1.94423124607156","0","0","0","0","0","0","0","0","0","0","0","0","0","0","0","0","0","0","0","0","0","0","0","0","0","0","0","0","0","0","0","0","0","0","0","0","0","1.6924909650256","0","0","0","0","0","0","0","0","0","0","0","0","0","0","0","0","0","0","0","0","1.62669421394164","0","0","0","0","0","0","0","0","0","0","0","0","0","0","0","0"
"NTSR2__OPC","0","0","0","0","0","0","0","0","0","0","0","0","0","0","0","0","0","0","0","0","0","0","0","0","0","0","0","0","0","0","0","0","0","0","0","0","0","3.46052506649992","0","0","0","0","0","0","0","0","0","2.48984101206949","0","0","0","0","0","1.90389836423085","0","0","0","0","0","0","0","0","0","0","0","0","0","0","0","0","0","0","0","0","0","0","0","0","0","0","0","0","0","0","0","0","0","0","0","0","0","0","0","0","0","0","0","0","0","0","0","0","0","0","2.59401899650618","0","0","0","0","0","0","0","0","0","0","0","0","0","0","0","0","0","0","0","0","0","0","0","0","0","0","0","0","0","0","0","0","0","0","0","0","0","0","0","0","0","0","0","0","0","0","0","0","0","0","0","0","0","0","0","0","0","0","0","0","0","0","0","0","0","0","0","0","0","0","0","0","0","0","0","0","0","0","0","0","0","0","0","0","0","0","0","0","0","0","0","0","0","0","0","0","0","0","0","0","0","0","0","0","0","0","0","0","0","0","0","0","0","0","0","0","0","0","0","0","0","0","0","0","0","0","0","0","0","0","0","0","0","0","0","0","0","0","0","0","0","0","0","0","0","0","0","0","0","0","0","0","0","0","0","0","0","0","0","0","0","0","0","0","0","0","0","0","0","0","0","0","0","0","0","0","0","0","0","0","0","0","0","0","0","0","0","0","0","0","0","0","0","0","0","0","2.84574235574871","0","0","0","0","0","0","0","0","0","0","0","0","0","2.25698780096204","0","0","0","0","0","0","0","0","0","0","0","0","0","0","0","0","0","0","0","0","0","0","0","0","0","0","0","0","0","0","0","0","0","0","0","0","0","0","0","0","0","0","0","0","0","0","0","0","0","0","0","0","0","0","0","0","0","0","0","0","0","0","0","0","0","0","0","0","0","0","0","0","0","0","0","0","0","0","0","0","0","0","0","0","0","0","0","0","0","0","0","0","0","0","0","0","0","0","0","0","0","0","0","0","0","0","0","0","0","2.3135013376493","0","3.13015297133978","0","0","0","4.0412357552241","0","0","0","0","0","0","0","0","0","0","0","0","0","0","0","0","0","0","0","0","0","0","0","0","0","0","0","0","0","0","0","0","0","0","0","0","0","0","0","0","0","0","0","0","0","0","0","0","0","0","0","0","0","3.84728110647036","0","0","0","0","0","0","0","0","0","0","0","0","0","0","0","0","0","0","0","0","1.62669421394164","0","0","0","0","0","0","0","0","0","0","0","0","0","0","0","0"
"SDC4__OPC","0","0","0","0","0","0","0","0","0","0","0","0","0","0","0","0","0","0","0","0","0","0","0","0","0","0","0","0","0","0","0","0","0","0","0","0","0","0","0","0","0","0","0","0","0","0","0","2.48984101206949","0","0","0","0","0","0","0","0","0","0","0","0","0","0","0","0","0","0","0","0","0","0","0","0","0","0","0","0","0","0","0","0","0","0","0","0","0","0","0","0","0","0","0","0","0","0","0","0","0","0","0","0","0","0","0","0","0","1.78324812092941","0","0","0","0","0","0","0","0","0","0","0","0","0","0","0","0","0","0","0","0","0","0","0","0","0","0","0","0","0","0","0","0","0","0","0","0","0","0","0","1.43564450788913","0","0","0","0","0","0","0","0","0","0","0","0","0","0","0","0","0","0","0","0","0","0","0","0","0","0","0","0","0","0","0","0","0","0","0","0","0","0","0","0","0","0","0","0","0","0","0","0","0","0","0","0","0","0","0","0","0","0","0","0","0","0","0","0","0","0","0","0","0","0","0","0","0","0","0","0","0","0","0","0","0","0","0","0","0","0","0","0","0","0","0","0","0","0","0","0","0","0","0","0","0","0","0","0","0","0","0","0","0","0","0","0","0","0","0","0","0","0","0","0","0","0","0","0","0","0","0","0","0","0","0","0","0","0","0","0","0","0","0","0","0","0","0","0","0","0","0","0","0","0","0","0","0","0","0","2.84574235574871","0","0","0","0","0","0","0","0","0","0","0","0","0","0","0","2.13763359420572","0","0","0","0","0","0","0","0","0","0","0","0","0","0","0","0","0","0","0","0","0","0","0","0","0","0","0","0","0","0","0","0","0","0","0","0","0","0","0","0","0","0","0","0","0","0","0","0","0","0","0","0","0","0","0","0","0","0","0","0","0","0","0","0","0","0","0","0","0","0","0","0","0","0","0","0","0","0","0","0","0","0","0","0","0","0","0","0","0","0","0","0","0","0","0","0","0","0","0","0","0","0","0","0","0","0","0","1.57794362555452","0","2.62531380815","0","0","0","1.68218271687118","0","0","0","0","0","0","0","0","0","0","0","0","0","0","0","1.27748688941324","0","0","0","0","0","0","0","0","0","0","0","0","0","0","0","0","0","0","0","0","0","0","0","0","0","0","0","0","0","0","0","0","0","0","0","0","0","2.45003292063505","0","0","0","0","0","0","0","0","0","0","0","0","0","0","0","0","0","0","0","0","0","0","0","0","0","0","0","0","0","0","0","0","0","0","0","0","0"
"LRP4__OPC","0","0","0","0","0","0","0","0","0","0","0","0","0","0","0","0","0","0","0","0","0","0","0","0","0","0","0","0","0","0","0","0","0","0","0","0","0","0","0","0","0","0","0","0","0","0","0","2.48984101206949","0","0","0","0","0","1.90389836423085","0","0","0","0","0","0","0","0","0","0","0","0","0","0","0","0","0","0","0","0","0","0","0","0","0","0","0","0","0","0","0","0","0","0","0","0","0","0","0","0","0","0","0","0","0","0","0","0","0","0","2.59401899650618","0","0","0","0","0","0","0","0","0","0","0","0","0","0","0","0","0","0","0","0","0","0","0","0","0","0","0","0","0","0","0","0","0","0","0","0","0","0","0","0","2.14079817817525","0","0","0","0","0","0","0","0","0","0","0","0","0","0","0","0","0","0","0","0","0","0","0","0","0","0","0","0","0","0","0","0","0","0","0","0","0","0","0","0","0","0","0","0","0","0","0","0","0","0","0","0","0","0","0","0","0","0","0","0","0","0","0","0","0","0","0","0","0","0","0","0","0","0","0","0","0","0","0","0","0","0","0","0","0","0","0","0","0","0","0","0","0","0","0","0","0","0","0","0","0","0","0","0","0","0","0","0","0","0","0","0","0","0","0","0","0","0","0","0","0","0","0","0","0","0","0","0","0","0","0","0","0","0","0","0","0","0","0","0","0","0","0","0","0","0","0","0","0","0","0","0","0","0","0","0","0","0","0","0","0","0","0","0","0","0","0","0","0","1.17630668618444","0","2.13763359420572","0","0","0","0","0","0","0","0","0","0","0","0","0","0","0","0","0","0","0","0","0","0","0","0","0","0","0","0","0","0","0","0","0","0","0","0","0","0","0","0","0","0","0","0","0","0","0","0","0","0","0","0","0","0","0","0","0","0","0","0","0","0","0","0","0","0","0","0","0","0","0","0","0","0","0","0","0","0","0","0","0","0","0","0","0","0","0","0","0","0","0","0","0","0","0","0","0","0","0","0","0","0","0","0","0","0","1.37685651229659","1.57794362555452","0","2.62531380815","0","0","0","2.43783019672824","0","0","0","0","0","0","0","0","0","0","0","0","0","0","0","0","0","0","0","0","0","0","0","0","0","0","0","0","0","0","0","0","0","0","0","0","0","0","0","0","0","0","0","0","0","0","0","0","0","0","0","0","0","2.45003292063505","0","0","0","0","0","0","0","0","0","0","0","0","0","0","0","0","0","0","0","0","1.03141140780319","0","0","0","0","0","0","0","0","0","0","0","0","0","0","0","0"
"INSR__OPC","0","0","0","0","0","0","0","0","0","0","0","0","0","0","0","0","0","0","0","0","0","0","0","0","0","0","0","0","0","0","0","0","0","0","0","0","0","0","0","0","0","0","0","0","0","0","0","1.72621226101334","0","0","0","0","0","1.90389836423085","0","0","0","0","0","0","0","0","0","0","0","0","0","0","0","0","0","0","0","0","0","0","0","0","0","0","0","0","0","0","0","0","0","0","0","0","0","0","0","0","0","0","0","0","0","0","0","0","0","0","2.59401899650618","1.78324812092941","0","0","0","0","0","0","0","0","0","0","0","0","0","0","0","0","0","0","0","0","0","0","0","0","0","0","0","0","0","0","0","0","0","0","0","0","0","0","0","1.43564450788913","0","0","0","0","0","0","0","0","0","0","0","0","0","0","0","0","0","0","0","0","0","0","0","0","0","0","0","0","0","0","0","0","0","0","0","0","0","0","0","0","0","0","0","0","0","0","0","0","0","0","0","0","0","0","0","0","0","0","0","0","0","0","0","0","0","0","0","0","0","0","0","0","0","0","0","0","0","0","0","0","0","0","0","0","0","0","0","0","0","0","0","0","0","0","0","0","0","0","0","0","0","0","0","0","0","0","0","0","0","0","0","0","0","0","0","0","0","0","0","0","0","0","0","0","0","0","0","0","0","0","0","0","0","0","0","0","0","0","0","0","0","0","0","0","0","0","0","0","0","0","0","0","0","0","0","0","0","0","0","0","0","0","0","0","0","0","0","0","0","0","0","1.43306539149518","0","0","0","0","0","0","0","0","0","0","0","0","0","0","0","0","0","0","0","0","0","0","0","0","0","0","0","0","0","0","0","0","0","0","0","0","0","0","0","0","0","0","0","0","0","0","0","0","0","0","0","0","0","0","0","0","0","0","0","0","0","0","0","0","0","0","0","0","0","0","0","0","0","0","0","0","0","0","0","0","0","0","0","0","0","0","0","0","0","0","0","0","0","0","0","0","0","0","0","0","0","0","0","0","0","0","1.37685651229659","1.57794362555452","0","0","0","0","0","1.68218271687118","0","0","0","0","0","0","0","0","0","0","0","0","0","0","0","0","0","0","0","0","0","0","0","0","0","0","0","0","0","0","0","0","0","0","0","0","2.45795722398584","0","0","0","0","0","0","0","0","0","0","0","0","0","0","0","0","0","0","0","0","0","0","0","0","0","0","0","0","0","0","0","0","0","0","0","0","0","1.03141140780319","0","0","0","0","0","0","0","0","0","0","0","0","0","0","0","0"
"MAG__OPC","0","0","0","0","0","0","0","0","0","0","0","0","0","0","0","0","0","0","0","0","0","0","0","0","0","0","0","0","0","0","0","0","0","0","0","0","0","0","0","0","0","0","0","0","0","0","0","0","0","0","0","0","0","0","0","0","0","0","0","0","0","0","0","0","0","0","0","0","0","0","0","0","0","0","0","0","0","0","0","0","0","0","0","0","0","0","0","0","0","0","0","0","0","0","0","0","0","0","0","0","0","0","0","0","2.59401899650618","0","0","0","0","0","0","0","0","0","0","0","0","0","0","0","0","0","0","0","0","0","0","0","0","0","0","0","0","0","0","0","0","0","0","0","0","0","0","0","0","0","0","0","0","0","0","0","0","0","0","0","0","0","0","0","0","0","0","0","0","0","0","0","0","0","0","0","0","0","0","0","0","0","0","0","0","0","0","0","0","0","0","0","0","0","0","0","0","0","0","0","0","0","0","0","0","0","0","0","0","0","0","0","0","0","0","0","0","0","0","0","0","0","0","0","0","0","0","0","0","0","0","0","0","0","0","0","0","0","0","0","0","0","0","0","0","0","0","0","0","0","0","0","0","0","0","0","0","0","0","0","0","0","0","0","0","0","0","0","0","0","0","0","0","0","0","0","0","0","0","0","0","0","0","0","0","0","0","0","0","0","0","0","0","0","0","0","0","0","0","0","0","0","0","0","0","0","0","0","0","0","0","0","0","0","0","0","0","0","0","2.25698780096204","0","0","0","0","0","0","0","0","0","0","0","0","0","0","0","0","0","0","0","0","0","0","0","0","0","0","0","0","0","0","0","0","0","0","0","0","0","0","0","0","0","0","0","0","0","0","0","0","0","0","0","0","0","0","0","0","0","0","0","0","0","0","0","0","0","0","0","0","0","0","0","0","0","0","0","0","0","0","0","0","0","0","0","0","0","0","0","0","0","0","0","0","0","0","0","0","0","0","0","0","0","0","0","0","0","0","0","0","4.81502823152381","4.5134807126825","0","1.84201039611034","0","0","0","2.93119007888612","0","0","0","0","0","0","0","0","0","0","0","0","0","0","0","3.45537892667465","0","0","0","0","0","0","0","0","0","0","0","0","0","0","0","0","0","0","0","0","0","0","0","0","0","0","0","0","0","0","0","0","0","0","0","0","0","4.05528243550119","0","0","0","0","0","0","0","0","0","0","0","0","0","0","0","0","0","0","0","0","4.306875636311","0","0","0","0","0","0","0","0","0","0","0","0","0","0","0","0"
"GPR37L1__OPC","0","0","0","0","0","0","0","0","0","0","0","0","0","0","0","0","0","0","0","0","0","0","0","0","0","0","0","0","0","0","0","0","0","0","0","0","0","0","0","0","0","0","0","0","0","0","0","1.72621226101334","0","0","0","0","0","2.97371703898138","0","0","0","0","0","0","0","0","0","0","0","0","0","0","0","0","0","0","0","0","0","0","0","0","0","0","0","0","0","0","0","0","0","0","0","0","0","0","0","0","0","0","0","0","0","0","0","0","0","0","2.59401899650618","1.78324812092941","0","0","0","0","0","0","0","0","0","0","0","0","0","0","0","0","0","2.69031550086738","0","0","0","0","0","0","0","0","0","0","0","0","0","0","0","0","0","0","0","0","0","2.96719062637565","0","0","0","0","0","0","0","0","0","0","0","0","0","0","0","0","0","0","0","0","0","0","0","0","0","0","0","0","0","0","0","0","0","0","0","0","0","0","0","0","0","0","0","0","0","0","0","0","0","0","0","0","0","0","0","0","0","0","0","0","0","0","0","0","0","0","0","0","0","0","0","0","0","0","0","0","0","0","0","0","0","0","0","0","0","0","0","0","0","0","0","0","0","0","0","0","0","0","0","0","0","0","0","0","0","0","0","0","0","0","0","0","0","0","0","0","0","0","0","0","0","0","0","0","0","0","0","0","0","0","0","0","0","0","0","0","0","0","0","0","0","0","0","0","0","0","0","0","0","0","0","0","0","0","0","2.84574235574871","0","0","0","0","0","0","0","0","0","0","0","0","0","2.59452447306606","0","2.13763359420572","0","0","0","0","0","0","0","0","0","0","0","0","0","0","0","0","0","0","0","0","0","0","0","0","0","0","0","0","0","0","0","0","0","0","0","0","0","0","0","0","0","0","0","0","0","0","0","0","0","0","0","0","0","0","0","0","0","0","0","0","0","0","0","0","0","0","0","0","0","0","0","0","0","0","0","0","0","0","0","0","0","0","0","0","0","0","0","0","0","0","0","0","0","0","0","0","0","0","0","0","0","0","0","0","0","0","2.53382662081296","2.3135013376493","0","1.84201039611034","0","0","0","1.68218271687118","0","0","0","0","0","0","0","0","0","0","0","0","0","0","0","3.45537892667465","0","0","0","0","0","0","0","0","0","0","0","0","0","0","0","0","0","0","0","0","0","0","0","0","0","0","0","0","0","0","0","0","0","0","0","0","0","3.3115861506659","0","0","0","0","0","0","0","0","0","0","0","0","0","0","0","0","0","0","0","0","2.86079157286647","0","0","0","0","0","0","0","0","0","0","0","0","0","0","0","0"
"IL6ST__OPC","0","0","0","0","0","0","0","0","0","0","0","0","0","0","0","0","0","0","0","0","0","0","0","0","0","0","0","0","0","0","0","0","0","0","0","0","0","2.58596485957541","0","0","0","0","0","0","0","0","0","1.72621226101334","0","0","0","0","0","2.35426751568364","0","0","0","0","0","0","0","0","0","0","0","0","0","0","0","0","0","0","0","0","0","0","0","0","0","0","0","0","0","0","0","0","0","0","0","0","0","0","0","0","0","0","0","0","0","0","0","0","0","0","2.59401899650618","1.78324812092941","0","0","0","0","0","0","0","0","0","0","0","0","0","0","0","0","0","0","0","0","0","0","0","0","0","0","0","0","0","0","0","0","0","0","0","0","0","0","0","0","0","0","0","0","0","0","0","0","0","0","0","0","0","0","0","0","0","0","0","0","0","0","0","0","0","0","0","0","0","0","0","0","0","0","0","0","0","0","0","0","0","0","0","0","0","0","0","0","0","0","0","0","0","0","0","0","0","0","0","0","0","0","0","0","0","0","0","0","0","0","0","0","0","0","0","0","0","0","0","0","0","0","0","0","0","0","0","0","0","0","0","0","0","0","0","0","0","0","0","0","0","0","0","0","0","0","0","0","0","0","0","0","0","0","0","0","0","0","0","0","0","0","0","0","0","0","0","0","0","0","0","0","0","0","0","0","0","0","0","0","0","0","0","0","0","0","0","0","0","0","0","0","0","0","0","0","0","0","0","0","0","0","0","0","0","0","0","0","0","1.17630668618444","0","0","0","0","0","0","0","0","0","0","0","0","0","0","0","0","0","0","0","0","0","0","0","0","0","0","0","0","0","0","0","0","0","0","0","0","0","0","0","0","0","0","0","0","0","0","0","0","0","0","0","0","0","0","0","0","0","0","0","0","0","0","0","0","0","0","0","0","0","0","0","0","0","0","0","0","0","0","0","0","0","0","0","0","0","0","0","0","0","0","0","0","0","0","0","0","0","0","0","0","0","0","0","0","0","0","0","0","0","0","0","0","0","0","0","3.29814863463797","0","0","0","0","0","0","0","0","0","0","0","0","0","0","0","0","0","0","0","0","0","0","0","0","0","0","0","0","0","0","0","0","0","0","0","0","0","0","0","0","0","0","0","0","0","0","0","0","0","0","0","0","0","1.6924909650256","0","0","0","0","0","0","0","0","0","0","0","0","0","0","0","0","0","0","0","0","1.62669421394164","0","0","0","0","0","0","0","0","0","0","0","0","0","0","0","0"
"PLXNB3__OPC","0","0","0","0","0","0","0","0","0","0","0","0","0","0","0","0","0","0","0","0","0","0","0","0","0","0","0","0","0","0","0","0","0","0","0","0","0","2.58596485957541","0","0","0","0","0","0","0","0","0","0","0","0","0","0","0","1.24556574145914","0","0","0","0","0","0","0","0","0","0","0","0","0","0","0","0","0","0","0","0","0","0","0","0","0","0","0","0","0","0","0","0","0","0","0","0","0","0","0","0","0","0","0","0","0","0","0","0","0","0","2.59401899650618","1.78324812092941","0","0","0","0","0","0","0","0","0","0","0","0","0","0","0","0","0","0","0","0","0","0","0","0","0","0","0","0","0","0","0","0","0","0","0","0","0","0","0","0","0","0","0","0","0","0","0","0","0","0","0","0","0","0","0","0","0","0","0","0","0","0","0","0","0","0","0","0","0","0","0","0","0","0","0","0","0","0","0","0","0","0","0","0","0","0","0","0","0","0","0","0","0","0","0","0","0","0","0","0","0","0","0","0","0","0","0","0","0","0","0","0","0","0","0","0","0","0","0","0","0","0","0","0","0","0","0","0","0","0","0","0","0","0","0","0","0","0","0","0","0","0","0","0","0","0","0","0","0","0","0","0","0","0","0","0","0","0","0","0","0","0","0","0","0","0","0","0","0","0","0","0","0","0","0","0","0","0","0","0","0","0","0","0","0","0","0","0","0","0","0","0","0","0","0","2.03364449285321","0","0","0","0","0","0","0","0","0","0","0","0","0","1.17630668618444","0","0","0","0","0","0","0","0","0","0","0","0","0","0","0","0","0","0","0","0","0","0","0","0","0","0","0","0","0","0","0","0","0","0","0","0","0","0","0","0","0","0","0","0","0","0","0","0","0","0","0","0","0","0","0","0","0","0","0","0","0","0","0","0","0","0","0","0","0","0","0","0","0","0","0","0","0","0","0","0","0","0","0","0","0","0","0","0","0","0","0","0","0","0","0","0","0","0","0","0","0","0","0","0","0","0","0","0","2.53382662081296","2.3135013376493","0","0","0","0","0","2.43783019672824","0","0","0","0","0","0","0","0","0","0","0","0","0","0","0","1.27748688941324","0","0","0","0","0","0","0","0","0","0","0","0","0","0","0","0","0","0","0","0","0","0","0","0","0","0","0","0","0","0","0","0","0","0","0","0","0","3.84728110647036","0","0","0","0","0","0","0","0","0","0","0","0","0","0","0","0","0","0","0","0","2.37186322494605","0","0","0","0","0","0","0","0","0","0","0","0","0","0","0","0"
"LRP1__OPC","0","0","0","0","0","0","0","0","0","0","0","0","0","0","0","0","0","0","0","0","0","0","0","0","0","0","0","0","0","0","0","0","0","0","0","0","0","2.58596485957541","0","0","0","0","0","0","0","0","0","2.48984101206949","0","0","0","0","0","4.00739887391127","0","0","0","0","0","0","0","0","0","0","0","0","0","0","0","0","0","0","0","0","0","0","0","0","0","0","0","0","0","0","0","0","0","0","0","0","0","0","0","0","0","0","0","0","0","0","0","0","0","0","1.81512110826651","1.78324812092941","0","0","0","0","0","0","0","0","0","0","0","0","0","0","0","0","0","2.69031550086738","0","0","0","0","0","0","0","0","0","0","0","0","0","0","0","0","0","0","0","0","0","2.96719062637565","0","0","0","0","0","0","0","0","0","0","0","0","0","0","0","0","0","0","0","0","0","0","0","0","0","0","0","0","0","0","0","0","0","0","0","0","0","0","0","0","0","0","0","0","0","0","0","0","0","0","0","0","0","0","0","0","0","0","0","0","0","0","0","0","0","0","0","0","0","0","0","0","0","0","0","0","0","0","0","0","0","0","0","0","0","0","0","0","0","0","0","0","0","0","0","0","0","0","0","0","0","0","0","0","0","0","0","0","0","0","0","0","0","0","0","0","0","0","0","0","0","0","0","0","0","0","0","0","0","0","0","0","0","0","0","0","0","0","0","0","0","0","0","0","0","0","0","0","0","0","0","0","0","0","0","3.362208347557","0","0","0","0","0","0","0","0","0","0","0","0","0","2.25698780096204","0","4.17008397485136","0","0","0","0","0","0","0","0","0","0","0","0","0","0","0","0","0","0","0","0","0","0","0","0","0","0","0","0","0","0","0","0","0","0","0","0","0","0","0","0","0","0","0","0","0","0","0","0","0","0","0","0","0","0","0","0","0","0","0","0","0","0","0","0","0","0","0","0","0","0","0","0","0","0","0","0","0","0","0","0","0","0","0","0","0","0","0","0","0","0","0","0","0","0","0","0","0","0","0","0","0","0","0","0","0","0","1.37685651229659","0","0","2.62531380815","0","0","0","1.68218271687118","0","0","0","0","0","0","0","0","0","0","0","0","0","0","0","0","0","0","0","0","0","0","0","0","0","0","0","0","0","0","0","0","0","0","0","0","3.32030617786337","0","0","0","0","0","0","0","0","0","0","0","0","0","0","0","0","1.6924909650256","0","0","0","0","0","0","0","0","0","0","0","0","0","0","0","0","0","0","0","0","0","0","0","0","0","0","0","0","0","0","0","0","0","0","0","0","0"
"ADAM11__L4-eNeuron","0","0","0","0","0","0","0","0","0","0","0","0","0","0","0","0","0","0","0","0","0","0","0","0","0","0","0","0","0","0","0","0","0","0","0","0","0","0","0","0","0","0","0","0","0","0","0","0","0","0","0","0","0","0","1.2640592017821","0","0","0","0","0","0","0","0","1.64577986530611","1.22865500779224","0","0","0","0","0","0","0","0","0","0","0","0","0","0","0","0","0","0","0","0","0","0","0","1.60991308769211","2.01052316286273","0","0","0","0","0","2.39585179888105","0","0","0","0","0","2.15797189080686","0","1.0289811994184","0","0","0","0","0","0","0","0","0","0","0","0","0","0","1.77180566401594","2.1193609370209","0","1.51595885391001","1.6571880791741","0","0.770518153877233","0","2.27573988570995","1.57868481492439","0","1.64927153325981","1.96709345048297","2.14795899856499","2.04924605171892","1.39724818583532","0","1.37508791229979","0","0","2.11893644538617","1.47530045647733","1.75287373487443","1.64172686066752","2.46594492559597","1.16560047249889","1.75220597096532","0","1.64670937664467","0","0","1.29690840917502","0","1.69496605686994","1.12413554559687","2.65731074350557","0","0","1.0845116026341","1.03179621902016","0.984853456246135","0","2.50501167472052","1.5346758134395","2.34963743329402","2.20638809563836","0","1.95084680691112","1.56317483388238","0","2.12145683897274","2.57817220725475","0","1.79570395037116","2.28140176966303","2.23286268765223","0.925555440579204","0","0","0","1.5081503684848","2.15926495006226","2.54709689685017","1.57004997143737","0","1.42640631335804","0","1.87005089178425","2.42235818572724","1.19888164752621","0","1.90100436707711","3.80891881927404","0.848767062740803","0","1.62145092311782","0","1.88684124776886","1.47667248963273","0","0","0.974485623739181","1.22772977791819","0","2.04297215642041","0","2.222471143135","0","0","1.00775644363443","2.54584243420778","0","1.7562211259344","1.20471366132516","0","0","0","0.963784653766577","1.50080827247726","2.23397250662199","2.00390406312951","0","0","1.47543753521912","2.74373160334846","0.806891471752261","1.11962568136845","0","0","0","0","0","0","0","0","0","0","0","1.99278067322269","0","0","0","1.38565369249775","0","0","0","0","0","0","0","0","0","0","0","0","0","0","0","0","0","0","0","0","0","0","0","0","0","0","0","0","0","0","0","0","0","0","0","0","0","0","0","0","0","0","0","0","0","0","0","0","0","0","0","0","0","1.35766655822841","0","0","0","0","0","0","0","0","0","0","0","0","0","0","0","0","0","0","0","0","0","0","0","0","0","0","0","0","0","0","0","0","0","0","0","0","0","0","0","0","0","0","0","0","0","0","0","0","0","0","0","0","0","0","0","0","0","0","0","0","0","0","0","0","0","0","0","0","0","0","0","0","0","0","0","0","0","0","0","0","0","0","0","0","0","0","0","0","0","0","0","0","0","0","0","0","0","1.70897689535182","0","0","0","0","0","0","0","0","0","0","0","0","0","0","0","0","0","0","0","0","0","0","0","0","0","0","0","0","0","0","0","0","0","0","0","0","0","0","0","0","0","0","0","0","0","0","0","0","0","0","0","0","0","0","0","0","0","0","0","0","0","0","0","0","0","0","0","0","0","0","0","0","0","0","0","0","0","0","0","0","0","0","0","0","0","0","0","0","0","0","0","0","0","0","0","0","0","0","0","0","0","0","0","0","0","0","0","0","0","0","0","0","0","0","0","0","0","0","0","0","0","0","0","0","0","0","0","0","0","0"
"ADCY1__L4-eNeuron","0","0","0","0","0","0","0","0","0","0","0","0","0","0","0","0","0","0","0","0","0","0","0","0","0","0","0","0","0","0","0","0","0","0","0","0","0","0","0","0","0","0","0","0","0","0","0","0","0","0","0","0","0","0","0.766258207296402","0","0","0","0","0","0","0","0","2.06824238726455","1.22865500779224","0","0","0","0","0","0","0","0","0","0","0","0","0","0","0","0","1.58144451062728","0","0","0","0","0","0","1.01875327720246","3.01226958497342","0","0","0","0","0","1.64682564723995","0","0","0","0","0","0","0","1.6234761544038","0","0","0","0","0","0","0","0","0","0","0","0","0","0","1.77180566401594","0.967698640920222","0","1.51595885391001","0","0","2.17932369944456","0","1.54657574773138","1.86761937654944","0","1.64927153325981","1.96709345048297","0.893751167938702","1.36145849892387","1.39724818583532","0","2.31747568427806","0","0","2.50620343617171","0.918544781074442","1.75287373487443","0.771291506445822","1.70595288984939","2.57847083647411","1.75220597096532","0","2.18649335281808","0.935495600513225","2.50709818027277","0","0","0","1.12413554559687","2.31655706606115","0","0","2.12498062729692","1.62720361633866","0.984853456246135","0","1.3554935794833","1.5346758134395","2.83702328208804","1.14081873485189","0","0","1.56317483388238","0","0","1.57953282513015","0","2.1029261077298","2.49410860602263","1.15934025080115","1.48482425251214","2.96445279106215","0","0","1.91329229155164","0","3.41807389186543","1.57004997143737","2.82795331192607","1.42640631335804","2.36239023620847","1.2189220976784","0","0","0","1.90100436707711","0","1.76675774362161","0","2.63043063358071","0","1.88684124776886","2.66657090707079","0","0","2.28088565606502","1.22772977791819","0","1.35640760793973","0","1.50256517055777","0","0.981603443194084","1.00775644363443","1.55375177019182","0","2.52512738860571","1.851931041252","0","0","0","2.26353898280893","1.15056496215034","0","1.14034388970343","0","0","0","2.26263474359224","0.806891471752261","1.74235627472738","1.63060865475928","0","0","0","0","0","0","0","0","0","0","2.37073546442311","0","0","0","2.89755273102918","0","0","0","0","0","0","0","0","0","0","0","0","3.01014455740554","0","0","0","0","0","0","0","0","0","0","0","0","0","0","0","0","0","0","0","0","0","0","0","0","0","0","0","0","0","0","0","0","0","0","0","0","0","0","0","0","1.74159866874157","0","0","0","0","0","0","0","0","0","0","0","2.301525545427","0","0","0","0","0","0","0","0","0","0","0","0","0","0","0","0","0","0","0","0","0","0","0","0","0","0","0","0","0","0","0","0","0","0","0","0","0","0","0","0","0","0","0","0","0","0","0","0","0","0","0","0","0","0","0","0","0","0","0","0","0","0","0","0","0","0","0","0","0","0","0","0","0","0","0","0","0","0","0","0","0","0","0","0","0","1.09399581108957","0","0","0","0","0","0","0","0","0","0","0","0","0","0","0","0","0","0","0","0","0","0","0","0","0","0","0","0","0","0","0","0","0","0","0","0","0","0","0","0","0","0","0","0","0","0","0","0","0","0","0","0","0","0","0","0","0","0","0","0","0","0","0","0","0","0","0","0","0","0","0","0","0","0","0","0","0","0","0","0","0","0","0","0","0","0","0","0","0","0","0","0","0","0","0","0","0","0","0","0","0","0","0","0","0","0","0","0","0","0","0","0","0","0","0","0","0","0","0","0","0","0","0","0","0","0","0","0","0","0"
"CNTN2__L4-eNeuron","0","0","0","0","0","0","0","0","0","0","0","0","0","0","0","0","0","0","0","0","0","0","0","0","0","0","0","0","0","0","0","0","0","0","0","0","0","0","0","0","0","0","0","0","0","0","0","0","0","0","0","0","0","0","0","0","0","0","0","0","0","0","0","1.04585168479067","1.22865500779224","0","0","0","0","0","0","0","0","0","0","0","0","0","0","0","0","0","0","0","0","0","0","0","1.60991308769211","1.00702396354048","0","0","0","0","0","0","0","0","0","0","0","1.10721254624079","0","0","0","0","0","0","0","0","0","0","0","0","0","0","0","0","2.07715677188267","1.54173128363151","0","2.23871863970859","0","0","0","0","0","1.86761937654944","0","1.04849851769119","2.54835290249192","0.893751167938702","0","0","0","0.845525041708732","0","0","1.87773987443992","0","1.36748004131983","0.771291506445822","0","0","0","0","1.2754784735745","0","0","1.96865700325634","0","0.803968914575403","0","1.86958719155305","0","0","2.12498062729692","0","1.56473156389556","0","0","1.5346758134395","0","1.14081873485189","3.09705030573624","0","1.9754655928803","0","1.69341818176082","1.57953282513015","0","0","0.825622968027725","1.79373163819363","1.48482425251214","0","0","0","1.5081503684848","1.72737509942865","0","0","0","0","1.61875926779216","1.2189220976784","1.96605266807666","1.84447925642081","1.73791996179815","2.69364578059952","0","0","0","1.62145092311782","0","1.48482425251214","1.47667248963273","0","0","0","0.740703816074195","0","2.04297215642041","0","1.50256517055777","0","1.56038125660968","1.81842283242723","1.55375177019182","0","0","2.09162806188065","0","0","0","1.53647049377447","1.15056496215034","2.23397250662199","1.76920945093728","0","0","1.47543753521912","2.74373160334846","0","1.11962568136845","2.37653269724085","0","0","0","0","0","0","0","0","0","0","1.99278067322269","0","0","0","1.38565369249775","0","0","0","0","0","0","0","0","0","0","0","0","0","0","0","0","0","0","0","0","0","0","0","0","0","0","0","0","0","0","0","0","0","0","0","0","0","0","0","0","0","0","0","0","0","0","0","0","0","0","0","0","0","0.832972413293929","0","0","0","0","0","0","0","0","0","0","0","0.836697796489702","0","0","0","0","0","0","0","0","0","0","0","0","0","0","0","0","0","0","0","0","0","0","0","0","0","0","0","0","0","0","0","0","0","0","0","0","0","0","0","0","0","0","0","0","0","0","0","0","0","0","0","0","0","0","0","0","0","0","0","0","0","0","0","0","0","0","0","0","0","0","0","0","0","0","0","0","0","0","0","0","0","0","0","0","0","1.09399581108957","0","0","0","0","0","0","0","0","0","0","0","0","0","0","0","0","0","0","0","0","0","0","0","0","0","0","0","0","0","0","0","0","0","0","0","0","0","0","0","0","0","0","0","0","0","0","0","0","0","0","0","0","0","0","0","0","0","0","0","0","0","0","0","0","0","0","0","0","0","0","0","0","0","0","0","0","0","0","0","0","0","0","0","0","0","0","0","0","0","0","0","0","0","0","0","0","0","0","0","0","0","0","0","0","0","0","0","0","0","0","0","0","0","0","0","0","0","0","0","0","0","0","0","0","0","0","0","0","0","0"
"FLOT1__L4-eNeuron","0","0","0","0","0","0","0","0","0","0","0","0","0","0","0","0","0","0","0","0","0","0","0","0","0","0","0","0","0","0","0","0","0","0","0","0","0","0","0","0","0","0","0","0","0","0","0","0","0","0","0","0","0","0","0","0","0","0","0","0","0","0","0","1.64577986530611","1.22865500779224","0","0","0","0","0","0","0","0","0","0","0","0","0","0","0","0","0","0","0","0","0","0","0","1.60991308769211","0","0","0","0","0","0","0","0","0","0","0","0","1.72621226101334","0","1.6234761544038","0","0","0","0","0","0","0","0","0","0","0","0","0","0","1.38398009873636","1.28307876255221","0","0","1.6571880791741","0","0.770518153877233","0","0.971306113733302","0","1.19537604343961","1.64927153325981","0.978145906928045","1.44148439109457","2.04924605171892","1.39724818583532","0","0","0","0","1.58796097724181","1.87602500379451","1.36748004131983","1.64172686066752","0","1.80179242872614","1.75220597096532","0","0","1.49829941124629","1.74087469139667","1.96865700325634","0","0","3.01404351408123","1.86958719155305","0","0","1.0845116026341","0","0","0","0","0.962450261683602","2.34963743329402","1.14081873485189","0","0","0","0","0","1.99389017587256","0","1.40484805507296","0","0","0","0","0","0","0.942777694870002","0","0","0","0","0","1.61875926779216","0","1.96605266807666","0","1.73791996179815","0","0","1.3795778839182","0","1.62145092311782","0","0","1.47667248963273","0","0","1.55084206476562","1.59118750014046","0","2.04297215642041","0","1.50256517055777","0","1.56038125660968","0.590138093862511","1.55375177019182","0","2.79603767918631","1.56431610366985","0","0","0","1.53647049377447","1.15056496215034","0","1.76920945093728","0","0","0.918645600850859","2.26263474359224","1.32127922276588","0.665804723685547","0","0","0","0","0","0","0","0","0","0","0","2.37073546442311","0","0","0","2.07922669115058","0","0","0","0","0","0","0","0","0","0","0","0","1.59269814950076","0","0","0","0","0","0","0","0","0","0","0","0","0","0","0","0","0","0","0","0","0","0","0","0","0","0","0","0","0","0","0","0","0","0","0","0","0","0","0","0","0.832972413293929","0","0","0","0","0","0","0","0","0","0","0","1.74754752663938","0","0","0","0","0","0","0","0","0","0","0","0","0","0","0","0","0","0","0","0","0","0","0","0","0","0","0","0","0","0","0","0","0","0","0","0","0","0","0","0","0","0","0","0","0","0","0","0","0","0","0","0","0","0","0","0","0","0","0","0","0","0","0","0","0","0","0","0","0","0","0","0","0","0","0","0","0","0","0","0","0","0","0","0","0","1.70897689535182","0","0","0","0","0","0","0","0","0","0","0","0","0","0","0","0","0","0","0","0","0","0","0","0","0","0","0","0","0","0","0","0","0","0","0","0","0","0","0","0","0","0","0","0","0","0","0","0","0","0","0","0","0","0","0","0","0","0","0","0","0","0","0","0","0","0","0","0","0","0","0","0","0","0","0","0","0","0","0","0","0","0","0","0","0","0","0","0","0","0","0","0","0","0","0","0","0","0","0","0","0","0","0","0","0","0","0","0","0","0","0","0","0","0","0","0","0","0","0","0","0","0","0","0","0","0","0","0","0","0"
"GABBR2__L4-eNeuron","0","0","0","0","0","0","0","0","0","0","0","0","0","0","0","0","0","0","0","0","0","0","0","0","0","0","0","0","0","0","0","0","0","0","0","0","0","0","0","0","0","0","0","0","0","0","0","0","0","0","0","0","0","0","1.2640592017821","0","0","0","0","0","0","0","0","2.39460722205799","1.22865500779224","0","0","0","0","0","0","0","0","0","0","0","0","0","0","0","0","2.80283021426688","0","0","0","0","0","0","2.61608388982745","2.33315008030588","0","0","0","0","0","2.39585179888105","0","0","0","0","0","2.75946491630186","0","2.04325636513087","0","0","0","0","0","0","0","0","0","0","0","0","0","0","0","2.1193609370209","0","0","2.67469331204331","0","1.93490497177812","0","1.95674228288404","2.10823130466268","2.89728414300704","1.64927153325981","1.55574951941622","1.44148439109457","2.51307233678049","1.7870062766658","0","2.31747568427806","0","0","1.22496292543008","1.47530045647733","2.52119768125577","2.7343034413635","0","1.16560047249889","2.05599741988941","0","3.01862608026444","2.47579506484618","1.11848515495156","0","0","1.31718545612423","2.18241485880496","0","0","0","2.12498062729692","1.62720361633866","1.97722013134371","0","1.3554935794833","1.9433024200868","2.34963743329402","0","3.09705030573624","1.28274042729664","2.2957431299265","0","2.12145683897274","0","0","1.40484805507296","2.03181886196898","1.79373163819363","1.88684124776886","2.96445279106215","0","0","1.5081503684848","1.72737509942865","0","0","2.82795331192607","2.95439266221309","0","1.87005089178425","2.42235818572724","2.28890467248","1.73791996179815","2.35109022199246","1.84921341753304","2.07170934403279","0","1.62145092311782","0","1.88684124776886","2.19096935698265","0","0","0","1.22772977791819","0","2.50624760248239","0","2.48120893629135","0","2.55416994198741","1.59529518618462","0","0","1.13031192109476","1.20471366132516","0","0","0","1.53647049377447","2.01792915118766","0.945659266085999","2.20570742675513","0","0","2.44670592729204","0","2.24707367369012","1.4643330688149","2.37653269724085","0","0","0","0","0","0","0","0","0","0","2.37073546442311","0","0","0","1.77372414417632","0","0","0","0","0","0","0","0","0","0","0","0","3.01014455740554","0","0","0","0","0","0","0","0","0","0","0","0","0","0","0","0","0","0","0","0","0","0","0","0","0","0","0","0","0","0","0","0","0","0","0","0","0","0","0","0","2.50794947423571","0","0","0","0","0","0","0","0","0","0","0","1.74754752663938","0","0","0","0","0","0","0","0","0","0","0","0","0","0","0","0","0","0","0","0","0","0","0","0","0","0","0","0","0","0","0","0","0","0","0","0","0","0","0","0","0","0","0","0","0","0","0","0","0","0","0","0","0","0","0","0","0","0","0","0","0","0","0","0","0","0","0","0","0","0","0","0","0","0","0","0","0","0","0","0","0","0","0","0","0","2.96492845377636","0","0","0","0","0","0","0","0","0","0","0","0","0","0","0","0","0","0","0","0","0","0","0","0","0","0","0","0","0","0","0","0","0","0","0","0","0","0","0","0","0","0","0","0","0","0","0","0","0","0","0","0","0","0","0","0","0","0","0","0","0","0","0","0","0","0","0","0","0","0","0","0","0","0","0","0","0","0","0","0","0","0","0","0","0","0","0","0","0","0","0","0","0","0","0","0","0","0","0","0","0","0","0","0","0","0","0","0","0","0","0","0","0","0","0","0","0","0","0","0","0","0","0","0","0","0","0","0","0","0"
"RTN4R__L4-eNeuron","0","0","0","0","0","0","0","0","0","0","0","0","0","0","0","0","0","0","0","0","0","0","0","0","0","0","0","0","0","0","0","0","0","0","0","0","0","0","0","0","0","0","0","0","0","0","0","0","0","0","0","0","0","0","2.86941234240753","0","0","0","0","0","0","0","0","3.07930875827133","2.51151721388662","0","0","0","0","0","0","0","0","0","0","0","0","0","0","0","0","2.80283021426688","0","0","0","0","0","0","1.60991308769211","2.01052316286273","0","0","0","0","0","3.08066372128379","0","0","0","0","0","2.15797189080686","0","3.37368224781034","0","0","0","0","0","0","0","0","0","0","0","0","0","0","1.77180566401594","2.26989297785055","0","3.07716669591618","2.67469331204331","0","1.27008916336774","0","2.94940486129032","2.10823130466268","2.28396189903561","2.88952346363843","3.13084141304699","1.83754067341114","3.38082480291772","2.56119433478821","0","2.06614924871064","0","0","1.58796097724181","1.87602500379451","3.01985791776223","3.01220577567536","0","2.57847083647411","1.36689856268864","0","1.64670937664467","1.49829941124629","2.77735527975283","1.96865700325634","0","1.69496605686994","2.51572153889009","3.16395595544748","0","0","1.69657919018461","2.04743534279775","2.29761670268927","0","1.3554935794833","2.74237268320133","1.60809041708723","2.54107989108174","0","2.75104111390734","1.9754655928803","0","1.69341818176082","2.31541002767221","0","2.3560726098237","2.84366258532995","1.15934025080115","3.44540481245831","2.96445279106215","0","0","2.89832048650615","2.76088521791099","1.77495991850557","2.78815320375717","2.01803961730222","0","3.2148136787307","2.65784793339327","3.48212786607165","1.19888164752621","2.50362306046202","1.90100436707711","3.51249839430545","1.76675774362161","0","2.04098526412452","0","1.88684124776886","3.02365344659717","0","0","2.28088565606502","2.51018615042183","0","3.13788721357262","0","1.50256517055777","0","2.55416994198741","2.47210235670047","2.28439336830439","2.67874161874008","1.7562211259344","2.09162806188065","0","0","0","1.9453302634011","2.94673923067224","2.23397250662199","3.04019346565373","0","0","0","3.10389051803321","0.806891471752261","2.35195916130796","1.63060865475928","0","0","0","0","0","0","0","0","0","0","1.75874108736524","0","0","0","2.89755273102918","0","0","0","0","0","0","0","0","0","0","0","0","2.00869969495039","0","0","0","0","0","0","0","0","0","0","0","0","0","0","0","0","0","0","0","0","0","0","0","0","0","0","0","0","0","0","0","0","0","0","0","0","0","0","0","0","2.29477032344632","0","0","0","0","0","0","0","0","0","0","0","1.36284302878384","0","0","0","0","0","0","0","0","0","0","0","0","0","0","0","0","0","0","0","0","0","0","0","0","0","0","0","0","0","0","0","0","0","0","0","0","0","0","0","0","0","0","0","0","0","0","0","0","0","0","0","0","0","0","0","0","0","0","0","0","0","0","0","0","0","0","0","0","0","0","0","0","0","0","0","0","0","0","0","0","0","0","0","0","0","2.13879266261507","0","0","0","0","0","0","0","0","0","0","0","0","0","0","0","0","0","0","0","0","0","0","0","0","0","0","0","0","0","0","0","0","0","0","0","0","0","0","0","0","0","0","0","0","0","0","0","0","0","0","0","0","0","0","0","0","0","0","0","0","0","0","0","0","0","0","0","0","0","0","0","0","0","0","0","0","0","0","0","0","0","0","0","0","0","0","0","0","0","0","0","0","0","0","0","0","0","0","0","0","0","0","0","0","0","0","0","0","0","0","0","0","0","0","0","0","0","0","0","0","0","0","0","0","0","0","0","0","0","0"
"SV2A__L4-eNeuron","0","0","0","0","0","0","0","0","0","0","0","0","0","0","0","0","0","0","0","0","0","0","0","0","0","0","0","0","0","0","0","0","0","0","0","0","0","0","0","0","0","0","0","0","0","0","0","0","0","0","0","0","0","0","1.2640592017821","0","0","0","0","0","0","0","0","0","0.741352257480596","0","0","0","0","0","0","0","0","0","0","0","0","0","0","0","0","1.58144451062728","0","0","0","0","0","0","2.02803928731263","2.33315008030588","0","0","0","0","0","0","0","0","0","0","0","2.15797189080686","0","2.04325636513087","0","0","0","0","0","0","0","0","0","0","0","0","0","0","2.32903307920422","3.02996305946941","0","0","2.89956923163477","0","2.17932369944456","0","2.75781027394491","1.86761937654944","2.28396189903561","1.04849851769119","1.96709345048297","2.14795899856499","2.51307233678049","2.74823670650123","0","2.06614924871064","0","0","1.58796097724181","2.85428575454148","1.75287373487443","2.57230258309115","0","2.24177824495123","2.8711774520787","0","2.395713434636","1.49829941124629","2.77735527975283","1.96865700325634","0","2.45296051116794","2.51572153889009","2.65731074350557","0","0","2.45486806527332","3.37866617840315","2.29761670268927","0","2.50501167472052","1.9433024200868","0","2.54107989108174","0","3.02945900481539","2.97133565217454","0","1.69341818176082","1.99389017587256","0","2.1029261077298","2.28140176966303","2.84152296767232","1.48482425251214","2.46906856576534","0","0","1.91329229155164","2.98800188679832","1.77495991850557","0","0","2.12945692991497","2.36239023620847","2.31706730103934","1.96605266807666","1.19888164752621","1.73791996179815","3.20229127518918","2.63368084189384","2.5374866543499","0","3.21837399346719","0","1.48482425251214","2.66657090707079","0","0","2.28088565606502","1.88125869673926","0","2.50624760248239","0","2.222471143135","0","1.97231644131429","2.01161908326683","1.9648400216745","2.67874161874008","1.13031192109476","2.63683588454213","0","0","0","1.53647049377447","2.22033750893568","2.71290674107635","1.14034388970343","0","0","2.44670592729204","2.26263474359224","1.99918886423801","1.74235627472738","2.37653269724085","0","0","0","0","0","0","0","0","0","0","2.79910130749248","0","0","0","2.07922669115058","0","0","0","0","0","0","0","0","0","0","0","0","2.00869969495039","0","0","0","0","0","0","0","0","0","0","0","0","0","0","0","0","0","0","0","0","0","0","0","0","0","0","0","0","0","0","0","0","0","0","0","0","0","0","0","0","2.29477032344632","0","0","0","0","0","0","0","0","0","0","0","3.14723758827412","0","0","0","0","0","0","0","0","0","0","0","0","0","0","0","0","0","0","0","0","0","0","0","0","0","0","0","0","0","0","0","0","0","0","0","0","0","0","0","0","0","0","0","0","0","0","0","0","0","0","0","0","0","0","0","0","0","0","0","0","0","0","0","0","0","0","0","0","0","0","0","0","0","0","0","0","0","0","0","0","0","0","0","0","0","2.46951559679685","0","0","0","0","0","0","0","0","0","0","0","0","0","0","0","0","0","0","0","0","0","0","0","0","0","0","0","0","0","0","0","0","0","0","0","0","0","0","0","0","0","0","0","0","0","0","0","0","0","0","0","0","0","0","0","0","0","0","0","0","0","0","0","0","0","0","0","0","0","0","0","0","0","0","0","0","0","0","0","0","0","0","0","0","0","0","0","0","0","0","0","0","0","0","0","0","0","0","0","0","0","0","0","0","0","0","0","0","0","0","0","0","0","0","0","0","0","0","0","0","0","0","0","0","0","0","0","0","0","0"
"CADM3__L4-eNeuron","0","0","0","0","0","0","0","0","0","0","0","0","0","0","0","0","0","0","0","0","0","0","0","0","0","0","0","0","0","0","0","0","0","0","0","0","0","0","0","0","0","0","0","0","0","0","0","0","0","0","0","0","0","0","3.23423036052771","0","0","0","0","0","0","0","0","2.39460722205799","0.741352257480596","0","0","0","0","0","0","0","0","0","0","0","0","0","0","0","0","1.99604165735058","0","0","0","0","0","0","2.83935570363972","2.33315008030588","0","0","0","0","0","2.66188565605307","0","0","0","0","0","2.75946491630186","0","3.2210514022582","0","0","0","0","0","0","0","0","0","0","0","0","0","0","2.32903307920422","1.76098561879507","0","2.71801418006876","3.094074131708","0","2.38827058971606","0","2.75781027394491","2.31439158728556","2.28396189903561","2.88952346363843","2.76968556177539","3.38377470643853","1.36145849892387","2.09355133885378","0","2.88271125091414","0","0","2.50620343617171","2.85428575454148","2.87199728396298","1.93628481856646","3.32909111815555","1.80179242872614","3.15312042182278","0","1.94170047895053","3.20365970015904","2.50709818027277","1.96865700325634","0","3.41908960734521","1.74821132035854","3.16395595544748","0","0","2.72318440867161","3.22597604641145","2.55962918884804","0","2.04183623946268","1.9433024200868","2.83702328208804","2.54107989108174","3.62468728356581","2.75104111390734","2.2957431299265","0","2.4511297596042","1.99389017587256","0","2.3560726098237","2.28140176966303","1.79373163819363","2.67728097424832","2.46906856576534","0","0","2.22925029613238","2.15926495006226","2.54709689685017","0","2.01803961730222","2.95439266221309","1.61875926779216","2.31706730103934","2.42235818572724","2.28890467248","2.50362306046202","1.90100436707711","2.63368084189384","2.5374866543499","0","2.63043063358071","0","1.88684124776886","2.66657090707079","0","0","2.28088565606502","2.32939487748276","0","1.35640760793973","0","2.48120893629135","0","2.55416994198741","2.92030871095781","2.76710140234506","2.67874161874008","3.22085995423723","2.91161027150605","0","0","0","1.9453302634011","2.55582413735105","2.49322311848086","2.54036022964312","0","0","0.918645600850859","1.53572215318106","2.24707367369012","1.97536043459299","2.37653269724085","0","0","0","0","0","0","0","0","0","0","3.02716839642929","0","0","0","2.73230421679634","0","0","0","0","0","0","0","0","0","0","0","0","2.59462559807188","0","0","0","0","0","0","0","0","0","0","0","0","0","0","0","0","0","0","0","0","0","0","0","0","0","0","0","0","0","0","0","0","0","0","0","0","0","0","0","0","2.29477032344632","0","0","0","0","0","0","0","0","0","0","0","3.14723758827412","0","0","0","0","0","0","0","0","0","0","0","0","0","0","0","0","0","0","0","0","0","0","0","0","0","0","0","0","0","0","0","0","0","0","0","0","0","0","0","0","0","0","0","0","0","0","0","0","0","0","0","0","0","0","0","0","0","0","0","0","0","0","0","0","0","0","0","0","0","0","0","0","0","0","0","0","0","0","0","0","0","0","0","0","0","2.13879266261507","0","0","0","0","0","0","0","0","0","0","0","0","0","0","0","0","0","0","0","0","0","0","0","0","0","0","0","0","0","0","0","0","0","0","0","0","0","0","0","0","0","0","0","0","0","0","0","0","0","0","0","0","0","0","0","0","0","0","0","0","0","0","0","0","0","0","0","0","0","0","0","0","0","0","0","0","0","0","0","0","0","0","0","0","0","0","0","0","0","0","0","0","0","0","0","0","0","0","0","0","0","0","0","0","0","0","0","0","0","0","0","0","0","0","0","0","0","0","0","0","0","0","0","0","0","0","0","0","0","0"
"ADORA1__L4-eNeuron","0","0","0","0","0","0","0","0","0","0","0","0","0","0","0","0","0","0","0","0","0","0","0","0","0","0","0","0","0","0","0","0","0","0","0","0","0","0","0","0","0","0","0","0","0","0","0","0","0","0","0","0","0","0","1.92729377670397","0","0","0","0","0","0","0","0","0","0","0","0","0","0","0","0","0","0","0","0","0","0","0","0","0","0","0.997362311996941","0","0","0","0","0","0","1.60991308769211","0","0","0","0","0","0","1.04664426939299","0","0","0","0","0","1.10721254624079","0","1.6234761544038","0","0","0","0","0","0","0","0","0","0","0","0","0","0","0.851948439102505","0","0","2.23871863970859","1.6571880791741","0","2.38827058971606","0","1.54657574773138","1.21701322196684","1.83999597807023","2.6649106570374","1.96709345048297","2.80859222491294","2.04924605171892","0","0","1.76160686252445","0","0","1.22496292543008","0","2.30757052216916","2.57230258309115","0","1.16560047249889","0","0","1.2754784735745","0","2.17426778970275","1.96865700325634","0","1.31718545612423","1.74821132035854","2.65731074350557","0","0","1.69657919018461","1.62720361633866","1.97722013134371","0","0","0.962450261683602","2.34963743329402","3.04095685854599","0","1.28274042729664","1.56317483388238","0","2.12145683897274","1.57953282513015","0","0","1.72983573584279","1.15934025080115","1.48482425251214","2.96445279106215","0","0","2.22925029613238","0","1.77495991850557","2.30401447277481","2.82795331192607","1.42640631335804","1.61875926779216","0","1.96605266807666","2.62818239832783","2.50362306046202","0","2.63368084189384","1.3795778839182","0","2.04098526412452","0","0.925555440579204","1.47667248963273","0","0","1.96155720578312","1.59118750014046","0","2.04297215642041","0","0","0","0.981603443194084","0.590138093862511","1.55375177019182","0","2.19130425827592","1.851931041252","0","0","0","2.52408846715882","2.01792915118766","1.51204362380989","1.48877381340017","0","0","0","2.26263474359224","1.32127922276588","1.11962568136845","2.37653269724085","0","0","0","0","0","0","0","0","0","0","0","0","0","0","0.853158611670729","0","0","0","0","0","0","0","0","0","0","0","0","1.00580562168121","0","0","0","0","0","0","0","0","0","0","0","0","0","0","0","0","0","0","0","0","0","0","0","0","0","0","0","0","0","0","0","0","0","0","0","0","0","0","0","0","2.29477032344632","0","0","0","0","0","0","0","0","0","0","0","1.74754752663938","0","0","0","0","0","0","0","0","0","0","0","0","0","0","0","0","0","0","0","0","0","0","0","0","0","0","0","0","0","0","0","0","0","0","0","0","0","0","0","0","0","0","0","0","0","0","0","0","0","0","0","0","0","0","0","0","0","0","0","0","0","0","0","0","0","0","0","0","0","0","0","0","0","0","0","0","0","0","0","0","0","0","0","0","0","0","0","0","0","0","0","0","0","0","0","0","0","0","0","0","0","0","0","0","0","0","0","0","0","0","0","0","0","0","0","0","0","0","0","0","0","0","0","0","0","0","0","0","0","0","0","0","0","0","0","0","0","0","0","0","0","0","0","0","0","0","0","0","0","0","0","0","0","0","0","0","0","0","0","0","0","0","0","0","0","0","0","0","0","0","0","0","0","0","0","0","0","0","0","0","0","0","0","0","0","0","0","0","0","0","0","0","0","0","0","0","0","0","0","0","0","0","0","0","0","0","0","0","0","0","0","0","0","0","0","0"
"LINGO1__L4-eNeuron","0","0","0","0","0","0","0","0","0","0","0","0","0","0","0","0","0","0","0","0","0","0","0","0","0","0","0","0","0","0","0","0","0","0","0","0","0","0","0","0","0","0","0","0","0","0","0","0","0","0","0","0","0","0","3.12256997827755","0","0","0","0","0","0","0","0","3.07930875827133","2.67218462568684","0","0","0","0","0","0","0","0","0","0","0","0","0","0","0","0","3.80245251394581","0","0","0","0","0","0","3.3555104333858","3.01226958497342","0","0","0","0","0","3.25183342594337","0","0","0","0","0","3.35534346912853","0","4.22418743485021","0","0","0","0","0","0","0","0","0","0","0","0","0","0","1.77180566401594","3.26325461565109","0","3.60399188310665","4.00702349188635","0","3.34716538638639","0","3.85285851394916","3.83253513822332","4.25252406011275","3.9961414926428","3.86582475593656","4.18269366076839","2.51307233678049","3.53865176613712","0","3.60369875424075","0","0","3.2770494850457","4.01199033161624","3.59232119148231","3.70216432051628","4.07357211573434","3.45234835207386","3.49371245972974","0","3.62834518477088","3.87658697293963","3.0048847187757","3.66176598724527","0","4.12182328250658","4.31290793142522","3.36316828606944","0","0","3.31690739122899","3.64273052898238","3.43177306644958","0","2.50501167472052","3.39041538553439","4.42524491900395","4.34205546986326","3.62468728356581","3.93829231006541","4.2168667324814","0","3.31279341641445","4.07979146370193","0","3.33105223186713","3.73950279479174","3.73720286002331","4.49735491323333","3.86894213878527","0","0","3.9777937250962","4.10255202620355","3.04733859387967","3.43905790497511","2.82795331192607","2.60010109755908","3.50532443550206","3.96393655443572","3.65854363310226","4.35291720872559","3.90816294554029","4.00369406312045","2.63368084189384","3.86951015506598","0","3.21837399346719","0","3.44540481245831","3.3096570939027","0","0","3.95178428989136","3.28138383253279","0","4.05351813686855","0","3.4704110859436","0","4.05263689948797","3.59915094360012","3.76369568994849","4.10508422694703","2.19130425827592","3.67177305389993","0","0","0","3.51785737339157","3.58256481817753","3.70474969432091","3.63705238104864","0","0","4.08967751340374","3.83747369725684","4.30275391729907","3.91407370285903","3.23047114689803","0","0","0","0","0","0","0","0","0","0","3.12896770196046","0","0","0","3.30319153230578","0","0","0","0","0","0","0","0","0","0","0","0","3.59558835756099","0","0","0","0","0","0","0","0","0","0","0","0","0","0","0","0","0","0","0","0","0","0","0","0","0","0","0","0","0","0","0","0","0","0","0","0","0","0","0","0","3.26226312783344","0","0","0","0","0","0","0","0","0","0","0","3.26986098310827","0","0","0","0","0","0","0","0","0","0","0","0","0","0","0","0","0","0","0","0","0","0","0","0","0","0","0","0","0","0","0","0","0","0","0","0","0","0","0","0","0","0","0","0","0","0","0","0","0","0","0","0","0","0","0","0","0","0","0","0","0","0","0","0","0","0","0","0","0","0","0","0","0","0","0","0","0","0","0","0","0","0","0","0","0","2.96492845377636","0","0","0","0","0","0","0","0","0","0","0","0","0","0","0","0","0","0","0","0","0","0","0","0","0","0","0","0","0","0","0","0","0","0","0","0","0","0","0","0","0","0","0","0","0","0","0","0","0","0","0","0","0","0","0","0","0","0","0","0","0","0","0","0","0","0","0","0","0","0","0","0","0","0","0","0","0","0","0","0","0","0","0","0","0","0","0","0","0","0","0","0","0","0","0","0","0","0","0","0","0","0","0","0","0","0","0","0","0","0","0","0","0","0","0","0","0","0","0","0","0","0","0","0","0","0","0","0","0","0"
"SLC17A7__L4-eNeuron","0","0","0","0","0","0","0","0","0","0","0","0","0","0","0","0","0","0","0","0","0","0","0","0","0","0","0","0","0","0","0","0","0","0","0","0","0","0","0","0","0","0","0","0","0","0","0","0","0","0","0","0","0","0","3.33786593502738","0","0","0","0","0","0","0","0","3.99133475336297","4.09776325120568","0","0","0","0","0","0","0","0","0","0","0","0","0","0","0","0","3.45463222951091","0","0","0","0","0","0","3.73487294661887","4.26120721946796","0","0","0","0","0","3.08066372128379","0","0","0","0","0","3.89253493256726","0","3.86072204153894","0","0","0","0","0","0","0","0","0","0","0","0","0","0","3.70863467794544","4.02604701557415","0","2.23871863970859","4.49442319320905","0","3.84917509775223","0","4.52945493332391","3.96080310341595","4.15141942991222","4.61496146965712","4.04604690962793","4.48864491828696","4.41972932861368","4.30676164729308","0","4.38701537381433","0","0","4.14719925298347","4.53948100049782","4.62660987630069","3.85091377003422","3.62201868185825","3.74767273546685","4.13595582115913","0","3.13985418231518","4.45868339749119","4.46475958374195","4.41942101571148","0","4.05864975181617","4.47474506308013","3.16395595544748","0","0","4.06084326996553","4.14674415967065","3.77909784469309","0","3.5743346916751","3.25361862552144","3.93916685333566","4.25368064613832","0","4.74384478077925","4.2168667324814","0","3.73207536004281","3.89928331504967","0","4.48688720779116","4.34394103645924","4.68207054916544","3.85710821907512","3.86894213878527","0","0","3.89077591334658","4.00208251256998","3.41807389186543","3.88596962478106","5.23281290051234","4.29023276247627","3.95398745814703","4.08174255760968","5.16525759186864","3.93090586029734","3.52480665813609","3.87515640727432","4.26463086622194","4.33792995428399","0","3.21837399346719","0","3.44540481245831","3.75290124879897","0","0","3.65297812567057","4.35464497231958","0","3.5757088942381","0","3.69125433874178","0","4.35707178086671","3.53769459192126","3.76369568994849","3.85871997173451","3.54862721787168","3.03157754959526","0","0","0","3.93133288505072","3.90978208222254","3.9834133348721","4.34122932429149","0","0","4.08967751340374","3.63180408123597","3.85697399962959","3.67005383722481","3.52132470902303","0","0","0","0","0","0","0","0","0","0","4.489044686372","0","0","0","4.34729988459567","0","0","0","0","0","0","0","0","0","0","0","0","5.33322750129665","0","0","0","0","0","0","0","0","0","0","0","0","0","0","0","0","0","0","0","0","0","0","0","0","0","0","0","0","0","0","0","0","0","0","0","0","0","0","0","0","4.8643675579707","0","0","0","0","0","0","0","0","0","0","0","4.98424047187528","0","0","0","0","0","0","0","0","0","0","0","0","0","0","0","0","0","0","0","0","0","0","0","0","0","0","0","0","0","0","0","0","0","0","0","0","0","0","0","0","0","0","0","0","0","0","0","0","0","0","0","0","0","0","0","0","0","0","0","0","0","0","0","0","0","0","0","0","0","0","0","0","0","0","0","0","0","0","0","0","0","0","0","0","0","4.17150045924359","0","0","0","0","0","0","0","0","0","0","0","0","0","0","0","0","0","0","0","0","0","0","0","0","0","0","0","0","0","0","0","0","0","0","0","0","0","0","0","0","0","0","0","0","0","0","0","0","0","0","0","0","0","0","0","0","0","0","0","0","0","0","0","0","0","0","0","0","0","0","0","0","0","0","0","0","0","0","0","0","0","0","0","0","0","0","0","0","0","0","0","0","0","0","0","0","0","0","0","0","0","0","0","0","0","0","0","0","0","0","0","0","0","0","0","0","0","0","0","0","0","0","0","0","0","0","0","0","0","0"
"GLG1__L4-eNeuron","0","0","0","0","0","0","0","0","0","0","0","0","0","0","0","0","0","0","0","0","0","0","0","0","0","0","0","0","0","0","0","0","0","0","0","0","0","0","0","0","0","0","0","0","0","0","0","0","0","0","0","0","0","0","0","0","0","0","0","0","0","0","0","1.04585168479067","0","0","0","0","0","0","0","0","0","0","0","0","0","0","0","0","0","1.58144451062728","0","0","0","0","0","0","0","1.00702396354048","0","0","0","0","0","0","0","0","0","0","0","0","0","1.6234761544038","0","0","0","0","0","0","0","0","0","0","0","0","0","0","2.07715677188267","1.76098561879507","0","1.51595885391001","2.40817481067194","0","2.38827058971606","0","0","2.10823130466268","1.83999597807023","1.64927153325981","2.76968556177539","1.44148439109457","0","1.7870062766658","0","1.37508791229979","0","0","2.32552551959799","1.47530045647733","2.70723368642464","1.64172686066752","0","1.80179242872614","1.36689856268864","0","0.774329923239854","1.49829941124629","1.74087469139667","0","0","1.69496605686994","1.74821132035854","1.86958719155305","0","0","1.0845116026341","1.62720361633866","1.97722013134371","0","2.04183623946268","1.5346758134395","2.83702328208804","0","0","1.95084680691112","1.9754655928803","0","2.12145683897274","0.995929660283152","0","2.3560726098237","2.49410860602263","1.79373163819363","1.48482425251214","2.46906856576534","0","0","2.70782377397699","1.72737509942865","2.54709689685017","2.30401447277481","0","1.42640631335804","1.61875926779216","2.31706730103934","0","1.84447925642081","2.50362306046202","1.90100436707711","2.63368084189384","1.76675774362161","0","1.62145092311782","0","2.20090025871053","2.19096935698265","0","0","1.96155720578312","0.740703816074195","0","0","0","1.50256517055777","0","1.56038125660968","1.81842283242723","1.9648400216745","1.88810450069273","2.19130425827592","1.851931041252","0","0","0","0","2.01792915118766","1.91770156028756","2.38271556179362","0","0","0.918645600850859","0","1.99918886423801","1.97536043459299","2.37653269724085","0","0","0","0","0","0","0","0","0","0","1.47924104721688","0","0","0","2.07922669115058","0","0","0","0","0","0","0","0","0","0","0","0","0","0","0","0","0","0","0","0","0","0","0","0","0","0","0","0","0","0","0","0","0","0","0","0","0","0","0","0","0","0","0","0","0","0","0","0","0","0","0","0","0","1.35766655822841","0","0","0","0","0","0","0","0","0","0","0","1.74754752663938","0","0","0","0","0","0","0","0","0","0","0","0","0","0","0","0","0","0","0","0","0","0","0","0","0","0","0","0","0","0","0","0","0","0","0","0","0","0","0","0","0","0","0","0","0","0","0","0","0","0","0","0","0","0","0","0","0","0","0","0","0","0","0","0","0","0","0","0","0","0","0","0","0","0","0","0","0","0","0","0","0","0","0","0","0","2.13879266261507","0","0","0","0","0","0","0","0","0","0","0","0","0","0","0","0","0","0","0","0","0","0","0","0","0","0","0","0","0","0","0","0","0","0","0","0","0","0","0","0","0","0","0","0","0","0","0","0","0","0","0","0","0","0","0","0","0","0","0","0","0","0","0","0","0","0","0","0","0","0","0","0","0","0","0","0","0","0","0","0","0","0","0","0","0","0","0","0","0","0","0","0","0","0","0","0","0","0","0","0","0","0","0","0","0","0","0","0","0","0","0","0","0","0","0","0","0","0","0","0","0","0","0","0","0","0","0","0","0","0"
"CAP1__L4-eNeuron","0","0","0","0","0","0","0","0","0","0","0","0","0","0","0","0","0","0","0","0","0","0","0","0","0","0","0","0","0","0","0","0","0","0","0","0","0","0","0","0","0","0","0","0","0","0","0","0","0","0","0","0","0","0","1.92729377670397","0","0","0","0","0","0","0","0","1.64577986530611","2.12390130390066","0","0","0","0","0","0","0","0","0","0","0","0","0","0","0","0","2.58056367106673","0","0","0","0","0","0","1.60991308769211","2.01052316286273","0","0","0","0","0","1.64682564723995","0","0","0","0","0","1.10721254624079","0","2.85668623884293","0","0","0","0","0","0","0","0","0","0","0","0","0","0","1.38398009873636","0.967698640920222","0","2.23871863970859","0","0","0","0","1.54657574773138","0.73320226161344","1.83999597807023","0","0.978145906928045","0","2.04924605171892","1.39724818583532","0","0.845525041708732","0","0","1.22496292543008","1.47530045647733","1.36748004131983","0.771291506445822","2.46594492559597","1.16560047249889","0","0","1.2754784735745","0","1.11848515495156","0","0","0.803968914575403","2.18241485880496","1.21855801365499","0","0","1.69657919018461","1.62720361633866","1.56473156389556","0","0","1.9433024200868","0","0","0","0","1.56317483388238","0","1.69341818176082","0","0","2.1029261077298","1.34743907851003","0","0","2.46906856576534","0","0","1.5081503684848","0","2.54709689685017","0","0","0","0","1.87005089178425","1.29483443400509","0","1.73791996179815","1.90100436707711","0","1.3795778839182","0","0","0","0","2.19096935698265","0","0","0.974485623739181","1.22772977791819","0","2.04297215642041","0","0.938647373463932","0","1.97231644131429","1.59529518618462","1.55375177019182","0","1.13031192109476","0","0","0","0","1.53647049377447","1.15056496215034","0","1.48877381340017","0","0","1.47543753521912","0","2.45854672064152","1.11962568136845","2.37653269724085","0","0","0","0","0","0","0","0","0","0","0.674466757458708","0","0","0","0","0","0","0","0","0","0","0","0","0","0","0","0","1.59269814950076","0","0","0","0","0","0","0","0","0","0","0","0","0","0","0","0","0","0","0","0","0","0","0","0","0","0","0","0","0","0","0","0","0","0","0","0","0","0","0","0","1.35766655822841","0","0","0","0","0","0","0","0","0","0","0","1.36284302878384","0","0","0","0","0","0","0","0","0","0","0","0","0","0","0","0","0","0","0","0","0","0","0","0","0","0","0","0","0","0","0","0","0","0","0","0","0","0","0","0","0","0","0","0","0","0","0","0","0","0","0","0","0","0","0","0","0","0","0","0","0","0","0","0","0","0","0","0","0","0","0","0","0","0","0","0","0","0","0","0","0","0","0","0","0","1.09399581108957","0","0","0","0","0","0","0","0","0","0","0","0","0","0","0","0","0","0","0","0","0","0","0","0","0","0","0","0","0","0","0","0","0","0","0","0","0","0","0","0","0","0","0","0","0","0","0","0","0","0","0","0","0","0","0","0","0","0","0","0","0","0","0","0","0","0","0","0","0","0","0","0","0","0","0","0","0","0","0","0","0","0","0","0","0","0","0","0","0","0","0","0","0","0","0","0","0","0","0","0","0","0","0","0","0","0","0","0","0","0","0","0","0","0","0","0","0","0","0","0","0","0","0","0","0","0","0","0","0","0"
"RTN4RL1__L4-eNeuron","0","0","0","0","0","0","0","0","0","0","0","0","0","0","0","0","0","0","0","0","0","0","0","0","0","0","0","0","0","0","0","0","0","0","0","0","0","0","0","0","0","0","0","0","0","0","0","0","0","0","0","0","0","0","1.2640592017821","0","0","0","0","0","0","0","0","1.64577986530611","1.22865500779224","0","0","0","0","0","0","0","0","0","0","0","0","0","0","0","0","1.58144451062728","0","0","0","0","0","0","2.02803928731263","0","0","0","0","0","0","2.39585179888105","0","0","0","0","0","1.72621226101334","0","2.63294603719708","0","0","0","0","0","0","0","0","0","0","0","0","0","0","0.851948439102505","1.28307876255221","0","0","1.6571880791741","0","0","0","1.54657574773138","0","1.83999597807023","2.07214978575584","1.96709345048297","2.40326889231386","0","0.861553230030856","0","0","0","0","1.58796097724181","1.47530045647733","1.75287373487443","0.771291506445822","0","1.16560047249889","0","0","0","0","2.50709818027277","1.96865700325634","0","1.31718545612423","1.74821132035854","1.86958719155305","0","0","1.0845116026341","0","0.984853456246135","0","2.04183623946268","0.962450261683602","1.60809041708723","1.14081873485189","0","1.28274042729664","1.9754655928803","0","1.08209650815192","1.57953282513015","0","1.79570395037116","1.72983573584279","1.79373163819363","1.48482425251214","0","0","0","1.5081503684848","1.72737509942865","0","2.30401447277481","2.01803961730222","0","2.36239023620847","1.87005089178425","1.29483443400509","0","2.50362306046202","1.24328248827521","2.63368084189384","1.76675774362161","0","1.62145092311782","0","0.925555440579204","0","0","0","0.974485623739181","1.22772977791819","0","0","0","0","0","0","1.00775644363443","0.9766554801535","0","0","0.724613245946843","0","0","0","0","1.50080827247726","1.51204362380989","2.00390406312951","0","0","0","0","1.32127922276588","1.4643330688149","2.37653269724085","0","0","0","0","0","0","0","0","0","0","0.674466757458708","0","0","0","0","0","0","0","0","0","0","0","0","0","0","0","0","1.59269814950076","0","0","0","0","0","0","0","0","0","0","0","0","0","0","0","0","0","0","0","0","0","0","0","0","0","0","0","0","0","0","0","0","0","0","0","0","0","0","0","0","0","0","0","0","0","0","0","0","0","0","0","0","0","0","0","0","0","0","0","0","0","0","0","0","0","0","0","0","0","0","0","0","0","0","0","0","0","0","0","0","0","0","0","0","0","0","0","0","0","0","0","0","0","0","0","0","0","0","0","0","0","0","0","0","0","0","0","0","0","0","0","0","0","0","0","0","0","0","0","0","0","0","0","0","0","0","0","0","0","0","0","0","0","0","0","0","0","0","1.70897689535182","0","0","0","0","0","0","0","0","0","0","0","0","0","0","0","0","0","0","0","0","0","0","0","0","0","0","0","0","0","0","0","0","0","0","0","0","0","0","0","0","0","0","0","0","0","0","0","0","0","0","0","0","0","0","0","0","0","0","0","0","0","0","0","0","0","0","0","0","0","0","0","0","0","0","0","0","0","0","0","0","0","0","0","0","0","0","0","0","0","0","0","0","0","0","0","0","0","0","0","0","0","0","0","0","0","0","0","0","0","0","0","0","0","0","0","0","0","0","0","0","0","0","0","0","0","0","0","0","0","0"
"MGRN1__L4-eNeuron","0","0","0","0","0","0","0","0","0","0","0","0","0","0","0","0","0","0","0","0","0","0","0","0","0","0","0","0","0","0","0","0","0","0","0","0","0","0","0","0","0","0","0","0","0","0","0","0","0","0","0","0","0","0","1.92729377670397","0","0","0","0","0","0","0","0","0","0.741352257480596","0","0","0","0","0","0","0","0","0","0","0","0","0","0","0","0","1.58144451062728","0","0","0","0","0","0","0","0","0","0","0","0","0","0","0","0","0","0","0","0","0","2.04325636513087","0","0","0","0","0","0","0","0","0","0","0","0","0","0","0.851948439102505","1.28307876255221","0","0","2.89956923163477","0","1.64045761331286","0","2.75781027394491","1.86761937654944","1.19537604343961","2.07214978575584","0.978145906928045","2.62011837306356","2.04924605171892","0","0","2.06614924871064","0","0","1.22496292543008","1.47530045647733","1.36748004131983","2.38978215061085","0","1.80179242872614","1.75220597096532","0","1.2754784735745","1.49829941124629","2.50709818027277","1.96865700325634","0","1.31718545612423","0","2.65731074350557","0","0","1.0845116026341","1.62720361633866","1.56473156389556","0","2.50501167472052","2.2613702604262","2.34963743329402","1.7698235715001","0","1.95084680691112","1.56317483388238","0","0","1.99389017587256","0","2.1029261077298","1.34743907851003","1.79373163819363","1.88684124776886","0","0","0","0","0","2.54709689685017","0","0","2.12945692991497","2.36239023620847","1.87005089178425","1.96605266807666","1.84447925642081","0","2.35109022199246","0","1.76675774362161","0","1.62145092311782","0","0.925555440579204","2.19096935698265","0","0","1.55084206476562","1.22772977791819","0","2.04297215642041","0","0","0","1.97231644131429","1.81842283242723","2.28439336830439","2.67874161874008","1.7562211259344","1.20471366132516","0","0","0","0.963784653766577","1.15056496215034","0.945659266085999","1.48877381340017","0","0","0","1.53572215318106","0.806891471752261","1.4643330688149","2.37653269724085","0","0","0","0","0","0","0","0","0","0","1.75874108736524","0","0","0","2.07922669115058","0","0","0","0","0","0","0","0","0","0","0","0","0","0","0","0","0","0","0","0","0","0","0","0","0","0","0","0","0","0","0","0","0","0","0","0","0","0","0","0","0","0","0","0","0","0","0","0","0","0","0","0","0","0","0","0","0","0","0","0","0","0","0","0","0","2.70081763432947","0","0","0","0","0","0","0","0","0","0","0","0","0","0","0","0","0","0","0","0","0","0","0","0","0","0","0","0","0","0","0","0","0","0","0","0","0","0","0","0","0","0","0","0","0","0","0","0","0","0","0","0","0","0","0","0","0","0","0","0","0","0","0","0","0","0","0","0","0","0","0","0","0","0","0","0","0","0","0","0","0","0","0","0","0","1.09399581108957","0","0","0","0","0","0","0","0","0","0","0","0","0","0","0","0","0","0","0","0","0","0","0","0","0","0","0","0","0","0","0","0","0","0","0","0","0","0","0","0","0","0","0","0","0","0","0","0","0","0","0","0","0","0","0","0","0","0","0","0","0","0","0","0","0","0","0","0","0","0","0","0","0","0","0","0","0","0","0","0","0","0","0","0","0","0","0","0","0","0","0","0","0","0","0","0","0","0","0","0","0","0","0","0","0","0","0","0","0","0","0","0","0","0","0","0","0","0","0","0","0","0","0","0","0","0","0","0","0","0"
"DAG1__L4-eNeuron","0","0","0","0","0","0","0","0","0","0","0","0","0","0","0","0","0","0","0","0","0","0","0","0","0","0","0","0","0","0","0","0","0","0","0","0","0","0","0","0","0","0","0","0","0","0","0","0","0","0","0","0","0","0","0","0","0","0","0","0","0","0","0","1.64577986530611","2.12390130390066","0","0","0","0","0","0","0","0","0","0","0","0","0","0","0","0","0.997362311996941","0","0","0","0","0","0","1.60991308769211","1.00702396354048","0","0","0","0","0","2.66188565605307","0","0","0","0","0","1.72621226101334","0","1.0289811994184","0","0","0","0","0","0","0","0","0","0","0","0","0","0","0","1.76098561879507","0","2.23871863970859","2.08100474513633","0","1.93490497177812","0","1.54657574773138","0.73320226161344","0","1.64927153325981","2.54835290249192","1.83754067341114","1.36145849892387","1.7870062766658","0","0.845525041708732","0","0","1.22496292543008","1.47530045647733","2.05671869888534","1.64172686066752","0","1.16560047249889","0","0","1.2754784735745","1.90212861704828","1.74087469139667","1.96865700325634","0","1.69496605686994","2.18241485880496","1.86958719155305","0","0","2.12498062729692","1.62720361633866","2.29761670268927","0","1.3554935794833","0","2.34963743329402","2.20638809563836","0","0","2.55767611383766","0","1.69341818176082","0.995929660283152","0","2.1029261077298","1.34743907851003","1.79373163819363","1.48482425251214","2.46906856576534","0","0","1.91329229155164","2.15926495006226","0","1.57004997143737","0","0","0","1.87005089178425","1.29483443400509","0","2.17098537096172","0","0","1.3795778839182","0","1.62145092311782","0","2.20090025871053","0","0","0","2.54218435940128","1.22772977791819","0","2.04297215642041","0","0","0","1.97231644131429","0.590138093862511","1.9648400216745","0","1.7562211259344","2.29711672369468","0","0","0","0.963784653766577","1.50080827247726","0","1.76920945093728","0","0","1.47543753521912","1.53572215318106","0","0.665804723685547","2.37653269724085","0","0","0","0","0","0","0","0","0","0","1.47924104721688","0","0","0","0","0","0","0","0","0","0","0","0","0","0","0","0","1.00580562168121","0","0","0","0","0","0","0","0","0","0","0","0","0","0","0","0","0","0","0","0","0","0","0","0","0","0","0","0","0","0","0","0","0","0","0","0","0","0","0","0","0.832972413293929","0","0","0","0","0","0","0","0","0","0","0","1.36284302878384","0","0","0","0","0","0","0","0","0","0","0","0","0","0","0","0","0","0","0","0","0","0","0","0","0","0","0","0","0","0","0","0","0","0","0","0","0","0","0","0","0","0","0","0","0","0","0","0","0","0","0","0","0","0","0","0","0","0","0","0","0","0","0","0","0","0","0","0","0","0","0","0","0","0","0","0","0","0","0","0","0","0","0","0","0","0","0","0","0","0","0","0","0","0","0","0","0","0","0","0","0","0","0","0","0","0","0","0","0","0","0","0","0","0","0","0","0","0","0","0","0","0","0","0","0","0","0","0","0","0","0","0","0","0","0","0","0","0","0","0","0","0","0","0","0","0","0","0","0","0","0","0","0","0","0","0","0","0","0","0","0","0","0","0","0","0","0","0","0","0","0","0","0","0","0","0","0","0","0","0","0","0","0","0","0","0","0","0","0","0","0","0","0","0","0","0","0","0","0","0","0","0","0","0","0","0","0","0","0","0","0","0","0","0","0","0"
"STX1A__L4-eNeuron","0","0","0","0","0","0","0","0","0","0","0","0","0","0","0","0","0","0","0","0","0","0","0","0","0","0","0","0","0","0","0","0","0","0","0","0","0","0","0","0","0","0","0","0","0","0","0","0","0","0","0","0","0","0","2.86941234240753","0","0","0","0","0","0","0","0","2.06824238726455","2.51151721388662","0","0","0","0","0","0","0","0","0","0","0","0","0","0","0","0","0.997362311996941","0","0","0","0","0","0","2.02803928731263","1.59432020657423","0","0","0","0","0","2.06941280189362","0","0","0","0","0","3.18269718822338","0","2.36802262111893","0","0","0","0","0","0","0","0","0","0","0","0","0","0","2.54340226102026","1.76098561879507","0","2.23871863970859","3.68336691622479","0","3.44391861926597","0","2.75781027394491","3.16154866867638","3.92509713575151","1.04849851769119","1.96709345048297","2.62011837306356","2.86350088079832","2.09355133885378","0","3.03073638101019","0","0","2.81120896274915","3.1718264119856","2.05671869888534","2.87993573296237","1.70595288984939","1.80179242872614","1.36689856268864","0","1.2754784735745","2.69494373038624","3.0048847187757","1.29690840917502","0","2.63721212148342","2.51572153889009","3.36316828606944","0","0","2.72318440867161","2.37247102109643","2.78129122412111","0","2.85506994803847","1.9433024200868","1.60809041708723","3.41149269199697","0","3.63970164698905","2.77928129008784","0","3.31279341641445","3.16268088337679","0","2.57136051970718","2.28140176966303","3.07061529625914","2.86708747028215","2.46906856576534","0","0","3.06657232246749","3.18418002582946","2.54709689685017","2.78815320375717","3.3435487244219","2.95439266221309","3.2148136787307","3.16452310706085","3.28109437737879","2.90266838504625","2.17098537096172","1.24328248827521","3.51249839430545","2.5374866543499","0","2.36560475145366","0","2.67728097424832","2.66657090707079","0","0","2.95504928987215","2.51018615042183","0","3.37334319387005","0","2.7005244952847","0","1.56038125660968","2.82062626170761","2.9588958056163","2.67874161874008","2.79603767918631","2.63683588454213","0","0","0","2.52408846715882","2.69822661425548","2.71290674107635","2.54036022964312","0","0","2.66494672152466","0","2.80642787252064","2.65032259356","3.23047114689803","0","0","0","0","0","0","0","0","0","0","2.52808468051341","0","0","0","2.73230421679634","0","0","0","0","0","0","0","0","0","0","0","0","2.00869969495039","0","0","0","0","0","0","0","0","0","0","0","0","0","0","0","0","0","0","0","0","0","0","0","0","0","0","0","0","0","0","0","0","0","0","0","0","0","0","0","0","3.13971789897295","0","0","0","0","0","0","0","0","0","0","0","3.01321533229616","0","0","0","0","0","0","0","0","0","0","0","0","0","0","0","0","0","0","0","0","0","0","0","0","0","0","0","0","0","0","0","0","0","0","0","0","0","0","0","0","0","0","0","0","0","0","0","0","0","0","0","0","0","0","0","0","0","0","0","0","0","0","0","0","0","0","0","0","0","0","0","0","0","0","0","0","0","0","0","0","0","0","0","0","0","2.96492845377636","0","0","0","0","0","0","0","0","0","0","0","0","0","0","0","0","0","0","0","0","0","0","0","0","0","0","0","0","0","0","0","0","0","0","0","0","0","0","0","0","0","0","0","0","0","0","0","0","0","0","0","0","0","0","0","0","0","0","0","0","0","0","0","0","0","0","0","0","0","0","0","0","0","0","0","0","0","0","0","0","0","0","0","0","0","0","0","0","0","0","0","0","0","0","0","0","0","0","0","0","0","0","0","0","0","0","0","0","0","0","0","0","0","0","0","0","0","0","0","0","0","0","0","0","0","0","0","0","0","0"
"CNTNAP1__L4-eNeuron","0","0","0","0","0","0","0","0","0","0","0","0","0","0","0","0","0","0","0","0","0","0","0","0","0","0","0","0","0","0","0","0","0","0","0","0","0","0","0","0","0","0","0","0","0","0","0","0","0","0","0","0","0","0","1.92729377670397","0","0","0","0","0","0","0","0","2.39460722205799","1.22865500779224","0","0","0","0","0","0","0","0","0","0","0","0","0","0","0","0","1.58144451062728","0","0","0","0","0","0","1.60991308769211","0","0","0","0","0","0","0","0","0","0","0","0","2.48984101206949","0","1.6234761544038","0","0","0","0","0","0","0","0","0","0","0","0","0","0","1.77180566401594","1.28307876255221","0","2.71801418006876","1.6571880791741","0","1.64045761331286","0","0","1.21701322196684","0","1.64927153325981","0","0.893751167938702","0","0.861553230030856","0","1.37508791229979","0","0","2.32552551959799","1.47530045647733","1.75287373487443","0.771291506445822","2.46594492559597","0","0","0","1.94170047895053","0","2.50709818027277","0","0","1.31718545612423","1.74821132035854","1.86958719155305","0","0","1.0845116026341","2.37247102109643","0","0","1.3554935794833","1.5346758134395","0","1.7698235715001","0","1.28274042729664","1.56317483388238","0","1.69341818176082","0","0","1.40484805507296","1.72983573584279","1.15934025080115","2.20090025871053","2.46906856576534","0","0","1.5081503684848","1.72737509942865","0","2.30401447277481","0","1.42640631335804","3.50532443550206","0","2.42235818572724","1.84447925642081","2.17098537096172","2.69364578059952","0","1.76675774362161","0","1.62145092311782","0","1.48482425251214","2.19096935698265","0","0","2.28088565606502","1.22772977791819","0","2.04297215642041","0","3.20954272517894","0","1.56038125660968","1.59529518618462","2.28439336830439","0","2.52512738860571","1.851931041252","0","0","0","2.26353898280893","2.39781075481917","2.23397250662199","2.81181584706212","0","0","3.17201672540373","2.26263474359224","0.806891471752261","2.35195916130796","3.52132470902303","0","0","0","0","0","0","0","0","0","0","1.13225668972592","0","0","0","2.07922669115058","0","0","0","0","0","0","0","0","0","0","0","0","1.59269814950076","0","0","0","0","0","0","0","0","0","0","0","0","0","0","0","0","0","0","0","0","0","0","0","0","0","0","0","0","0","0","0","0","0","0","0","0","0","0","0","0","0.832972413293929","0","0","0","0","0","0","0","0","0","0","0","1.36284302878384","0","0","0","0","0","0","0","0","0","0","0","0","0","0","0","0","0","0","0","0","0","0","0","0","0","0","0","0","0","0","0","0","0","0","0","0","0","0","0","0","0","0","0","0","0","0","0","0","0","0","0","0","0","0","0","0","0","0","0","0","0","0","0","0","0","0","0","0","0","0","0","0","0","0","0","0","0","0","0","0","0","0","0","0","0","2.46951559679685","0","0","0","0","0","0","0","0","0","0","0","0","0","0","0","0","0","0","0","0","0","0","0","0","0","0","0","0","0","0","0","0","0","0","0","0","0","0","0","0","0","0","0","0","0","0","0","0","0","0","0","0","0","0","0","0","0","0","0","0","0","0","0","0","0","0","0","0","0","0","0","0","0","0","0","0","0","0","0","0","0","0","0","0","0","0","0","0","0","0","0","0","0","0","0","0","0","0","0","0","0","0","0","0","0","0","0","0","0","0","0","0","0","0","0","0","0","0","0","0","0","0","0","0","0","0","0","0","0","0"
"EPHB6__L4-eNeuron","0","0","0","0","0","0","0","0","0","0","0","0","0","0","0","0","0","0","0","0","0","0","0","0","0","0","0","0","0","0","0","0","0","0","0","0","0","0","0","0","0","0","0","0","0","0","0","0","0","0","0","0","0","0","1.2640592017821","0","0","0","0","0","0","0","0","0","0.741352257480596","0","0","0","0","0","0","0","0","0","0","0","0","0","0","0","0","0.997362311996941","0","0","0","0","0","0","1.01875327720246","2.01052316286273","0","0","0","0","0","1.64682564723995","0","0","0","0","0","0","0","0","0","0","0","0","0","0","0","0","0","0","0","0","0","0","0","1.76098561879507","0","2.23871863970859","0","0","0","0","1.54657574773138","1.21701322196684","1.83999597807023","2.39876195956601","1.55574951941622","2.14795899856499","0","1.39724818583532","0","2.06614924871064","0","0","2.11893644538617","1.47530045647733","0.840038123857707","2.18077966818962","0","1.80179242872614","0","0","1.2754784735745","2.21728969923508","1.74087469139667","2.42520520200282","0","0","2.18241485880496","0","0","0","2.12498062729692","2.04743534279775","2.29761670268927","0","0","1.9433024200868","1.60809041708723","1.7698235715001","3.09705030573624","1.95084680691112","0.983690174812954","0","0","0.995929660283152","0","2.3560726098237","2.49410860602263","1.79373163819363","0.925555440579204","1.70859824152826","0","0","1.91329229155164","2.76088521791099","2.54709689685017","2.30401447277481","0","0","1.61875926779216","1.87005089178425","1.96605266807666","1.84447925642081","1.11621140239619","0","2.63368084189384","2.32331408014252","0","2.04098526412452","0","1.48482425251214","0","0","0","1.55084206476562","1.22772977791819","0","2.50624760248239","0","2.89085761243597","0","1.56038125660968","2.18197262920684","1.55375177019182","2.67874161874008","0","0","0","0","0","1.53647049377447","1.78241538700304","0.945659266085999","2.00390406312951","0","0","1.47543753521912","2.26263474359224","1.32127922276588","0.665804723685547","0","0","0","0","0","0","0","0","0","0","0","2.19409982963998","0","0","0","3.04580368961312","0","0","0","0","0","0","0","0","0","0","0","0","2.00869969495039","0","0","0","0","0","0","0","0","0","0","0","0","0","0","0","0","0","0","0","0","0","0","0","0","0","0","0","0","0","0","0","0","0","0","0","0","0","0","0","0","2.04453644217123","0","0","0","0","0","0","0","0","0","0","0","1.74754752663938","0","0","0","0","0","0","0","0","0","0","0","0","0","0","0","0","0","0","0","0","0","0","0","0","0","0","0","0","0","0","0","0","0","0","0","0","0","0","0","0","0","0","0","0","0","0","0","0","0","0","0","0","0","0","0","0","0","0","0","0","0","0","0","0","0","0","0","0","0","0","0","0","0","0","0","0","0","0","0","0","0","0","0","0","0","3.33301660506674","0","0","0","0","0","0","0","0","0","0","0","0","0","0","0","0","0","0","0","0","0","0","0","0","0","0","0","0","0","0","0","0","0","0","0","0","0","0","0","0","0","0","0","0","0","0","0","0","0","0","0","0","0","0","0","0","0","0","0","0","0","0","0","0","0","0","0","0","0","0","0","0","0","0","0","0","0","0","0","0","0","0","0","0","0","0","0","0","0","0","0","0","0","0","0","0","0","0","0","0","0","0","0","0","0","0","0","0","0","0","0","0","0","0","0","0","0","0","0","0","0","0","0","0","0","0","0","0","0","0"
"HRH3__L4-eNeuron","0","0","0","0","0","0","0","0","0","0","0","0","0","0","0","0","0","0","0","0","0","0","0","0","0","0","0","0","0","0","0","0","0","0","0","0","0","0","0","0","0","0","0","0","0","0","0","0","0","0","0","0","0","0","1.63345823296415","0","0","0","0","0","0","0","0","1.04585168479067","0.741352257480596","0","0","0","0","0","0","0","0","0","0","0","0","0","0","0","0","0","0","0","0","0","0","0","0","1.59432020657423","0","0","0","0","0","1.04664426939299","0","0","0","0","0","0","0","0","0","0","0","0","0","0","0","0","0","0","0","0","0","0","0.851948439102505","0.967698640920222","0","0","1.6571880791741","0","1.27008916336774","0","2.27573988570995","2.65503075414101","2.62297264897608","1.04849851769119","2.54835290249192","1.44148439109457","0","2.91378895495912","0","1.76160686252445","0","0","2.32552551959799","2.66476641147795","1.36748004131983","1.27118305277883","0","3.27840998383162","2.70642955084116","0","2.18649335281808","1.90212861704828","1.74087469139667","3.05051734314869","0","2.80057494142934","1.74821132035854","1.21855801365499","0","0","0","2.63757343666026","1.97722013134371","0","2.04183623946268","0.962450261683602","1.60809041708723","1.14081873485189","3.09705030573624","0","2.55767611383766","0","2.71930438052002","1.57953282513015","0","2.75865415988475","1.72983573584279","1.79373163819363","1.48482425251214","1.70859824152826","0","0","1.91329229155164","3.35684699434067","0","0","2.01803961730222","2.60010109755908","2.36239023620847","1.87005089178425","1.96605266807666","2.62818239832783","1.11621140239619","0","0","2.07170934403279","0","1.62145092311782","0","0","2.66657090707079","0","0","1.55084206476562","2.12265752952074","0","2.04297215642041","0","0.938647373463932","0","2.77567284561532","1.00775644363443","0.9766554801535","2.67874161874008","2.52512738860571","0.724613245946843","0","0","0","0.963784653766577","1.15056496215034","0","0.680025257270435","0","0","1.87618075393585","2.26263474359224","0","1.11962568136845","0","0","0","0","0","0","0","0","0","0","0","2.91763688844584","0","0","0","2.33120590847537","0","0","0","0","0","0","0","0","0","0","0","0","2.00869969495039","0","0","0","0","0","0","0","0","0","0","0","0","0","0","0","0","0","0","0","0","0","0","0","0","0","0","0","0","0","0","0","0","0","0","0","0","0","0","0","0","2.04453644217123","0","0","0","0","0","0","0","0","0","0","0","2.70081763432947","0","0","0","0","0","0","0","0","0","0","0","0","0","0","0","0","0","0","0","0","0","0","0","0","0","0","0","0","0","0","0","0","0","0","0","0","0","0","0","0","0","0","0","0","0","0","0","0","0","0","0","0","0","0","0","0","0","0","0","0","0","0","0","0","0","0","0","0","0","0","0","0","0","0","0","0","0","0","0","0","0","0","0","0","0","1.70897689535182","0","0","0","0","0","0","0","0","0","0","0","0","0","0","0","0","0","0","0","0","0","0","0","0","0","0","0","0","0","0","0","0","0","0","0","0","0","0","0","0","0","0","0","0","0","0","0","0","0","0","0","0","0","0","0","0","0","0","0","0","0","0","0","0","0","0","0","0","0","0","0","0","0","0","0","0","0","0","0","0","0","0","0","0","0","0","0","0","0","0","0","0","0","0","0","0","0","0","0","0","0","0","0","0","0","0","0","0","0","0","0","0","0","0","0","0","0","0","0","0","0","0","0","0","0","0","0","0","0","0"
"NLGN2__L4-eNeuron","0","0","0","0","0","0","0","0","0","0","0","0","0","0","0","0","0","0","0","0","0","0","0","0","0","0","0","0","0","0","0","0","0","0","0","0","0","0","0","0","0","0","0","0","0","0","0","0","0","0","0","0","0","0","2.17129123433768","0","0","0","0","0","0","0","0","1.64577986530611","0.741352257480596","0","0","0","0","0","0","0","0","0","0","0","0","0","0","0","0","0","0","0","0","0","0","0","1.60991308769211","1.59432020657423","0","0","0","0","0","2.06941280189362","0","0","0","0","0","2.15797189080686","0","1.0289811994184","0","0","0","0","0","0","0","0","0","0","0","0","0","0","2.07715677188267","0.967698640920222","0","0","1.6571880791741","0","0.770518153877233","0","1.95674228288404","1.57868481492439","2.28396189903561","2.39876195956601","0.978145906928045","1.44148439109457","1.36145849892387","0","0","0.845525041708732","0","0","0.738765427813689","2.18929666850891","0","2.18077966818962","0","1.80179242872614","1.75220597096532","0","1.2754784735745","0.935495600513225","1.11848515495156","1.29690840917502","0","1.31718545612423","1.74821132035854","1.86958719155305","0","0","0","1.62720361633866","1.56473156389556","0","2.04183623946268","1.5346758134395","1.60809041708723","2.20638809563836","0","1.95084680691112","0.983690174812954","0","2.4511297596042","0.995929660283152","0","0","1.34743907851003","2.84152296767232","0","0","0","0","0.942777694870002","1.72737509942865","1.77495991850557","0","0","0","2.36239023620847","1.87005089178425","2.42235818572724","2.28890467248","0","0","2.63368084189384","1.76675774362161","0","2.04098526412452","0","1.88684124776886","0","0","0","1.55084206476562","0.740703816074195","0","2.04297215642041","0","1.90696406942081","0","0","1.81842283242723","1.55375177019182","0","2.52512738860571","1.56431610366985","0","0","0","0","1.78241538700304","1.91770156028756","1.76920945093728","0","0","1.87618075393585","1.53572215318106","0.806891471752261","1.4643330688149","2.37653269724085","0","0","0","0","0","0","0","0","0","0","1.99278067322269","0","0","0","0","0","0","0","0","0","0","0","0","0","0","0","0","1.59269814950076","0","0","0","0","0","0","0","0","0","0","0","0","0","0","0","0","0","0","0","0","0","0","0","0","0","0","0","0","0","0","0","0","0","0","0","0","0","0","0","0","1.35766655822841","0","0","0","0","0","0","0","0","0","0","0","2.301525545427","0","0","0","0","0","0","0","0","0","0","0","0","0","0","0","0","0","0","0","0","0","0","0","0","0","0","0","0","0","0","0","0","0","0","0","0","0","0","0","0","0","0","0","0","0","0","0","0","0","0","0","0","0","0","0","0","0","0","0","0","0","0","0","0","0","0","0","0","0","0","0","0","0","0","0","0","0","0","0","0","0","0","0","0","0","0","0","0","0","0","0","0","0","0","0","0","0","0","0","0","0","0","0","0","0","0","0","0","0","0","0","0","0","0","0","0","0","0","0","0","0","0","0","0","0","0","0","0","0","0","0","0","0","0","0","0","0","0","0","0","0","0","0","0","0","0","0","0","0","0","0","0","0","0","0","0","0","0","0","0","0","0","0","0","0","0","0","0","0","0","0","0","0","0","0","0","0","0","0","0","0","0","0","0","0","0","0","0","0","0","0","0","0","0","0","0","0","0","0","0","0","0","0","0","0","0","0","0","0","0","0","0","0","0","0","0"
"GRM3__L4-eNeuron","0","0","0","0","0","0","0","0","0","0","0","0","0","0","0","0","0","0","0","0","0","0","0","0","0","0","0","0","0","0","0","0","0","0","0","0","0","0","0","0","0","0","0","0","0","0","0","0","0","0","0","0","0","0","1.63345823296415","0","0","0","0","0","0","0","0","1.64577986530611","0.741352257480596","0","0","0","0","0","0","0","0","0","0","0","0","0","0","0","0","0","0","0","0","0","0","0","1.01875327720246","1.00702396354048","0","0","0","0","0","1.04664426939299","0","0","0","0","0","1.72621226101334","0","0","0","0","0","0","0","0","0","0","0","0","0","0","0","0","0.851948439102505","0.967698640920222","0","0","1.05450533069334","0","2.17932369944456","0","1.95674228288404","1.57868481492439","0","2.39876195956601","1.96709345048297","0.893751167938702","0","1.7870062766658","0","2.06614924871064","0","0","1.58796097724181","1.47530045647733","2.05671869888534","0.771291506445822","0","1.16560047249889","0","0","1.64670937664467","0.935495600513225","1.74087469139667","0","0","1.69496605686994","0","0","0","0","0","1.62720361633866","1.56473156389556","0","2.04183623946268","1.9433024200868","1.60809041708723","1.7698235715001","0","2.40572578450996","0.983690174812954","0","1.08209650815192","0.995929660283152","0","1.79570395037116","1.72983573584279","0","1.48482425251214","0","0","0","2.22925029613238","0","0","0","0","1.42640631335804","1.61875926779216","0","1.96605266807666","0","2.17098537096172","0","1.84921341753304","1.76675774362161","0","2.04098526412452","0","1.48482425251214","2.19096935698265","0","0","1.96155720578312","0","0","2.04297215642041","0","1.50256517055777","0","0.981603443194084","0.590138093862511","1.55375177019182","2.67874161874008","1.7562211259344","1.20471366132516","0","0","0","0","0","1.91770156028756","1.14034388970343","0","0","0","0","1.99918886423801","1.11962568136845","2.37653269724085","0","0","0","0","0","0","0","0","0","0","1.13225668972592","0","0","0","0.853158611670729","0","0","0","0","0","0","0","0","0","0","0","0","2.00869969495039","0","0","0","0","0","0","0","0","0","0","0","0","0","0","0","0","0","0","0","0","0","0","0","0","0","0","0","0","0","0","0","0","0","0","0","0","0","0","0","0","1.35766655822841","0","0","0","0","0","0","0","0","0","0","0","1.74754752663938","0","0","0","0","0","0","0","0","0","0","0","0","0","0","0","0","0","0","0","0","0","0","0","0","0","0","0","0","0","0","0","0","0","0","0","0","0","0","0","0","0","0","0","0","0","0","0","0","0","0","0","0","0","0","0","0","0","0","0","0","0","0","0","0","0","0","0","0","0","0","0","0","0","0","0","0","0","0","0","0","0","0","0","0","0","0","0","0","0","0","0","0","0","0","0","0","0","0","0","0","0","0","0","0","0","0","0","0","0","0","0","0","0","0","0","0","0","0","0","0","0","0","0","0","0","0","0","0","0","0","0","0","0","0","0","0","0","0","0","0","0","0","0","0","0","0","0","0","0","0","0","0","0","0","0","0","0","0","0","0","0","0","0","0","0","0","0","0","0","0","0","0","0","0","0","0","0","0","0","0","0","0","0","0","0","0","0","0","0","0","0","0","0","0","0","0","0","0","0","0","0","0","0","0","0","0","0","0","0","0","0","0","0","0","0","0"
"NTSR2__L4-eNeuron","0","0","0","0","0","0","0","0","0","0","0","0","0","0","0","0","0","0","0","0","0","0","0","0","0","0","0","0","0","0","0","0","0","0","0","0","0","0","0","0","0","0","0","0","0","0","0","0","0","0","0","0","0","0","0","0","0","0","0","0","0","0","0","1.64577986530611","0.741352257480596","0","0","0","0","0","0","0","0","0","0","0","0","0","0","0","0","1.58144451062728","0","0","0","0","0","0","1.60991308769211","1.00702396354048","0","0","0","0","0","0","0","0","0","0","0","1.72621226101334","0","1.0289811994184","0","0","0","0","0","0","0","0","0","0","0","0","0","0","1.38398009873636","1.28307876255221","0","0","1.6571880791741","0","2.87832144341175","0","1.54657574773138","1.21701322196684","1.83999597807023","0","1.55574951941622","0","2.04924605171892","1.39724818583532","0","0","0","0","1.22496292543008","1.47530045647733","3.01985791776223","0","2.46594492559597","1.16560047249889","1.36689856268864","0","1.94170047895053","0.935495600513225","0","0","0","0","2.78629211468031","2.31655706606115","0","0","0","1.62720361633866","1.97722013134371","0","1.3554935794833","1.9433024200868","0","2.54107989108174","0","1.28274042729664","0.983690174812954","0","2.12145683897274","0","0","0.867065757780001","2.03181886196898","1.15934025080115","0","0","0","0","0.942777694870002","1.72737509942865","1.77495991850557","2.78815320375717","0","2.12945692991497","0","1.87005089178425","0","1.19888164752621","0","2.69364578059952","2.63368084189384","0.848767062740803","0","2.36560475145366","0","2.45866466174683","0","0","0","0.974485623739181","1.59118750014046","0","0","0","1.50256517055777","0","0.981603443194084","1.3312308356054","1.55375177019182","0","1.13031192109476","2.47695272410349","0","0","0","1.53647049377447","1.78241538700304","0.945659266085999","1.14034388970343","0","0","0","0","0","0.665804723685547","0","0","0","0","0","0","0","0","0","0","0","1.75874108736524","0","0","0","1.38565369249775","0","0","0","0","0","0","0","0","0","0","0","0","3.01014455740554","0","0","0","0","0","0","0","0","0","0","0","0","0","0","0","0","0","0","0","0","0","0","0","0","0","0","0","0","0","0","0","0","0","0","0","0","0","0","0","0","2.29477032344632","0","0","0","0","0","0","0","0","0","0","0","1.36284302878384","0","0","0","0","0","0","0","0","0","0","0","0","0","0","0","0","0","0","0","0","0","0","0","0","0","0","0","0","0","0","0","0","0","0","0","0","0","0","0","0","0","0","0","0","0","0","0","0","0","0","0","0","0","0","0","0","0","0","0","0","0","0","0","0","0","0","0","0","0","0","0","0","0","0","0","0","0","0","0","0","0","0","0","0","0","0","0","0","0","0","0","0","0","0","0","0","0","0","0","0","0","0","0","0","0","0","0","0","0","0","0","0","0","0","0","0","0","0","0","0","0","0","0","0","0","0","0","0","0","0","0","0","0","0","0","0","0","0","0","0","0","0","0","0","0","0","0","0","0","0","0","0","0","0","0","0","0","0","0","0","0","0","0","0","0","0","0","0","0","0","0","0","0","0","0","0","0","0","0","0","0","0","0","0","0","0","0","0","0","0","0","0","0","0","0","0","0","0","0","0","0","0","0","0","0","0","0","0","0","0","0","0","0","0","0","0"
"KCNQ3__L4-eNeuron","0","0","0","0","0","0","0","0","0","0","0","0","0","0","0","0","0","0","0","0","0","0","0","0","0","0","0","0","0","0","0","0","0","0","0","0","0","0","0","0","0","0","0","0","0","0","0","0","0","0","0","0","0","0","1.2640592017821","0","0","0","0","0","0","0","0","2.39460722205799","1.22865500779224","0","0","0","0","0","0","0","0","0","0","0","0","0","0","0","0","1.58144451062728","0","0","0","0","0","0","0","1.59432020657423","0","0","0","0","0","1.64682564723995","0","0","0","0","0","0","0","0","0","0","0","0","0","0","0","0","0","0","0","0","0","0","1.38398009873636","0.563508817267721","0","0","1.6571880791741","0","1.93490497177812","0","0.971306113733302","1.21701322196684","1.83999597807023","1.04849851769119","0.978145906928045","1.44148439109457","2.04924605171892","2.09355133885378","0","0.845525041708732","0","0","1.58796097724181","1.47530045647733","0.840038123857707","1.64172686066752","1.70595288984939","1.80179242872614","1.36689856268864","0","1.2754784735745","0.935495600513225","0","0","0","1.31718545612423","1.12413554559687","1.86958719155305","0","0","1.69657919018461","1.62720361633866","0","0","2.04183623946268","0","1.60809041708723","2.20638809563836","3.09705030573624","0","0.983690174812954","0","0","1.99389017587256","0","1.79570395037116","1.34743907851003","1.79373163819363","0.925555440579204","2.46906856576534","0","0","1.91329229155164","2.49121076758534","1.77495991850557","0","0","2.12945692991497","0","1.2189220976784","0","1.84447925642081","1.73791996179815","1.90100436707711","0","0.848767062740803","0","1.62145092311782","0","1.48482425251214","1.47667248963273","0","0","0.974485623739181","1.88125869673926","0","0","0","0","0","0","1.59529518618462","1.55375177019182","2.67874161874008","1.13031192109476","1.20471366132516","0","0","0","1.53647049377447","1.15056496215034","1.91770156028756","1.48877381340017","0","0","1.47543753521912","2.74373160334846","0","2.17591340503838","1.63060865475928","0","0","0","0","0","0","0","0","0","0","1.75874108736524","0","0","0","1.77372414417632","0","0","0","0","0","0","0","0","0","0","0","0","0","0","0","0","0","0","0","0","0","0","0","0","0","0","0","0","0","0","0","0","0","0","0","0","0","0","0","0","0","0","0","0","0","0","0","0","0","0","0","0","0","1.35766655822841","0","0","0","0","0","0","0","0","0","0","0","2.05096489907069","0","0","0","0","0","0","0","0","0","0","0","0","0","0","0","0","0","0","0","0","0","0","0","0","0","0","0","0","0","0","0","0","0","0","0","0","0","0","0","0","0","0","0","0","0","0","0","0","0","0","0","0","0","0","0","0","0","0","0","0","0","0","0","0","0","0","0","0","0","0","0","0","0","0","0","0","0","0","0","0","0","0","0","0","0","0","0","0","0","0","0","0","0","0","0","0","0","0","0","0","0","0","0","0","0","0","0","0","0","0","0","0","0","0","0","0","0","0","0","0","0","0","0","0","0","0","0","0","0","0","0","0","0","0","0","0","0","0","0","0","0","0","0","0","0","0","0","0","0","0","0","0","0","0","0","0","0","0","0","0","0","0","0","0","0","0","0","0","0","0","0","0","0","0","0","0","0","0","0","0","0","0","0","0","0","0","0","0","0","0","0","0","0","0","0","0","0","0","0","0","0","0","0","0","0","0","0","0","0","0","0","0","0","0","0","0"
"RGMB__L4-eNeuron","0","0","0","0","0","0","0","0","0","0","0","0","0","0","0","0","0","0","0","0","0","0","0","0","0","0","0","0","0","0","0","0","0","0","0","0","0","0","0","0","0","0","0","0","0","0","0","0","0","0","0","0","0","0","0","0","0","0","0","0","0","0","0","1.04585168479067","0","0","0","0","0","0","0","0","0","0","0","0","0","0","0","0","0","0.997362311996941","0","0","0","0","0","0","1.01875327720246","1.00702396354048","0","0","0","0","0","1.04664426939299","0","0","0","0","0","0","0","1.0289811994184","0","0","0","0","0","0","0","0","0","0","0","0","0","0","0.851948439102505","0.563508817267721","0","0","1.05450533069334","0","2.17932369944456","0","1.95674228288404","1.57868481492439","1.19537604343961","1.64927153325981","1.55574951941622","2.14795899856499","0","0","0","1.76160686252445","0","0","1.58796097724181","1.87602500379451","1.36748004131983","1.27118305277883","1.70595288984939","0","1.36689856268864","0","1.2754784735745","0.935495600513225","0","1.29690840917502","0","1.31718545612423","0","0","0","0","0","0","1.97722013134371","0","2.04183623946268","1.5346758134395","1.60809041708723","1.14081873485189","0","2.40572578450996","1.9754655928803","0","1.69341818176082","1.57953282513015","0","1.40484805507296","1.72983573584279","1.15934025080115","0.925555440579204","0","0","0","2.48829087236008","2.15926495006226","2.54709689685017","0","2.82795331192607","0","1.61875926779216","1.87005089178425","1.29483443400509","1.84447925642081","1.73791996179815","0","0","1.76675774362161","0","0","0","1.48482425251214","1.47667248963273","0","0","2.54218435940128","1.22772977791819","0","2.85636278933519","0","1.50256517055777","0","1.56038125660968","1.81842283242723","0.9766554801535","0","1.7562211259344","2.09162806188065","0","0","0","0.963784653766577","1.78241538700304","1.51204362380989","0.680025257270435","0","0","1.47543753521912","1.53572215318106","1.32127922276588","1.4643330688149","0","0","0","0","0","0","0","0","0","0","0","1.13225668972592","0","0","0","1.38565369249775","0","0","0","0","0","0","0","0","0","0","0","0","0","0","0","0","0","0","0","0","0","0","0","0","0","0","0","0","0","0","0","0","0","0","0","0","0","0","0","0","0","0","0","0","0","0","0","0","0","0","0","0","0","1.74159866874157","0","0","0","0","0","0","0","0","0","0","0","1.74754752663938","0","0","0","0","0","0","0","0","0","0","0","0","0","0","0","0","0","0","0","0","0","0","0","0","0","0","0","0","0","0","0","0","0","0","0","0","0","0","0","0","0","0","0","0","0","0","0","0","0","0","0","0","0","0","0","0","0","0","0","0","0","0","0","0","0","0","0","0","0","0","0","0","0","0","0","0","0","0","0","0","0","0","0","0","0","0","0","0","0","0","0","0","0","0","0","0","0","0","0","0","0","0","0","0","0","0","0","0","0","0","0","0","0","0","0","0","0","0","0","0","0","0","0","0","0","0","0","0","0","0","0","0","0","0","0","0","0","0","0","0","0","0","0","0","0","0","0","0","0","0","0","0","0","0","0","0","0","0","0","0","0","0","0","0","0","0","0","0","0","0","0","0","0","0","0","0","0","0","0","0","0","0","0","0","0","0","0","0","0","0","0","0","0","0","0","0","0","0","0","0","0","0","0","0","0","0","0","0","0","0","0","0","0","0","0","0"
"PLXND1__L4-eNeuron","0","0","0","0","0","0","0","0","0","0","0","0","0","0","0","0","0","0","0","0","0","0","0","0","0","0","0","0","0","0","0","0","0","0","0","0","0","0","0","0","0","0","0","0","0","0","0","0","0","0","0","0","0","0","0.766258207296402","0","0","0","0","0","0","0","0","0","1.22865500779224","0","0","0","0","0","0","0","0","0","0","0","0","0","0","0","0","0","0","0","0","0","0","0","0","1.59432020657423","0","0","0","0","0","0","0","0","0","0","0","1.10721254624079","0","1.0289811994184","0","0","0","0","0","0","0","0","0","0","0","0","0","0","0.851948439102505","1.76098561879507","0","1.51595885391001","2.40817481067194","0","1.27008916336774","0","1.95674228288404","1.86761937654944","1.19537604343961","1.04849851769119","1.55574951941622","0","2.04924605171892","2.09355133885378","0","2.31747568427806","0","0","1.58796097724181","1.47530045647733","0.840038123857707","2.57230258309115","1.70595288984939","1.16560047249889","2.3068128089595","0","2.18649335281808","1.49829941124629","1.74087469139667","2.42520520200282","0","1.69496605686994","1.12413554559687","1.21855801365499","0","0","1.0845116026341","0","0.984853456246135","0","1.3554935794833","0","3.20068055847485","0","0","0","0.983690174812954","0","2.12145683897274","0","0","1.40484805507296","0.825622968027725","0","1.48482425251214","1.70859824152826","0","0","2.22925029613238","1.72737509942865","1.77495991850557","0","2.82795331192607","0","1.61875926779216","1.2189220976784","1.29483443400509","1.19888164752621","1.73791996179815","0","3.13899637149499","1.3795778839182","0","1.62145092311782","0","0","0","0","0","0.974485623739181","1.22772977791819","0","1.35640760793973","0","0","0","0.981603443194084","0.590138093862511","0.9766554801535","1.88810450069273","0","1.851931041252","0","0","0","0.963784653766577","0.687064332434015","0.945659266085999","0","0","0","0.918645600850859","1.53572215318106","0.806891471752261","0.665804723685547","0","0","0","0","0","0","0","0","0","0","0","2.19409982963998","0","0","0","1.38565369249775","0","0","0","0","0","0","0","0","0","0","0","0","1.00580562168121","0","0","0","0","0","0","0","0","0","0","0","0","0","0","0","0","0","0","0","0","0","0","0","0","0","0","0","0","0","0","0","0","0","0","0","0","0","0","0","0","1.35766655822841","0","0","0","0","0","0","0","0","0","0","0","2.05096489907069","0","0","0","0","0","0","0","0","0","0","0","0","0","0","0","0","0","0","0","0","0","0","0","0","0","0","0","0","0","0","0","0","0","0","0","0","0","0","0","0","0","0","0","0","0","0","0","0","0","0","0","0","0","0","0","0","0","0","0","0","0","0","0","0","0","0","0","0","0","0","0","0","0","0","0","0","0","0","0","0","0","0","0","0","0","0","0","0","0","0","0","0","0","0","0","0","0","0","0","0","0","0","0","0","0","0","0","0","0","0","0","0","0","0","0","0","0","0","0","0","0","0","0","0","0","0","0","0","0","0","0","0","0","0","0","0","0","0","0","0","0","0","0","0","0","0","0","0","0","0","0","0","0","0","0","0","0","0","0","0","0","0","0","0","0","0","0","0","0","0","0","0","0","0","0","0","0","0","0","0","0","0","0","0","0","0","0","0","0","0","0","0","0","0","0","0","0","0","0","0","0","0","0","0","0","0","0","0","0","0","0","0","0","0","0","0"
"BOC__L4-eNeuron","0","0","0","0","0","0","0","0","0","0","0","0","0","0","0","0","0","0","0","0","0","0","0","0","0","0","0","0","0","0","0","0","0","0","0","0","0","0","0","0","0","0","0","0","0","0","0","0","0","0","0","0","0","0","0","0","0","0","0","0","0","0","0","0","1.59226621366842","0","0","0","0","0","0","0","0","0","0","0","0","0","0","0","0","0","0","0","0","0","0","0","1.01875327720246","0","0","0","0","0","0","0","0","0","0","0","0","1.72621226101334","0","0","0","0","0","0","0","0","0","0","0","0","0","0","0","0","0","0.967698640920222","0","0","1.05450533069334","0","1.27008916336774","0","1.54657574773138","0.73320226161344","1.83999597807023","1.64927153325981","0.978145906928045","0","1.36145849892387","0.861553230030856","0","2.06614924871064","0","0","2.11893644538617","0.918544781074442","1.36748004131983","2.38978215061085","0","1.16560047249889","1.75220597096532","0","2.18649335281808","1.49829941124629","2.50709818027277","0","0","2.24168395441573","0","1.21855801365499","0","0","1.0845116026341","1.62720361633866","0.984853456246135","0","0","0","2.83702328208804","1.14081873485189","2.25650876626852","0","1.9754655928803","0","1.69341818176082","2.31541002767221","0","2.1029261077298","1.34743907851003","0","2.20090025871053","0","0","0","0.942777694870002","3.35684699434067","0","2.30401447277481","0","2.12945692991497","1.61875926779216","1.87005089178425","0","1.19888164752621","1.73791996179815","1.90100436707711","2.63368084189384","0","0","2.04098526412452","0","1.48482425251214","2.19096935698265","0","0","2.54218435940128","2.32939487748276","0","2.85636278933519","0","0","0","1.56038125660968","2.33431846661998","1.9648400216745","0","2.52512738860571","1.56431610366985","0","0","0","0","0","1.51204362380989","1.14034388970343","0","0","0.918645600850859","1.53572215318106","0","1.4643330688149","0","0","0","0","0","0","0","0","0","0","0","0.674466757458708","0","0","0","2.07922669115058","0","0","0","0","0","0","0","0","0","0","0","0","1.00580562168121","0","0","0","0","0","0","0","0","0","0","0","0","0","0","0","0","0","0","0","0","0","0","0","0","0","0","0","0","0","0","0","0","0","0","0","0","0","0","0","0","0.832972413293929","0","0","0","0","0","0","0","0","0","0","0","0.836697796489702","0","0","0","0","0","0","0","0","0","0","0","0","0","0","0","0","0","0","0","0","0","0","0","0","0","0","0","0","0","0","0","0","0","0","0","0","0","0","0","0","0","0","0","0","0","0","0","0","0","0","0","0","0","0","0","0","0","0","0","0","0","0","0","0","0","0","0","0","0","0","0","0","0","0","0","0","0","0","0","0","0","0","0","0","0","0","0","0","0","0","0","0","0","0","0","0","0","0","0","0","0","0","0","0","0","0","0","0","0","0","0","0","0","0","0","0","0","0","0","0","0","0","0","0","0","0","0","0","0","0","0","0","0","0","0","0","0","0","0","0","0","0","0","0","0","0","0","0","0","0","0","0","0","0","0","0","0","0","0","0","0","0","0","0","0","0","0","0","0","0","0","0","0","0","0","0","0","0","0","0","0","0","0","0","0","0","0","0","0","0","0","0","0","0","0","0","0","0","0","0","0","0","0","0","0","0","0","0","0","0","0","0","0","0","0","0"
"KCNJ4__L4-eNeuron","0","0","0","0","0","0","0","0","0","0","0","0","0","0","0","0","0","0","0","0","0","0","0","0","0","0","0","0","0","0","0","0","0","0","0","0","0","0","0","0","0","0","0","0","0","0","0","0","0","0","0","0","0","0","2.56217376651377","0","0","0","0","0","0","0","0","2.66059189237728","1.22865500779224","0","0","0","0","0","0","0","0","0","0","0","0","0","0","0","0","1.58144451062728","0","0","0","0","0","0","1.01875327720246","3.01226958497342","0","0","0","0","0","1.64682564723995","0","0","0","0","0","2.15797189080686","0","2.04325636513087","0","0","0","0","0","0","0","0","0","0","0","0","0","0","2.54340226102026","1.95127264452442","0","2.23871863970859","2.89956923163477","0","2.17932369944456","0","2.75781027394491","2.31439158728556","2.89728414300704","1.64927153325981","2.28680085691739","2.62011837306356","2.04924605171892","2.09355133885378","0","0","0","0","2.94250927607075","1.47530045647733","2.05671869888534","2.57230258309115","0","1.80179242872614","2.3068128089595","0","2.57839972641679","1.49829941124629","2.50709818027277","2.42520520200282","0","2.45296051116794","3.21069480240115","1.86958719155305","0","0","2.12498062729692","2.63757343666026","3.77909784469309","0","2.85506994803847","2.2613702604262","2.83702328208804","1.14081873485189","0","2.40572578450996","2.55767611383766","0","2.94535720352207","1.57953282513015","0","0.867065757780001","2.49410860602263","1.79373163819363","2.67728097424832","1.70859824152826","0","0","0.942777694870002","2.49121076758534","0","0","0","2.60010109755908","1.61875926779216","1.2189220976784","3.04744099491732","2.62818239832783","2.17098537096172","1.90100436707711","0","2.5374866543499","0","2.36560475145366","0","0","2.66657090707079","0","0","1.96155720578312","2.81535357041784","0","3.5757088942381","0","2.89085761243597","0","2.77567284561532","2.18197262920684","1.55375177019182","0","1.7562211259344","2.09162806188065","0","0","0","1.9453302634011","2.01792915118766","1.91770156028756","2.54036022964312","0","0","2.18946380116109","0","2.95325430355538","2.89743063744394","2.37653269724085","0","0","0","0","0","0","0","0","0","0","1.47924104721688","0","0","0","2.07922669115058","0","0","0","0","0","0","0","0","0","0","0","0","3.18023000983405","0","0","0","0","0","0","0","0","0","0","0","0","0","0","0","0","0","0","0","0","0","0","0","0","0","0","0","0","0","0","0","0","0","0","0","0","0","0","0","0","1.35766655822841","0","0","0","0","0","0","0","0","0","0","0","0","0","0","0","0","0","0","0","0","0","0","0","0","0","0","0","0","0","0","0","0","0","0","0","0","0","0","0","0","0","0","0","0","0","0","0","0","0","0","0","0","0","0","0","0","0","0","0","0","0","0","0","0","0","0","0","0","0","0","0","0","0","0","0","0","0","0","0","0","0","0","0","0","0","0","0","0","0","0","0","0","0","0","0","0","0","1.70897689535182","0","0","0","0","0","0","0","0","0","0","0","0","0","0","0","0","0","0","0","0","0","0","0","0","0","0","0","0","0","0","0","0","0","0","0","0","0","0","0","0","0","0","0","0","0","0","0","0","0","0","0","0","0","0","0","0","0","0","0","0","0","0","0","0","0","0","0","0","0","0","0","0","0","0","0","0","0","0","0","0","0","0","0","0","0","0","0","0","0","0","0","0","0","0","0","0","0","0","0","0","0","0","0","0","0","0","0","0","0","0","0","0","0","0","0","0","0","0","0","0","0","0","0","0","0","0","0","0","0","0"
"NTNG2__L4-eNeuron","0","0","0","0","0","0","0","0","0","0","0","0","0","0","0","0","0","0","0","0","0","0","0","0","0","0","0","0","0","0","0","0","0","0","0","0","0","0","0","0","0","0","0","0","0","0","0","0","0","0","0","0","0","0","1.63345823296415","0","0","0","0","0","0","0","0","0","1.22865500779224","0","0","0","0","0","0","0","0","0","0","0","0","0","0","0","0","0.997362311996941","0","0","0","0","0","0","0","0","0","0","0","0","0","1.04664426939299","0","0","0","0","0","2.48984101206949","0","1.0289811994184","0","0","0","0","0","0","0","0","0","0","0","0","0","0","1.77180566401594","0","0","2.23871863970859","1.05450533069334","0","1.93490497177812","0","2.53681731793714","1.21701322196684","1.83999597807023","1.64927153325981","0","0.893751167938702","1.36145849892387","0","0","1.76160686252445","0","0","0","1.47530045647733","2.30757052216916","1.27118305277883","0","1.16560047249889","0.839619084173484","0","0","1.49829941124629","0","1.29690840917502","0","1.31718545612423","1.12413554559687","2.65731074350557","0","0","1.69657919018461","0","1.56473156389556","0","1.3554935794833","0.962450261683602","1.60809041708723","1.7698235715001","2.25650876626852","2.75104111390734","0.983690174812954","0","2.12145683897274","0.995929660283152","0","0.867065757780001","1.34743907851003","2.5690561098118","1.48482425251214","2.46906856576534","0","0","1.5081503684848","1.72737509942865","0","3.1500071768949","0","0","0","1.87005089178425","0","2.62818239832783","0","1.24328248827521","0","2.32331408014252","0","1.02745246962271","0","0.925555440579204","0","0","0","1.55084206476562","2.12265752952074","0","0","0","1.50256517055777","0","1.97231644131429","1.00775644363443","1.9648400216745","1.88810450069273","1.13031192109476","0.724613245946843","0","0","0","0","0","1.91770156028756","0.680025257270435","0","0","1.47543753521912","0","1.32127922276588","1.4643330688149","0","0","0","0","0","0","0","0","0","0","0","1.47924104721688","0","0","0","1.77372414417632","0","0","0","0","0","0","0","0","0","0","0","0","2.33120590847537","0","0","0","0","0","0","0","0","0","0","0","0","0","0","0","0","0","0","0","0","0","0","0","0","0","0","0","0","0","0","0","0","0","0","0","0","0","0","0","0","0","0","0","0","0","0","0","0","0","0","0","0","0.836697796489702","0","0","0","0","0","0","0","0","0","0","0","0","0","0","0","0","0","0","0","0","0","0","0","0","0","0","0","0","0","0","0","0","0","0","0","0","0","0","0","0","0","0","0","0","0","0","0","0","0","0","0","0","0","0","0","0","0","0","0","0","0","0","0","0","0","0","0","0","0","0","0","0","0","0","0","0","0","0","0","0","0","0","0","0","0","0","0","0","0","0","0","0","0","0","0","0","0","0","0","0","0","0","0","0","0","0","0","0","0","0","0","0","0","0","0","0","0","0","0","0","0","0","0","0","0","0","0","0","0","0","0","0","0","0","0","0","0","0","0","0","0","0","0","0","0","0","0","0","0","0","0","0","0","0","0","0","0","0","0","0","0","0","0","0","0","0","0","0","0","0","0","0","0","0","0","0","0","0","0","0","0","0","0","0","0","0","0","0","0","0","0","0","0","0","0","0","0","0","0","0","0","0","0","0","0","0","0","0","0","0","0","0","0","0","0","0"
"CRHR1__L4-eNeuron","0","0","0","0","0","0","0","0","0","0","0","0","0","0","0","0","0","0","0","0","0","0","0","0","0","0","0","0","0","0","0","0","0","0","0","0","0","0","0","0","0","0","0","0","0","0","0","0","0","0","0","0","0","0","0","0","0","0","0","0","0","0","0","1.64577986530611","1.22865500779224","0","0","0","0","0","0","0","0","0","0","0","0","0","0","0","0","0","0","0","0","0","0","0","1.60991308769211","2.01052316286273","0","0","0","0","0","1.04664426939299","0","0","0","0","0","1.72621226101334","0","1.0289811994184","0","0","0","0","0","0","0","0","0","0","0","0","0","0","1.38398009873636","0.563508817267721","0","2.71801418006876","2.40817481067194","0","0.770518153877233","0","0.971306113733302","1.21701322196684","1.19537604343961","1.04849851769119","0.978145906928045","1.44148439109457","1.36145849892387","2.34623850229354","0","0","0","0","2.11893644538617","0.918544781074442","0.840038123857707","0.771291506445822","0","2.24177824495123","2.3068128089595","0","0.774329923239854","0","1.11848515495156","2.42520520200282","0","1.69496605686994","1.74821132035854","0","0","0","1.69657919018461","2.63757343666026","0","0","1.3554935794833","1.5346758134395","0","1.7698235715001","0","1.28274042729664","0.983690174812954","0","0","0","0","1.79570395037116","1.34743907851003","1.15934025080115","0.925555440579204","2.46906856576534","0","0","0.942777694870002","2.15926495006226","2.54709689685017","0","2.01803961730222","1.42640631335804","1.61875926779216","0","1.29483443400509","2.62818239832783","0","1.24328248827521","2.63368084189384","1.76675774362161","0","1.62145092311782","0","2.20090025871053","1.47667248963273","0","0","0.974485623739181","1.22772977791819","0","0","0","0","0","0","1.59529518618462","1.9648400216745","0","1.13031192109476","0.724613245946843","0","0","0","0","1.15056496215034","0.945659266085999","1.14034388970343","0","0","0","0","1.32127922276588","0.665804723685547","1.63060865475928","0","0","0","0","0","0","0","0","0","0","1.13225668972592","0","0","0","0","0","0","0","0","0","0","0","0","0","0","0","0","2.59462559807188","0","0","0","0","0","0","0","0","0","0","0","0","0","0","0","0","0","0","0","0","0","0","0","0","0","0","0","0","0","0","0","0","0","0","0","0","0","0","0","0","2.04453644217123","0","0","0","0","0","0","0","0","0","0","0","1.74754752663938","0","0","0","0","0","0","0","0","0","0","0","0","0","0","0","0","0","0","0","0","0","0","0","0","0","0","0","0","0","0","0","0","0","0","0","0","0","0","0","0","0","0","0","0","0","0","0","0","0","0","0","0","0","0","0","0","0","0","0","0","0","0","0","0","0","0","0","0","0","0","0","0","0","0","0","0","0","0","0","0","0","0","0","0","0","1.70897689535182","0","0","0","0","0","0","0","0","0","0","0","0","0","0","0","0","0","0","0","0","0","0","0","0","0","0","0","0","0","0","0","0","0","0","0","0","0","0","0","0","0","0","0","0","0","0","0","0","0","0","0","0","0","0","0","0","0","0","0","0","0","0","0","0","0","0","0","0","0","0","0","0","0","0","0","0","0","0","0","0","0","0","0","0","0","0","0","0","0","0","0","0","0","0","0","0","0","0","0","0","0","0","0","0","0","0","0","0","0","0","0","0","0","0","0","0","0","0","0","0","0","0","0","0","0","0","0","0","0","0"
"ACVR1B__L4-eNeuron","0","0","0","0","0","0","0","0","0","0","0","0","0","0","0","0","0","0","0","0","0","0","0","0","0","0","0","0","0","0","0","0","0","0","0","0","0","0","0","0","0","0","0","0","0","0","0","0","0","0","0","0","0","0","0.766258207296402","0","0","0","0","0","0","0","0","1.04585168479067","1.59226621366842","0","0","0","0","0","0","0","0","0","0","0","0","0","0","0","0","1.58144451062728","0","0","0","0","0","0","1.01875327720246","2.33315008030588","0","0","0","0","0","1.64682564723995","0","0","0","0","0","1.10721254624079","0","2.04325636513087","0","0","0","0","0","0","0","0","0","0","0","0","0","0","2.07715677188267","1.76098561879507","0","2.23871863970859","1.6571880791741","0","1.64045761331286","0","1.54657574773138","1.21701322196684","1.19537604343961","0","0.978145906928045","1.44148439109457","1.36145849892387","0.861553230030856","0","0.845525041708732","0","0","2.11893644538617","0","0.840038123857707","0.771291506445822","1.70595288984939","1.16560047249889","1.36689856268864","0","1.94170047895053","1.90212861704828","2.17426778970275","1.29690840917502","0","0","1.12413554559687","0","0","0","0","1.62720361633866","1.97722013134371","0","1.3554935794833","0","1.60809041708723","1.14081873485189","2.25650876626852","0","0.983690174812954","0","1.08209650815192","0.995929660283152","0","1.40484805507296","0.825622968027725","0","1.48482425251214","0","0","0","0","0","1.77495991850557","1.57004997143737","2.01803961730222","0","0","0","1.29483443400509","0","1.73791996179815","0","1.84921341753304","1.3795778839182","0","0","0","0.925555440579204","2.19096935698265","0","0","0.974485623739181","0.740703816074195","0","0","0","0","0","1.56038125660968","0","0.9766554801535","0","0","0.724613245946843","0","0","0","0.963784653766577","0","0.945659266085999","1.48877381340017","0","0","0","0","0.806891471752261","1.11962568136845","1.63060865475928","0","0","0","0","0","0","0","0","0","0","1.13225668972592","0","0","0","0.853158611670729","0","0","0","0","0","0","0","0","0","0","0","0","1.59269814950076","0","0","0","0","0","0","0","0","0","0","0","0","0","0","0","0","0","0","0","0","0","0","0","0","0","0","0","0","0","0","0","0","0","0","0","0","0","0","0","0","1.74159866874157","0","0","0","0","0","0","0","0","0","0","0","0.836697796489702","0","0","0","0","0","0","0","0","0","0","0","0","0","0","0","0","0","0","0","0","0","0","0","0","0","0","0","0","0","0","0","0","0","0","0","0","0","0","0","0","0","0","0","0","0","0","0","0","0","0","0","0","0","0","0","0","0","0","0","0","0","0","0","0","0","0","0","0","0","0","0","0","0","0","0","0","0","0","0","0","0","0","0","0","0","1.09399581108957","0","0","0","0","0","0","0","0","0","0","0","0","0","0","0","0","0","0","0","0","0","0","0","0","0","0","0","0","0","0","0","0","0","0","0","0","0","0","0","0","0","0","0","0","0","0","0","0","0","0","0","0","0","0","0","0","0","0","0","0","0","0","0","0","0","0","0","0","0","0","0","0","0","0","0","0","0","0","0","0","0","0","0","0","0","0","0","0","0","0","0","0","0","0","0","0","0","0","0","0","0","0","0","0","0","0","0","0","0","0","0","0","0","0","0","0","0","0","0","0","0","0","0","0","0","0","0","0","0","0"
"LRP1__L4-eNeuron","0","0","0","0","0","0","0","0","0","0","0","0","0","0","0","0","0","0","0","0","0","0","0","0","0","0","0","0","0","0","0","0","0","0","0","0","0","0","0","0","0","0","0","0","0","0","0","0","0","0","0","0","0","0","1.63345823296415","0","0","0","0","0","0","0","0","1.64577986530611","0.741352257480596","0","0","0","0","0","0","0","0","0","0","0","0","0","0","0","0","2.31770547617413","0","0","0","0","0","0","1.60991308769211","1.00702396354048","0","0","0","0","0","1.64682564723995","0","0","0","0","0","2.15797189080686","0","1.0289811994184","0","0","0","0","0","0","0","0","0","0","0","0","0","0","0.851948439102505","1.28307876255221","0","0","2.08100474513633","0","2.17932369944456","0","1.95674228288404","2.10823130466268","2.62297264897608","2.39876195956601","1.96709345048297","0.893751167938702","1.36145849892387","2.34623850229354","0","1.76160686252445","0","0","1.58796097724181","0.918544781074442","1.75287373487443","1.27118305277883","0","0","1.36689856268864","0","0.774329923239854","0.935495600513225","1.11848515495156","2.42520520200282","0","0.803968914575403","2.18241485880496","2.65731074350557","0","0","1.69657919018461","0","0","0","0","1.5346758134395","1.60809041708723","0","2.25650876626852","0","1.9754655928803","0","2.71930438052002","0.995929660283152","0","2.1029261077298","2.03181886196898","1.79373163819363","2.20090025871053","1.70859824152826","0","0","0","2.76088521791099","0","0","2.01803961730222","1.42640631335804","0","2.31706730103934","1.29483443400509","2.28890467248","0","2.35109022199246","1.84921341753304","0.848767062740803","0","2.04098526412452","0","2.20090025871053","1.47667248963273","0","0","2.76333571349161","2.51018615042183","0","1.35640760793973","0","0.938647373463932","0","1.56038125660968","1.81842283242723","0.9766554801535","2.67874161874008","1.13031192109476","1.851931041252","0","0","0","0","1.78241538700304","2.23397250662199","1.76920945093728","0","0","0.918645600850859","2.26263474359224","1.32127922276588","1.4643330688149","0","0","0","0","0","0","0","0","0","0","0","2.66994761707877","0","0","0","2.07922669115058","0","0","0","0","0","0","0","0","0","0","0","0","1.00580562168121","0","0","0","0","0","0","0","0","0","0","0","0","0","0","0","0","0","0","0","0","0","0","0","0","0","0","0","0","0","0","0","0","0","0","0","0","0","0","0","0","1.74159866874157","0","0","0","0","0","0","0","0","0","0","0","0.836697796489702","0","0","0","0","0","0","0","0","0","0","0","0","0","0","0","0","0","0","0","0","0","0","0","0","0","0","0","0","0","0","0","0","0","0","0","0","0","0","0","0","0","0","0","0","0","0","0","0","0","0","0","0","0","0","0","0","0","0","0","0","0","0","0","0","0","0","0","0","0","0","0","0","0","0","0","0","0","0","0","0","0","0","0","0","0","0","0","0","0","0","0","0","0","0","0","0","0","0","0","0","0","0","0","0","0","0","0","0","0","0","0","0","0","0","0","0","0","0","0","0","0","0","0","0","0","0","0","0","0","0","0","0","0","0","0","0","0","0","0","0","0","0","0","0","0","0","0","0","0","0","0","0","0","0","0","0","0","0","0","0","0","0","0","0","0","0","0","0","0","0","0","0","0","0","0","0","0","0","0","0","0","0","0","0","0","0","0","0","0","0","0","0","0","0","0","0","0","0","0","0","0","0","0","0","0","0","0","0","0","0","0","0","0","0","0","0"
"PLXNA4__L4-eNeuron","0","0","0","0","0","0","0","0","0","0","0","0","0","0","0","0","0","0","0","0","0","0","0","0","0","0","0","0","0","0","0","0","0","0","0","0","0","0","0","0","0","0","0","0","0","0","0","0","0","0","0","0","0","0","0.766258207296402","0","0","0","0","0","0","0","0","0","2.12390130390066","0","0","0","0","0","0","0","0","0","0","0","0","0","0","0","0","1.58144451062728","0","0","0","0","0","0","0","0","0","0","0","0","0","1.04664426939299","0","0","0","0","0","0","0","1.6234761544038","0","0","0","0","0","0","0","0","0","0","0","0","0","0","1.38398009873636","1.54173128363151","0","0","0","0","0.770518153877233","0","2.27573988570995","1.21701322196684","1.83999597807023","2.39876195956601","0.978145906928045","0.893751167938702","2.04924605171892","0","0","1.76160686252445","0","0","0.738765427813689","0.918544781074442","1.36748004131983","0","0","1.16560047249889","2.05599741988941","0","1.2754784735745","0.935495600513225","1.11848515495156","0","0","1.69496605686994","1.74821132035854","0","0","0","2.12498062729692","0","0.984853456246135","0","2.50501167472052","0","1.60809041708723","1.7698235715001","0","1.28274042729664","0.983690174812954","0","0","0","0","0","2.28140176966303","1.15934025080115","2.45866466174683","0","0","0","0.942777694870002","0","0","1.57004997143737","3.3435487244219","2.60010109755908","1.61875926779216","1.2189220976784","1.29483443400509","1.19888164752621","1.73791996179815","1.24328248827521","0","1.76675774362161","0","1.62145092311782","0","1.48482425251214","2.66657090707079","0","0","0","1.59118750014046","0","0","0","1.50256517055777","0","2.2923799402736","2.01161908326683","0","0","1.7562211259344","1.56431610366985","0","0","0","0.963784653766577","0.687064332434015","1.51204362380989","1.14034388970343","0","0","1.87618075393585","0","1.69969099363141","1.11962568136845","1.63060865475928","0","0","0","0","0","0","0","0","0","0","1.13225668972592","0","0","0","0.853158611670729","0","0","0","0","0","0","0","0","0","0","0","0","1.00580562168121","0","0","0","0","0","0","0","0","0","0","0","0","0","0","0","0","0","0","0","0","0","0","0","0","0","0","0","0","0","0","0","0","0","0","0","0","0","0","0","0","0.832972413293929","0","0","0","0","0","0","0","0","0","0","0","1.36284302878384","0","0","0","0","0","0","0","0","0","0","0","0","0","0","0","0","0","0","0","0","0","0","0","0","0","0","0","0","0","0","0","0","0","0","0","0","0","0","0","0","0","0","0","0","0","0","0","0","0","0","0","0","0","0","0","0","0","0","0","0","0","0","0","0","0","0","0","0","0","0","0","0","0","0","0","0","0","0","0","0","0","0","0","0","0","1.09399581108957","0","0","0","0","0","0","0","0","0","0","0","0","0","0","0","0","0","0","0","0","0","0","0","0","0","0","0","0","0","0","0","0","0","0","0","0","0","0","0","0","0","0","0","0","0","0","0","0","0","0","0","0","0","0","0","0","0","0","0","0","0","0","0","0","0","0","0","0","0","0","0","0","0","0","0","0","0","0","0","0","0","0","0","0","0","0","0","0","0","0","0","0","0","0","0","0","0","0","0","0","0","0","0","0","0","0","0","0","0","0","0","0","0","0","0","0","0","0","0","0","0","0","0","0","0","0","0","0","0","0"
"ADAM11__L5-eNeuron","0","0","0","0","0","0","0","0","0","0","0","0","0","0","0","0","0","0","0","0","0","0","0","0","0","0","0","0","0","0","0","0","0","0","0","0","0","0","0","0","0","0","0","0","0","0","0","0","0","0","0","0","0","0","0","0","0","0","0","0","0","0","0","0","0","0","0","0","0","0","0","0","0","0","0","0","0","0","0","0","0","0","0","0","0","0","0","0","0","0","0","0","0","0","0","0","0","0","0","0","0","0","0","0","0","0","0","0","0","0","0","0","0","0","0","0","0","0","0","0","0","0","0","0","0","0","0","0","0","0","0","0","0","0","1.65442241555219","0","0","1.68401323277009","0","0","0","0","0","0","0","0","0","0","0","0","0","0","0","0","0","0","0","0","0","0","0","0","0","0","0","0","0","0","0","0","0","0","0","0","0","0","0","0","0","0","0","0","0","0","0","0","0","0","0","0","0","0","0","0","0","0","0","0","0","0","0","0","0","0","0","0","0","0","0","0","0","0","0","0","0","0","0","0","0","0","0","0","0","0","0","0","0","1.65683444560443","2.60536728020763","0","2.19100656224599","1.87167590302446","0","1.16659544759685","0","1.74354357432991","0","0","0","0","0","1.28654067315666","2.32717454501277","2.32028071241788","0","0","0","0","0","1.90771877455789","1.34231245596429","0","0","0","0","2.36359443568057","0","1.40992292537743","1.21792142039839","2.08462568194681","0","2.15485452649076","1.91117755999461","0","0","0","0","0","0","1.14702979120788","0","1.06290011726025","0","0.944910442000684","0","0","0","2.21014071396839","0","1.46361418049911","0.75409853761067","0","0","1.32301106381665","1.7527401364893","1.65665769149671","0","0","0","0","0","0","2.57913476743103","0","0","1.89704146355466","0","0","1.85120545658153","0.861818303272118","0.756322964800095","0","0","1.7678464494201","0","0","0","1.64080355646312","0","0","1.8133022690244","0","1.73341108779085","0","0","0","0","0","0","0","0","0","0","0","0","0","0","0","0","0","0","0","0","0","0","0","0","0","0","0","0","0","1.08138832684066","0","0","0","0","0","0","0","0","0","0","0","0","0","0","0","0","0","0","0","0","0","0","0","0","0","0.624624657403329","0","0","0","0","1.69583424280838","0","0","0","0","0","0","0","0","0","0","0","0","0","0","0","0","0","1.65984567087825","0","0","1.62930153185039","0","1.66304727616028","2.27451880301846","0","0","1.13598427227133","0","0","0","0","0","0","0","0","0","0","0","0","0","1.44091979648354","0","0","1.43015447307838","0","0","0","0","0","0","0","0","0","0","0","0","0","0","0","0","1.30443377197665","0","0","0","0","0","0","0","0","0","0","0","0","0","0","0","0","0","0","0","0","0","0","0","0","0","0","0","0","0","0","0","1.26566780565678","0","0","0","0","0","0","0","0","0","0","0","1.671021452135","1.28477329443273","0","0","0","0","0","0","0","0","0","0","0","0","0","1.75833734896972","0","0","0","0","0","0.643450691564095","0","0","0","0","0","0","0","0","0","0","0","0","0","0","0","0.91523051037356","0","0","0","0","0","0","0"
"ADCY1__L5-eNeuron","0","0","0","0","0","0","0","0","0","0","0","0","0","0","0","0","0","0","0","0","0","0","0","0","0","0","0","0","0","0","0","0","0","0","0","0","0","0","0","0","0","0","0","0","0","0","0","0","0","0","0","0","0","0","0","0","0","0","0","0","0","0","0","0","0","0","0","0","0","0","0","0","0","0","0","0","0","0","0","0","0","0","0","0","0","0","0","0","0","0","0","0","0","0","0","0","0","0","0","0","0","0","0","0","0","0","0","0","0","0","0","0","0","0","0","0","0","0","0","0","0","0","0","0","0","0","0","0","0","0","0","0","0","0","0.779041526739946","0","0","1.68401323277009","0","0","0","0","0","0","0","0","0","0","0","0","0","0","0","0","0","0","0","0","0","0","0","0","0","0","0","0","0","0","0","0","0","0","0","0","0","0","0","0","0","0","0","0","0","0","0","0","0","0","0","0","0","0","0","0","0","0","0","0","0","0","0","0","0","0","0","0","0","0","0","0","0","0","0","0","0","0","0","0","0","0","0","0","0","0","0","0","0","1.65683444560443","2.79348837339389","2.94980708630464","2.52481245166896","3.16651033702955","0","1.80307265402518","1.57889672374455","1.97662318563631","0","0","0","0","0","2.65027948496291","2.07538637921565","2.61718578193403","0","0","0","0","0","2.63192188025394","2.61319697651347","2.74633480208422","0","0","0","0","0","2.57813903158027","1.57974498400016","2.18153061169842","0","0","2.36225652821407","0","0","0","0","0","0","2.21528244443115","0","2.4212926635816","0","2.71158659333249","0","0","0","1.14343783530178","0","1.74156574606812","2.14824660569825","0","0","2.64537211875555","2.056574395969","1.65665769149671","0","0","0","0","0","2.11086501706946","2.76661933626732","0","0","2.13934110093078","0","0","2.37095224019684","2.34671205651342","2.15247529744373","0","0","3.0384988813441","2.06639238321137","0","0","3.01101533296475","0","0","2.81448880199577","0","2.49831765822051","0","0","0","0","0","0","0","0","0","0","0","0","0","0","0","0","0","0","0","0","0","0","0","0","0","0","0","0","0","1.92226582149543","0","0","0","0","0","0","0","0","0","0","0","0","0","2.49533124624836","0","0","0","0","0","0","0","0","0","0","0","2.41534687559733","0","0","0","0","1.69583424280838","0","0","0","0","0","0","0","0","0","0","0","0","0","0","0","0","0","2.41133252923872","0","0","2.16651828980467","0","2.4151351865891","2.45367279683026","0","0","2.62993150037404","0","0","0","0","0","2.64928578551002","0","0","0","0","0","0","0","2.32236787390034","0","0","3.15524080128428","0","0","0","0","0","0","0","0","0","0","0","0","0","0","0","0","2.22486430183009","0","0","0","0","0","0","0","0","0","0","0","3.05375653236542","0","0","0","0","0","0","0","0","0","0","0","0","0","0","0","0","0","0","0","2.7262948370214","0","0","0","0","0","0","0","0","0","0","0","2.09646414606068","3.64287494786963","0","0","0","0","0","0","0","0","0","0","0","0","0","1.47887351639776","0","0","0","0","0","3.14874744626393","0","0","0","0","0","2.20633135417448","0","0","0","0","0","0","0","0","0","2.8482158135994","2.93668448483577","0","0","0","0","0","0"
"CNTN2__L5-eNeuron","0","0","0","0","0","0","0","0","0","0","0","0","0","0","0","0","0","0","0","0","0","0","0","0","0","0","0","0","0","0","0","0","0","0","0","0","0","0","0","0","0","0","0","0","0","0","0","0","0","0","0","0","0","0","0","0","0","0","0","0","0","0","0","0","0","0","0","0","0","0","0","0","0","0","0","0","0","0","0","0","0","0","0","0","0","0","0","0","0","0","0","0","0","0","0","0","0","0","0","0","0","0","0","0","0","0","0","0","0","0","0","0","0","0","0","0","0","0","0","0","0","0","0","0","0","0","0","0","0","0","0","0","0","0","0.779041526739946","0","0","1.68401323277009","0","0","0","0","0","0","0","0","0","0","0","0","0","0","0","0","0","0","0","0","0","0","0","0","0","0","0","0","0","0","0","0","0","0","0","0","0","0","0","0","0","0","0","0","0","0","0","0","0","0","0","0","0","0","0","0","0","0","0","0","0","0","0","0","0","0","0","0","0","0","0","0","0","0","0","0","0","0","0","0","0","0","0","0","0","0","0","0","0","0","1.43036807587127","1.69695193703081","1.57591456470475","0.735429995254981","0","0","1.57889672374455","1.46541283841779","0","0","0","0","0","0.56541007811925","1.38254904642007","1.09843762761007","0","0","0","0","0","1.15262427222307","1.01700690607062","1.86212677788675","0","0","0","0","0","0","1.21792142039839","1.46893405023394","0","1.84395493261375","1.50628361684171","0","0","0","0","0","0","0","0","1.06290011726025","0","1.91655618752345","0","0","0","1.14343783530178","0","0.665387973615777","1.24680622416683","0","0","1.70168922554422","1.36736370310013","0.621255414713163","0","0","0","0","0","0","0.871293272963674","0","0","1.60566724805888","0","0","1.03083475155407","1.39761388206955","1.61708198138552","0","0","2.20419661324845","1.04459931738302","0","0","1.27038729817705","0","0","2.00624407170854","0","0.827854458562362","0","0","0","0","0","0","0","0","0","0","0","0","0","0","0","0","0","0","0","0","0","0","0","0","0","0","0","0","0","1.41905727073118","0","0","0","0","0","0","0","0","0","0","0","0","0","1.73087413775132","0","0","0","0","0","0","0","0","0","0","0","0","0","0","0","0","1.69583424280838","0","0","0","0","0","0","0","0","0","0","0","0","0","0","0","0","0","0.78236025447494","0","0","1.26048012656926","0","1.05895620969412","0","0","0","0","0","0","0","0","0","1.86266289488606","0","0","0","0","0","0","0","1.44091979648354","0","0","1.43015447307838","0","0","0","0","0","0","0","0","0","0","0","0","0","0","0","0","0","0","0","0","0","0","0","0","0","0","0","0","2.21780655006598","0","0","0","0","0","0","0","0","0","0","0","0","0","0","0","0","0","0","0","0.953270107690089","0","0","0","0","0","0","0","0","0","0","0","1.06502068208253","0","0","0","0","0","0","0","0","0","0","0","0","0","0","1.13194505432223","0","0","0","0","0","0","0","0","0","0","0","0","0","0","0","0","0","0","0","0","0","0","1.41366137119697","0","0","0","0","0","0"
"FLOT1__L5-eNeuron","0","0","0","0","0","0","0","0","0","0","0","0","0","0","0","0","0","0","0","0","0","0","0","0","0","0","0","0","0","0","0","0","0","0","0","0","0","0","0","0","0","0","0","0","0","0","0","0","0","0","0","0","0","0","0","0","0","0","0","0","0","0","0","0","0","0","0","0","0","0","0","0","0","0","0","0","0","0","0","0","0","0","0","0","0","0","0","0","0","0","0","0","0","0","0","0","0","0","0","0","0","0","0","0","0","0","0","0","0","0","0","0","0","0","0","0","0","0","0","0","0","0","0","0","0","0","0","0","0","0","0","0","0","0","1.95008083660321","0","0","1.68401323277009","0","0","0","0","0","0","0","0","0","0","0","0","0","0","0","0","0","0","0","0","0","0","0","0","0","0","0","0","0","0","0","0","0","0","0","0","0","0","0","0","0","0","0","0","0","0","0","0","0","0","0","0","0","0","0","0","0","0","0","0","0","0","0","0","0","0","0","0","0","0","0","0","0","0","0","0","0","0","0","0","0","0","0","0","0","0","0","0","0","1.65683444560443","2.38898485526256","1.69695193703081","1.57591456470475","2.31885526083774","0","1.80307265402518","2.31464609608982","1.74354357432991","0","0","0","0","0","1.76512750257653","1.38254904642007","2.145247176602","0","0","0","0","0","2.02075041953168","2.02543576432276","1.86212677788675","0","0","0","1.8023611647667","0","1.40992292537743","2.10945532839505","2.43840789527758","0","0.897867214963046","2.48592468018291","0","0","0","0","0","0","1.77785092774752","0","2.09335080450467","0","0.944910442000684","0","0","0","1.7732098082759","0","2.17503537707837","0.75409853761067","0","0","2.0013535841877","2.056574395969","1.65665769149671","0","0","0","0","0","2.11086501706946","1.41066890776489","0","0","1.60566724805888","0","0","1.6259307700405","1.39761388206955","1.24996695436877","0","0","2.20419661324845","1.64412704500359","0","0","1.64080355646312","0","0","1.00416571577361","0","2.16597500877975","0","0","0","0","0","0","0","0","0","0","0","0","0","0","0","0","0","0","0","0","0","0","0","0","0","0","0","0","0","0","0","0","0","0","0","0","0","0","0","0","0","0","0","1.73087413775132","0","0","0","0","0","0","0","0","0","0","0","1.66322554455896","0","0","0","0","0","0","0","0","0","0","0","0","0","0","0","0","0","0","0","0","0","0","1.2868130375026","0","0","0.431824730323045","0","2.4151351865891","1.83143471949769","0","0","0.846759118672958","0","0","0","0","0","0","0","0","0","0","0","0","0","1.71658945813442","0","0","1.43015447307838","0","0","0","0","0","0","0","0","0","0","0","0","0","0","0","0","1.30443377197665","0","0","0","0","0","0","0","0","0","0","0","0","0","0","0","0","0","0","0","0","0","0","0","0","0","0","0","0","0","0","0","0.553978018787616","0","0","0","0","0","0","0","0","0","0","0","1.89936888508003","1.95340503836244","0","0","0","0","0","0","0","0","0","0","0","0","0","1.13194505432223","0","0","0","0","0","1.08686648090803","0","0","0","0","0","2.20633135417448","0","0","0","0","0","0","0","0","0","2.4407799778351","2.36745791454169","0","0","0","0","0","0"
"GABBR2__L5-eNeuron","0","0","0","0","0","0","0","0","0","0","0","0","0","0","0","0","0","0","0","0","0","0","0","0","0","0","0","0","0","0","0","0","0","0","0","0","0","0","0","0","0","0","0","0","0","0","0","0","0","0","0","0","0","0","0","0","0","0","0","0","0","0","0","0","0","0","0","0","0","0","0","0","0","0","0","0","0","0","0","0","0","0","0","0","0","0","0","0","0","0","0","0","0","0","0","0","0","0","0","0","0","0","0","0","0","0","0","0","0","0","0","0","0","0","0","0","0","0","0","0","0","0","0","0","0","0","0","0","0","0","0","0","0","0","2.75016132887107","0","0","2.11096725425824","0","0","0","0","0","0","0","0","0","0","0","0","0","0","0","0","0","0","0","0","0","0","0","0","0","0","0","0","0","0","0","0","0","0","0","0","0","0","0","0","0","0","0","0","0","0","0","0","0","0","0","0","0","0","0","0","0","0","0","0","0","0","0","0","0","0","0","0","0","0","0","0","0","0","0","0","0","0","0","0","0","0","0","0","0","0","0","0","0","2.40775454494265","2.38898485526256","2.12539609486081","1.13010489329797","2.49933702985347","0","2.57996528394479","2.99203342558758","1.46541283841779","0","0","0","0","0","2.41095775232855","0.850913956187821","1.09843762761007","0","0","0","0","0","1.78507277986327","1.60759411374636","2.17437740581709","0","0","0","1.41066890776489","0","2.10917977782834","1.57974498400016","1.61488336662209","0","2.15485452649076","1.25131301702247","0","0","0","0","0","0","2.64689024986436","0","2.09335080450467","0","3.22120032806169","0","0","0","2.38729030370169","0","1.74156574606812","2.14824660569825","0","0","1.70168922554422","3.01969137445721","2.08041166607603","0","0","0","0","0","2.11086501706946","2.11009860803379","0","0","2.34673837187091","0","0","1.6259307700405","2.56168393363774","2.98035416786997","0","0","2.20419661324845","2.06639238321137","0","0","2.38868260246024","0","0","3.00728212796832","0","2.16597500877975","0","0","0","0","0","0","0","0","0","0","0","0","0","0","0","0","0","0","0","0","0","0","0","0","0","0","0","0","0","2.12042304002474","0","0","0","0","0","0","0","0","0","0","0","0","0","2.76515744895911","0","0","0","0","0","0","0","0","0","0","0","2.68214546857237","0","0","0","0","2.72227018573038","0","0","0","0","0","0","0","0","0","0","0","0","0","0","0","0","0","2.20154354031312","0","0","2.55707698789472","0","2.08755478243132","2.06992046133968","0","0","2.4306893176356","0","0","0","0","0","1.21312424937827","0","0","0","0","0","0","0","2.619370063233","0","0","2.13406034323714","0","0","0","0","0","0","0","0","0","0","0","0","0","0","0","0","0.794880661358197","0","0","0","0","0","0","0","0","0","0","0","2.21780655006598","0","0","0","0","0","0","0","0","0","0","0","0","0","0","0","0","0","0","0","2.62044821912393","0","0","0","0","0","0","0","0","0","0","0","1.671021452135","1.95340503836244","0","0","0","0","0","0","0","0","0","0","0","0","0","1.47887351639776","0","0","0","0","0","1.92990627605204","0","0","0","0","0","1.48928660314066","0","0","0","0","0","0","0","0","0","0","2.36745791454169","0","0","0","0","0","0"
"RTN4R__L5-eNeuron","0","0","0","0","0","0","0","0","0","0","0","0","0","0","0","0","0","0","0","0","0","0","0","0","0","0","0","0","0","0","0","0","0","0","0","0","0","0","0","0","0","0","0","0","0","0","0","0","0","0","0","0","0","0","0","0","0","0","0","0","0","0","0","0","0","0","0","0","0","0","0","0","0","0","0","0","0","0","0","0","0","0","0","0","0","0","0","0","0","0","0","0","0","0","0","0","0","0","0","0","0","0","0","0","0","0","0","0","0","0","0","0","0","0","0","0","0","0","0","0","0","0","0","0","0","0","0","0","0","0","0","0","0","0","2.19533256249603","0","0","2.43999830077254","0","0","0","0","0","0","0","0","0","0","0","0","0","0","0","0","0","0","0","0","0","0","0","0","0","0","0","0","0","0","0","0","0","0","0","0","0","0","0","0","0","0","0","0","0","0","0","0","0","0","0","0","0","0","0","0","0","0","0","0","0","0","0","0","0","0","0","0","0","0","0","0","0","0","0","0","0","0","0","0","0","0","0","0","0","0","0","0","0","2.67425658870259","1.43036807587127","0","2.19100656224599","2.31885526083774","0","2.85281115142114","1.57889672374455","1.12053986202582","0","0","0","0","0","2.12388352364282","1.38254904642007","1.43927218263793","0","0","0","0","0","1.50323111133295","1.83158957458684","1.86212677788675","0","0","0","0","0","2.10917977782834","1.21792142039839","1.30654072164332","0","2.62757324841496","1.50628361684171","0","0","0","0","0","0","1.14702979120788","0","1.39708572032375","0","2.23274594106306","0","0","0","2.68724124809869","0","0.665387973615777","2.14824660569825","0","0","0.808128554236777","2.30741893156115","1.38661198825321","0","0","0","0","0","0","2.11009860803379","0","0","1.60566724805888","0","0","1.03083475155407","2.34671205651342","2.54207454502934","0","0","1.3805271610461","2.06639238321137","0","0","2.17972055363163","0","0","1.32692551236061","0","1.5546423792164","0","0","0","0","0","0","0","0","0","0","0","0","0","0","0","0","0","0","0","0","0","0","0","0","0","0","0","0","0","1.41905727073118","0","0","0","0","0","0","0","0","0","0","0","0","0","1.11079376626929","0","0","0","0","0","0","0","0","0","0","0","0.624624657403329","0","0","0","0","1.69583424280838","0","0","0","0","0","0","0","0","0","0","0","0","0","0","0","0","0","1.95597098740835","0","0","1.26048012656926","0","1.05895620969412","1.54556373985622","0","0","1.76356835157076","0","0","0","0","0","1.86266289488606","0","0","0","0","0","0","0","1.09982887445445","0","0","1.70472778966581","0","0","0","0","0","0","0","0","0","0","0","0","0","0","0","0","0.794880661358197","0","0","0","0","0","0","0","0","0","0","0","0","0","0","0","0","0","0","0","0","0","0","0","0","0","0","0","0","0","0","0","1.26566780565678","0","0","0","0","0","0","0","0","0","0","0","1.89936888508003","1.28477329443273","0","0","0","0","0","0","0","0","0","0","0","0","0","1.13194505432223","0","0","0","0","0","1.69965981270311","0","0","0","0","0","2.46434227106016","0","0","0","0","0","0","0","0","0","1.47079231612238","1.41366137119697","0","0","0","0","0","0"
"SV2A__L5-eNeuron","0","0","0","0","0","0","0","0","0","0","0","0","0","0","0","0","0","0","0","0","0","0","0","0","0","0","0","0","0","0","0","0","0","0","0","0","0","0","0","0","0","0","0","0","0","0","0","0","0","0","0","0","0","0","0","0","0","0","0","0","0","0","0","0","0","0","0","0","0","0","0","0","0","0","0","0","0","0","0","0","0","0","0","0","0","0","0","0","0","0","0","0","0","0","0","0","0","0","0","0","0","0","0","0","0","0","0","0","0","0","0","0","0","0","0","0","0","0","0","0","0","0","0","0","0","0","0","0","0","0","0","0","0","0","2.40488751849766","0","0","2.43999830077254","0","0","0","0","0","0","0","0","0","0","0","0","0","0","0","0","0","0","0","0","0","0","0","0","0","0","0","0","0","0","0","0","0","0","0","0","0","0","0","0","0","0","0","0","0","0","0","0","0","0","0","0","0","0","0","0","0","0","0","0","0","0","0","0","0","0","0","0","0","0","0","0","0","0","0","0","0","0","0","0","0","0","0","0","0","0","0","0","0","1.65683444560443","2.79348837339389","2.72364181511554","2.87577642849198","3.05551321132203","0","1.80307265402518","2.99203342558758","2.35332080466484","0","0","0","0","0","2.27454931093683","0.850913956187821","2.61718578193403","0","0","0","0","0","2.55893297866228","1.60759411374636","2.43092391360965","0","0","0","3.21614751919141","0","1.80150821233103","2.65637132335192","3.06477716847464","0","2.62757324841496","1.91117755999461","0","0","0","0","0","0","2.44716690387763","0","2.26661988037693","0","0.944910442000684","0","0","0","2.38729030370169","0","2.35105245967561","2.35599290252342","0","0","3.21106289051231","3.38955593653486","3.18161098109368","0","0","0","0","0","3.45397924993713","3.08129156590444","0","0","1.89704146355466","0","0","3.14144029558396","2.91430020612225","1.61708198138552","0","0","2.53876279867882","2.06639238321137","0","0","2.73314879221716","0","0","3.25537347677649","0","1.73341108779085","0","0","0","0","0","0","0","0","0","0","0","0","0","0","0","0","0","0","0","0","0","0","0","0","0","0","0","0","0","2.71816588703747","0","0","0","0","0","0","0","0","0","0","0","0","0","2.49533124624836","0","0","0","0","0","0","0","0","0","0","0","3.19016359793524","0","0","0","0","2.72227018573038","0","0","0","0","0","0","0","0","0","0","0","0","0","0","0","0","0","2.90293828893699","0","0","2.46889668388027","0","1.66304727616028","2.06992046133968","0","0","2.4306893176356","0","0","0","0","0","1.86266289488606","0","0","0","0","0","0","0","1.71658945813442","0","0","1.70472778966581","0","0","0","0","0","0","0","0","0","0","0","0","0","0","0","0","2.43552275761337","0","0","0","0","0","0","0","0","0","0","0","3.05375653236542","0","0","0","0","0","0","0","0","0","0","0","0","0","0","0","0","0","0","0","1.92932502015423","0","0","0","0","0","0","0","0","0","0","0","2.69175733277771","3.03248671659635","0","0","0","0","0","0","0","0","0","0","0","0","0","3.12846010415771","0","0","0","0","0","2.30288233919682","0","0","0","0","0","3.19120810519498","0","0","0","0","0","0","0","0","0","0.91523051037356","2.58312737142787","0","0","0","0","0","0"
"UNC5A__L5-eNeuron","0","0","0","0","0","0","0","0","0","0","0","0","0","0","0","0","0","0","0","0","0","0","0","0","0","0","0","0","0","0","0","0","0","0","0","0","0","0","0","0","0","0","0","0","0","0","0","0","0","0","0","0","0","0","0","0","0","0","0","0","0","0","0","0","0","0","0","0","0","0","0","0","0","0","0","0","0","0","0","0","0","0","0","0","0","0","0","0","0","0","0","0","0","0","0","0","0","0","0","0","0","0","0","0","0","0","0","0","0","0","0","0","0","0","0","0","0","0","0","0","0","0","0","0","0","0","0","0","0","0","0","0","0","0","0.779041526739946","0","0","0","0","0","0","0","0","0","0","0","0","0","0","0","0","0","0","0","0","0","0","0","0","0","0","0","0","0","0","0","0","0","0","0","0","0","0","0","0","0","0","0","0","0","0","0","0","0","0","0","0","0","0","0","0","0","0","0","0","0","0","0","0","0","0","0","0","0","0","0","0","0","0","0","0","0","0","0","0","0","0","0","0","0","0","0","0","0","0","0","0","1.05423683565765","1.82486234272442","1.08479647341909","2.19100656224599","1.58240226040259","0","1.80307265402518","1.57889672374455","1.97662318563631","0","0","0","0","0","0","0.850913956187821","1.71477463421347","0","0","0","0","0","0.939139625961253","1.01700690607062","0.909563686799592","0","0","0","1.41066890776489","0","0.870751226980918","0.733837348980741","1.12352180408601","0","0.897867214963046","2.07770546522288","0","0","0","0","0","0","1.38925467040783","0","1.06290011726025","0","0","0","0","0","0","0","1.46361418049911","1.90547014861504","0","0","0.808128554236777","1.7527401364893","1.05410264166645","0","0","0","0","0","0","0.871293272963674","0","0","1.24015747796675","0","0","1.3588514944484","0","2.3603865435157","0","0","1.13929016491571","1.04459931738302","0","0","1.27038729817705","0","0","1.32692551236061","0","1.5546423792164","0","0","0","0","0","0","0","0","0","0","0","0","0","0","0","0","0","0","0","0","0","0","0","0","0","0","0","0","0","1.92226582149543","0","0","0","0","0","0","0","0","0","0","0","0","0","0","0","0","0","0","0","0","0","0","0","0","0","1.05909169754004","0","0","0","0","1.69583424280838","0","0","0","0","0","0","0","0","0","0","0","0","0","0","0","0","0","1.65984567087825","0","0","1.03338137016907","0","1.05895620969412","1.54556373985622","0","0","1.13598427227133","0","0","0","0","0","0","0","0","0","0","0","0","0","1.71658945813442","0","0","1.70472778966581","0","0","0","0","0","0","0","0","0","0","0","0","0","0","0","0","0","0","0","0","0","0","0","0","0","0","0","0","0","0","0","0","0","0","0","0","0","0","0","0","0","0","0","0","0","0","0","0","1.26566780565678","0","0","0","0","0","0","0","0","0","0","0","1.39960851765464","0","0","0","0","0","0","0","0","0","0","0","0","0","0","1.13194505432223","0","0","0","0","0","2.12841395260571","0","0","0","0","0","1.48928660314066","0","0","0","0","0","0","0","0","0","0.91523051037356","2.11378333482314","0","0","0","0","0","0"
"CADM3__L5-eNeuron","0","0","0","0","0","0","0","0","0","0","0","0","0","0","0","0","0","0","0","0","0","0","0","0","0","0","0","0","0","0","0","0","0","0","0","0","0","0","0","0","0","0","0","0","0","0","0","0","0","0","0","0","0","0","0","0","0","0","0","0","0","0","0","0","0","0","0","0","0","0","0","0","0","0","0","0","0","0","0","0","0","0","0","0","0","0","0","0","0","0","0","0","0","0","0","0","0","0","0","0","0","0","0","0","0","0","0","0","0","0","0","0","0","0","0","0","0","0","0","0","0","0","0","0","0","0","0","0","0","0","0","0","0","0","2.58782897303489","0","0","2.11096725425824","0","0","0","0","0","0","0","0","0","0","0","0","0","0","0","0","0","0","0","0","0","0","0","0","0","0","0","0","0","0","0","0","0","0","0","0","0","0","0","0","0","0","0","0","0","0","0","0","0","0","0","0","0","0","0","0","0","0","0","0","0","0","0","0","0","0","0","0","0","0","0","0","0","0","0","0","0","0","0","0","0","0","0","0","0","0","0","0","0","1.05423683565765","1.43036807587127","2.72364181511554","2.31106374233254","1.87167590302446","0","3.08217113080276","3.16183161811251","1.46541283841779","0","0","0","0","0","1.76512750257653","2.72802982891089","1.71477463421347","0","0","0","0","0","1.33855223826655","2.19629427297083","2.17437740581709","0","0","0","2.11009860803379","0","2.93147858028237","1.21792142039839","2.18153061169842","0","1.44711296544758","1.50628361684171","0","0","0","0","0","0","2.64689024986436","0","2.4212926635816","0","2.71158659333249","0","0","0","2.38729030370169","0","2.5079107635039","2.69880061665668","0","0","2.0013535841877","2.30741893156115","2.79084384901505","0","0","0","0","0","2.11086501706946","3.33946837498048","0","0","3.08616168753991","0","0","1.85120545658153","2.34671205651342","2.54207454502934","0","0","1.58714587296154","3.40124003114054","0","0","2.73314879221716","0","0","2.46624199544108","0","2.28546672616349","0","0","0","0","0","0","0","0","0","0","0","0","0","0","0","0","0","0","0","0","0","0","0","0","0","0","0","0","0","2.94418913703149","0","0","0","0","0","0","0","0","0","0","0","0","0","3.18863997659542","0","0","0","0","0","0","0","0","0","0","0","2.68214546857237","0","0","0","0","1.08394233058248","0","0","0","0","0","0","0","0","0","0","0","0","0","0","0","0","0","2.90293828893699","0","0","3.11713816611664","0","3.10164424924247","1.83143471949769","0","0","2.31969931150239","0","0","0","0","0","0","0","0","0","0","0","0","0","2.32236787390034","0","0","1.93530614932418","0","0","0","0","0","0","0","0","0","0","0","0","0","0","0","0","0","0","0","0","0","0","0","0","0","0","0","0","0","0","0","0","0","0","0","0","0","0","0","0","0","0","0","0","0","0","0","0","1.74012509762475","0","0","0","0","0","0","0","0","0","0","0","2.42459952526689","3.03248671659635","0","0","0","0","0","0","0","0","0","0","0","0","0","1.13194505432223","0","0","0","0","0","2.72696390821068","0","0","0","0","0","2.68313574641616","0","0","0","0","0","0","0","0","0","1.47079231612238","1.41366137119697","0","0","0","0","0","0"
"ADORA1__L5-eNeuron","0","0","0","0","0","0","0","0","0","0","0","0","0","0","0","0","0","0","0","0","0","0","0","0","0","0","0","0","0","0","0","0","0","0","0","0","0","0","0","0","0","0","0","0","0","0","0","0","0","0","0","0","0","0","0","0","0","0","0","0","0","0","0","0","0","0","0","0","0","0","0","0","0","0","0","0","0","0","0","0","0","0","0","0","0","0","0","0","0","0","0","0","0","0","0","0","0","0","0","0","0","0","0","0","0","0","0","0","0","0","0","0","0","0","0","0","0","0","0","0","0","0","0","0","0","0","0","0","0","0","0","0","0","0","1.28213190246646","0","0","1.68401323277009","0","0","0","0","0","0","0","0","0","0","0","0","0","0","0","0","0","0","0","0","0","0","0","0","0","0","0","0","0","0","0","0","0","0","0","0","0","0","0","0","0","0","0","0","0","0","0","0","0","0","0","0","0","0","0","0","0","0","0","0","0","0","0","0","0","0","0","0","0","0","0","0","0","0","0","0","0","0","0","0","0","0","0","0","0","0","0","0","0","1.65683444560443","0.885634758290521","2.45530878860708","1.57591456470475","2.11252269039739","0","0","0.995453059887703","0.666430845902476","0","0","0","0","0","1.76512750257653","2.07538637921565","1.09843762761007","0","0","0","0","0","2.02075041953168","1.01700690607062","1.46307551632414","0","0","0","3.08129156590444","0","2.10917977782834","0.733837348980741","1.86878920884379","0","1.44711296544758","1.50628361684171","0","0","0","0","0","0","0.490424620993583","0","2.56097681036791","0","2.90216731022289","0","0","0","1.49241827334036","0","2.35105245967561","2.14824660569825","0","0","1.32301106381665","2.056574395969","2.08041166607603","0","0","0","0","0","1.41129121038878","1.41066890776489","0","0","1.60566724805888","0","0","2.63599360596377","0.861818303272118","1.90947340088853","0","0","1.3805271610461","1.04459931738302","0","0","1.93528107014402","0","0","1.32692551236061","0","0.827854458562362","0","0","0","0","0","0","0","0","0","0","0","0","0","0","0","0","0","0","0","0","0","0","0","0","0","0","0","0","0","2.29462074889163","0","0","0","0","0","0","0","0","0","0","0","0","0","0","0","0","0","0","0","0","0","0","0","0","0","1.39255314408637","0","0","0","0","1.08394233058248","0","0","0","0","0","0","0","0","0","0","0","0","0","0","0","0","0","0.78236025447494","0","0","1.45664490776264","0","1.66304727616028","0.713455682718768","0","0","1.92394671699387","0","0","0","0","0","1.86266289488606","0","0","0","0","0","0","0","0.652276612750025","0","0","1.43015447307838","0","0","0","0","0","0","0","0","0","0","0","0","0","0","0","0","2.22486430183009","0","0","0","0","0","0","0","0","0","0","0","3.05375653236542","0","0","0","0","0","0","0","0","0","0","0","0","0","0","0","0","0","0","0","0.953270107690089","0","0","0","0","0","0","0","0","0","0","0","1.671021452135","0","0","0","0","0","0","0","0","0","0","0","0","0","0","2.19365197001499","0","0","0","0","0","1.08686648090803","0","0","0","0","0","1.48928660314066","0","0","0","0","0","0","0","0","0","0.91523051037356","1.80578209705224","0","0","0","0","0","0"
"LINGO1__L5-eNeuron","0","0","0","0","0","0","0","0","0","0","0","0","0","0","0","0","0","0","0","0","0","0","0","0","0","0","0","0","0","0","0","0","0","0","0","0","0","0","0","0","0","0","0","0","0","0","0","0","0","0","0","0","0","0","0","0","0","0","0","0","0","0","0","0","0","0","0","0","0","0","0","0","0","0","0","0","0","0","0","0","0","0","0","0","0","0","0","0","0","0","0","0","0","0","0","0","0","0","0","0","0","0","0","0","0","0","0","0","0","0","0","0","0","0","0","0","0","0","0","0","0","0","0","0","0","0","0","0","0","0","0","0","0","0","1.95008083660321","0","0","2.93350019534796","0","0","0","0","0","0","0","0","0","0","0","0","0","0","0","0","0","0","0","0","0","0","0","0","0","0","0","0","0","0","0","0","0","0","0","0","0","0","0","0","0","0","0","0","0","0","0","0","0","0","0","0","0","0","0","0","0","0","0","0","0","0","0","0","0","0","0","0","0","0","0","0","0","0","0","0","0","0","0","0","0","0","0","0","0","0","0","0","0","4.18791899414958","2.9598848859717","3.31739233310669","2.79571140463972","3.62096069895855","0","2.57996528394479","3.45115376607358","2.89889665451762","0","0","0","0","0","2.53557543038766","0.850913956187821","2.47635764901394","0","0","0","0","0","2.31479295879832","2.83638803349719","3.00500799000671","0","0","0","3.33946837498048","0","3.557286662184","1.86877634449648","2.65638622820611","0","1.84395493261375","2.36225652821407","0","0","0","0","0","0","3.42177524791072","0","2.56097681036791","0","1.91655618752345","0","0","0","2.21014071396839","0","3.29129720190878","3.20772561099045","0","0","3.08905516146006","3.38955593653486","3.55633899408129","0","0","0","0","0","2.11086501706946","2.76661933626732","0","0","3.87011133582155","0","0","2.63599360596377","3.53919050845067","3.21259400784912","0","0","2.63501450265865","3.32678808516489","0","0","3.24390954719245","0","0","3.32941774450874","0","2.68376497753114","0","0","0","0","0","0","0","0","0","0","0","0","0","0","0","0","0","0","0","0","0","0","0","0","0","0","0","0","0","4.19370135257717","0","0","0","0","0","0","0","0","0","0","0","0","0","3.18863997659542","0","0","0","0","0","0","0","0","0","0","0","4.15348912188645","0","0","0","0","3.85178400982249","0","0","0","0","0","0","0","0","0","0","0","0","0","0","0","0","0","3.94475052932087","0","0","3.72387006406517","0","3.27312628692297","4.33569844170501","0","0","4.08484038547646","0","0","0","0","0","3.68543831949086","0","0","0","0","0","0","0","3.25922654938206","0","0","1.93530614932418","0","0","0","0","0","0","0","0","0","0","0","0","0","0","0","0","2.22486430183009","0","0","0","0","0","0","0","0","0","0","0","0","0","0","0","0","0","0","0","0","0","0","0","0","0","0","0","0","0","0","0","3.08577343666107","0","0","0","0","0","0","0","0","0","0","0","3.01779707772739","2.75397896773542","0","0","0","0","0","0","0","0","0","0","0","0","0","2.19365197001499","0","0","0","0","0","3.23739749732526","0","0","0","0","0","3.45170648462952","0","0","0","0","0","0","0","0","0","3.53983431966164","3.22042612201291","0","0","0","0","0","0"
"SLC17A7__L5-eNeuron","0","0","0","0","0","0","0","0","0","0","0","0","0","0","0","0","0","0","0","0","0","0","0","0","0","0","0","0","0","0","0","0","0","0","0","0","0","0","0","0","0","0","0","0","0","0","0","0","0","0","0","0","0","0","0","0","0","0","0","0","0","0","0","0","0","0","0","0","0","0","0","0","0","0","0","0","0","0","0","0","0","0","0","0","0","0","0","0","0","0","0","0","0","0","0","0","0","0","0","0","0","0","0","0","0","0","0","0","0","0","0","0","0","0","0","0","0","0","0","0","0","0","0","0","0","0","0","0","0","0","0","0","0","0","5.02252672056529","0","0","4.22540170574784","0","0","0","0","0","0","0","0","0","0","0","0","0","0","0","0","0","0","0","0","0","0","0","0","0","0","0","0","0","0","0","0","0","0","0","0","0","0","0","0","0","0","0","0","0","0","0","0","0","0","0","0","0","0","0","0","0","0","0","0","0","0","0","0","0","0","0","0","0","0","0","0","0","0","0","0","0","0","0","0","0","0","0","0","0","0","0","0","0","5.00997248390791","4.35714932059639","4.68165599162866","4.7417999747216","4.95047834155425","0","4.20377951973715","4.94538276830046","4.1720959353638","0","0","0","0","0","4.43507829836526","4.5045165353114","4.13321734861537","0","0","0","0","0","4.52464209513403","4.20188266696341","4.21486664799898","0","0","0","3.33946837498048","0","5.02180676741962","4.02239479348028","4.37466374285245","0","3.9705094083924","4.63981390715793","0","0","0","0","0","0","4.70604503656426","0","4.84663048450293","0","3.80229366668187","0","0","0","4.54644742898661","0","4.54026287799939","4.79579390729796","0","0","4.55631660738546","5.19178780758829","5.0097216688908","0","0","0","0","0","3.65744076480084","4.82613995669481","0","0","4.81991660850105","0","0","4.67329317728787","4.92712770698763","4.93709645075401","0","0","4.42265989509252","4.63881822310233","0","0","4.79872450776425","0","0","4.81537806175836","0","4.71088448870692","0","0","0","0","0","0","0","0","0","0","0","0","0","0","0","0","0","0","0","0","0","0","0","0","0","0","0","0","0","4.93432272288825","0","0","0","0","0","0","0","0","0","0","0","0","0","4.72858319433515","0","0","0","0","0","0","0","0","0","0","0","4.35791419465384","0","0","0","0","4.85775814206038","0","0","0","0","0","0","0","0","0","0","0","0","0","0","0","0","0","5.20934107397931","0","0","4.66821588068103","0","4.7550032789905","4.24125729894274","0","0","4.8352542457887","0","0","0","0","0","4.8422861119774","0","0","0","0","0","0","0","4.82980006858241","0","0","4.1195751520369","0","0","0","0","0","0","0","0","0","0","0","0","0","0","0","0","4.85436906959971","0","0","0","0","0","0","0","0","0","0","0","4.26748199949062","0","0","0","0","0","0","0","0","0","0","0","0","0","0","0","0","0","0","0","4.63659803552694","0","0","0","0","0","0","0","0","0","0","0","4.40638004158318","4.66786033049883","0","0","0","0","0","0","0","0","0","0","0","0","0","4.32658344178018","0","0","0","0","0","4.36961522276533","0","0","0","0","0","4.66682845509658","0","0","0","0","0","0","0","0","0","5.00024626808967","4.20737006675638","0","0","0","0","0","0"
"GLG1__L5-eNeuron","0","0","0","0","0","0","0","0","0","0","0","0","0","0","0","0","0","0","0","0","0","0","0","0","0","0","0","0","0","0","0","0","0","0","0","0","0","0","0","0","0","0","0","0","0","0","0","0","0","0","0","0","0","0","0","0","0","0","0","0","0","0","0","0","0","0","0","0","0","0","0","0","0","0","0","0","0","0","0","0","0","0","0","0","0","0","0","0","0","0","0","0","0","0","0","0","0","0","0","0","0","0","0","0","0","0","0","0","0","0","0","0","0","0","0","0","0","0","0","0","0","0","0","0","0","0","0","0","0","0","0","0","0","0","2.19533256249603","0","0","1.68401323277009","0","0","0","0","0","0","0","0","0","0","0","0","0","0","0","0","0","0","0","0","0","0","0","0","0","0","0","0","0","0","0","0","0","0","0","0","0","0","0","0","0","0","0","0","0","0","0","0","0","0","0","0","0","0","0","0","0","0","0","0","0","0","0","0","0","0","0","0","0","0","0","0","0","0","0","0","0","0","0","0","0","0","0","0","0","0","0","0","0","1.05423683565765","0.885634758290521","2.12539609486081","1.13010489329797","2.31885526083774","0","2.57996528394479","1.57889672374455","1.46541283841779","0","0","0","0","0","1.95562841356235","1.77016495640602","1.09843762761007","0","0","0","0","0","1.50323111133295","1.83158957458684","1.46307551632414","0","0","0","1.41066890776489","0","2.10917977782834","1.21792142039839","1.30654072164332","0","0.897867214963046","0.941396746082112","0","0","0","0","0","0","1.93885338388371","0","1.66823432076789","0","1.91655618752345","0","0","0","1.7732098082759","0","1.46361418049911","1.24680622416683","0","0","2.64537211875555","1.36736370310013","2.40754447928858","0","0","0","0","0","0","2.11009860803379","0","0","1.24015747796675","0","0","1.85120545658153","2.56168393363774","2.15247529744373","0","0","1.58714587296154","1.64412704500359","0","0","1.64080355646312","0","0","2.3285874787331","0","0.827854458562362","0","0","0","0","0","0","0","0","0","0","0","0","0","0","0","0","0","0","0","0","0","0","0","0","0","0","0","0","0","2.29462074889163","0","0","0","0","0","0","0","0","0","0","0","0","0","1.11079376626929","0","0","0","0","0","0","0","0","0","0","0","2.08775402079824","0","0","0","0","1.69583424280838","0","0","0","0","0","0","0","0","0","0","0","0","0","0","0","0","0","1.65984567087825","0","0","1.45664490776264","0","2.08755478243132","1.83143471949769","0","0","1.92394671699387","0","0","0","0","0","1.86266289488606","0","0","0","0","0","0","0","2.7477017750828","0","0","1.43015447307838","0","0","0","0","0","0","0","0","0","0","0","0","0","0","0","0","1.30443377197665","0","0","0","0","0","0","0","0","0","0","0","2.21780655006598","0","0","0","0","0","0","0","0","0","0","0","0","0","0","0","0","0","0","0","1.74012509762475","0","0","0","0","0","0","0","0","0","0","0","1.06502068208253","1.95340503836244","0","0","0","0","0","0","0","0","0","0","0","0","0","1.47887351639776","0","0","0","0","0","1.69965981270311","0","0","0","0","0","1.89190584693684","0","0","0","0","0","0","0","0","0","1.47079231612238","1.41366137119697","0","0","0","0","0","0"
"CAP1__L5-eNeuron","0","0","0","0","0","0","0","0","0","0","0","0","0","0","0","0","0","0","0","0","0","0","0","0","0","0","0","0","0","0","0","0","0","0","0","0","0","0","0","0","0","0","0","0","0","0","0","0","0","0","0","0","0","0","0","0","0","0","0","0","0","0","0","0","0","0","0","0","0","0","0","0","0","0","0","0","0","0","0","0","0","0","0","0","0","0","0","0","0","0","0","0","0","0","0","0","0","0","0","0","0","0","0","0","0","0","0","0","0","0","0","0","0","0","0","0","0","0","0","0","0","0","0","0","0","0","0","0","0","0","0","0","0","0","1.28213190246646","0","0","0","0","0","0","0","0","0","0","0","0","0","0","0","0","0","0","0","0","0","0","0","0","0","0","0","0","0","0","0","0","0","0","0","0","0","0","0","0","0","0","0","0","0","0","0","0","0","0","0","0","0","0","0","0","0","0","0","0","0","0","0","0","0","0","0","0","0","0","0","0","0","0","0","0","0","0","0","0","0","0","0","0","0","0","0","0","0","0","0","0","1.65683444560443","2.1343226036965","0","1.37016170048394","1.22019820792354","0","0","1.57889672374455","1.12053986202582","0","0","0","0","0","2.27454931093683","1.38254904642007","1.43927218263793","0","0","0","0","0","2.48205372396018","2.19629427297083","1.86212677788675","0","0","0","0","0","1.80150821233103","1.86877634449648","1.86878920884379","0","1.44711296544758","1.7228884562515","0","0","0","0","0","0","2.21528244443115","0","1.39708572032375","0","0","0","0","0","1.14343783530178","0","2.35105245967561","1.24680622416683","0","0","1.32301106381665","2.70707281047354","2.08041166607603","0","0","0","0","0","0","1.41066890776489","0","0","1.89704146355466","0","0","1.6259307700405","2.09400270548934","1.24996695436877","0","0","1.58714587296154","1.04459931738302","0","0","1.93528107014402","0","0","2.3285874787331","0","2.16597500877975","0","0","0","0","0","0","0","0","0","0","0","0","0","0","0","0","0","0","0","0","0","0","0","0","0","0","0","0","0","1.41905727073118","0","0","0","0","0","0","0","0","0","0","0","0","0","0","0","0","0","0","0","0","0","0","0","0","0","1.05909169754004","0","0","0","0","1.08394233058248","0","0","0","0","0","0","0","0","0","0","0","0","0","0","0","0","0","2.5944522469805","0","0","1.26048012656926","0","0","1.54556373985622","0","0","1.76356835157076","0","0","0","0","0","1.21312424937827","0","0","0","0","0","0","0","1.44091979648354","0","0","1.09074310080226","0","0","0","0","0","0","0","0","0","0","0","0","0","0","0","0","1.30443377197665","0","0","0","0","0","0","0","0","0","0","0","0","0","0","0","0","0","0","0","0","0","0","0","0","0","0","0","0","0","0","0","1.26566780565678","0","0","0","0","0","0","0","0","0","0","0","2.09646414606068","0","0","0","0","0","0","0","0","0","0","0","0","0","0","0.674252759022089","0","0","0","0","0","1.42555741639533","0","0","0","0","0","0","0","0","0","0","0","0","0","0","0","1.87090168806323","1.41366137119697","0","0","0","0","0","0"
"MGRN1__L5-eNeuron","0","0","0","0","0","0","0","0","0","0","0","0","0","0","0","0","0","0","0","0","0","0","0","0","0","0","0","0","0","0","0","0","0","0","0","0","0","0","0","0","0","0","0","0","0","0","0","0","0","0","0","0","0","0","0","0","0","0","0","0","0","0","0","0","0","0","0","0","0","0","0","0","0","0","0","0","0","0","0","0","0","0","0","0","0","0","0","0","0","0","0","0","0","0","0","0","0","0","0","0","0","0","0","0","0","0","0","0","0","0","0","0","0","0","0","0","0","0","0","0","0","0","0","0","0","0","0","0","0","0","0","0","0","0","1.95008083660321","0","0","2.11096725425824","0","0","0","0","0","0","0","0","0","0","0","0","0","0","0","0","0","0","0","0","0","0","0","0","0","0","0","0","0","0","0","0","0","0","0","0","0","0","0","0","0","0","0","0","0","0","0","0","0","0","0","0","0","0","0","0","0","0","0","0","0","0","0","0","0","0","0","0","0","0","0","0","0","0","0","0","0","0","0","0","0","0","0","0","0","0","0","0","0","1.05423683565765","0","0","0.841971258552341","1.22019820792354","0","1.80307265402518","1.57889672374455","0.666430845902476","0","0","0","0","0","2.53557543038766","1.77016495640602","1.71477463421347","0","0","0","0","0","1.78507277986327","1.83158957458684","0.52530583805049","0","0","0","1.8023611647667","0","1.80150821233103","1.21792142039839","1.86878920884379","0","1.44711296544758","1.7228884562515","0","0","0","0","0","0","1.38925467040783","0","1.06290011726025","0","1.5110321593047","0","0","0","2.00815340026828","0","1.11901709695108","2.14824660569825","0","0","0.808128554236777","1.36736370310013","1.65665769149671","0","0","0","0","0","1.41129121038878","1.41066890776489","0","0","1.60566724805888","0","0","1.85120545658153","0.861818303272118","0","0","0","1.3805271610461","1.37528418226204","0","0","1.27038729817705","0","0","2.46624199544108","0","2.03568527040126","0","0","0","0","0","0","0","0","0","0","0","0","0","0","0","0","0","0","0","0","0","0","0","0","0","0","0","0","0","1.41905727073118","0","0","0","0","0","0","0","0","0","0","0","0","0","1.11079376626929","0","0","0","0","0","0","0","0","0","0","0","1.8910490243331","0","0","0","0","0","0","0","0","0","0","0","0","0","0","0","0","0","0","0","0","0","0","1.95597098740835","0","0","2.16651828980467","0","0","1.18868835854727","0","0","0.484631228310332","0","0","0","0","0","0","0","0","0","0","0","0","0","1.09982887445445","0","0","0.646087577515351","0","0","0","0","0","0","0","0","0","0","0","0","0","0","0","0","1.97809874755702","0","0","0","0","0","0","0","0","0","0","0","0","0","0","0","0","0","0","0","0","0","0","0","0","0","0","0","0","0","0","0","1.92932502015423","0","0","0","0","0","0","0","0","0","0","0","1.671021452135","1.28477329443273","0","0","0","0","0","0","0","0","0","0","0","0","0","0","0","0","0","0","0","1.69965981270311","0","0","0","0","0","1.48928660314066","0","0","0","0","0","0","0","0","0","1.47079231612238","0.873468427690206","0","0","0","0","0","0"
"STX1A__L5-eNeuron","0","0","0","0","0","0","0","0","0","0","0","0","0","0","0","0","0","0","0","0","0","0","0","0","0","0","0","0","0","0","0","0","0","0","0","0","0","0","0","0","0","0","0","0","0","0","0","0","0","0","0","0","0","0","0","0","0","0","0","0","0","0","0","0","0","0","0","0","0","0","0","0","0","0","0","0","0","0","0","0","0","0","0","0","0","0","0","0","0","0","0","0","0","0","0","0","0","0","0","0","0","0","0","0","0","0","0","0","0","0","0","0","0","0","0","0","0","0","0","0","0","0","0","0","0","0","0","0","0","0","0","0","0","0","3.02855227373404","0","0","3.12865949078294","0","0","0","0","0","0","0","0","0","0","0","0","0","0","0","0","0","0","0","0","0","0","0","0","0","0","0","0","0","0","0","0","0","0","0","0","0","0","0","0","0","0","0","0","0","0","0","0","0","0","0","0","0","0","0","0","0","0","0","0","0","0","0","0","0","0","0","0","0","0","0","0","0","0","0","0","0","0","0","0","0","0","0","0","0","0","0","0","0","0","2.38898485526256","2.72364181511554","2.52481245166896","2.65973026912313","0","2.24319374005872","3.45115376607358","2.17723202034439","0","0","0","0","0","1.5455890223964","1.38254904642007","2.145247176602","0","0","0","0","0","1.33855223826655","1.01700690607062","1.21270377184709","0","0","0","2.11009860803379","0","2.36263095691323","1.86877634449648","2.18153061169842","0","1.84395493261375","2.36225652821407","0","0","0","0","0","0","2.55048197494705","0","2.56097681036791","0","2.23274594106306","0","0","0","2.21014071396839","0","2.89645437578076","3.40763606297577","0","0","2.95576809571753","2.87183326851219","2.99941752436828","0","0","0","0","0","2.57996528394479","2.11009860803379","0","0","2.68906934923396","0","0","2.04600846083141","3.19743663779817","2.54207454502934","0","0","1.7678464494201","3.07716669591618","0","0","2.87876146875035","0","0","2.59189869291939","0","2.16597500877975","0","0","0","0","0","0","0","0","0","0","0","0","0","0","0","0","0","0","0","0","0","0","0","0","0","0","0","0","0","1.92226582149543","0","0","0","0","0","0","0","0","0","0","0","0","0","2.99238165225993","0","0","0","0","0","0","0","0","0","0","0","2.9072205946562","0","0","0","0","2.72227018573038","0","0","0","0","0","0","0","0","0","0","0","0","0","0","0","0","0","2.90293828893699","0","0","2.37497372345819","0","2.68192553314922","2.27451880301846","0","0","1.92394671699387","0","0","0","0","0","1.86266289488606","0","0","0","0","0","0","0","2.86554468572961","0","0","2.85082024812426","0","0","0","0","0","0","0","0","0","0","0","0","0","0","0","0","1.30443377197665","0","0","0","0","0","0","0","0","0","0","0","0","0","0","0","0","0","0","0","0","0","0","0","0","0","0","0","0","0","0","0","2.24641603410614","0","0","0","0","0","0","0","0","0","0","0","2.56435363805178","3.03248671659635","0","0","0","0","0","0","0","0","0","0","0","0","0","1.99235157081857","0","0","0","0","0","2.12841395260571","0","0","0","0","0","2.20633135417448","0","0","0","0","0","0","0","0","0","2.18379819519479","2.11378333482314","0","0","0","0","0","0"
"CNTNAP1__L5-eNeuron","0","0","0","0","0","0","0","0","0","0","0","0","0","0","0","0","0","0","0","0","0","0","0","0","0","0","0","0","0","0","0","0","0","0","0","0","0","0","0","0","0","0","0","0","0","0","0","0","0","0","0","0","0","0","0","0","0","0","0","0","0","0","0","0","0","0","0","0","0","0","0","0","0","0","0","0","0","0","0","0","0","0","0","0","0","0","0","0","0","0","0","0","0","0","0","0","0","0","0","0","0","0","0","0","0","0","0","0","0","0","0","0","0","0","0","0","0","0","0","0","0","0","0","0","0","0","0","0","0","0","0","0","0","0","2.19533256249603","0","0","1.68401323277009","0","0","0","0","0","0","0","0","0","0","0","0","0","0","0","0","0","0","0","0","0","0","0","0","0","0","0","0","0","0","0","0","0","0","0","0","0","0","0","0","0","0","0","0","0","0","0","0","0","0","0","0","0","0","0","0","0","0","0","0","0","0","0","0","0","0","0","0","0","0","0","0","0","0","0","0","0","0","0","0","0","0","0","0","0","0","0","0","0","1.05423683565765","2.38898485526256","1.08479647341909","2.52481245166896","1.87167590302446","0","1.80307265402518","1.99317420454611","2.17723202034439","0","0","0","0","0","2.94809863396374","2.72802982891089","3.07347310898906","0","0","0","0","0","2.83104547289809","2.83638803349719","2.92382991009461","0","0","0","2.93251780754376","0","1.40992292537743","3.26599744992061","2.65638622820611","0","2.81622397688019","3.1413160135817","0","0","0","0","0","0","1.93885338388371","0","2.805333291765","0","1.5110321593047","0","0","0","3.0451647603998","0","0.665387973615777","1.24680622416683","0","0","2.24935230373705","2.87183326851219","1.05410264166645","0","0","0","0","0","2.57996528394479","1.8023611647667","0","0","0.749424065330643","0","0","2.8598178626939","2.56168393363774","1.61708198138552","0","0","3.23558665142202","1.64412704500359","0","0","1.64080355646312","0","0","2.17639981687592","0","2.92369506977444","0","0","0","0","0","0","0","0","0","0","0","0","0","0","0","0","0","0","0","0","0","0","0","0","0","0","0","0","0","2.29462074889163","0","0","0","0","0","0","0","0","0","0","0","0","0","0","0","0","0","0","0","0","0","0","0","0","0","0","0","0","0","0","0","0","0","0","0","0","0","0","0","0","0","0","0","0","0","0","0","0","0","0","0","2.93165171717485","0","2.68192553314922","1.54556373985622","0","0","2.06826675516186","0","0","0","0","0","2.30893591825052","0","0","0","0","0","0","0","1.71658945813442","0","0","1.93530614932418","0","0","0","0","0","0","0","0","0","0","0","0","0","0","0","0","0.794880661358197","0","0","0","0","0","0","0","0","0","0","0","0","0","0","0","0","0","0","0","0","0","0","0","0","0","0","0","0","0","0","0","1.52231345646889","0","0","0","0","0","0","0","0","0","0","0","0.628633574714146","2.4085251691022","0","0","0","0","0","0","0","0","0","0","0","0","0","1.99235157081857","0","0","0","0","0","0.643450691564095","0","0","0","0","0","0.928844464761243","0","0","0","0","0","0","0","0","0","1.47079231612238","1.80578209705224","0","0","0","0","0","0"
"EPHB6__L5-eNeuron","0","0","0","0","0","0","0","0","0","0","0","0","0","0","0","0","0","0","0","0","0","0","0","0","0","0","0","0","0","0","0","0","0","0","0","0","0","0","0","0","0","0","0","0","0","0","0","0","0","0","0","0","0","0","0","0","0","0","0","0","0","0","0","0","0","0","0","0","0","0","0","0","0","0","0","0","0","0","0","0","0","0","0","0","0","0","0","0","0","0","0","0","0","0","0","0","0","0","0","0","0","0","0","0","0","0","0","0","0","0","0","0","0","0","0","0","0","0","0","0","0","0","0","0","0","0","0","0","0","0","0","0","0","0","3.26181442835939","0","0","1.07491827141864","0","0","0","0","0","0","0","0","0","0","0","0","0","0","0","0","0","0","0","0","0","0","0","0","0","0","0","0","0","0","0","0","0","0","0","0","0","0","0","0","0","0","0","0","0","0","0","0","0","0","0","0","0","0","0","0","0","0","0","0","0","0","0","0","0","0","0","0","0","0","0","0","0","0","0","0","0","0","0","0","0","0","0","0","0","0","0","0","0","3.09361694740348","1.43036807587127","2.72364181511554","2.52481245166896","2.65973026912313","0","2.57996528394479","2.31464609608982","1.74354357432991","0","0","0","0","0","2.41095775232855","3.04138118864334","2.61718578193403","0","0","0","0","0","2.63192188025394","2.48715764146288","2.17437740581709","0","0","0","2.76661933626732","0","2.36263095691323","0.733837348980741","2.27233417352039","0","2.81622397688019","2.36225652821407","0","0","0","0","0","0","3.1197392442741","0","2.26661988037693","0","2.23274594106306","0","0","0","2.00815340026828","0","2.35105245967561","2.53755497871854","0","0","1.32301106381665","1.7527401364893","2.08041166607603","0","0","0","0","0","2.11086501706946","2.36359443568057","0","0","1.60566724805888","0","0","3.0535358853832","2.7487384479577","2.8485215681254","0","0","2.07288434088694","2.39263986371486","0","0","3.01101533296475","0","0","2.46624199544108","0","2.03568527040126","0","0","0","0","0","0","0","0","0","0","0","0","0","0","0","0","0","0","0","0","0","0","0","0","0","0","0","0","0","2.12042304002474","0","0","0","0","0","0","0","0","0","0","0","0","0","1.73087413775132","0","0","0","0","0","0","0","0","0","0","0","2.68214546857237","0","0","0","0","2.72227018573038","0","0","0","0","0","0","0","0","0","0","0","0","0","0","0","0","0","2.41133252923872","0","0","2.04978680891547","0","2.68192553314922","1.54556373985622","0","0","2.4306893176356","0","0","0","0","0","3.15548200076122","0","0","0","0","0","0","0","2.14726698301476","0","0","3.24393992086931","0","0","0","0","0","0","0","0","0","0","0","0","0","0","0","0","0","0","0","0","0","0","0","0","0","0","0","0","3.05375653236542","0","0","0","0","0","0","0","0","0","0","0","0","0","0","0","0","0","0","0","2.0965647568565","0","0","0","0","0","0","0","0","0","0","0","2.26984093545143","0","0","0","0","0","0","0","0","0","0","0","0","0","0","1.13194505432223","0","0","0","0","0","2.30288233919682","0","0","0","0","0","2.46434227106016","0","0","0","0","0","0","0","0","0","2.4407799778351","2.58312737142787","0","0","0","0","0","0"
"HRH3__L5-eNeuron","0","0","0","0","0","0","0","0","0","0","0","0","0","0","0","0","0","0","0","0","0","0","0","0","0","0","0","0","0","0","0","0","0","0","0","0","0","0","0","0","0","0","0","0","0","0","0","0","0","0","0","0","0","0","0","0","0","0","0","0","0","0","0","0","0","0","0","0","0","0","0","0","0","0","0","0","0","0","0","0","0","0","0","0","0","0","0","0","0","0","0","0","0","0","0","0","0","0","0","0","0","0","0","0","0","0","0","0","0","0","0","0","0","0","0","0","0","0","0","0","0","0","0","0","0","0","0","0","0","0","0","0","0","0","2.40488751849766","0","0","2.43999830077254","0","0","0","0","0","0","0","0","0","0","0","0","0","0","0","0","0","0","0","0","0","0","0","0","0","0","0","0","0","0","0","0","0","0","0","0","0","0","0","0","0","0","0","0","0","0","0","0","0","0","0","0","0","0","0","0","0","0","0","0","0","0","0","0","0","0","0","0","0","0","0","0","0","0","0","0","0","0","0","0","0","0","0","0","0","0","0","0","0","1.65683444560443","1.82486234272442","1.69695193703081","0","1.58240226040259","0","1.16659544759685","1.57889672374455","1.74354357432991","0","0","0","0","0","2.12388352364282","0","2.74548133118311","0","0","0","0","0","2.2232797377371","2.48715764146288","2.92382991009461","0","0","0","1.8023611647667","0","2.76559920484259","1.86877634449648","2.35775938274176","0","2.41048948142264","2.48592468018291","0","0","0","0","0","0","2.44716690387763","0","0.627199129664848","0","0","0","0","0","1.49241827334036","0","2.5079107635039","1.24680622416683","0","0","0","0","1.05410264166645","0","0","0","0","0","2.93338457511995","0.871293272963674","0","0","1.89704146355466","0","0","3.30264835749174","1.78742494961022","1.61708198138552","0","0","2.07288434088694","1.64412704500359","0","0","1.93528107014402","0","0","2.59189869291939","0","1.5546423792164","0","0","0","0","0","0","0","0","0","0","0","0","0","0","0","0","0","0","0","0","0","0","0","0","0","0","0","0","0","0","0","0","0","0","0","0","0","0","0","0","0","0","0","1.73087413775132","0","0","0","0","0","0","0","0","0","0","0","0","0","0","0","0","1.69583424280838","0","0","0","0","0","0","0","0","0","0","0","0","0","0","0","0","0","0","0","0","1.03338137016907","0","1.05895620969412","1.18868835854727","0","0","0.846759118672958","0","0","0","0","0","1.86266289488606","0","0","0","0","0","0","0","0","0","0","0.646087577515351","0","0","0","0","0","0","0","0","0","0","0","0","0","0","0","0","0.794880661358197","0","0","0","0","0","0","0","0","0","0","0","0","0","0","0","0","0","0","0","0","0","0","0","0","0","0","0","0","0","0","0","0","0","0","0","0","0","0","0","0","0","0","0","1.39960851765464","2.4085251691022","0","0","0","0","0","0","0","0","0","0","0","0","0","1.99235157081857","0","0","0","0","0","1.08686648090803","0","0","0","0","0","0","0","0","0","0","0","0","0","0","0","2.65883349721008","0","0","0","0","0","0","0"
"NLGN2__L5-eNeuron","0","0","0","0","0","0","0","0","0","0","0","0","0","0","0","0","0","0","0","0","0","0","0","0","0","0","0","0","0","0","0","0","0","0","0","0","0","0","0","0","0","0","0","0","0","0","0","0","0","0","0","0","0","0","0","0","0","0","0","0","0","0","0","0","0","0","0","0","0","0","0","0","0","0","0","0","0","0","0","0","0","0","0","0","0","0","0","0","0","0","0","0","0","0","0","0","0","0","0","0","0","0","0","0","0","0","0","0","0","0","0","0","0","0","0","0","0","0","0","0","0","0","0","0","0","0","0","0","0","0","0","0","0","0","1.28213190246646","0","0","0","0","0","0","0","0","0","0","0","0","0","0","0","0","0","0","0","0","0","0","0","0","0","0","0","0","0","0","0","0","0","0","0","0","0","0","0","0","0","0","0","0","0","0","0","0","0","0","0","0","0","0","0","0","0","0","0","0","0","0","0","0","0","0","0","0","0","0","0","0","0","0","0","0","0","0","0","0","0","0","0","0","0","0","0","0","0","0","0","0","1.65683444560443","1.43036807587127","1.08479647341909","2.19100656224599","1.58240226040259","0","0","0.995453059887703","1.12053986202582","0","0","0","0","0","1.76512750257653","0.850913956187821","1.94600729049834","0","0","0","0","0","1.50323111133295","1.83158957458684","1.21270377184709","0","0","0","1.41066890776489","0","0","1.57974498400016","1.46893405023394","0","1.84395493261375","1.7228884562515","0","0","0","0","0","0","1.77785092774752","0","1.39708572032375","0","1.5110321593047","0","0","0","1.7732098082759","0","0.665387973615777","0.75409853761067","0","0","0","1.36736370310013","1.65665769149671","0","0","0","0","0","2.11086501706946","1.41066890776489","0","0","1.60566724805888","0","0","1.3588514944484","1.39761388206955","0","0","0","2.07288434088694","1.64412704500359","0","0","1.64080355646312","0","0","1.8133022690244","0","1.89245032061056","0","0","0","0","0","0","0","0","0","0","0","0","0","0","0","0","0","0","0","0","0","0","0","0","0","0","0","0","0","2.12042304002474","0","0","0","0","0","0","0","0","0","0","0","0","0","1.11079376626929","0","0","0","0","0","0","0","0","0","0","0","1.66322554455896","0","0","0","0","2.45398720231182","0","0","0","0","0","0","0","0","0","0","0","0","0","0","0","0","0","0.78236025447494","0","0","1.03338137016907","0","1.05895620969412","2.27451880301846","0","0","1.76356835157076","0","0","0","0","0","0","0","0","0","0","0","0","0","0.652276612750025","0","0","1.43015447307838","0","0","0","0","0","0","0","0","0","0","0","0","0","0","0","0","0.794880661358197","0","0","0","0","0","0","0","0","0","0","0","3.05375653236542","0","0","0","0","0","0","0","0","0","0","0","0","0","0","0","0","0","0","0","0","0","0","0","0","0","0","0","0","0","0","0","1.671021452135","1.28477329443273","0","0","0","0","0","0","0","0","0","0","0","0","0","1.13194505432223","0","0","0","0","0","1.08686648090803","0","0","0","0","0","1.48928660314066","0","0","0","0","0","0","0","0","0","2.18379819519479","1.41366137119697","0","0","0","0","0","0"
"GRM3__L5-eNeuron","0","0","0","0","0","0","0","0","0","0","0","0","0","0","0","0","0","0","0","0","0","0","0","0","0","0","0","0","0","0","0","0","0","0","0","0","0","0","0","0","0","0","0","0","0","0","0","0","0","0","0","0","0","0","0","0","0","0","0","0","0","0","0","0","0","0","0","0","0","0","0","0","0","0","0","0","0","0","0","0","0","0","0","0","0","0","0","0","0","0","0","0","0","0","0","0","0","0","0","0","0","0","0","0","0","0","0","0","0","0","0","0","0","0","0","0","0","0","0","0","0","0","0","0","0","0","0","0","0","0","0","0","0","0","1.28213190246646","0","0","1.68401323277009","0","0","0","0","0","0","0","0","0","0","0","0","0","0","0","0","0","0","0","0","0","0","0","0","0","0","0","0","0","0","0","0","0","0","0","0","0","0","0","0","0","0","0","0","0","0","0","0","0","0","0","0","0","0","0","0","0","0","0","0","0","0","0","0","0","0","0","0","0","0","0","0","0","0","0","0","0","0","0","0","0","0","0","0","0","0","0","0","0","1.65683444560443","1.82486234272442","1.08479647341909","0.481556086538088","1.22019820792354","0","0","0.995453059887703","0.666430845902476","0","0","0","0","0","0.56541007811925","1.38254904642007","0.651328119553746","0","0","0","0","0","1.33855223826655","1.34231245596429","0.909563686799592","0","0","0","2.36359443568057","0","0.870751226980918","1.21792142039839","0.668474046354282","0","1.84395493261375","0.941396746082112","0","0","0","0","0","0","0.490424620993583","0","1.66823432076789","0","1.5110321593047","0","0","0","1.14343783530178","0","1.74156574606812","1.90547014861504","0","0","0.808128554236777","1.36736370310013","0","0","0","0","0","0","1.41129121038878","0.871293272963674","0","0","1.24015747796675","0","0","0.605592052694677","0","1.24996695436877","0","0","1.13929016491571","1.04459931738302","0","0","2.17972055363163","0","0","1.32692551236061","0","1.5546423792164","0","0","0","0","0","0","0","0","0","0","0","0","0","0","0","0","0","0","0","0","0","0","0","0","0","0","0","0","0","1.6924909650256","0","0","0","0","0","0","0","0","0","0","0","0","0","1.11079376626929","0","0","0","0","0","0","0","0","0","0","0","1.39255314408637","0","0","0","0","1.08394233058248","0","0","0","0","0","0","0","0","0","0","0","0","0","0","0","0","0","1.2868130375026","0","0","0.431824730323045","0","1.05895620969412","0","0","0","1.13598427227133","0","0","0","0","0","1.86266289488606","0","0","0","0","0","0","0","0.652276612750025","0","0","0.646087577515351","0","0","0","0","0","0","0","0","0","0","0","0","0","0","0","0","1.30443377197665","0","0","0","0","0","0","0","0","0","0","0","2.21780655006598","0","0","0","0","0","0","0","0","0","0","0","0","0","0","0","0","0","0","0","1.52231345646889","0","0","0","0","0","0","0","0","0","0","0","0.628633574714146","0","0","0","0","0","0","0","0","0","0","0","0","0","0","0","0","0","0","0","0","1.42555741639533","0","0","0","0","0","1.48928660314066","0","0","0","0","0","0","0","0","0","0","0","0","0","0","0","0","0"
"NTSR2__L5-eNeuron","0","0","0","0","0","0","0","0","0","0","0","0","0","0","0","0","0","0","0","0","0","0","0","0","0","0","0","0","0","0","0","0","0","0","0","0","0","0","0","0","0","0","0","0","0","0","0","0","0","0","0","0","0","0","0","0","0","0","0","0","0","0","0","0","0","0","0","0","0","0","0","0","0","0","0","0","0","0","0","0","0","0","0","0","0","0","0","0","0","0","0","0","0","0","0","0","0","0","0","0","0","0","0","0","0","0","0","0","0","0","0","0","0","0","0","0","0","0","0","0","0","0","0","0","0","0","0","0","0","0","0","0","0","0","1.28213190246646","0","0","1.68401323277009","0","0","0","0","0","0","0","0","0","0","0","0","0","0","0","0","0","0","0","0","0","0","0","0","0","0","0","0","0","0","0","0","0","0","0","0","0","0","0","0","0","0","0","0","0","0","0","0","0","0","0","0","0","0","0","0","0","0","0","0","0","0","0","0","0","0","0","0","0","0","0","0","0","0","0","0","0","0","0","0","0","0","0","0","0","0","0","0","0","1.65683444560443","2.38898485526256","1.69695193703081","2.42189308941937","0","0","0","2.31464609608982","0","0","0","0","0","0","0.970571089228786","1.38254904642007","0","0","0","0","0","0","0.384928214321814","1.60759411374636","0.909563686799592","0","0","0","1.8023611647667","0","1.40992292537743","0.733837348980741","1.12352180408601","0","0.897867214963046","1.50628361684171","0","0","0","0","0","0","1.14702979120788","0","1.66823432076789","0","1.5110321593047","0","0","0","0.682154365113343","0","1.46361418049911","1.61340540441622","0","0","1.32301106381665","1.36736370310013","0","0","0","0","0","0","0","1.41066890776489","0","0","0.749424065330643","0","0","1.6259307700405","1.39761388206955","1.61708198138552","0","0","1.92841242735322","1.37528418226204","0","0","1.64080355646312","0","0","1.00416571577361","0","0.827854458562362","0","0","0","0","0","0","0","0","0","0","0","0","0","0","0","0","0","0","0","0","0","0","0","0","0","0","0","0","0","1.08138832684066","0","0","0","0","0","0","0","0","0","0","0","0","0","0","0","0","0","0","0","0","0","0","0","0","0","1.05909169754004","0","0","0","0","1.69583424280838","0","0","0","0","0","0","0","0","0","0","0","0","0","0","0","0","0","0.78236025447494","0","0","0.431824730323045","0","0","1.54556373985622","0","0","0.846759118672958","0","0","0","0","0","1.21312424937827","0","0","0","0","0","0","0","1.71658945813442","0","0","1.93530614932418","0","0","0","0","0","0","0","0","0","0","0","0","0","0","0","0","0.794880661358197","0","0","0","0","0","0","0","0","0","0","0","3.05375653236542","0","0","0","0","0","0","0","0","0","0","0","0","0","0","0","0","0","0","0","1.52231345646889","0","0","0","0","0","0","0","0","0","0","0","1.39960851765464","2.4085251691022","0","0","0","0","0","0","0","0","0","0","0","0","0","1.75833734896972","0","0","0","0","0","2.30288233919682","0","0","0","0","0","1.48928660314066","0","0","0","0","0","0","0","0","0","0","1.41366137119697","0","0","0","0","0","0"
"RGMB__L5-eNeuron","0","0","0","0","0","0","0","0","0","0","0","0","0","0","0","0","0","0","0","0","0","0","0","0","0","0","0","0","0","0","0","0","0","0","0","0","0","0","0","0","0","0","0","0","0","0","0","0","0","0","0","0","0","0","0","0","0","0","0","0","0","0","0","0","0","0","0","0","0","0","0","0","0","0","0","0","0","0","0","0","0","0","0","0","0","0","0","0","0","0","0","0","0","0","0","0","0","0","0","0","0","0","0","0","0","0","0","0","0","0","0","0","0","0","0","0","0","0","0","0","0","0","0","0","0","0","0","0","0","0","0","0","0","0","0.779041526739946","0","0","1.07491827141864","0","0","0","0","0","0","0","0","0","0","0","0","0","0","0","0","0","0","0","0","0","0","0","0","0","0","0","0","0","0","0","0","0","0","0","0","0","0","0","0","0","0","0","0","0","0","0","0","0","0","0","0","0","0","0","0","0","0","0","0","0","0","0","0","0","0","0","0","0","0","0","0","0","0","0","0","0","0","0","0","0","0","0","0","0","0","0","0","0","1.05423683565765","2.1343226036965","1.69695193703081","1.13010489329797","0.735429995254981","0","0","0.995453059887703","1.46541283841779","0","0","0","0","0","2.27454931093683","2.07538637921565","2.61718578193403","0","0","0","0","0","2.40084593492014","1.01700690607062","1.46307551632414","0","0","0","0.871293272963674","0","1.40992292537743","1.86877634449648","1.86878920884379","0","1.84395493261375","1.7228884562515","0","0","0","0","0","0","1.14702979120788","0","0","0","0","0","0","0","2.38729030370169","0","1.11901709695108","0.75409853761067","0","0","0.808128554236777","0","1.38661198825321","0","0","0","0","0","0","2.57913476743103","0","0","1.60566724805888","0","0","1.03083475155407","1.78742494961022","1.90947340088853","0","0","2.53876279867882","1.87065409297068","0","0","0.770728910728296","0","0","1.8133022690244","0","2.49831765822051","0","0","0","0","0","0","0","0","0","0","0","0","0","0","0","0","0","0","0","0","0","0","0","0","0","0","0","0","0","1.6924909650256","0","0","0","0","0","0","0","0","0","0","0","0","0","0","0","0","0","0","0","0","0","0","0","0","0","1.39255314408637","0","0","0","0","0","0","0","0","0","0","0","0","0","0","0","0","0","0","0","0","0","0","0","0","0","1.03338137016907","0","1.05895620969412","0","0","0","1.13598427227133","0","0","0","0","0","0","0","0","0","0","0","0","0","0.652276612750025","0","0","1.09074310080226","0","0","0","0","0","0","0","0","0","0","0","0","0","0","0","0","0.794880661358197","0","0","0","0","0","0","0","0","0","0","0","0","0","0","0","0","0","0","0","0","0","0","0","0","0","0","0","0","0","0","0","1.92932502015423","0","0","0","0","0","0","0","0","0","0","0","0.628633574714146","0","0","0","0","0","0","0","0","0","0","0","0","0","0","0","0","0","0","0","0","1.08686648090803","0","0","0","0","0","0","0","0","0","0","0","0","0","0","0","1.47079231612238","0.873468427690206","0","0","0","0","0","0"
"PLXNA1__L5-eNeuron","0","0","0","0","0","0","0","0","0","0","0","0","0","0","0","0","0","0","0","0","0","0","0","0","0","0","0","0","0","0","0","0","0","0","0","0","0","0","0","0","0","0","0","0","0","0","0","0","0","0","0","0","0","0","0","0","0","0","0","0","0","0","0","0","0","0","0","0","0","0","0","0","0","0","0","0","0","0","0","0","0","0","0","0","0","0","0","0","0","0","0","0","0","0","0","0","0","0","0","0","0","0","0","0","0","0","0","0","0","0","0","0","0","0","0","0","0","0","0","0","0","0","0","0","0","0","0","0","0","0","0","0","0","0","1.28213190246646","0","0","1.68401323277009","0","0","0","0","0","0","0","0","0","0","0","0","0","0","0","0","0","0","0","0","0","0","0","0","0","0","0","0","0","0","0","0","0","0","0","0","0","0","0","0","0","0","0","0","0","0","0","0","0","0","0","0","0","0","0","0","0","0","0","0","0","0","0","0","0","0","0","0","0","0","0","0","0","0","0","0","0","0","0","0","0","0","0","0","0","0","0","0","0","2.40775454494265","2.60536728020763","0","0.841971258552341","2.11252269039739","0","1.80307265402518","0.995453059887703","1.12053986202582","0","0","0","0","0","1.76512750257653","0.850913956187821","0.651328119553746","0","0","0","0","0","1.65102352341913","2.02543576432276","1.86212677788675","0","0","0","1.41066890776489","0","0","1.57974498400016","0.668474046354282","0","1.84395493261375","0.941396746082112","0","0","0","0","0","0","1.59659720120456","0","1.06290011726025","0","0.944910442000684","0","0","0","1.14343783530178","0","0.665387973615777","0","0","0","1.32301106381665","1.36736370310013","1.38661198825321","0","0","0","0","0","2.11086501706946","0.871293272963674","0","0","2.13934110093078","0","0","0.605592052694677","2.34671205651342","2.3603865435157","0","0","1.92841242735322","1.64412704500359","0","0","1.27038729817705","0","0","1.59051411974181","0","1.5546423792164","0","0","0","0","0","0","0","0","0","0","0","0","0","0","0","0","0","0","0","0","0","0","0","0","0","0","0","0","0","1.41905727073118","0","0","0","0","0","0","0","0","0","0","0","0","0","0","0","0","0","0","0","0","0","0","0","0","0","0.624624657403329","0","0","0","0","0","0","0","0","0","0","0","0","0","0","0","0","0","0","0","0","0","0","0.78236025447494","0","0","1.45664490776264","0","1.66304727616028","1.18868835854727","0","0","0","0","0","0","0","0","1.21312424937827","0","0","0","0","0","0","0","1.44091979648354","0","0","1.09074310080226","0","0","0","0","0","0","0","0","0","0","0","0","0","0","0","0","0","0","0","0","0","0","0","0","0","0","0","0","0","0","0","0","0","0","0","0","0","0","0","0","0","0","0","0","0","0","0","0","1.26566780565678","0","0","0","0","0","0","0","0","0","0","0","0.628633574714146","1.28477329443273","0","0","0","0","0","0","0","0","0","0","0","0","0","1.13194505432223","0","0","0","0","0","0.643450691564095","0","0","0","0","0","0.928844464761243","0","0","0","0","0","0","0","0","0","0.91523051037356","0","0","0","0","0","0","0"
"KCNJ4__L5-eNeuron","0","0","0","0","0","0","0","0","0","0","0","0","0","0","0","0","0","0","0","0","0","0","0","0","0","0","0","0","0","0","0","0","0","0","0","0","0","0","0","0","0","0","0","0","0","0","0","0","0","0","0","0","0","0","0","0","0","0","0","0","0","0","0","0","0","0","0","0","0","0","0","0","0","0","0","0","0","0","0","0","0","0","0","0","0","0","0","0","0","0","0","0","0","0","0","0","0","0","0","0","0","0","0","0","0","0","0","0","0","0","0","0","0","0","0","0","0","0","0","0","0","0","0","0","0","0","0","0","0","0","0","0","0","0","2.40488751849766","0","0","2.11096725425824","0","0","0","0","0","0","0","0","0","0","0","0","0","0","0","0","0","0","0","0","0","0","0","0","0","0","0","0","0","0","0","0","0","0","0","0","0","0","0","0","0","0","0","0","0","0","0","0","0","0","0","0","0","0","0","0","0","0","0","0","0","0","0","0","0","0","0","0","0","0","0","0","0","0","0","0","0","0","0","0","0","0","0","0","0","0","0","0","0","2.40775454494265","1.43036807587127","1.69695193703081","2.19100656224599","2.31885526083774","0","1.80307265402518","0.995453059887703","1.12053986202582","0","0","0","0","0","2.75653164792087","1.77016495640602","2.61718578193403","0","0","0","0","0","2.31479295879832","2.61319697651347","2.3083456935039","0","0","0","1.8023611647667","0","1.80150821233103","1.86877634449648","2.18153061169842","0","2.41048948142264","1.7228884562515","0","0","0","0","0","0","1.59659720120456","0","3.35861829104021","0","1.91655618752345","0","0","0","1.49241827334036","0","1.97451963216493","1.24680622416683","0","0","2.46090819298215","3.68368536749753","3.18161098109368","0","0","0","0","0","0","2.76661933626732","0","0","2.13934110093078","0","0","2.8598178626939","3.19743663779817","1.90947340088853","0","0","2.63501450265865","2.06639238321137","0","0","2.17972055363163","0","0","2.00624407170854","0","2.16597500877975","0","0","0","0","0","0","0","0","0","0","0","0","0","0","0","0","0","0","0","0","0","0","0","0","0","0","0","0","0","2.29462074889163","0","0","0","0","0","0","0","0","0","0","0","0","0","2.99238165225993","0","0","0","0","0","0","0","0","0","0","0","2.79906783916273","0","0","0","0","2.45398720231182","0","0","0","0","0","0","0","0","0","0","0","0","0","0","0","0","0","2.5944522469805","0","0","2.93165171717485","0","2.4151351865891","2.45367279683026","0","0","2.4306893176356","0","0","0","0","0","2.64928578551002","0","0","0","0","0","0","0","3.42196217452542","0","0","2.30871905874353","0","0","0","0","0","0","0","0","0","0","0","0","0","0","0","0","0","0","0","0","0","0","0","0","0","0","0","0","0","0","0","0","0","0","0","0","0","0","0","0","0","0","0","0","0","0","0","0","1.74012509762475","0","0","0","0","0","0","0","0","0","0","0","2.91708784225481","1.95340503836244","0","0","0","0","0","0","0","0","0","0","0","0","0","1.47887351639776","0","0","0","0","0","2.45850986690268","0","0","0","0","0","3.0408932227709","0","0","0","0","0","0","0","0","0","2.65883349721008","2.58312737142787","0","0","0","0","0","0"
"NTNG2__L5-eNeuron","0","0","0","0","0","0","0","0","0","0","0","0","0","0","0","0","0","0","0","0","0","0","0","0","0","0","0","0","0","0","0","0","0","0","0","0","0","0","0","0","0","0","0","0","0","0","0","0","0","0","0","0","0","0","0","0","0","0","0","0","0","0","0","0","0","0","0","0","0","0","0","0","0","0","0","0","0","0","0","0","0","0","0","0","0","0","0","0","0","0","0","0","0","0","0","0","0","0","0","0","0","0","0","0","0","0","0","0","0","0","0","0","0","0","0","0","0","0","0","0","0","0","0","0","0","0","0","0","0","0","0","0","0","0","1.65442241555219","0","0","0","0","0","0","0","0","0","0","0","0","0","0","0","0","0","0","0","0","0","0","0","0","0","0","0","0","0","0","0","0","0","0","0","0","0","0","0","0","0","0","0","0","0","0","0","0","0","0","0","0","0","0","0","0","0","0","0","0","0","0","0","0","0","0","0","0","0","0","0","0","0","0","0","0","0","0","0","0","0","0","0","0","0","0","0","0","0","0","0","0","1.05423683565765","1.43036807587127","1.69695193703081","2.06004418489445","0.735429995254981","0","1.16659544759685","0","1.12053986202582","0","0","0","0","0","0.56541007811925","0.850913956187821","0.651328119553746","0","0","0","0","0","0","1.01700690607062","0.52530583805049","0","0","0","0","0","2.57813903158027","0","0.372612808932356","0","0","1.25131301702247","0","0","0","0","0","0","1.59659720120456","0","2.4212926635816","0","0.944910442000684","0","0","0","1.14343783530178","0","0","0","0","0","2.24935230373705","2.30741893156115","2.54693598214663","0","0","0","0","0","0","1.8023611647667","0","0","2.13934110093078","0","0","0.605592052694677","1.78742494961022","1.61708198138552","0","0","0.486362962769144","1.37528418226204","0","0","1.64080355646312","0","0","2.00624407170854","0","0","0","0","0","0","0","0","0","0","0","0","0","0","0","0","0","0","0","0","0","0","0","0","0","0","0","0","0","0","0","2.12042304002474","0","0","0","0","0","0","0","0","0","0","0","0","0","1.11079376626929","0","0","0","0","0","0","0","0","0","0","0","2.08775402079824","0","0","0","0","2.12415026422606","0","0","0","0","0","0","0","0","0","0","0","0","0","0","0","0","0","2.20154354031312","0","0","2.04978680891547","0","2.08755478243132","0.713455682718768","0","0","2.06826675516186","0","0","0","0","0","0","0","0","0","0","0","0","0","2.7477017750828","0","0","1.43015447307838","0","0","0","0","0","0","0","0","0","0","0","0","0","0","0","0","1.30443377197665","0","0","0","0","0","0","0","0","0","0","0","0","0","0","0","0","0","0","0","0","0","0","0","0","0","0","0","0","0","0","0","1.52231345646889","0","0","0","0","0","0","0","0","0","0","0","0","0","0","0","0","0","0","0","0","0","0","0","0","0","0","1.13194505432223","0","0","0","0","0","1.42555741639533","0","0","0","0","0","1.48928660314066","0","0","0","0","0","0","0","0","0","0.91523051037356","0","0","0","0","0","0","0"
"ACVR1B__L5-eNeuron","0","0","0","0","0","0","0","0","0","0","0","0","0","0","0","0","0","0","0","0","0","0","0","0","0","0","0","0","0","0","0","0","0","0","0","0","0","0","0","0","0","0","0","0","0","0","0","0","0","0","0","0","0","0","0","0","0","0","0","0","0","0","0","0","0","0","0","0","0","0","0","0","0","0","0","0","0","0","0","0","0","0","0","0","0","0","0","0","0","0","0","0","0","0","0","0","0","0","0","0","0","0","0","0","0","0","0","0","0","0","0","0","0","0","0","0","0","0","0","0","0","0","0","0","0","0","0","0","0","0","0","0","0","0","0.779041526739946","0","0","1.07491827141864","0","0","0","0","0","0","0","0","0","0","0","0","0","0","0","0","0","0","0","0","0","0","0","0","0","0","0","0","0","0","0","0","0","0","0","0","0","0","0","0","0","0","0","0","0","0","0","0","0","0","0","0","0","0","0","0","0","0","0","0","0","0","0","0","0","0","0","0","0","0","0","0","0","0","0","0","0","0","0","0","0","0","0","0","0","0","0","0","0","0","1.43036807587127","0","1.13010489329797","1.87167590302446","0","1.16659544759685","0","1.46541283841779","0","0","0","0","0","1.76512750257653","0.850913956187821","0.651328119553746","0","0","0","0","0","1.15262427222307","1.01700690607062","1.46307551632414","0","0","0","0.871293272963674","0","1.40992292537743","0","1.30654072164332","0","2.62757324841496","1.50628361684171","0","0","0","0","0","0","1.14702979120788","0","0.627199129664848","0","1.5110321593047","0","0","0","0","0","1.11901709695108","1.90547014861504","0","0","0.808128554236777","2.056574395969","2.40754447928858","0","0","0","0","0","0","2.11009860803379","0","0","0.749424065330643","0","0","0","1.39761388206955","0.756322964800095","0","0","1.13929016491571","2.06639238321137","0","0","0.770728910728296","0","0","1.59051411974181","0","1.73341108779085","0","0","0","0","0","0","0","0","0","0","0","0","0","0","0","0","0","0","0","0","0","0","0","0","0","0","0","0","0","2.12042304002474","0","0","0","0","0","0","0","0","0","0","0","0","0","2.16315512615919","0","0","0","0","0","0","0","0","0","0","0","1.05909169754004","0","0","0","0","0","0","0","0","0","0","0","0","0","0","0","0","0","0","0","0","0","0","1.2868130375026","0","0","1.03338137016907","0","2.08755478243132","0.713455682718768","0","0","1.5831054204263","0","0","0","0","0","1.21312424937827","0","0","0","0","0","0","0","1.44091979648354","0","0","0.646087577515351","0","0","0","0","0","0","0","0","0","0","0","0","0","0","0","0","1.68023503206134","0","0","0","0","0","0","0","0","0","0","0","0","0","0","0","0","0","0","0","0","0","0","0","0","0","0","0","0","0","0","0","0.553978018787616","0","0","0","0","0","0","0","0","0","0","0","1.06502068208253","1.95340503836244","0","0","0","0","0","0","0","0","0","0","0","0","0","0","0","0","0","0","0","0.643450691564095","0","0","0","0","0","0","0","0","0","0","0","0","0","0","0","0","0.873468427690206","0","0","0","0","0","0"
"LRP1__L5-eNeuron","0","0","0","0","0","0","0","0","0","0","0","0","0","0","0","0","0","0","0","0","0","0","0","0","0","0","0","0","0","0","0","0","0","0","0","0","0","0","0","0","0","0","0","0","0","0","0","0","0","0","0","0","0","0","0","0","0","0","0","0","0","0","0","0","0","0","0","0","0","0","0","0","0","0","0","0","0","0","0","0","0","0","0","0","0","0","0","0","0","0","0","0","0","0","0","0","0","0","0","0","0","0","0","0","0","0","0","0","0","0","0","0","0","0","0","0","0","0","0","0","0","0","0","0","0","0","0","0","0","0","0","0","0","0","2.58782897303489","0","0","1.07491827141864","0","0","0","0","0","0","0","0","0","0","0","0","0","0","0","0","0","0","0","0","0","0","0","0","0","0","0","0","0","0","0","0","0","0","0","0","0","0","0","0","0","0","0","0","0","0","0","0","0","0","0","0","0","0","0","0","0","0","0","0","0","0","0","0","0","0","0","0","0","0","0","0","0","0","0","0","0","0","0","0","0","0","0","0","0","0","0","0","0","1.65683444560443","0.885634758290521","1.08479647341909","1.57591456470475","1.87167590302446","0","0","0.995453059887703","2.35332080466484","0","0","0","0","0","1.5455890223964","1.38254904642007","1.71477463421347","0","0","0","0","0","1.15262427222307","1.34231245596429","0.909563686799592","0","0","0","2.11009860803379","0","0","1.21792142039839","1.61488336662209","0","0","1.25131301702247","0","0","0","0","0","0","1.38925467040783","0","0.627199129664848","0","0.944910442000684","0","0","0","1.7732098082759","0","1.46361418049911","0","0","0","0.808128554236777","1.36736370310013","0.621255414713163","0","0","0","0","0","2.11086501706946","1.41066890776489","0","0","2.13934110093078","0","0","1.3588514944484","1.78742494961022","2.54207454502934","0","0","1.13929016491571","1.37528418226204","0","0","1.64080355646312","0","0","1.00416571577361","0","2.03568527040126","0","0","0","0","0","0","0","0","0","0","0","0","0","0","0","0","0","0","0","0","0","0","0","0","0","0","0","0","0","2.12042304002474","0","0","0","0","0","0","0","0","0","0","0","0","0","1.73087413775132","0","0","0","0","0","0","0","0","0","0","0","2.26082885669785","0","0","0","0","2.45398720231182","0","0","0","0","0","0","0","0","0","0","0","0","0","0","0","0","0","1.95597098740835","0","0","1.26048012656926","0","1.05895620969412","1.18868835854727","0","0","1.37679748018951","0","0","0","0","0","0","0","0","0","0","0","0","0","1.71658945813442","0","0","1.70472778966581","0","0","0","0","0","0","0","0","0","0","0","0","0","0","0","0","1.30443377197665","0","0","0","0","0","0","0","0","0","0","0","2.21780655006598","0","0","0","0","0","0","0","0","0","0","0","0","0","0","0","0","0","0","0","1.92932502015423","0","0","0","0","0","0","0","0","0","0","0","1.89936888508003","2.4085251691022","0","0","0","0","0","0","0","0","0","0","0","0","0","0.674252759022089","0","0","0","0","0","2.12841395260571","0","0","0","0","0","0","0","0","0","0","0","0","0","0","0","0.91523051037356","1.80578209705224","0","0","0","0","0","0"
"PLXNA4__L5-eNeuron","0","0","0","0","0","0","0","0","0","0","0","0","0","0","0","0","0","0","0","0","0","0","0","0","0","0","0","0","0","0","0","0","0","0","0","0","0","0","0","0","0","0","0","0","0","0","0","0","0","0","0","0","0","0","0","0","0","0","0","0","0","0","0","0","0","0","0","0","0","0","0","0","0","0","0","0","0","0","0","0","0","0","0","0","0","0","0","0","0","0","0","0","0","0","0","0","0","0","0","0","0","0","0","0","0","0","0","0","0","0","0","0","0","0","0","0","0","0","0","0","0","0","0","0","0","0","0","0","0","0","0","0","0","0","0.779041526739946","0","0","0","0","0","0","0","0","0","0","0","0","0","0","0","0","0","0","0","0","0","0","0","0","0","0","0","0","0","0","0","0","0","0","0","0","0","0","0","0","0","0","0","0","0","0","0","0","0","0","0","0","0","0","0","0","0","0","0","0","0","0","0","0","0","0","0","0","0","0","0","0","0","0","0","0","0","0","0","0","0","0","0","0","0","0","0","0","0","0","0","0","1.65683444560443","0","1.69695193703081","1.13010489329797","1.58240226040259","0","2.24319374005872","2.31464609608982","1.74354357432991","0","0","0","0","0","0.970571089228786","0.850913956187821","1.09843762761007","0","0","0","0","0","0.939139625961253","1.34231245596429","1.46307551632414","0","0","0","0","0","0.870751226980918","1.57974498400016","0.372612808932356","0","2.41048948142264","0","0","0","0","0","0","0","0.490424620993583","0","1.66823432076789","0","0.944910442000684","0","0","0","1.7732098082759","0","1.46361418049911","0","0","0","0.808128554236777","1.7527401364893","1.05410264166645","0","0","0","0","0","0","0","0","0","1.24015747796675","0","0","1.03083475155407","0.861818303272118","0.756322964800095","0","0","1.3805271610461","2.06639238321137","0","0","1.27038729817705","0","0","1.00416571577361","0","1.1127437593902","0","0","0","0","0","0","0","0","0","0","0","0","0","0","0","0","0","0","0","0","0","0","0","0","0","0","0","0","0","2.83559930142273","0","0","0","0","0","0","0","0","0","0","0","0","0","2.16315512615919","0","0","0","0","0","0","0","0","0","0","0","1.39255314408637","0","0","0","0","1.69583424280838","0","0","0","0","0","0","0","0","0","0","0","0","0","0","0","0","0","1.65984567087825","0","0","1.62930153185039","0","1.66304727616028","1.18868835854727","0","0","1.37679748018951","0","0","0","0","0","1.86266289488606","0","0","0","0","0","0","0","1.44091979648354","0","0","0.646087577515351","0","0","0","0","0","0","0","0","0","0","0","0","0","0","0","0","0","0","0","0","0","0","0","0","0","0","0","0","2.21780655006598","0","0","0","0","0","0","0","0","0","0","0","0","0","0","0","0","0","0","0","1.52231345646889","0","0","0","0","0","0","0","0","0","0","0","2.09646414606068","1.28477329443273","0","0","0","0","0","0","0","0","0","0","0","0","0","0.674252759022089","0","0","0","0","0","1.69965981270311","0","0","0","0","0","1.48928660314066","0","0","0","0","0","0","0","0","0","1.87090168806323","0.873468427690206","0","0","0","0","0","0"
"ADAM11__L6-eNeuron","0","0","0","0","0","0","0","0","0","0","0","0","0","0","0","0","0","0","0","0","0","0","0","0","0","0","0","0","0","0","0","0","0","0","0","0","0","0","0","0","0","0","0","0","0","0","0","0","0","0","0","0","0","0","0","0","0","0","0","0","0","0","0","0","0","0","0","0","0","0","0","0","0","0","0","0","0","0","0","0","0","0","0","0","0","0","0","0","0","0","0","0","0","0","0","0","0","0","0","0","0","0","0","0","0","0","0","0","0","0","0","0","0","0","0","0","0","0","0","0","0","0","0","0","0","0","0","0","0","0","0","0","0","0","0","0","0","0","0","0","0","0","0","0","0","0","0","0","0","0","0","0","0","0","0","0","0","0","0","0","0","0","0","0","0","0","0","0","0","0","0","0","0","0","0","0","0","0","0","0","0","0","0","0","0","0","0","0","0","0","0","0","0","0","0","0","0","0","0","0","0","0","0","0","0","0","0","0","0","0","0","0","0","0","0","0","0","0","0","0","0","0","0","0","0","0","0","0","0","0","0","0","2.09596126150675","0","0","0","0","1.33881901814132","1.41591472325645","0","0","0","0","0","0","0","0","0.89508699461117","0","0","0","0","0","0","1.49314480567051","0","0","0","0","0","0","0","0","0","0","0","0","0","0","0","0","0","1.14831266012037","0","0","1.70162670162061","0.947644230846228","0","0","0","0","0","0","0","0","0","1.33108440301854","0","2.41929258540192","0","1.73145885113182","0","0","0","0","0","0","0","0","0","0","0","0","0","0","0","0","0","0","0","0","1.42827773655716","0","0","0","0","2.24994660350708","0","0","1.64022707412213","0.965793451877066","0","1.62567646446057","1.08636606711327","1.55318931762565","0","0","0","1.29659686132546","0","0","0","1.41704430867308","0","2.33276093236137","0","0.880430865657869","0.97699900622018","0","0","0","2.31235794343659","0","0.804505647517932","0","1.74166451826574","0","2.43913049126628","1.53922124232405","0","0","1.26121379349379","1.6169144634975","0","1.30264855791609","2.83871909296694","0","0","0","0.969160819235741","0","0","1.40165019281711","2.39502190572467","0","1.80392727720248","0","0","0","1.61207303096073","0","0","0","0","1.43100929815821","1.23686122961532","1.67363813967984","0","1.25847939073469","0","0","0","1.21402631256198","1.76866396738503","0","2.25411723554815","1.59518679035316","0","0","1.88369151831372","1.26346937727993","0","0","0","0","0","0","0","0","2.25650876626852","0","2.54999770513605","1.66572575809154","0","1.95957635604281","1.16394614895289","0","0","1.08550933617653","0","0","0","0","2.45420734513562","0","0","1.95468704575193","0","0.831081461981321","1.32605349551267","1.06866672175585","0","0","0","0","0","0","0","0","0","0","0","0","0","0","0","0","0","1.66126691869563","0.86769270789587","1.82143222021814","0","0","1.22220925104058","0","0.519442015727231","0","0","0","0.759105416596786","0","0","0","0.704860812515114","1.6270903853743","0","0.805812207555703","0","0","0","0","0","0","0.872198229613347","1.37591265095271","0","0","0","0","0","0.865101403303047","0.887320937472938","0","0.96680111116517","0","2.34608070232575","2.14254340578144","2.08665875943596","0","0","0","0","1.65550980705519","0","0","0","0","0","1.13499121133293","0","0","2.06134887355808","1.75571810430568","0","0.920059483519071","0","0","0","1.5719365376049","0","2.08110363003623","0","2.28439336830439","0.831081461981321","0","0","0","1.37744713275193","0","0","1.40386242372217","0","0","1.32127922276588","1.85374782754206","0","0","1.34451513933231","1.6447355514536","1.12321519713812","2.16423866981538","1.34800293773385","0"
"ADCY1__L6-eNeuron","0","0","0","0","0","0","0","0","0","0","0","0","0","0","0","0","0","0","0","0","0","0","0","0","0","0","0","0","0","0","0","0","0","0","0","0","0","0","0","0","0","0","0","0","0","0","0","0","0","0","0","0","0","0","0","0","0","0","0","0","0","0","0","0","0","0","0","0","0","0","0","0","0","0","0","0","0","0","0","0","0","0","0","0","0","0","0","0","0","0","0","0","0","0","0","0","0","0","0","0","0","0","0","0","0","0","0","0","0","0","0","0","0","0","0","0","0","0","0","0","0","0","0","0","0","0","0","0","0","0","0","0","0","0","0","0","0","0","0","0","0","0","0","0","0","0","0","0","0","0","0","0","0","0","0","0","0","0","0","0","0","0","0","0","0","0","0","0","0","0","0","0","0","0","0","0","0","0","0","0","0","0","0","0","0","0","0","0","0","0","0","0","0","0","0","0","0","0","0","0","0","0","0","0","0","0","0","0","0","0","0","0","0","0","0","0","0","0","0","0","0","0","0","0","0","0","0","0","0","0","0","0","2.91651836554534","0","0","0","0","3.80738118989029","1.80835742021544","0","0","0","0","0","0","0","2.38914975972251","1.83962348487864","0","0","0","0","0","0","2.7863480871877","0","0","0","0","0","0","0","0","0","0","0","0","0","0","0","0","0","3.65044033160237","0","0","0","2.81489582239625","0","0","0","0","0","0","0","0","0","3.33564085686622","0","2.63666035373551","0","3.1893849756219","0","0","0","0","0","0","0","0","0","0","0","0","0","0","0","0","0","3.09384551664057","0","0","1.93310202791569","0","0","0","0","3.46175638507857","0","0","3.13140499103343","3.39662178264716","3.20312889477003","3.0532049954925","3.32006308244374","3.32601592970486","0","3.70024948727406","0","3.48483572469221","0","0","0","2.94139077871971","0","2.33276093236137","0","1.8167123542196","2.95950436651744","2.36721599759255","0","0","3.44855151397223","0","3.20351745097116","0","2.50802690014506","0","2.93257557096966","3.30690676543567","0","1.76757413184696","2.37599016317544","2.8483075309594","0","3.58509475493043","2.83871909296694","0","0","0","2.27226393638834","0","0","2.5670850099909","2.66102296963478","3.29406559334389","3.37070188711757","0","0","0","2.84211865796636","3.56770023584279","2.76753828451681","0","0","3.68644112499352","2.9605599935569","3.28698798007546","3.16669977571245","2.99316207290107","0","2.7361824182984","0","3.82765810333655","2.7262265881022","0","3.2924363383108","3.28675166713283","2.83999268669436","1.69629974959652","3.03100969201381","3.33695516980911","0","0","0","0","0","0","0","0","2.51675192236172","0","2.82179527139645","2.91038664837959","0","2.76106288804163","3.07795540743704","0","0","3.31860556067538","0","0","0","1.6471745680409","2.72249866776917","0","0","2.53452578417991","0","2.29133602876229","2.96018093542797","3.28982744963898","0","0","0","0","0","0","0","0","0","0","0","0","0","0","2.99531103578411","3.13567210669645","0","1.28804019917055","2.57251466645836","2.05932018842472","2.29349968656085","0","3.05861159712722","3.1702670242718","1.66311857843687","0","0","0","2.54771780548271","0","3.24075223950277","0","3.38540494471743","2.86129680117032","0","2.80426784161959","3.23679356947343","0","0","0","0","3.77423972562794","3.0830513760633","0","2.53828405723201","0","3.47982301797218","0","3.41649109642034","2.75494602578439","3.4850217812676","0","3.26160883191397","1.61107534104029","3.5718907235997","3.25376155935155","2.08665875943596","0","0","0","0","2.67262048929849","0","0","0","0","0","1.76228268515863","0","0","2.06134887355808","2.52453696194373","0","2.44915631799966","0","3.83238707009798","3.35918960605068","3.30431511637179","0","3.1824173100275","0","2.76710140234506","1.7385755987909","0","0","0","2.5346211618566","0","0","1.40386242372217","0","3.61672254201187","3.99898600901965","2.78290187833307","0","0","2.02817898079591","3.5403406249472","3.20917767092961","3.60209511751075","2.68023042991345","2.2686551440251"
"ADCY9__L6-eNeuron","0","0","0","0","0","0","0","0","0","0","0","0","0","0","0","0","0","0","0","0","0","0","0","0","0","0","0","0","0","0","0","0","0","0","0","0","0","0","0","0","0","0","0","0","0","0","0","0","0","0","0","0","0","0","0","0","0","0","0","0","0","0","0","0","0","0","0","0","0","0","0","0","0","0","0","0","0","0","0","0","0","0","0","0","0","0","0","0","0","0","0","0","0","0","0","0","0","0","0","0","0","0","0","0","0","0","0","0","0","0","0","0","0","0","0","0","0","0","0","0","0","0","0","0","0","0","0","0","0","0","0","0","0","0","0","0","0","0","0","0","0","0","0","0","0","0","0","0","0","0","0","0","0","0","0","0","0","0","0","0","0","0","0","0","0","0","0","0","0","0","0","0","0","0","0","0","0","0","0","0","0","0","0","0","0","0","0","0","0","0","0","0","0","0","0","0","0","0","0","0","0","0","0","0","0","0","0","0","0","0","0","0","0","0","0","0","0","0","0","0","0","0","0","0","0","0","0","0","0","0","0","0","1.67057121622999","0","0","0","0","1.33881901814132","0.875107151884263","0","0","0","0","0","0","0","1.82500862922528","0.89508699461117","2.03646060266844","0","0","0","0","0","0.931690349772117","0","0","0","0","0","0","0","0","0","0","0","0","0","0","0","0","0","1.49815767318388","0","0","0","1.51472389928797","0","0","0","0","0","0","0","0","0","0","0","0","0","0","0","0","0","0","0","0","0","0","0","0","0","0","0","0","0","0","0","0","0","0","0","0","0","0","0","1.52523010294614","0","0","1.26989048951125","1.53917113262007","1.74225741474185","1.62567646446057","0","1.55318931762565","0","1.44044243613422","0","1.96826584701979","0","0","0","1.41704430867308","0","1.59399550454768","0","1.42322856619273","0","2.04249867929695","0","0","1.57699178961258","0","1.69583424280838","0","0","0","0","0.709695230044994","0","1.76757413184696","1.9236993156001","1.6169144634975","0","0.793610164443387","0.910057874687202","0","0","0","1.95349044544234","0","0","2.09898281091112","1.04611574045302","1.81425448107529","1.16725975952248","0","0","0","1.02038050885184","1.23704908598705","1.7328249004412","0","0","1.82559404034265","2.34214403928567","1.67363813967984","1.4716097528306","1.92024332114552","0","1.27247841861921","0","0.731114415992262","0","0","0","1.23116052694252","1.79246629620522","0.641704888822361","1.88369151831372","1.26346937727993","0","0","0","0","0","0","0","0","0.959461840125123","0","0","1.66572575809154","0","0","0","0","0","0","0","0","0","1.6471745680409","1.6960204114085","0","0","1.76423230759855","0","1.7385755987909","1.32605349551267","0","0","0","0","0","0","0","0","0","0","0","0","0","0","0","0","0","0","0","0.86769270789587","1.18088586039039","0","0","0.736837377401023","0","1.20176072097749","0","0","0","1.25391770921437","0","2.0263647039994","0","1.17630668618444","0.762389653266178","0","0.805812207555703","1.03799416498604","0","0","0","0","1.82230661085013","1.41191410546115","0","1.38017101757248","0","1.82340093365685","0","2.07922669115058","1.79260679053317","1.82749956126794","0","2.26843687063531","0","1.2396854447301","1.43706730516241","2.08665875943596","0","0","0","0","1.65550980705519","0","0","0","0","0","0","0","0","0","0.672865132085138","0","0","0","0","1.34687572456218","1.98533749080992","0","2.08110363003623","0","1.55375177019182","1.35503706050138","0","0","0","1.37744713275193","0","0","1.40386242372217","0","0","0","0.725605732001658","0","0","0","2.39336422116695","1.74701689777975","1.62731686470054","1.73048457386627","1.7186322684371"
"FLOT1__L6-eNeuron","0","0","0","0","0","0","0","0","0","0","0","0","0","0","0","0","0","0","0","0","0","0","0","0","0","0","0","0","0","0","0","0","0","0","0","0","0","0","0","0","0","0","0","0","0","0","0","0","0","0","0","0","0","0","0","0","0","0","0","0","0","0","0","0","0","0","0","0","0","0","0","0","0","0","0","0","0","0","0","0","0","0","0","0","0","0","0","0","0","0","0","0","0","0","0","0","0","0","0","0","0","0","0","0","0","0","0","0","0","0","0","0","0","0","0","0","0","0","0","0","0","0","0","0","0","0","0","0","0","0","0","0","0","0","0","0","0","0","0","0","0","0","0","0","0","0","0","0","0","0","0","0","0","0","0","0","0","0","0","0","0","0","0","0","0","0","0","0","0","0","0","0","0","0","0","0","0","0","0","0","0","0","0","0","0","0","0","0","0","0","0","0","0","0","0","0","0","0","0","0","0","0","0","0","0","0","0","0","0","0","0","0","0","0","0","0","0","0","0","0","0","0","0","0","0","0","0","0","0","0","0","0","1.67057121622999","0","0","0","0","0","0","0","0","0","0","0","0","0","1.43049627064593","2.15019833787556","0","0","0","0","0","0","2.06221973584146","0","0","0","0","0","0","0","0","0","0","0","0","0","0","0","0","0","0","0","0","1.70162670162061","1.25886924805463","0","0","0","0","0","0","0","0","0","0","0","1.45398352631491","0","1.73145885113182","0","0","0","0","0","0","0","0","0","0","0","0","0","0","0","0","0","0.659762189335918","0","0","1.42827773655716","0","0","0","0","1.52523010294614","0","0","1.26989048951125","1.53917113262007","0","1.62567646446057","1.08636606711327","1.839772461667","0","1.83635288979305","0","2.21450364789798","0","0","0","0","0","0","0","1.42322856619273","1.55421229050209","0","0","0","0","0","1.99501007060267","0","1.74166451826574","0","0","1.53922124232405","0","2.80983094390259","0","1.6169144634975","0","1.6781710969062","1.46374891375208","0","0","0","0","0","0","0","2.39502190572467","0","1.52043269076922","0","0","0","0","0","1.7328249004412","0","0","1.43100929815821","1.89285891026989","1.06701245748358","0","1.92024332114552","0","1.27247841861921","0","1.57519731160175","0","0","0","1.23116052694252","0.692441863425144","1.69629974959652","1.4820500084174","0.765841798643795","0","0","0","0","0","0","0","0","0","0","0","0","0","0","1.79966326509193","0","0","0","0","0","0","1.0469087428997","2.12435778353306","0","0","0.969950046213462","0","0","2.00515491019096","1.06866672175585","0","0","0","0","0","0","0","0","0","0","0","0","0","0","0","1.20046626962519","0","2.20317066284985","1.79669193899473","2.05932018842472","2.29349968656085","0","1.58474879978151","2.07068249528073","1.66311857843687","0","0","0","1.62167567352282","0","2.27566657641096","0","1.53105062312785","0.762389653266178","0","1.31976783238107","2.05662249432245","0","0","0","0","1.18156745820472","2.11163207910728","1.37591265095271","2.53828405723201","0","0","0","1.38565369249775","1.79260679053317","0.887320937472938","0","1.54052534773964","2.35320726137522","0","1.43706730516241","2.08665875943596","0","0","0","0","1.05323124938955","0","0","0","0","0","0","0","0","1.37121412314157","1.12992380932443","0","2.19180683781604","0","0","2.4933452084386","1.98533749080992","0","1.38717165294423","0","2.28439336830439","1.35503706050138","0","0","0","1.76431364687381","0","0","0.866350384949237","0","1.05176000689749","0","1.20613653057853","0","0","2.02817898079591","0","0","2.3726061383438","1.34800293773385","1.7186322684371"
"GABBR2__L6-eNeuron","0","0","0","0","0","0","0","0","0","0","0","0","0","0","0","0","0","0","0","0","0","0","0","0","0","0","0","0","0","0","0","0","0","0","0","0","0","0","0","0","0","0","0","0","0","0","0","0","0","0","0","0","0","0","0","0","0","0","0","0","0","0","0","0","0","0","0","0","0","0","0","0","0","0","0","0","0","0","0","0","0","0","0","0","0","0","0","0","0","0","0","0","0","0","0","0","0","0","0","0","0","0","0","0","0","0","0","0","0","0","0","0","0","0","0","0","0","0","0","0","0","0","0","0","0","0","0","0","0","0","0","0","0","0","0","0","0","0","0","0","0","0","0","0","0","0","0","0","0","0","0","0","0","0","0","0","0","0","0","0","0","0","0","0","0","0","0","0","0","0","0","0","0","0","0","0","0","0","0","0","0","0","0","0","0","0","0","0","0","0","0","0","0","0","0","0","0","0","0","0","0","0","0","0","0","0","0","0","0","0","0","0","0","0","0","0","0","0","0","0","0","0","0","0","0","0","0","0","0","0","0","0","2.69120254900212","0","0","0","0","2.83142471006767","2.37036561169738","0","0","0","0","0","0","0","2.38914975972251","2.15019833787556","0","0","0","0","0","0","1.89628305968435","0","0","0","0","0","0","0","0","0","0","0","0","0","0","0","0","0","2.01484177428069","0","0","3.15126828830849","2.61069150700651","0","0","0","0","0","0","0","0","0","2.01143633388139","0","2.63666035373551","0","0","0","0","0","0","0","0","0","0","0","0","0","0","0","0","0","0","0","2.33878245967885","0","0","1.42827773655716","0","0","0","0","1.80918183952857","0","0","1.26989048951125","1.94838114939827","3.37605833658744","2.37064876760393","2.45773625244079","2.0787531422778","0","2.80717827994153","0","2.77102979416351","0","0","0","1.41704430867308","0","1.59399550454768","0","2.78376572105052","2.54642122544365","3.22015824762999","0","0","0","0","2.80165073461876","0","1.74166451826574","0","3.29958105401863","2.44578234586308","0","2.53844361272414","2.37599016317544","2.36018640110526","0","2.43307696717194","2.431784574116","0","0","0","2.53319143424762","0","0","2.5670850099909","2.66102296963478","1.17529417414816","2.85384316449064","0","0","0","2.35440012894213","2.34240598587822","2.49762770088923","0","0","2.13510984015109","1.23686122961532","1.06701245748358","1.87183083341264","1.25847939073469","0","1.93791845695602","0","1.21402631256198","1.76866396738503","0","2.25411723554815","2.67586790513075","2.4092863766024","1.42251040106183","1.88369151831372","1.63277333135023","0","0","0","0","0","0","0","0","2.92829274802187","0","0","2.41831529677692","0","1.95957635604281","2.84869282809869","0","0","2.95098107421885","0","0","0","1.6471745680409","2.72249866776917","0","0","3.03400362452888","0","2.04126883101506","0.810302840035155","1.67581056247683","0","0","0","0","0","0","0","0","0","0","0","0","0","0","0","1.84650481625663","0","1.28804019917055","1.79669193899473","2.74463851181439","2.29349968656085","0","1.8742359880486","1.37874841692544","1.45080373876257","0","0","0","1.91447398524098","0","1.72479338559276","0","2.98729565088752","1.25857683100733","0","2.64083091572605","2.38224756416117","0","0","0","0","1.18156745820472","1.80378477660568","1.37591265095271","2.53828405723201","0","1.82340093365685","0","2.07922669115058","2.09958834491657","2.60843740153565","0","1.94991071472643","2.35320726137522","2.34608070232575","1.43706730516241","1.39166653396064","0","0","0","0","2.78940554558846","0","0","0","0","0","1.76228268515863","0","0","0.842730195224954","1.98956759430238","0","1.87836434820249","0","2.57697855648846","2.84286372910909","2.30628276621778","0","2.40827990512075","4.44846050081629","1.55375177019182","1.7385755987909","0","0","0","0","0","0","0.866350384949237","0","2.40387556521078","2.80642787252064","2.09355133885378","0","0","1.72647051845489","0","2.18108880610643","1.92061292695835","2.28213956130592","2.82984542723806"
"SV2A__L6-eNeuron","0","0","0","0","0","0","0","0","0","0","0","0","0","0","0","0","0","0","0","0","0","0","0","0","0","0","0","0","0","0","0","0","0","0","0","0","0","0","0","0","0","0","0","0","0","0","0","0","0","0","0","0","0","0","0","0","0","0","0","0","0","0","0","0","0","0","0","0","0","0","0","0","0","0","0","0","0","0","0","0","0","0","0","0","0","0","0","0","0","0","0","0","0","0","0","0","0","0","0","0","0","0","0","0","0","0","0","0","0","0","0","0","0","0","0","0","0","0","0","0","0","0","0","0","0","0","0","0","0","0","0","0","0","0","0","0","0","0","0","0","0","0","0","0","0","0","0","0","0","0","0","0","0","0","0","0","0","0","0","0","0","0","0","0","0","0","0","0","0","0","0","0","0","0","0","0","0","0","0","0","0","0","0","0","0","0","0","0","0","0","0","0","0","0","0","0","0","0","0","0","0","0","0","0","0","0","0","0","0","0","0","0","0","0","0","0","0","0","0","0","0","0","0","0","0","0","0","0","0","0","0","0","2.69120254900212","0","0","0","0","2.66744849655918","2.77378753025419","0","0","0","0","0","0","0","2.79366279139821","2.81107108191656","2.03646060266844","0","0","0","0","0","1.70874968061969","0","0","0","0","0","0","0","0","0","0","0","0","0","0","0","0","0","2.21711747929577","0","0","1.08837062234645","2.08764016486072","0","0","0","0","0","0","0","0","0","3.10090797451864","0","2.16326342287636","0","2.76587114506144","0","0","0","0","0","0","0","0","0","0","0","0","0","0","0","0","0","1.73087413775132","0","0","2.84824916447446","0","0","0","0","2.73009181416338","0","0","1.93465433255303","2.52749253315181","2.17580360569397","2.63567792679497","1.69900530722411","2.28371543301436","0","3.12319998147822","0","3.38779930160823","0","0","0","2.5876376267257","0","1.59399550454768","0","2.37979424349661","1.96535951655975","2.36721599759255","0","0","2.31235794343659","0","2.6382663073884","0","3.20237500993464","0","1.68328049553604","2.06256832078413","0","2.80983094390259","2.99726821919229","2.8483075309594","0","1.97586005131763","2.17519994348299","0","0","0","3.11463556961441","0","0","0","1.64612829599756","2.25555142606432","2.58096278914657","0","0","0","2.6187718032205","3.1926603744752","2.16532349618256","0","0","2.38980965512324","2.34214403928567","1.67363813967984","1.87183083341264","2.71583578416659","0","3.44762350336181","0","2.49042782197531","2.32547403302901","0","2.59149531885437","0.74310885888955","3.26667111739668","2.45453765049954","3.03100969201381","2.56133419630496","0","0","0","0","0","0","0","0","0","0","2.2148242499558","2.09054803314247","0","1.28968029985828","3.07795540743704","0","0","3.47237352140447","0","0","0","2.06980328338618","2.94863433646291","0","0","2.53452578417991","0","2.68999887851039","2.81324474669203","2.69765602345538","0","0","0","0","0","0","0","0","0","0","0","0","0","0","0","2.90509990197991","0","3.03734801430632","2.35718919937516","3.392825145832","2.29349968656085","0","3.05861159712722","2.07068249528073","3.27321971512258","0","0","0","2.15775655854966","0","2.27566657641096","0","2.86787156296411","2.37233592255835","0","2.24508439019363","1.63540223926831","0","0","0","0","1.82230661085013","0","2.53255664389757","2.53828405723201","0","0","0","2.07922669115058","2.92062516032296","2.60843740153565","0","1.94991071472643","2.84084257736692","2.68837767803409","2.61426145013718","0","0","0","0","0","2.8974408113924","0","0","0","0","0","2.37478990927299","0","0","2.87725877681367","2.91391287291014","0","2.44915631799966","0","0","2.84286372910909","2.56866158690443","0","2.40827990512075","0","0","2.50439427720046","0","0","0","2.72099811267815","0","0","2.75730426134429","0","1.88074166405103","1.99918886423801","2.78290187833307","0","0","2.27757446111096","2.39336422116695","1.74701689777975","3.11454298589163","2.99189416521403","2.48090739851108"
"CADM3__L6-eNeuron","0","0","0","0","0","0","0","0","0","0","0","0","0","0","0","0","0","0","0","0","0","0","0","0","0","0","0","0","0","0","0","0","0","0","0","0","0","0","0","0","0","0","0","0","0","0","0","0","0","0","0","0","0","0","0","0","0","0","0","0","0","0","0","0","0","0","0","0","0","0","0","0","0","0","0","0","0","0","0","0","0","0","0","0","0","0","0","0","0","0","0","0","0","0","0","0","0","0","0","0","0","0","0","0","0","0","0","0","0","0","0","0","0","0","0","0","0","0","0","0","0","0","0","0","0","0","0","0","0","0","0","0","0","0","0","0","0","0","0","0","0","0","0","0","0","0","0","0","0","0","0","0","0","0","0","0","0","0","0","0","0","0","0","0","0","0","0","0","0","0","0","0","0","0","0","0","0","0","0","0","0","0","0","0","0","0","0","0","0","0","0","0","0","0","0","0","0","0","0","0","0","0","0","0","0","0","0","0","0","0","0","0","0","0","0","0","0","0","0","0","0","0","0","0","0","0","0","0","0","0","0","0","1.67057121622999","0","0","0","0","0.81944001273962","2.37036561169738","0","0","0","0","0","0","0","3.24442600722181","1.83962348487864","2.49916158072274","0","0","0","0","0","1.23955963356947","0","0","0","0","0","0","0","0","0","0","0","0","0","0","0","0","0","2.69475821134054","0","0","2.46083431241063","2.37274127430493","0","0","0","0","0","0","0","0","0","2.01143633388139","0","1.85177982460817","0","1.73145885113182","0","0","0","0","0","0","0","0","0","0","0","0","0","0","0","0","0","2.63654334960716","0","0","1.42827773655716","0","0","0","0","2.04633168478171","0","0","1.93465433255303","0.965793451877066","2.50872400019671","2.85949348523705","1.69900530722411","2.76637366041295","0","2.14668184155679","0","2.21450364789798","0","0","0","2.11794674051674","0","1.59399550454768","0","2.78376572105052","2.54642122544365","1.02847109639296","0","0","2.31235794343659","0","2.45398720231182","0","2.50802690014506","0","0","2.60494159334615","0","1.76757413184696","1.9236993156001","2.03589665669077","0","2.22250578282952","2.17519994348299","0","0","0","2.27226393638834","0","0","2.09898281091112","1.64612829599756","2.86630393871912","3.08322750684277","0","0","0","3.20596033381851","1.89309734709671","2.76753828451681","0","0","2.13510984015109","2.68423714748632","1.06701245748358","1.4716097528306","1.92024332114552","0","2.7361824182984","0","2.65061901325635","2.32547403302901","0","2.59149531885437","1.88561930542748","2.83999268669436","2.12466915180206","2.45513247590979","1.92654883437903","0","0","0","0","0","0","0","0","2.92829274802187","0","3.57612909855309","2.41831529677692","0","1.95957635604281","3.07795540743704","0","0","3.96232868979186","0","0","0","2.88686001277101","2.72249866776917","0","0","2.12290614753698","0","2.04126883101506","2.00515491019096","1.67581056247683","0","0","0","0","0","0","0","0","0","0","0","0","0","0","0","1.20046626962519","0","1.28804019917055","2.10399073125754","2.60137271836702","2.29349968656085","0","1.58474879978151","2.07068249528073","1.45080373876257","0","0","0","2.15775655854966","0","0","0","1.81555477235792","0.762389653266178","0","0.805812207555703","1.03799416498604","0","0","0","0","2.26444408776267","1.80378477660568","1.37591265095271","1.38017101757248","0","0","0","2.07922669115058","1.40214115023153","2.60843740153565","0","1.94991071472643","1.61107534104029","1.2396854447301","2.39759686059473","0","0","0","0","0","2.07912801436645","0","0","0","0","0","1.76228268515863","0","0","1.75716096436671","1.75571810430568","0","2.44915631799966","0","1.40905368712984","2.03111770826289","1.98533749080992","0","1.05457247676583","0","1.55375177019182","1.35503706050138","0","0","0","2.06907127146133","0","0","1.40386242372217","0","0.61967467655509","1.32127922276588","1.85374782754206","0","0","1.34451513933231","2.39336422116695","0","0.762527127581105","0","0.818644000412032"
"NTRK3__L6-eNeuron","0","0","0","0","0","0","0","0","0","0","0","0","0","0","0","0","0","0","0","0","0","0","0","0","0","0","0","0","0","0","0","0","0","0","0","0","0","0","0","0","0","0","0","0","0","0","0","0","0","0","0","0","0","0","0","0","0","0","0","0","0","0","0","0","0","0","0","0","0","0","0","0","0","0","0","0","0","0","0","0","0","0","0","0","0","0","0","0","0","0","0","0","0","0","0","0","0","0","0","0","0","0","0","0","0","0","0","0","0","0","0","0","0","0","0","0","0","0","0","0","0","0","0","0","0","0","0","0","0","0","0","0","0","0","0","0","0","0","0","0","0","0","0","0","0","0","0","0","0","0","0","0","0","0","0","0","0","0","0","0","0","0","0","0","0","0","0","0","0","0","0","0","0","0","0","0","0","0","0","0","0","0","0","0","0","0","0","0","0","0","0","0","0","0","0","0","0","0","0","0","0","0","0","0","0","0","0","0","0","0","0","0","0","0","0","0","0","0","0","0","0","0","0","0","0","0","0","0","0","0","0","0","1.06467805763924","0","0","0","0","2.02108293438513","0","0","0","0","0","0","0","0","1.43049627064593","0.89508699461117","0","0","0","0","0","0","1.89628305968435","0","0","0","0","0","0","0","0","0","0","0","0","0","0","0","0","0","1.49815767318388","0","0","1.08837062234645","1.51472389928797","0","0","0","0","0","0","0","0","0","2.01143633388139","0","2.63666035373551","0","0","0","0","0","0","0","0","0","0","0","0","0","0","0","0","0","0","0","0.659762189335918","0","0","1.70265900095382","0","0","0","0","1.17134613713543","0","0","1.26989048951125","1.94838114939827","0","0","2.12768458250531","1.55318931762565","0","2.40193135023072","0","1.96826584701979","0","0","0","1.41704430867308","0","0","0","0.880430865657869","1.55421229050209","2.36721599759255","0","0","0","0","1.31793753304032","0","0","0","0","0.709695230044994","0","1.13907966561197","1.9236993156001","1.6169144634975","0","2.43307696717194","1.46374891375208","0","0","0","0.969160819235741","0","0","2.91993963443032","1.64612829599756","0","1.52043269076922","0","0","0","1.02038050885184","2.34240598587822","1.11229312375888","0","0","2.60621917927989","1.89285891026989","1.06701245748358","0.915831265555044","1.92024332114552","0","1.64322968309632","0","0.731114415992262","0","0","2.25411723554815","1.23116052694252","2.23146268832933","1.69629974959652","0","1.63277333135023","0","0","0","0","0","0","0","0","1.93875744636059","0","2.2148242499558","2.41831529677692","0","1.95957635604281","2.5759849046019","0","0","2.45641144937936","0","0","0","1.6471745680409","2.12435778353306","0","0","1.54475517599483","0","2.50439427720046","1.32605349551267","0","0","0","0","0","0","0","0","0","0","0","0","0","0","0","1.73321564277013","0","0","1.95751427751549","2.35718919937516","1.18088586039039","2.29349968656085","0","1.8742359880486","1.37874841692544","1.45080373876257","0","0","0","1.62167567352282","0","1.34305826165138","0","1.17630668618444","0","0","0","1.63540223926831","0","0","0","0","0","2.5807964711416","0","2.07244353493546","0","2.60366558194322","0","0","1.40214115023153","1.82749956126794","0","1.54052534773964","0","1.2396854447301","1.83250456108269","3.18888825633311","0","0","0","0","1.65550980705519","0","0","0","0","0","1.99654444136378","0","0","0.842730195224954","1.47648939179916","0","0","0","1.40905368712984","1.34687572456218","2.30628276621778","0","0.62157254553022","0","0","1.7385755987909","0","0","0","1.76431364687381","0","0","1.40386242372217","0","1.88074166405103","0.806891471752261","0.725605732001658","0","0","1.34451513933231","2.39336422116695","1.74701689777975","1.25877175966312","1.73048457386627","1.7186322684371"
"ADORA1__L6-eNeuron","0","0","0","0","0","0","0","0","0","0","0","0","0","0","0","0","0","0","0","0","0","0","0","0","0","0","0","0","0","0","0","0","0","0","0","0","0","0","0","0","0","0","0","0","0","0","0","0","0","0","0","0","0","0","0","0","0","0","0","0","0","0","0","0","0","0","0","0","0","0","0","0","0","0","0","0","0","0","0","0","0","0","0","0","0","0","0","0","0","0","0","0","0","0","0","0","0","0","0","0","0","0","0","0","0","0","0","0","0","0","0","0","0","0","0","0","0","0","0","0","0","0","0","0","0","0","0","0","0","0","0","0","0","0","0","0","0","0","0","0","0","0","0","0","0","0","0","0","0","0","0","0","0","0","0","0","0","0","0","0","0","0","0","0","0","0","0","0","0","0","0","0","0","0","0","0","0","0","0","0","0","0","0","0","0","0","0","0","0","0","0","0","0","0","0","0","0","0","0","0","0","0","0","0","0","0","0","0","0","0","0","0","0","0","0","0","0","0","0","0","0","0","0","0","0","0","0","0","0","0","0","0","1.67057121622999","0","0","0","0","1.71991178172662","1.41591472325645","0","0","0","0","0","0","0","2.13447999636394","2.40561397446238","3.13026309424819","0","0","0","0","0","1.49314480567051","0","0","0","0","0","0","0","0","0","0","0","0","0","0","0","0","0","1.49815767318388","0","0","2.130605593517","1.92073616505467","0","0","0","0","0","0","0","0","0","0","0","0.90289734074654","0","1.73145885113182","0","0","0","0","0","0","0","0","0","0","0","0","0","0","0","0","0","2.33878245967885","0","0","2.13175571484118","0","0","0","0","2.04633168478171","0","0","0.770377714847564","2.26680142250793","2.77904035011908","2.04572336176324","2.12768458250531","1.55318931762565","0","1.83635288979305","0","1.29659686132546","0","0","0","1.80964819076634","0","2.33276093236137","0","0.880430865657869","1.96535951655975","2.36721599759255","0","0","1.57699178961258","0","2.80165073461876","0","1.74166451826574","0","2.43913049126628","1.82449674237261","0","2.53844361272414","1.9236993156001","2.36018640110526","0","1.97586005131763","0.910057874687202","0","0","0","1.95349044544234","0","0","1.40165019281711","2.06863235396027","1.81425448107529","2.04075847648666","0","0","0","1.61207303096073","1.23704908598705","1.7328249004412","0","0","2.13510984015109","2.34214403928567","1.67363813967984","1.87183083341264","2.37220084272507","0","1.27247841861921","0","1.21402631256198","2.07376660931772","0","2.25411723554815","1.88561930542748","2.23146268832933","0.641704888822361","0.923512002905691","2.56133419630496","0","0","0","0","0","0","0","0","2.25650876626852","0","2.2148242499558","2.09054803314247","0","0","1.79966326509193","0","0","2.12643559921288","0","0","0","1.6471745680409","1.08408458994763","0","0","1.76423230759855","0","1.35503706050138","2.00515491019096","1.67581056247683","0","0","0","0","0","0","0","0","0","0","0","0","0","0","2.49808762000428","3.3344217299002","0","3.64796933483924","2.57251466645836","1.82143222021814","0","0","2.50223635241483","1.37874841692544","2.1593727875487","0","0","0","1.62167567352282","0","2.48816939369501","0","0.704860812515114","1.9203665050082","0","2.24508439019363","1.03799416498604","0","0","0","0","2.26444408776267","1.80378477660568","2.06717086196283","0","0","1.82340093365685","0","2.54564957669633","1.79260679053317","1.82749956126794","0","1.54052534773964","1.61107534104029","2.34608070232575","1.83250456108269","2.08665875943596","0","0","0","0","2.40618014343199","0","0","0","0","0","2.37478990927299","0","0","2.71239465200488","1.98956759430238","0","1.47735954590213","0","1.40905368712984","2.03111770826289","1.98533749080992","0","1.65727651369375","0","0.9766554801535","2.04126883101506","0","0","0","2.72099811267815","0","0","2.10171093891398","0","2.24965789675875","2.24707367369012","1.20613653057853","0","0","2.27757446111096","2.88376078964708","1.12321519713812","2.16423866981538","2.4948725823436","1.33770818581566"
"LINGO1__L6-eNeuron","0","0","0","0","0","0","0","0","0","0","0","0","0","0","0","0","0","0","0","0","0","0","0","0","0","0","0","0","0","0","0","0","0","0","0","0","0","0","0","0","0","0","0","0","0","0","0","0","0","0","0","0","0","0","0","0","0","0","0","0","0","0","0","0","0","0","0","0","0","0","0","0","0","0","0","0","0","0","0","0","0","0","0","0","0","0","0","0","0","0","0","0","0","0","0","0","0","0","0","0","0","0","0","0","0","0","0","0","0","0","0","0","0","0","0","0","0","0","0","0","0","0","0","0","0","0","0","0","0","0","0","0","0","0","0","0","0","0","0","0","0","0","0","0","0","0","0","0","0","0","0","0","0","0","0","0","0","0","0","0","0","0","0","0","0","0","0","0","0","0","0","0","0","0","0","0","0","0","0","0","0","0","0","0","0","0","0","0","0","0","0","0","0","0","0","0","0","0","0","0","0","0","0","0","0","0","0","0","0","0","0","0","0","0","0","0","0","0","0","0","0","0","0","0","0","0","0","0","0","0","0","0","3.28297711316281","0","0","0","0","2.02108293438513","3.08870112012402","0","0","0","0","0","0","0","1.82500862922528","1.44331174212033","2.03646060266844","0","0","0","0","0","2.06221973584146","0","0","0","0","0","0","0","0","0","0","0","0","0","0","0","0","0","1.77950768891558","0","0","2.130605593517","1.92073616505467","0","0","0","0","0","0","0","0","0","2.01143633388139","0","2.63666035373551","0","1.11124312812236","0","0","0","0","0","0","0","0","0","0","0","0","0","0","0","0","0","3.36136903771814","0","0","2.60258928487708","0","0","0","0","2.73009181416338","0","0","2.17905922496818","2.26680142250793","2.50872400019671","2.04572336176324","2.72616107325849","2.0787531422778","0","2.14668184155679","0","3.05005535746817","0","0","0","3.34866901567053","0","2.81895842997776","0","3.7670058910903","2.95950436651744","2.63210689434974","0","0","3.15928757046006","0","1.31793753304032","0","3.00587126766711","0","2.93257557096966","2.74827386445961","0","2.53844361272414","0","1.6169144634975","0","1.6781710969062","3.15576346401858","0","0","0","4.58405069343003","0","0","0","2.39502190572467","2.59300878505229","1.52043269076922","0","0","0","2.6187718032205","1.23704908598705","2.49762770088923","0","0","2.60621917927989","2.68423714748632","2.09938645481224","2.6599097155901","1.92024332114552","0","2.18250333019062","0","2.65061901325635","2.89135833576905","0","2.25411723554815","1.88561930542748","2.23146268832933","3.60921547208603","1.88369151831372","2.56133419630496","0","0","0","0","0","0","0","0","3.24811876353214","0","2.2148242499558","3.10510187997459","0","0","3.27573171891098","0","0","3.61131942334568","0","0","0","3.66982942593443","2.72249866776917","0","0","2.75545092486957","0","3.25839874101761","2.81324474669203","1.67581056247683","0","0","0","0","0","0","0","0","0","0","0","0","0","0","1.73321564277013","1.84650481625663","0","2.41302078998972","2.7598367181352","2.87495376652472","2.29349968656085","0","2.80708015789205","2.07068249528073","3.27321971512258","0","0","0","1.91447398524098","0","2.48816939369501","0","2.43560507386818","2.37233592255835","0","2.45648500343664","2.64774136727774","0","0","0","0","1.82230661085013","1.80378477660568","1.37591265095271","2.53828405723201","0","2.60366558194322","0","2.07922669115058","2.56774162273042","2.60843740153565","0","3.11036600724849","2.35320726137522","2.34608070232575","2.61426145013718","2.08665875943596","0","0","0","0","1.88281173758123","0","0","0","0","0","2.80340503583701","0","0","2.31243412733089","2.19074615684692","0","2.85705601270127","0","2.10810899384056","2.4933452084386","2.56866158690443","0","2.67480252121349","0","2.76710140234506","2.50439427720046","0","0","0","2.32054410401532","0","0","0.866350384949237","0","2.89498145308679","1.69969099363141","1.56597939735358","0","0","1.34451513933231","2.39336422116695","2.7848378493174","2.3726061383438","0.826027774023318","1.33770818581566"
"SLC17A7__L6-eNeuron","0","0","0","0","0","0","0","0","0","0","0","0","0","0","0","0","0","0","0","0","0","0","0","0","0","0","0","0","0","0","0","0","0","0","0","0","0","0","0","0","0","0","0","0","0","0","0","0","0","0","0","0","0","0","0","0","0","0","0","0","0","0","0","0","0","0","0","0","0","0","0","0","0","0","0","0","0","0","0","0","0","0","0","0","0","0","0","0","0","0","0","0","0","0","0","0","0","0","0","0","0","0","0","0","0","0","0","0","0","0","0","0","0","0","0","0","0","0","0","0","0","0","0","0","0","0","0","0","0","0","0","0","0","0","0","0","0","0","0","0","0","0","0","0","0","0","0","0","0","0","0","0","0","0","0","0","0","0","0","0","0","0","0","0","0","0","0","0","0","0","0","0","0","0","0","0","0","0","0","0","0","0","0","0","0","0","0","0","0","0","0","0","0","0","0","0","0","0","0","0","0","0","0","0","0","0","0","0","0","0","0","0","0","0","0","0","0","0","0","0","0","0","0","0","0","0","0","0","0","0","0","0","4.28975716275875","0","0","0","0","4.75491474286967","4.74730540733718","0","0","0","0","0","0","0","4.35734319002622","4.64801764624547","3.74518504136234","0","0","0","0","0","4.29307229545502","0","0","0","0","0","0","0","0","0","0","0","0","0","0","0","0","0","4.79514302323704","0","0","4.97320316730161","4.45260963118442","0","0","0","0","0","0","0","0","0","4.47397128288757","0","3.71999851769362","0","4.66486168127566","0","0","0","0","0","0","0","0","0","0","0","0","0","0","0","0","0","4.66405792744394","0","0","3.68243478128539","0","0","0","0","4.70289849149556","0","0","4.86931139376617","4.32644733600742","4.54120713867567","4.58162545786257","4.48183607644737","4.51891611314773","0","4.69229285112284","0","4.91311673761383","0","0","0","4.79317060332788","0","4.10019894071939","0","5.11424210400903","4.99944689193352","4.96143715503565","0","0","3.68939158470331","0","4.29746147303092","0","4.02124438592195","0","4.78339833986384","4.68834179832109","0","4.5010114690756","4.36160170627342","4.85334582635039","0","4.37864896392125","4.86452631466856","0","0","0","5.06875040415009","0","0","4.4819750220159","4.47892357590794","4.00904892183127","4.29922323420158","0","0","0","4.20818293429697","4.58926632066824","4.90916106207974","0","0","4.85747456421728","4.32163443643246","4.44670065405891","4.78657936793365","3.89959565229333","0","4.90800220212325","0","4.90864555780574","4.3404954107937","0","4.2168667324814","4.57945040982799","4.6803613287611","4.80158528138273","4.30970486624359","4.59167589692812","0","0","0","0","0","0","0","0","4.87467557999141","0","4.16969793052961","4.01873435067163","0","3.80762784257004","4.46543981196978","0","0","4.74463822486873","0","0","0","5.08954223913127","4.24187662254715","0","0","4.72287464426601","0","4.56019736609189","4.81397928695783","4.03253436021197","0","0","0","0","0","0","0","0","0","0","0","0","0","0","3.90188849125265","4.60682760632749","0","5.12457980194189","4.97798799469984","5.4621642912335","4.48950534147325","0","4.24762382368997","3.94521823384145","5.12123338880377","0","0","0","4.5759505204833","0","4.49290385751297","0","5.20591176059507","4.58362946680974","0","4.64039821538562","4.82719103365156","0","0","0","0","3.90212559241209","4.49772064362395","4.33226716215493","4.64644401189386","0","4.02102400959925","0","4.09837174041728","4.77014008958317","4.7730404297931","0","4.45936902385213","4.28489538764647","4.81912695693307","4.48195993578877","4.75387488151764","0","0","0","0","4.38478829408158","0","0","0","0","0","4.63943158966982","0","0","4.43492594949057","4.82450575855092","0","4.5425572518791","0","3.99101494890534","4.68356791491829","4.6816145429571","0","4.23052527776144","5.41503749927884","4.65520590303778","3.83221289469433","0","0","0","4.59527648307179","0","0","4.58768107033926","0","4.71242228345556","4.95314959815149","4.06058997971447","0","0","4.22524841052958","4.17114619240802","4.22301964927017","4.66539778648062","4.3986743180203","4.62504664848068"
"GLG1__L6-eNeuron","0","0","0","0","0","0","0","0","0","0","0","0","0","0","0","0","0","0","0","0","0","0","0","0","0","0","0","0","0","0","0","0","0","0","0","0","0","0","0","0","0","0","0","0","0","0","0","0","0","0","0","0","0","0","0","0","0","0","0","0","0","0","0","0","0","0","0","0","0","0","0","0","0","0","0","0","0","0","0","0","0","0","0","0","0","0","0","0","0","0","0","0","0","0","0","0","0","0","0","0","0","0","0","0","0","0","0","0","0","0","0","0","0","0","0","0","0","0","0","0","0","0","0","0","0","0","0","0","0","0","0","0","0","0","0","0","0","0","0","0","0","0","0","0","0","0","0","0","0","0","0","0","0","0","0","0","0","0","0","0","0","0","0","0","0","0","0","0","0","0","0","0","0","0","0","0","0","0","0","0","0","0","0","0","0","0","0","0","0","0","0","0","0","0","0","0","0","0","0","0","0","0","0","0","0","0","0","0","0","0","0","0","0","0","0","0","0","0","0","0","0","0","0","0","0","0","0","0","0","0","0","0","2.09596126150675","0","0","0","0","0.81944001273962","1.80835742021544","0","0","0","0","0","0","0","1.82500862922528","1.44331174212033","0","0","0","0","0","0","1.70874968061969","0","0","0","0","0","0","0","0","0","0","0","0","0","0","0","0","0","1.49815767318388","0","0","1.08837062234645","1.25886924805463","0","0","0","0","0","0","0","0","0","2.01143633388139","0","0.90289734074654","0","1.73145885113182","0","0","0","0","0","0","0","0","0","0","0","0","0","0","0","0","0","1.96314520354761","0","0","1.70265900095382","0","0","0","0","0.701423730396037","0","0","1.93465433255303","0.965793451877066","1.74225741474185","0","0","1.1952013317374","0","2.14668184155679","0","1.96826584701979","0","0","0","2.11794674051674","0","2.33276093236137","0","2.12555194440151","1.96535951655975","1.6228004573832","0","0","1.57699178961258","0","0.804505647517932","0","1.11909313202289","0","1.68328049553604","1.18327509122577","0","1.76757413184696","0","2.03589665669077","0","1.6781710969062","0.910057874687202","0","0","0","1.95349044544234","0","0","1.40165019281711","1.64612829599756","1.17529417414816","2.24413858968419","0","0","0","1.02038050885184","0","1.7328249004412","0","0","1.82559404034265","1.89285891026989","1.06701245748358","0.915831265555044","2.37220084272507","0","1.93791845695602","0","2.10420380749158","1.76866396738503","0","1.81295628964461","1.88561930542748","1.50997411024126","1.92632548016896","2.197521904328","1.63277333135023","0","0","0","0","0","0","0","0","1.53065447887287","0","1.1467095450538","0","0","1.95957635604281","1.79966326509193","0","0","2.95098107421885","0","0","0","1.0469087428997","2.12435778353306","0","0","1.76423230759855","0","0","1.7051987500517","1.67581056247683","0","0","0","0","0","0","0","0","0","0","0","0","0","0","1.73321564277013","1.84650481625663","0","2.20317066284985","1.79669193899473","1.82143222021814","2.29349968656085","0","0.736837377401023","0","1.45080373876257","0","0","0","1.25391770921437","0","2.0263647039994","0","1.81555477235792","1.25857683100733","0","1.99729916606134","1.03799416498604","0","0","0","0","1.82230661085013","1.41191410546115","2.06717086196283","0","0","2.60366558194322","0","0","1.40214115023153","1.82749956126794","0","1.94991071472643","0","2.34608070232575","2.14254340578144","2.55371631667059","0","0","0","0","1.05323124938955","0","0","0","0","0","2.37478990927299","0","0","1.75716096436671","1.75571810430568","0","1.47735954590213","0","2.10810899384056","1.34687572456218","1.98533749080992","0","1.65727651369375","5.41503749927884","1.9648400216745","2.29133602876229","0","0","0","1.76431364687381","0","0","1.40386242372217","0","1.05176000689749","1.69969099363141","1.20613653057853","0","0","1.34451513933231","0","1.74701689777975","1.92061292695835","1.34800293773385","0"
"CAP1__L6-eNeuron","0","0","0","0","0","0","0","0","0","0","0","0","0","0","0","0","0","0","0","0","0","0","0","0","0","0","0","0","0","0","0","0","0","0","0","0","0","0","0","0","0","0","0","0","0","0","0","0","0","0","0","0","0","0","0","0","0","0","0","0","0","0","0","0","0","0","0","0","0","0","0","0","0","0","0","0","0","0","0","0","0","0","0","0","0","0","0","0","0","0","0","0","0","0","0","0","0","0","0","0","0","0","0","0","0","0","0","0","0","0","0","0","0","0","0","0","0","0","0","0","0","0","0","0","0","0","0","0","0","0","0","0","0","0","0","0","0","0","0","0","0","0","0","0","0","0","0","0","0","0","0","0","0","0","0","0","0","0","0","0","0","0","0","0","0","0","0","0","0","0","0","0","0","0","0","0","0","0","0","0","0","0","0","0","0","0","0","0","0","0","0","0","0","0","0","0","0","0","0","0","0","0","0","0","0","0","0","0","0","0","0","0","0","0","0","0","0","0","0","0","0","0","0","0","0","0","0","0","0","0","0","0","2.09596126150675","0","0","0","0","1.33881901814132","1.41591472325645","0","0","0","0","0","0","0","0","1.83962348487864","1.35116992082328","0","0","0","0","0","1.89628305968435","0","0","0","0","0","0","0","0","0","0","0","0","0","0","0","0","0","0.685511877826009","0","0","2.130605593517","0.947644230846228","0","0","0","0","0","0","0","0","0","2.01143633388139","0","1.45398352631491","0","0","0","0","0","0","0","0","0","0","0","0","0","0","0","0","0","0","0","1.45389499501408","0","0","1.08916024692131","0","0","0","0","2.5870936796434","0","0","0.770377714847564","0.965793451877066","1.11954957031892","1.0306426821104","1.69900530722411","1.1952013317374","0","1.44044243613422","0","1.67117159060559","0","0","0","1.41704430867308","0","1.59399550454768","0","1.42322856619273","1.55421229050209","1.6228004573832","0","0","2.31235794343659","0","1.99501007060267","0","0","0","1.68328049553604","0","0","0","1.26121379349379","0","0","1.97586005131763","0.910057874687202","0","0","0","1.54369533904016","0","0","2.91993963443032","1.04611574045302","0","1.16725975952248","0","0","0","1.02038050885184","1.89309734709671","1.7328249004412","0","0","2.13510984015109","1.23686122961532","2.09938645481224","2.18479548390392","1.92024332114552","0","2.3915715506421","0","2.31020191108388","1.3812400411938","0","1.81295628964461","1.23116052694252","1.50997411024126","1.08429805228929","1.88369151831372","1.26346937727993","0","0","0","0","0","0","0","0","1.53065447887287","0","1.1467095450538","1.66572575809154","0","1.28968029985828","1.79966326509193","0","0","2.12643559921288","0","0","0","0","0","0","0","1.76423230759855","0","1.7385755987909","0","2.10181214017302","0","0","0","0","0","0","0","0","0","0","0","0","0","0","0","1.20046626962519","0","0.783230778758174","1.40571170700675","1.53642057960747","2.29349968656085","0","0","0","2.41521985674505","0","0","0","1.25391770921437","0","2.0263647039994","0","2.05308943557771","2.16397850245198","0","1.99729916606134","0","0","0","0","0","1.18156745820472","0.872198229613347","0","2.53828405723201","0","0","0","0","0","1.43267938767421","0","0.96680111116517","0","1.89644266620401","2.61426145013718","0","0","0","0","0","0.620667328400656","0","0","0","0","0","1.48246542679913","0","0","0.842730195224954","1.98956759430238","0","2.44915631799966","0","0","1.34687572456218","0.990241570205761","0","1.05457247676583","0","1.55375177019182","0.831081461981321","0","0","0","1.76431364687381","0","0","0.866350384949237","0","1.05176000689749","1.32127922276588","1.85374782754206","0","0","1.34451513933231","0","1.74701689777975","1.25877175966312","0","1.33770818581566"
"MGRN1__L6-eNeuron","0","0","0","0","0","0","0","0","0","0","0","0","0","0","0","0","0","0","0","0","0","0","0","0","0","0","0","0","0","0","0","0","0","0","0","0","0","0","0","0","0","0","0","0","0","0","0","0","0","0","0","0","0","0","0","0","0","0","0","0","0","0","0","0","0","0","0","0","0","0","0","0","0","0","0","0","0","0","0","0","0","0","0","0","0","0","0","0","0","0","0","0","0","0","0","0","0","0","0","0","0","0","0","0","0","0","0","0","0","0","0","0","0","0","0","0","0","0","0","0","0","0","0","0","0","0","0","0","0","0","0","0","0","0","0","0","0","0","0","0","0","0","0","0","0","0","0","0","0","0","0","0","0","0","0","0","0","0","0","0","0","0","0","0","0","0","0","0","0","0","0","0","0","0","0","0","0","0","0","0","0","0","0","0","0","0","0","0","0","0","0","0","0","0","0","0","0","0","0","0","0","0","0","0","0","0","0","0","0","0","0","0","0","0","0","0","0","0","0","0","0","0","0","0","0","0","0","0","0","0","0","0","1.06467805763924","0","0","0","0","2.02108293438513","0.875107151884263","0","0","0","0","0","0","0","1.43049627064593","1.83962348487864","0","0","0","0","0","0","1.89628305968435","0","0","0","0","0","0","0","0","0","0","0","0","0","0","0","0","0","0.685511877826009","0","0","1.70162670162061","1.51472389928797","0","0","0","0","0","0","0","0","0","2.01143633388139","0","2.16326342287636","0","2.16380509857216","0","0","0","0","0","0","0","0","0","0","0","0","0","0","0","0","0","2.16315512615919","0","0","1.70265900095382","0","0","0","0","2.42834640706294","0","0","2.17905922496818","0.965793451877066","1.11954957031892","1.62567646446057","1.69900530722411","1.55318931762565","0","0.892989683785406","0","1.96826584701979","0","0","0","2.37182271866338","0","2.33276093236137","0","0.880430865657869","1.96535951655975","1.6228004573832","0","0","2.31235794343659","0","1.69583424280838","0","1.74166451826574","0","1.68328049553604","0.709695230044994","0","1.76757413184696","0","1.6169144634975","0","0.793610164443387","0.910057874687202","0","0","0","1.54369533904016","0","0","2.09898281091112","2.06863235396027","1.81425448107529","2.72384517004551","0","0","0","1.02038050885184","2.68451267765531","2.49762770088923","0","0","1.43100929815821","1.23686122961532","1.67363813967984","1.87183083341264","2.37220084272507","0","1.93791845695602","0","2.10420380749158","1.76866396738503","0","2.25411723554815","1.23116052694252","2.71020534169551","1.08429805228929","2.45513247590979","1.63277333135023","0","0","0","0","0","0","0","0","1.53065447887287","0","1.1467095450538","2.09054803314247","0","2.41527630755058","1.16394614895289","0","0","2.12643559921288","0","0","0","1.6471745680409","1.6960204114085","0","0","1.54475517599483","0","2.29133602876229","1.32605349551267","1.67581056247683","0","0","0","0","0","0","0","0","0","0","0","0","0","0","2.49808762000428","0","0","1.66126691869563","1.40571170700675","1.82143222021814","0","0","1.58474879978151","1.37874841692544","1.20176072097749","0","0","0","2.15775655854966","0","2.0263647039994","0","1.81555477235792","0.762389653266178","0","0.805812207555703","1.03799416498604","0","0","0","0","1.18156745820472","1.41191410546115","2.06717086196283","2.07244353493546","0","2.60366558194322","0","0","1.40214115023153","1.43267938767421","0","1.54052534773964","1.61107534104029","1.2396854447301","0","2.08665875943596","0","0","0","0","2.67262048929849","0","0","0","0","0","1.99654444136378","0","0","1.37121412314157","1.12992380932443","0","2.19180683781604","0","1.40905368712984","2.03111770826289","0.990241570205761","0","1.05457247676583","0","2.28439336830439","2.04126883101506","0","0","0","1.37744713275193","0","0","1.40386242372217","0","0.61967467655509","1.99918886423801","1.85374782754206","0","0","2.02817898079591","2.39336422116695","2.51431815706046","1.25877175966312","2.4948725823436","1.33770818581566"
"STX1A__L6-eNeuron","0","0","0","0","0","0","0","0","0","0","0","0","0","0","0","0","0","0","0","0","0","0","0","0","0","0","0","0","0","0","0","0","0","0","0","0","0","0","0","0","0","0","0","0","0","0","0","0","0","0","0","0","0","0","0","0","0","0","0","0","0","0","0","0","0","0","0","0","0","0","0","0","0","0","0","0","0","0","0","0","0","0","0","0","0","0","0","0","0","0","0","0","0","0","0","0","0","0","0","0","0","0","0","0","0","0","0","0","0","0","0","0","0","0","0","0","0","0","0","0","0","0","0","0","0","0","0","0","0","0","0","0","0","0","0","0","0","0","0","0","0","0","0","0","0","0","0","0","0","0","0","0","0","0","0","0","0","0","0","0","0","0","0","0","0","0","0","0","0","0","0","0","0","0","0","0","0","0","0","0","0","0","0","0","0","0","0","0","0","0","0","0","0","0","0","0","0","0","0","0","0","0","0","0","0","0","0","0","0","0","0","0","0","0","0","0","0","0","0","0","0","0","0","0","0","0","0","0","0","0","0","0","2.09596126150675","0","0","0","0","2.27011158715723","1.41591472325645","0","0","0","0","0","0","0","3.10923915496229","1.83962348487864","2.84894976847712","0","0","0","0","0","1.89628305968435","0","0","0","0","0","0","0","0","0","0","0","0","0","0","0","0","0","1.77950768891558","0","0","2.72937605348321","1.92073616505467","0","0","0","0","0","0","0","0","0","2.82041764245407","0","1.85177982460817","0","0","0","0","0","0","0","0","0","0","0","0","0","0","0","0","0","0","0","2.76515744895911","0","0","0.64501064288325","0","0","0","0","2.73009181416338","0","0","2.57046635908059","1.94838114939827","2.50872400019671","2.63567792679497","0","2.8970156204766","0","2.40193135023072","0","2.21450364789798","0","0","0","2.5876376267257","0","0","0","2.78376572105052","1.55421229050209","2.85582391951731","0","0","2.31235794343659","0","2.80165073461876","0","2.1751450847426","0","0","1.53922124232405","0","3.83050409314656","1.26121379349379","2.62479309493737","0","2.22250578282952","2.83871909296694","0","0","0","2.94559096424972","0","0","2.5670850099909","2.06863235396027","2.86630393871912","2.42235818572724","0","0","0","1.02038050885184","2.96084437180511","1.7328249004412","0","0","1.82559404034265","1.89285891026989","1.67363813967984","2.18479548390392","2.37220084272507","0","1.27247841861921","0","3.04598962772413","1.76866396738503","0","2.86473855608107","3.07237450711025","1.15835826294497","2.72284148293045","1.4820500084174","2.723098666866","0","0","0","0","0","0","0","0","1.53065447887287","0","3.57612909855309","2.41831529677692","0","2.41527630755058","2.5759849046019","0","0","0","0","0","0","2.88686001277101","1.08408458994763","0","0","1.54475517599483","0","0.831081461981321","3.52983506575066","1.06866672175585","0","0","0","0","0","0","0","0","0","0","0","0","0","0","0","1.20046626962519","0","1.28804019917055","1.40571170700675","1.53642057960747","2.77687431560284","0","3.05861159712722","1.37874841692544","1.20176072097749","0","0","0","2.15775655854966","0","1.72479338559276","0","1.53105062312785","1.6270903853743","0","2.45648500343664","1.63540223926831","0","0","0","0","1.18156745820472","2.5807964711416","2.88387132577173","1.38017101757248","0","1.82340093365685","0","2.89755273102918","2.09958834491657","2.39195738759259","0","1.54052534773964","2.35320726137522","1.2396854447301","2.14254340578144","2.55371631667059","0","0","0","0","0.620667328400656","0","0","0","0","0","1.48246542679913","0","0","1.75716096436671","2.79542599528659","0","0","0","0","2.4933452084386","0.990241570205761","0","2.25394664381578","0","2.28439336830439","1.7385755987909","0","0","0","1.37744713275193","0","0","1.7945763173363","0","2.40387556521078","2.24707367369012","1.85374782754206","0","0","2.02817898079591","2.88376078964708","1.74701689777975","1.25877175966312","1.73048457386627","2.2686551440251"
"CNTNAP1__L6-eNeuron","0","0","0","0","0","0","0","0","0","0","0","0","0","0","0","0","0","0","0","0","0","0","0","0","0","0","0","0","0","0","0","0","0","0","0","0","0","0","0","0","0","0","0","0","0","0","0","0","0","0","0","0","0","0","0","0","0","0","0","0","0","0","0","0","0","0","0","0","0","0","0","0","0","0","0","0","0","0","0","0","0","0","0","0","0","0","0","0","0","0","0","0","0","0","0","0","0","0","0","0","0","0","0","0","0","0","0","0","0","0","0","0","0","0","0","0","0","0","0","0","0","0","0","0","0","0","0","0","0","0","0","0","0","0","0","0","0","0","0","0","0","0","0","0","0","0","0","0","0","0","0","0","0","0","0","0","0","0","0","0","0","0","0","0","0","0","0","0","0","0","0","0","0","0","0","0","0","0","0","0","0","0","0","0","0","0","0","0","0","0","0","0","0","0","0","0","0","0","0","0","0","0","0","0","0","0","0","0","0","0","0","0","0","0","0","0","0","0","0","0","0","0","0","0","0","0","0","0","0","0","0","0","2.42406541227572","0","0","0","0","3.23449053643462","0","0","0","0","0","0","0","0","1.82500862922528","0.89508699461117","1.35116992082328","0","0","0","0","0","3.39627613382198","0","0","0","0","0","0","0","0","0","0","0","0","0","0","0","0","0","1.77950768891558","0","0","2.95568945371792","2.61069150700651","0","0","0","0","0","0","0","0","0","3.10090797451864","0","2.41929258540192","0","2.49601963363202","0","0","0","0","0","0","0","0","0","0","0","0","0","0","0","0","0","1.96314520354761","0","0","2.73064174287225","0","0","0","0","2.04633168478171","0","0","1.64022707412213","1.53917113262007","1.74225741474185","0","1.69900530722411","2.28371543301436","0","1.83635288979305","0","0","0","0","0","0.875928892442071","0","2.33276093236137","0","1.42322856619273","1.96535951655975","2.36721599759255","0","0","2.31235794343659","0","1.31793753304032","0","2.50802690014506","0","1.68328049553604","2.44578234586308","0","1.13907966561197","1.9236993156001","1.02403006936308","0","1.30264855791609","1.46374891375208","0","0","0","1.95349044544234","0","0","3.20322944977545","2.06863235396027","1.17529417414816","2.42235818572724","0","0","0","2.03046380436278","1.23704908598705","3.51815868868535","0","0","2.13510984015109","1.89285891026989","2.09938645481224","2.44182317111354","1.92024332114552","0","2.57414209481922","0","2.31020191108388","2.07376660931772","0","1.81295628964461","1.88561930542748","2.02859819516733","1.92632548016896","2.197521904328","2.17050493423237","0","0","0","0","0","0","0","0","2.25650876626852","0","2.82179527139645","2.09054803314247","0","1.95957635604281","1.79966326509193","0","0","1.69788460202919","0","0","0","2.39626700862741","2.94863433646291","0","0","2.27354306743756","0","2.29133602876229","2.25335322514465","1.67581056247683","0","0","0","0","0","0","0","0","0","0","0","0","0","0","0","1.84650481625663","0","1.28804019917055","0.86769270789587","0.708036865980651","0","0","2.11523063660289","1.37874841692544","1.45080373876257","0","0","0","1.91447398524098","0","2.27566657641096","0","1.53105062312785","1.9203665050082","0","1.31976783238107","2.05662249432245","0","0","0","0","1.82230661085013","1.41191410546115","1.37591265095271","1.38017101757248","0","0","0","2.07922669115058","1.79260679053317","1.82749956126794","0","1.54052534773964","1.61107534104029","0","0.890524078892915","0","0","0","0","0","1.05323124938955","0","0","0","0","0","0","0","0","1.75716096436671","0.672865132085138","0","0.920059483519071","0","0","1.34687572456218","2.30628276621778","0","1.38717165294423","0","1.9648400216745","2.04126883101506","0","0","0","2.06907127146133","0","0","2.75730426134429","0","0.61967467655509","1.69969099363141","1.56597939735358","0","0","2.02817898079591","0","1.12321519713812","2.3726061383438","1.73048457386627","0"
"EPHB6__L6-eNeuron","0","0","0","0","0","0","0","0","0","0","0","0","0","0","0","0","0","0","0","0","0","0","0","0","0","0","0","0","0","0","0","0","0","0","0","0","0","0","0","0","0","0","0","0","0","0","0","0","0","0","0","0","0","0","0","0","0","0","0","0","0","0","0","0","0","0","0","0","0","0","0","0","0","0","0","0","0","0","0","0","0","0","0","0","0","0","0","0","0","0","0","0","0","0","0","0","0","0","0","0","0","0","0","0","0","0","0","0","0","0","0","0","0","0","0","0","0","0","0","0","0","0","0","0","0","0","0","0","0","0","0","0","0","0","0","0","0","0","0","0","0","0","0","0","0","0","0","0","0","0","0","0","0","0","0","0","0","0","0","0","0","0","0","0","0","0","0","0","0","0","0","0","0","0","0","0","0","0","0","0","0","0","0","0","0","0","0","0","0","0","0","0","0","0","0","0","0","0","0","0","0","0","0","0","0","0","0","0","0","0","0","0","0","0","0","0","0","0","0","0","0","0","0","0","0","0","0","0","0","0","0","0","2.09596126150675","0","0","0","0","2.48241599339926","2.93981979572682","0","0","0","0","0","0","0","1.82500862922528","2.81107108191656","0","0","0","0","0","0","2.68819330892498","0","0","0","0","0","0","0","0","0","0","0","0","0","0","0","0","0","2.55242135192084","0","0","2.46083431241063","2.08764016486072","0","0","0","0","0","0","0","0","0","2.47190313787043","0","3.51573869564732","0","1.73145885113182","0","0","0","0","0","0","0","0","0","0","0","0","0","0","0","0","0","2.49533124624836","0","0","1.08916024692131","0","0","0","0","2.97951250864801","0","0","2.57046635908059","2.26680142250793","3.53046048554777","3.0532049954925","2.45773625244079","3.01680349812476","0","3.38228331506124","0","3.17163612993455","0","0","0","2.77532981494962","0","3.18195648178948","0","2.78376572105052","3.76434264584204","3.04946165282578","0","0","1.57699178961258","0","2.80165073461876","0","1.11909313202289","0","1.68328049553604","2.60494159334615","0","2.80983094390259","2.7198171009443","2.36018640110526","0","1.6781710969062","2.64955229516415","0","0","0","2.27226393638834","0","0","2.5670850099909","3.66841303470789","1.81425448107529","3.37070188711757","0","0","0","3.35840822137281","2.68451267765531","3.19112517336242","0","0","2.96077327043854","3.99325527036665","3.11530504058231","3.42669603959217","2.71583578416659","0","2.3915715506421","0","2.79478749530511","2.32547403302901","0","2.25411723554815","2.95192115754199","2.23146268832933","1.42251040106183","2.45513247590979","2.723098666866","0","0","0","0","0","0","0","0","3.24811876353214","0","2.82179527139645","3.69488321846203","0","1.95957635604281","2.84869282809869","0","0","2.72478619276723","0","0","0","2.06980328338618","2.45420734513562","0","0","2.27354306743756","0","3.37131089865176","1.7051987500517","2.10181214017302","0","0","0","0","0","0","0","0","0","0","0","0","0","0","0","3.13567210669645","0","1.28804019917055","2.10399073125754","2.44229545173815","2.29349968656085","0","3.16964005982116","3.40634083498695","1.20176072097749","0","0","0","1.91447398524098","0","2.67335252390629","0","2.86787156296411","2.37233592255835","0","3.52027331464832","1.03799416498604","0","0","0","0","2.26444408776267","3.0830513760633","2.06717086196283","2.53828405723201","0","1.82340093365685","0","2.54564957669633","1.79260679053317","2.79663221846575","0","2.94139077871971","2.35320726137522","2.68837767803409","2.39759686059473","3.18888825633311","0","0","0","0","2.40618014343199","0","0","0","0","0","0.67634516039317","0","0","0.842730195224954","1.98956759430238","0","1.47735954590213","0","3.21383650110574","2.84286372910909","2.98287918559252","0","2.25394664381578","0","3.12815882424785","2.85442410072317","0","0","0","2.5346211618566","0","0","2.3547980774467","0","2.40387556521078","1.32127922276588","2.91378895495912","0","0","2.67537995808595","3.5403406249472","2.51431815706046","3.42632317089747","2.68023042991345","3.54750712595658"
"NLGN2__L6-eNeuron","0","0","0","0","0","0","0","0","0","0","0","0","0","0","0","0","0","0","0","0","0","0","0","0","0","0","0","0","0","0","0","0","0","0","0","0","0","0","0","0","0","0","0","0","0","0","0","0","0","0","0","0","0","0","0","0","0","0","0","0","0","0","0","0","0","0","0","0","0","0","0","0","0","0","0","0","0","0","0","0","0","0","0","0","0","0","0","0","0","0","0","0","0","0","0","0","0","0","0","0","0","0","0","0","0","0","0","0","0","0","0","0","0","0","0","0","0","0","0","0","0","0","0","0","0","0","0","0","0","0","0","0","0","0","0","0","0","0","0","0","0","0","0","0","0","0","0","0","0","0","0","0","0","0","0","0","0","0","0","0","0","0","0","0","0","0","0","0","0","0","0","0","0","0","0","0","0","0","0","0","0","0","0","0","0","0","0","0","0","0","0","0","0","0","0","0","0","0","0","0","0","0","0","0","0","0","0","0","0","0","0","0","0","0","0","0","0","0","0","0","0","0","0","0","0","0","0","0","0","0","0","0","1.06467805763924","0","0","0","0","1.71991178172662","2.37036561169738","0","0","0","0","0","0","0","0.885728261521389","0.89508699461117","1.35116992082328","0","0","0","0","0","1.49314480567051","0","0","0","0","0","0","0","0","0","0","0","0","0","0","0","0","0","1.77950768891558","0","0","1.70162670162061","1.51472389928797","0","0","0","0","0","0","0","0","0","0","0","0.90289734074654","0","1.11124312812236","0","0","0","0","0","0","0","0","0","0","0","0","0","0","0","0","0","1.96314520354761","0","0","1.08916024692131","0","0","0","0","1.80918183952857","0","0","1.93465433255303","1.53917113262007","1.11954957031892","1.62567646446057","1.08636606711327","1.839772461667","0","1.44044243613422","0","0.789306682346217","0","0","0","0.875928892442071","0","0","0","0.880430865657869","0.97699900622018","0","0","0","2.31235794343659","0","2.24267447748625","0","1.11909313202289","0","0","2.06256832078413","0","0","1.26121379349379","2.03589665669077","0","1.97586005131763","2.17519994348299","0","0","0","0","0","0","0","1.04611574045302","0","1.16725975952248","0","0","0","1.02038050885184","0","2.16532349618256","0","0","0","1.89285891026989","1.06701245748358","0","1.92024332114552","0","1.64322968309632","0","2.10420380749158","0","0","0","0","1.50997411024126","1.08429805228929","0.923512002905691","2.37911385649625","0","0","0","0","0","0","0","0","1.53065447887287","0","1.1467095450538","1.66572575809154","0","1.95957635604281","0","0","0","0","0","0","0","1.0469087428997","1.08408458994763","0","0","1.28579230417034","0","1.35503706050138","1.32605349551267","0","0","0","0","0","0","0","0","0","0","0","0","0","0","0","0","1.84650481625663","0","1.66126691869563","1.40571170700675","1.18088586039039","2.29349968656085","0","1.8742359880486","0","1.45080373876257","0","0","0","2.36587310744231","0","0.822479411616069","0","1.81555477235792","0","0","1.69794682026288","1.03799416498604","0","0","0","0","1.82230661085013","1.41191410546115","0","2.07244353493546","0","0","0","0","0.865101403303047","0","0","1.94991071472643","0","0","1.83250456108269","0","0","0","0","0","1.65550980705519","0","0","0","0","0","1.76228268515863","0","0","0.842730195224954","1.75571810430568","0","1.47735954590213","0","2.10810899384056","0","1.5719365376049","0","1.65727651369375","0","1.55375177019182","0.831081461981321","0","0","0","1.37744713275193","0","0","0.866350384949237","0","0","1.32127922276588","1.85374782754206","0","0","0.823524528655488","2.39336422116695","2.18108880610643","0","1.34800293773385","1.33770818581566"
"GRM3__L6-eNeuron","0","0","0","0","0","0","0","0","0","0","0","0","0","0","0","0","0","0","0","0","0","0","0","0","0","0","0","0","0","0","0","0","0","0","0","0","0","0","0","0","0","0","0","0","0","0","0","0","0","0","0","0","0","0","0","0","0","0","0","0","0","0","0","0","0","0","0","0","0","0","0","0","0","0","0","0","0","0","0","0","0","0","0","0","0","0","0","0","0","0","0","0","0","0","0","0","0","0","0","0","0","0","0","0","0","0","0","0","0","0","0","0","0","0","0","0","0","0","0","0","0","0","0","0","0","0","0","0","0","0","0","0","0","0","0","0","0","0","0","0","0","0","0","0","0","0","0","0","0","0","0","0","0","0","0","0","0","0","0","0","0","0","0","0","0","0","0","0","0","0","0","0","0","0","0","0","0","0","0","0","0","0","0","0","0","0","0","0","0","0","0","0","0","0","0","0","0","0","0","0","0","0","0","0","0","0","0","0","0","0","0","0","0","0","0","0","0","0","0","0","0","0","0","0","0","0","0","0","0","0","0","0","1.06467805763924","0","0","0","0","2.02108293438513","1.80835742021544","0","0","0","0","0","0","0","0","0.89508699461117","0","0","0","0","0","0","0.539783976173412","0","0","0","0","0","0","0","0","0","0","0","0","0","0","0","0","0","1.14831266012037","0","0","2.130605593517","0","0","0","0","0","0","0","0","0","0","0","0","1.85177982460817","0","1.11124312812236","0","0","0","0","0","0","0","0","0","0","0","0","0","0","0","0","0","1.11079376626929","0","0","1.08916024692131","0","0","0","0","1.80918183952857","0","0","0.770377714847564","0","1.11954957031892","1.0306426821104","1.69900530722411","0.717985776872894","0","0","0","0.789306682346217","0","0","0","0","0","0","0","0","0.97699900622018","2.04249867929695","0","0","1.57699178961258","0","0.804505647517932","0","0","0","0","1.18327509122577","0","1.76757413184696","1.9236993156001","0","0","0","0.910057874687202","0","0","0","1.54369533904016","0","0","2.09898281091112","2.39502190572467","0","0.698595075208683","0","0","0","1.02038050885184","1.89309734709671","1.7328249004412","0","0","0.886102478136144","1.23686122961532","1.06701245748358","2.18479548390392","0","0","1.27247841861921","0","0.731114415992262","2.07376660931772","0","1.81295628964461","1.88561930542748","1.50997411024126","1.69629974959652","0.923512002905691","0.765841798643795","0","0","0","0","0","0","0","0","0.959461840125123","0","1.1467095450538","1.66572575809154","0","1.95957635604281","0","0","0","1.69788460202919","0","0","0","1.6471745680409","1.08408458994763","0","0","1.28579230417034","0","0.831081461981321","1.32605349551267","2.10181214017302","0","0","0","0","0","0","0","0","0","0","0","0","0","0","0","0","0","0.783230778758174","1.79669193899473","1.53642057960747","0","0","1.58474879978151","2.07068249528073","1.66311857843687","0","0","0","0.759105416596786","0","2.0263647039994","0","0.704860812515114","1.25857683100733","0","0","2.05662249432245","0","0","0","0","1.82230661085013","0.872198229613347","0","2.07244353493546","0","0","0","1.38565369249775","2.09958834491657","0","0","0","0","0","0.890524078892915","0","0","0","0","0","1.65550980705519","0","0","0","0","0","1.99654444136378","0","0","0","1.75571810430568","0","1.87836434820249","0","0","0","1.5719365376049","0","1.38717165294423","0","0","0.831081461981321","0","0","0","0","0","0","2.3547980774467","0","1.38382093559561","2.24707367369012","0","0","0","2.02817898079591","0","1.12321519713812","2.71626164051501","2.03252057750289","0.818644000412032"
"NTSR2__L6-eNeuron","0","0","0","0","0","0","0","0","0","0","0","0","0","0","0","0","0","0","0","0","0","0","0","0","0","0","0","0","0","0","0","0","0","0","0","0","0","0","0","0","0","0","0","0","0","0","0","0","0","0","0","0","0","0","0","0","0","0","0","0","0","0","0","0","0","0","0","0","0","0","0","0","0","0","0","0","0","0","0","0","0","0","0","0","0","0","0","0","0","0","0","0","0","0","0","0","0","0","0","0","0","0","0","0","0","0","0","0","0","0","0","0","0","0","0","0","0","0","0","0","0","0","0","0","0","0","0","0","0","0","0","0","0","0","0","0","0","0","0","0","0","0","0","0","0","0","0","0","0","0","0","0","0","0","0","0","0","0","0","0","0","0","0","0","0","0","0","0","0","0","0","0","0","0","0","0","0","0","0","0","0","0","0","0","0","0","0","0","0","0","0","0","0","0","0","0","0","0","0","0","0","0","0","0","0","0","0","0","0","0","0","0","0","0","0","0","0","0","0","0","0","0","0","0","0","0","0","0","0","0","0","0","2.09596126150675","0","0","0","0","2.83142471006767","2.93981979572682","0","0","0","0","0","0","0","1.82500862922528","1.44331174212033","2.03646060266844","0","0","0","0","0","2.06221973584146","0","0","0","0","0","0","0","0","0","0","0","0","0","0","0","0","0","1.77950768891558","0","0","2.46083431241063","1.73196595987365","0","0","0","0","0","0","0","0","0","0","0","1.45398352631491","0","2.16380509857216","0","0","0","0","0","0","0","0","0","0","0","0","0","0","0","0","0","2.88323840577323","0","0","2.30633683877106","0","0","0","0","2.24994660350708","0","0","1.26989048951125","1.94838114939827","1.11954957031892","1.0306426821104","2.12768458250531","0.717985776872894","0","0","0","1.29659686132546","0","0","0","1.80964819076634","0","0","0","1.42322856619273","1.55421229050209","1.6228004573832","0","0","2.31235794343659","0","0.804505647517932","0","1.11909313202289","0","2.43913049126628","1.82449674237261","0","1.76757413184696","2.7198171009443","0","0","1.30264855791609","0.910057874687202","0","0","0","0","0","0","2.09898281091112","1.04611574045302","2.25555142606432","0","0","0","0","0","1.23704908598705","2.16532349618256","0","0","0","1.89285891026989","0","1.4716097528306","0","0","0.772207520000369","0","0","0.849967948067405","0","0","2.12726806323603","0.692441863425144","2.72284148293045","2.86336138116853","1.63277333135023","0","0","0","0","0","0","0","0","0","0","0","0","0","0","0","0","0","1.69788460202919","0","0","0","0","2.12435778353306","0","0","0.564998904050969","0","1.7385755987909","1.32605349551267","0","0","0","0","0","0","0","0","0","0","0","0","0","0","0","2.49808762000428","2.29113731801389","0","0.783230778758174","0","1.53642057960747","2.29349968656085","0","0.736837377401023","0","0.900568533537931","0","0","0","1.25391770921437","0","1.34305826165138","0","0","1.25857683100733","0","3.08428486425292","2.38224756416117","0","0","0","0","2.26444408776267","0","0","0","0","0","0","2.07922669115058","1.79260679053317","0","0","1.54052534773964","2.84084257736692","0","0","0","0","0","0","0","1.05323124938955","0","0","0","0","0","1.76228268515863","0","0","0.842730195224954","0.672865132085138","0","1.87836434820249","0","4.13391621554218","2.4933452084386","1.5719365376049","0","1.65727651369375","0","0","1.35503706050138","0","0","0","1.37744713275193","0","0","0","0","1.88074166405103","1.99918886423801","1.56597939735358","0","0","0","0","0","1.62731686470054","1.73048457386627","2.01969829140581"
"PDE1B__L6-eNeuron","0","0","0","0","0","0","0","0","0","0","0","0","0","0","0","0","0","0","0","0","0","0","0","0","0","0","0","0","0","0","0","0","0","0","0","0","0","0","0","0","0","0","0","0","0","0","0","0","0","0","0","0","0","0","0","0","0","0","0","0","0","0","0","0","0","0","0","0","0","0","0","0","0","0","0","0","0","0","0","0","0","0","0","0","0","0","0","0","0","0","0","0","0","0","0","0","0","0","0","0","0","0","0","0","0","0","0","0","0","0","0","0","0","0","0","0","0","0","0","0","0","0","0","0","0","0","0","0","0","0","0","0","0","0","0","0","0","0","0","0","0","0","0","0","0","0","0","0","0","0","0","0","0","0","0","0","0","0","0","0","0","0","0","0","0","0","0","0","0","0","0","0","0","0","0","0","0","0","0","0","0","0","0","0","0","0","0","0","0","0","0","0","0","0","0","0","0","0","0","0","0","0","0","0","0","0","0","0","0","0","0","0","0","0","0","0","0","0","0","0","0","0","0","0","0","0","0","0","0","0","0","0","2.09596126150675","0","0","0","0","1.33881901814132","0.875107151884263","0","0","0","0","0","0","0","0.885728261521389","1.44331174212033","0","0","0","0","0","0","0.931690349772117","0","0","0","0","0","0","0","0","0","0","0","0","0","0","0","0","0","1.49815767318388","0","0","1.08837062234645","1.25886924805463","0","0","0","0","0","0","0","0","0","1.33108440301854","0","0.90289734074654","0","0","0","0","0","0","0","0","0","0","0","0","0","0","0","0","0","0","0","1.11079376626929","0","0","0.64501064288325","0","0","0","0","1.17134613713543","0","0","2.73242777138525","2.26680142250793","2.17580360569397","1.62567646446057","2.12768458250531","1.55318931762565","0","1.44044243613422","0","1.29659686132546","0","0","0","0.875928892442071","0","0","0","1.42322856619273","1.55421229050209","0","0","0","1.57699178961258","0","2.45398720231182","0","0","0","2.43913049126628","1.18327509122577","0","0","1.9236993156001","0","0","1.30264855791609","0","0","0","0","1.54369533904016","0","0","0","1.64612829599756","1.81425448107529","2.42235818572724","0","0","0","0","0","0","0","0","1.43100929815821","1.89285891026989","0","0.915831265555044","1.92024332114552","0","0","0","2.10420380749158","0","0","2.25411723554815","1.23116052694252","0.692441863425144","0","0.923512002905691","1.26346937727993","0","0","0","0","0","0","0","0","0","0","0","1.06099233718116","0","0","1.16394614895289","0","0","1.69788460202919","0","0","0","1.0469087428997","1.08408458994763","0","0","0.969950046213462","0","0.831081461981321","1.7051987500517","1.67581056247683","0","0","0","0","0","0","0","0","0","0","0","0","0","0","0","2.29113731801389","0","1.28804019917055","0","0.708036865980651","0","0","1.22220925104058","2.07068249528073","1.20176072097749","0","0","0","0.759105416596786","0","1.72479338559276","0","0.704860812515114","2.37233592255835","0","1.69794682026288","1.03799416498604","0","0","0","0","0","0","0","0","0","2.60366558194322","0","2.07922669115058","1.40214115023153","0","0","1.54052534773964","0","1.2396854447301","1.83250456108269","2.08665875943596","0","0","0","0","1.05323124938955","0","0","0","0","0","1.48246542679913","0","0","2.06134887355808","2.36727359141794","0","3.17468441207924","0","0","0","1.5719365376049","0","1.38717165294423","0","1.9648400216745","0.831081461981321","0","0","0","1.37744713275193","0","0","0.866350384949237","0","1.05176000689749","1.32127922276588","1.20613653057853","0","0","1.34451513933231","0","1.12321519713812","0.762527127581105","1.34800293773385","2.2686551440251"
"KCNJ4__L6-eNeuron","0","0","0","0","0","0","0","0","0","0","0","0","0","0","0","0","0","0","0","0","0","0","0","0","0","0","0","0","0","0","0","0","0","0","0","0","0","0","0","0","0","0","0","0","0","0","0","0","0","0","0","0","0","0","0","0","0","0","0","0","0","0","0","0","0","0","0","0","0","0","0","0","0","0","0","0","0","0","0","0","0","0","0","0","0","0","0","0","0","0","0","0","0","0","0","0","0","0","0","0","0","0","0","0","0","0","0","0","0","0","0","0","0","0","0","0","0","0","0","0","0","0","0","0","0","0","0","0","0","0","0","0","0","0","0","0","0","0","0","0","0","0","0","0","0","0","0","0","0","0","0","0","0","0","0","0","0","0","0","0","0","0","0","0","0","0","0","0","0","0","0","0","0","0","0","0","0","0","0","0","0","0","0","0","0","0","0","0","0","0","0","0","0","0","0","0","0","0","0","0","0","0","0","0","0","0","0","0","0","0","0","0","0","0","0","0","0","0","0","0","0","0","0","0","0","0","0","0","0","0","0","0","2.42406541227572","0","0","0","0","1.33881901814132","2.11655680197453","0","0","0","0","0","0","0","1.82500862922528","2.62253967880899","1.35116992082328","0","0","0","0","0","2.87824812300765","0","0","0","0","0","0","0","0","0","0","0","0","0","0","0","0","0","2.55242135192084","0","0","2.130605593517","2.37274127430493","0","0","0","0","0","0","0","0","0","2.01143633388139","0","0","0","2.76587114506144","0","0","0","0","0","0","0","0","0","0","0","0","0","0","0","0","0","2.16315512615919","0","0","2.60258928487708","0","0","0","0","1.52523010294614","0","0","1.64022707412213","2.26680142250793","1.74225741474185","1.0306426821104","1.69900530722411","1.839772461667","0","1.44044243613422","0","2.21450364789798","0","0","0","2.37182271866338","0","2.33276093236137","0","1.42322856619273","2.54642122544365","2.63210689434974","0","0","1.57699178961258","0","2.24267447748625","0","2.1751450847426","0","1.68328049553604","1.82449674237261","0","2.20389474538092","0","3.04179354763344","0","2.43307696717194","2.17519994348299","0","0","0","2.53319143424762","0","0","0","2.88553070370357","3.09598104179414","2.42235818572724","0","0","0","2.84211865796636","2.68451267765531","1.11229312375888","0","0","2.96077327043854","2.34214403928567","1.06701245748358","3.16669977571245","2.37220084272507","0","2.88184659566205","0","1.21402631256198","2.07376660931772","0","0","1.88561930542748","2.56757743015364","3.05001982791722","0.923512002905691","2.56133419630496","0","0","0","0","0","0","0","0","0.959461840125123","0","2.54999770513605","1.66572575809154","0","1.95957635604281","2.5759849046019","0","0","2.72478619276723","0","0","0","0","1.6960204114085","0","0","1.76423230759855","0","3.00201222520038","2.46505424496924","1.67581056247683","0","0","0","0","0","0","0","0","0","0","0","0","0","0","1.73321564277013","1.84650481625663","0","0.783230778758174","0","0","2.29349968656085","0","2.32167164996096","2.07068249528073","1.20176072097749","0","0","0","0.759105416596786","0","2.27566657641096","0","1.17630668618444","1.9203665050082","0","1.31976783238107","2.87188793760174","0","0","0","0","2.26444408776267","2.5807964711416","2.88387132577173","2.07244353493546","0","1.82340093365685","0","2.07922669115058","1.79260679053317","1.43267938767421","0","2.74996591934122","1.61107534104029","1.2396854447301","2.61426145013718","0","0","0","0","0","2.25190194796694","0","0","0","0","0","0","0","0","2.31243412733089","1.12992380932443","0","1.87836434820249","0","0","2.03111770826289","2.30628276621778","0","2.40827990512075","0","2.28439336830439","2.04126883101506","0","0","0","2.06907127146133","0","0","1.7945763173363","0","1.38382093559561","2.24707367369012","1.85374782754206","0","0","2.49014524117514","0","2.51431815706046","2.3726061383438","0.826027774023318","0.818644000412032"
"LRP1__L6-eNeuron","0","0","0","0","0","0","0","0","0","0","0","0","0","0","0","0","0","0","0","0","0","0","0","0","0","0","0","0","0","0","0","0","0","0","0","0","0","0","0","0","0","0","0","0","0","0","0","0","0","0","0","0","0","0","0","0","0","0","0","0","0","0","0","0","0","0","0","0","0","0","0","0","0","0","0","0","0","0","0","0","0","0","0","0","0","0","0","0","0","0","0","0","0","0","0","0","0","0","0","0","0","0","0","0","0","0","0","0","0","0","0","0","0","0","0","0","0","0","0","0","0","0","0","0","0","0","0","0","0","0","0","0","0","0","0","0","0","0","0","0","0","0","0","0","0","0","0","0","0","0","0","0","0","0","0","0","0","0","0","0","0","0","0","0","0","0","0","0","0","0","0","0","0","0","0","0","0","0","0","0","0","0","0","0","0","0","0","0","0","0","0","0","0","0","0","0","0","0","0","0","0","0","0","0","0","0","0","0","0","0","0","0","0","0","0","0","0","0","0","0","0","0","0","0","0","0","0","0","0","0","0","0","0","0","0","0","0","0.81944001273962","2.11655680197453","0","0","0","0","0","0","0","1.43049627064593","0.89508699461117","1.35116992082328","0","0","0","0","0","1.89628305968435","0","0","0","0","0","0","0","0","0","0","0","0","0","0","0","0","0","2.01484177428069","0","0","2.130605593517","0.947644230846228","0","0","0","0","0","0","0","0","0","2.01143633388139","0","1.85177982460817","0","2.16380509857216","0","0","0","0","0","0","0","0","0","0","0","0","0","0","0","0","0","2.33878245967885","0","0","1.42827773655716","0","0","0","0","1.52523010294614","0","0","1.26989048951125","2.26680142250793","1.11954957031892","2.04572336176324","1.69900530722411","1.839772461667","0","2.40193135023072","0","1.67117159060559","0","0","0","2.11794674051674","0","1.59399550454768","0","0","2.28494840221857","1.02847109639296","0","0","1.57699178961258","0","0","0","0","0","0","1.18327509122577","0","1.76757413184696","1.9236993156001","2.36018640110526","0","2.22250578282952","1.86289276660852","0","0","0","1.54369533904016","0","0","0","2.06863235396027","1.17529417414816","1.16725975952248","0","0","0","1.02038050885184","1.89309734709671","2.16532349618256","0","0","0.886102478136144","1.23686122961532","1.06701245748358","1.4716097528306","2.71583578416659","0","0.772207520000369","0","1.21402631256198","0","0","1.17428349875732","1.59518679035316","2.56757743015364","1.42251040106183","1.4820500084174","1.63277333135023","0","0","0","0","0","0","0","0","1.53065447887287","0","2.2148242499558","1.66572575809154","0","3.03978653355884","2.23942381774605","0","0","1.69788460202919","0","0","0","2.39626700862741","2.45420734513562","0","0","1.28579230417034","0","0.831081461981321","0.810302840035155","1.06866672175585","0","0","0","0","0","0","0","0","0","0","0","0","0","0","1.73321564277013","1.20046626962519","0","1.28804019917055","0.86769270789587","0.708036865980651","0","0","1.22220925104058","2.53637133789135","1.66311857843687","0","0","0","0","0","2.0263647039994","0","0","0","0","1.69794682026288","0","0","0","0","0","1.82230661085013","1.80378477660568","2.06717086196283","2.07244353493546","0","0","0","2.07922669115058","1.79260679053317","0","0","0.96680111116517","0","1.89644266620401","1.83250456108269","1.39166653396064","0","0","0","0","0.620667328400656","0","0","0","0","0","0.67634516039317","0","0","1.37121412314157","0.672865132085138","0","1.47735954590213","0","2.10810899384056","1.34687572456218","0.990241570205761","0","1.65727651369375","4.44846050081629","0.9766554801535","0.831081461981321","0","0","0","1.76431364687381","0","0","1.40386242372217","0","1.88074166405103","1.32127922276588","0.725605732001658","0","0","0","0","1.12321519713812","2.3726061383438","2.03252057750289","1.7186322684371"
"ADCY1__Olig","0","0","0","0","0","0","0","0","0","0","0","0","0","0","0","0","0","0","0","0","0","0","0","0","0","0","0","0","0","0","0","0","0","0","0","0","0","0","0","0","0","0","0","0","0","0","0","0","0","0","0","0","0","0","0","0","0","0","0","0","0","0","0","0","0","0","0","0","0","0","0","0","0","0","0","0","0","0","0","0","0","0","0","0","0","0","0","0","0","0","0","0","0","0","0","0","0","0","0","0","0","0","0","0","0","0","0","0","0","0","0","0","0","0","0","0","0","0","0","0","0","0","0","0","0","0","0","0","0","0","0","0","0","0","0","0","0","0","0","0","0","0","0","0","0","0","0","0","0","0","0","0","0","0","0","0","0","0","0","0","0","0","0","0","0","0","0","0","0","0","0","0","0","0","0","0","0","0","0","0","0","0","0","0","0","0","0","0","0","0","0","0","0","0","0","0","0","0","0","0","0","0","0","0","0","0","0","0","0","0","0","0","0","0","0","0","0","0","0","0","0","0","0","0","0","0","0","0","0","0","0","0","0","0","0","0","0","0","0","0","0","0","0","0","0","0","0","0","0","0","0","0","0","0","0","0","0","0","0","0","0","0","0","0","0","0","0","0","0","0","1.21456823230162","0","0","0","0","0","0","0","0","0","0","0","0","0","0","0","0","0","0","0","0","0","0","0","0","0","0","0","0","0","0","0","0","0","0","2.22437823726029","0","0","0","0","0","0","0","0","0","0","0","0","0","0","0","0","0","0","0","0","0","0","0","0","0","1.82493548266242","0","0","0","0","0","0","0","0","1.9153307362339","0","0","0","0","0","0","0","0","0","0","0","0","0","0","0","0","0","0","0","0","0","0","0","0","0","2.33691995466517","0","0","0","0","0","0","0","0","0","0","0","0","0","0","0","0","0","0","0","0","0","0","0","0","0","0","0","0","0","0","0","0","0","0","0","0","0","0","0","0","0","0","2.54825623181666","0","0","0","0","0","0","0","0","0","0","0","0","0","0","0","0","0","0","1.61007901076269","0","1.00301503775543","0","0","0","0","0","0","0","0","0","0","0","0","0","0","0","0","0","0","0","0","0","1.76941410463827","0","0","0","0","0","0","0","0","0","0","0","0","0","0","0","0","0","0","0","0","0","0","0","0","0","0","0","0","0","0","0","0","0","0","2.43322067041353","0","2.56757743015364","0","0","0","0","0","0","0","0","0","0","0","0","0","0","0","0","0","0","0","1.76039184516602","0","0","0","0","0","0","0","0","0","0","0","0","0"
"ADIPOR1__Olig","0","0","0","0","0","0","0","0","0","0","0","0","0","0","0","0","0","0","0","0","0","0","0","0","0","0","0","0","0","0","0","0","0","0","0","0","0","0","0","0","0","0","0","0","0","0","0","0","0","0","0","0","0","0","0","0","0","0","0","0","0","0","0","0","0","0","0","0","0","0","0","0","0","0","0","0","0","0","0","0","0","0","0","0","0","0","0","0","0","0","0","0","0","0","0","0","0","0","0","0","0","0","0","0","0","0","0","0","0","0","0","0","0","0","0","0","0","0","0","0","0","0","0","0","0","0","0","0","0","0","0","0","0","0","0","0","0","0","0","0","0","0","0","0","0","0","0","0","0","0","0","0","0","0","0","0","0","0","0","0","0","0","0","0","0","0","0","0","0","0","0","0","0","0","0","0","0","0","0","0","0","0","0","0","0","0","0","0","0","0","0","0","0","0","0","0","0","0","0","0","0","0","0","0","0","0","0","0","0","0","0","0","0","0","0","0","0","0","0","0","0","0","0","0","0","0","0","0","0","0","0","0","0","0","0","0","0","0","0","0","0","0","0","0","0","0","0","0","0","0","0","0","0","0","0","0","0","0","0","0","0","0","0","0","0","0","0","0","0","0","0.731493120529801","0","0","0","0","0","0","0","0","0","0","0","0","0","0","0","0","0","0","0","0","0","0","0","0","0","0","0","0","0","0","0","0","0","0","2.22437823726029","0","0","0","0","0","0","0","0","0","0","0","0","0","0","0","0","0","0","0","0","0","0","0","0","0","1.82493548266242","0","0","0","0","0","0","0","0","1.9153307362339","0","0","0","0","0","0","0","0","0","0","0","0","0","0","0","0","0","0","0","0","0","0","0","0","0","2.67874161874008","0","0","0","0","0","0","0","0","0","0","0","0","0","0","0","0","0","0","0","0","0","0","0","0","0","0","0","0","0","0","0","0","0","0","0","0","0","0","0","0","0","0","0.570391869857093","0","0","0","0","0","0","0","0","0","0","0","0","1.21855801365499","0","0","0","0","0","0","0","0","0","0","1.62010386238077","0","0","0","0","0","0","0","0","0","0","0","0","0","0","0","0","0","0","1.76941410463827","0","0","0","0","0","0","0","0","0","0","0","0","0","0","0","0","0","0","0","0","0","0","0","0","0","0","0","0","0","0","0","0","0","0","1.9759915777817","0","0","0","0","0","0","0","0","0","0","0","0","0","0","0","0","0","0","0","0","0","1.76039184516602","0","0","0","0","0","0","0","0","0","0","0","0","0"
"APLP2__Olig","0","0","0","0","0","0","0","0","0","0","0","0","0","0","0","0","0","0","0","0","0","0","0","0","0","0","0","0","0","0","0","0","0","0","0","0","0","0","0","0","0","0","0","0","0","0","0","0","0","0","0","0","0","0","0","0","0","0","0","0","0","0","0","0","0","0","0","0","0","0","0","0","0","0","0","0","0","0","0","0","0","0","0","0","0","0","0","0","0","0","0","0","0","0","0","0","0","0","0","0","0","0","0","0","0","0","0","0","0","0","0","0","0","0","0","0","0","0","0","0","0","0","0","0","0","0","0","0","0","0","0","0","0","0","0","0","0","0","0","0","0","0","0","0","0","0","0","0","0","0","0","0","0","0","0","0","0","0","0","0","0","0","0","0","0","0","0","0","0","0","0","0","0","0","0","0","0","0","0","0","0","0","0","0","0","0","0","0","0","0","0","0","0","0","0","0","0","0","0","0","0","0","0","0","0","0","0","0","0","0","0","0","0","0","0","0","0","0","0","0","0","0","0","0","0","0","0","0","0","0","0","0","0","0","0","0","0","0","0","0","0","0","0","0","0","0","0","0","0","0","0","0","0","0","0","0","0","0","0","0","0","0","0","0","0","0","0","0","0","0","1.21456823230162","0","0","0","0","0","0","0","0","0","0","0","0","0","0","0","0","0","0","0","0","0","0","0","0","0","0","0","0","0","0","0","0","0","0","2.22437823726029","0","0","0","0","0","0","0","0","0","0","0","0","0","0","0","0","0","0","0","0","0","0","0","0","0","0","0","0","0","0","0","0","0","0","1.25459488107872","0","0","0","0","0","0","0","0","0","0","0","0","0","0","0","0","0","0","0","0","0","0","0","0","0","0","0","0","0","0","0","0","0","0","0","0","0","0","0","0","0","0","0","0","0","0","0","0","0","0","0","0","0","0","0","0","0","0","0","0","0","0","0","0","0","0","0","0","1.29559406981101","0","0","0","0","0","0","0","0","0","0","0","0","2.31655706606115","0","0","0","0","0","1.01887825698895","0","2.81251970695628","0","0","1.62010386238077","0","0","0","0","0","0","0","0","0","0","0","0","0","0","0","0","0","0","1.14050212522802","0","0","0","0","0","0","0","0","0","0","0","0","0","0","0","0","0","0","0","0","0","0","0","0","0","0","0","0","0","0","0","0","0","0","1.30275342616461","0","0","0","0","0","0","0","0","0","0","0","0","0","0","0","0","0","0","0","0","0","1.37402909381587","0","0","0","0","0","0","0","0","0","0","0","0","0"
"CLDN11__Olig","0","0","0","0","0","0","0","0","0","0","0","0","0","0","0","0","0","0","0","0","0","0","0","0","0","0","0","0","0","0","0","0","0","0","0","0","0","0","0","0","0","0","0","0","0","0","0","0","0","0","0","0","0","0","0","0","0","0","0","0","0","0","0","0","0","0","0","0","0","0","0","0","0","0","0","0","0","0","0","0","0","0","0","0","0","0","0","0","0","0","0","0","0","0","0","0","0","0","0","0","0","0","0","0","0","0","0","0","0","0","0","0","0","0","0","0","0","0","0","0","0","0","0","0","0","0","0","0","0","0","0","0","0","0","0","0","0","0","0","0","0","0","0","0","0","0","0","0","0","0","0","0","0","0","0","0","0","0","0","0","0","0","0","0","0","0","0","0","0","0","0","0","0","0","0","0","0","0","0","0","0","0","0","0","0","0","0","0","0","0","0","0","0","0","0","0","0","0","0","0","0","0","0","0","0","0","0","0","0","0","0","0","0","0","0","0","0","0","0","0","0","0","0","0","0","0","0","0","0","0","0","0","0","0","0","0","0","0","0","0","0","0","0","0","0","0","0","0","0","0","0","0","0","0","0","0","0","0","0","0","0","0","0","0","0","0","0","0","0","0","5.16988089460229","0","0","0","0","0","0","0","0","0","0","0","0","0","0","0","0","0","0","0","0","0","0","0","0","0","0","0","0","0","0","0","0","0","0","5.49432391846061","0","0","0","0","0","0","0","0","0","0","0","0","0","0","0","0","0","0","0","0","0","0","0","0","0","5.29070728633112","0","0","0","0","0","0","0","0","5.09862307781945","0","0","0","0","0","0","0","0","0","0","0","0","0","0","0","0","0","0","0","0","0","0","0","0","0","5.27875799714094","0","0","0","0","0","0","0","0","0","0","0","0","0","0","0","0","0","0","0","0","0","0","0","0","0","0","0","0","0","0","0","0","0","0","0","0","0","0","0","0","0","0","4.24353913081915","0","0","0","0","0","0","0","0","0","0","0","0","5.20291839947697","0","0","0","0","0","5.52854266264231","0","5.21531467845043","0","0","5.05078727681241","0","0","0","0","0","0","0","0","0","0","0","0","0","0","2.95970729405197","0","0","0","5.68908247585232","0","0","0","0","0","0","0","0","0","0","0","0","0","0","0","0","0","0","0","0","0","0","0","0","0","0","0","0","0","0","0","0","0","0","5.58327131090743","0","4.5345964970007","0","0","0","0","0","0","0","0","0","0","0","0","0","0","0","0","0","0","0","4.96563422738754","0","0","0","0","0","0","0","0","0","0","0","0","0"
"CNTN2__Olig","0","0","0","0","0","0","0","0","0","0","0","0","0","0","0","0","0","0","0","0","0","0","0","0","0","0","0","0","0","0","0","0","0","0","0","0","0","0","0","0","0","0","0","0","0","0","0","0","0","0","0","0","0","0","0","0","0","0","0","0","0","0","0","0","0","0","0","0","0","0","0","0","0","0","0","0","0","0","0","0","0","0","0","0","0","0","0","0","0","0","0","0","0","0","0","0","0","0","0","0","0","0","0","0","0","0","0","0","0","0","0","0","0","0","0","0","0","0","0","0","0","0","0","0","0","0","0","0","0","0","0","0","0","0","0","0","0","0","0","0","0","0","0","0","0","0","0","0","0","0","0","0","0","0","0","0","0","0","0","0","0","0","0","0","0","0","0","0","0","0","0","0","0","0","0","0","0","0","0","0","0","0","0","0","0","0","0","0","0","0","0","0","0","0","0","0","0","0","0","0","0","0","0","0","0","0","0","0","0","0","0","0","0","0","0","0","0","0","0","0","0","0","0","0","0","0","0","0","0","0","0","0","0","0","0","0","0","0","0","0","0","0","0","0","0","0","0","0","0","0","0","0","0","0","0","0","0","0","0","0","0","0","0","0","0","0","0","0","0","0","3.61188789189678","0","0","0","0","0","0","0","0","0","0","0","0","0","0","0","0","0","0","0","0","0","0","0","0","0","0","0","0","0","0","0","0","0","0","1.50413591691073","0","0","0","0","0","0","0","0","0","0","0","0","0","0","0","0","0","0","0","0","0","0","0","0","0","2.60545243858478","0","0","0","0","0","0","0","0","1.9153307362339","0","0","0","0","0","0","0","0","0","0","0","0","0","0","0","0","0","0","0","0","0","0","0","0","0","2.9548876225045","0","0","0","0","0","0","0","0","0","0","0","0","0","0","0","0","0","0","0","0","0","0","0","0","0","0","0","0","0","0","0","0","0","0","0","0","0","0","0","0","0","0","1.96700667020353","0","0","0","0","0","0","0","0","0","0","0","0","0","0","0","0","0","0","1.61007901076269","0","3.00527218821463","0","0","0","0","0","0","0","0","0","0","0","0","0","0","0","0","0","0","0","0","0","1.14050212522802","0","0","0","0","0","0","0","0","0","0","0","0","0","0","0","0","0","0","0","0","0","0","0","0","0","0","0","0","0","0","0","0","0","0","2.77988387618465","0","2.56757743015364","0","0","0","0","0","0","0","0","0","0","0","0","0","0","0","0","0","0","0","2.06483747359725","0","0","0","0","0","0","0","0","0","0","0","0","0"
"ERBB3__Olig","0","0","0","0","0","0","0","0","0","0","0","0","0","0","0","0","0","0","0","0","0","0","0","0","0","0","0","0","0","0","0","0","0","0","0","0","0","0","0","0","0","0","0","0","0","0","0","0","0","0","0","0","0","0","0","0","0","0","0","0","0","0","0","0","0","0","0","0","0","0","0","0","0","0","0","0","0","0","0","0","0","0","0","0","0","0","0","0","0","0","0","0","0","0","0","0","0","0","0","0","0","0","0","0","0","0","0","0","0","0","0","0","0","0","0","0","0","0","0","0","0","0","0","0","0","0","0","0","0","0","0","0","0","0","0","0","0","0","0","0","0","0","0","0","0","0","0","0","0","0","0","0","0","0","0","0","0","0","0","0","0","0","0","0","0","0","0","0","0","0","0","0","0","0","0","0","0","0","0","0","0","0","0","0","0","0","0","0","0","0","0","0","0","0","0","0","0","0","0","0","0","0","0","0","0","0","0","0","0","0","0","0","0","0","0","0","0","0","0","0","0","0","0","0","0","0","0","0","0","0","0","0","0","0","0","0","0","0","0","0","0","0","0","0","0","0","0","0","0","0","0","0","0","0","0","0","0","0","0","0","0","0","0","0","0","0","0","0","0","0","1.21456823230162","0","0","0","0","0","0","0","0","0","0","0","0","0","0","0","0","0","0","0","0","0","0","0","0","0","0","0","0","0","0","0","0","0","0","0","0","0","0","0","0","0","0","0","0","0","0","0","0","0","0","0","0","0","0","0","0","0","0","0","0","1.82493548266242","0","0","0","0","0","0","0","0","1.9153307362339","0","0","0","0","0","0","0","0","0","0","0","0","0","0","0","0","0","0","0","0","0","0","0","0","0","0","0","0","0","0","0","0","0","0","0","0","0","0","0","0","0","0","0","0","0","0","0","0","0","0","0","0","0","0","0","0","0","0","0","0","0","0","0","0","0","0","0","0","2.13569508671374","0","0","0","0","0","0","0","0","0","0","0","0","1.86958719155305","0","0","0","0","0","0","0","1.58898115245855","0","0","0","0","0","0","0","0","0","0","0","0","0","0","0","0","0","0","0","0","0","1.76941410463827","0","0","0","0","0","0","0","0","0","0","0","0","0","0","0","0","0","0","0","0","0","0","0","0","0","0","0","0","0","0","0","0","0","0","0","0","2.56757743015364","0","0","0","0","0","0","0","0","0","0","0","0","0","0","0","0","0","0","0","1.76039184516602","0","0","0","0","0","0","0","0","0","0","0","0","0"
"GPR37__Olig","0","0","0","0","0","0","0","0","0","0","0","0","0","0","0","0","0","0","0","0","0","0","0","0","0","0","0","0","0","0","0","0","0","0","0","0","0","0","0","0","0","0","0","0","0","0","0","0","0","0","0","0","0","0","0","0","0","0","0","0","0","0","0","0","0","0","0","0","0","0","0","0","0","0","0","0","0","0","0","0","0","0","0","0","0","0","0","0","0","0","0","0","0","0","0","0","0","0","0","0","0","0","0","0","0","0","0","0","0","0","0","0","0","0","0","0","0","0","0","0","0","0","0","0","0","0","0","0","0","0","0","0","0","0","0","0","0","0","0","0","0","0","0","0","0","0","0","0","0","0","0","0","0","0","0","0","0","0","0","0","0","0","0","0","0","0","0","0","0","0","0","0","0","0","0","0","0","0","0","0","0","0","0","0","0","0","0","0","0","0","0","0","0","0","0","0","0","0","0","0","0","0","0","0","0","0","0","0","0","0","0","0","0","0","0","0","0","0","0","0","0","0","0","0","0","0","0","0","0","0","0","0","0","0","0","0","0","0","0","0","0","0","0","0","0","0","0","0","0","0","0","0","0","0","0","0","0","0","0","0","0","0","0","0","0","0","0","0","0","0","2.65141976613063","0","0","0","0","0","0","0","0","0","0","0","0","0","0","0","0","0","0","0","0","0","0","0","0","0","0","0","0","0","0","0","0","0","0","2.7025781759781","0","0","0","0","0","0","0","0","0","0","0","0","0","0","0","0","0","0","0","0","0","0","0","0","0","1.18361724316958","0","0","0","0","0","0","0","0","1.9153307362339","0","0","0","0","0","0","0","0","0","0","0","0","0","0","0","0","0","0","0","0","0","0","0","0","0","0","0","0","0","0","0","0","0","0","0","0","0","0","0","0","0","0","0","0","0","0","0","0","0","0","0","0","0","0","0","0","0","0","0","0","0","0","0","0","0","0","0","0","0.978088495513975","0","0","0","0","0","0","0","0","0","0","0","0","1.21855801365499","0","0","0","0","0","0","0","0","0","0","2.62875706634739","0","0","0","0","0","0","0","0","0","0","0","0","0","0","0","0","0","0","2.205934260958","0","0","0","0","0","0","0","0","0","0","0","0","0","0","0","0","0","0","0","0","0","0","0","0","0","0","0","0","0","0","0","0","0","0","1.9759915777817","0","1.79246629620522","0","0","0","0","0","0","0","0","0","0","0","0","0","0","0","0","0","0","0","2.06483747359725","0","0","0","0","0","0","0","0","0","0","0","0","0"
"ICOS__Olig","0","0","0","0","0","0","0","0","0","0","0","0","0","0","0","0","0","0","0","0","0","0","0","0","0","0","0","0","0","0","0","0","0","0","0","0","0","0","0","0","0","0","0","0","0","0","0","0","0","0","0","0","0","0","0","0","0","0","0","0","0","0","0","0","0","0","0","0","0","0","0","0","0","0","0","0","0","0","0","0","0","0","0","0","0","0","0","0","0","0","0","0","0","0","0","0","0","0","0","0","0","0","0","0","0","0","0","0","0","0","0","0","0","0","0","0","0","0","0","0","0","0","0","0","0","0","0","0","0","0","0","0","0","0","0","0","0","0","0","0","0","0","0","0","0","0","0","0","0","0","0","0","0","0","0","0","0","0","0","0","0","0","0","0","0","0","0","0","0","0","0","0","0","0","0","0","0","0","0","0","0","0","0","0","0","0","0","0","0","0","0","0","0","0","0","0","0","0","0","0","0","0","0","0","0","0","0","0","0","0","0","0","0","0","0","0","0","0","0","0","0","0","0","0","0","0","0","0","0","0","0","0","0","0","0","0","0","0","0","0","0","0","0","0","0","0","0","0","0","0","0","0","0","0","0","0","0","0","0","0","0","0","0","0","0","0","0","0","0","0","0.731493120529801","0","0","0","0","0","0","0","0","0","0","0","0","0","0","0","0","0","0","0","0","0","0","0","0","0","0","0","0","0","0","0","0","0","0","1.50413591691073","0","0","0","0","0","0","0","0","0","0","0","0","0","0","0","0","0","0","0","0","0","0","0","0","0","1.82493548266242","0","0","0","0","0","0","0","0","1.9153307362339","0","0","0","0","0","0","0","0","0","0","0","0","0","0","0","0","0","0","0","0","0","0","0","0","0","1.23311676580095","0","0","0","0","0","0","0","0","0","0","0","0","0","0","0","0","0","0","0","0","0","0","0","0","0","0","0","0","0","0","0","0","0","0","0","0","0","0","0","0","0","0","0","0","0","0","0","0","0","0","0","0","0","0","0","1.21855801365499","0","0","0","0","0","1.01887825698895","0","1.58898115245855","0","0","0","0","0","0","0","0","0","0","0","0","0","0","0","0","0","2.95970729405197","0","0","0","0","0","0","0","0","0","0","0","0","0","0","0","0","0","0","0","0","0","0","0","0","0","0","0","0","0","0","0","0","0","0","0","0","0","0","1.30275342616461","0","2.56757743015364","0","0","0","0","0","0","0","0","0","0","0","0","0","0","0","0","0","0","0","1.37402909381587","0","0","0","0","0","0","0","0","0","0","0","0","0"
"PTH1R__Olig","0","0","0","0","0","0","0","0","0","0","0","0","0","0","0","0","0","0","0","0","0","0","0","0","0","0","0","0","0","0","0","0","0","0","0","0","0","0","0","0","0","0","0","0","0","0","0","0","0","0","0","0","0","0","0","0","0","0","0","0","0","0","0","0","0","0","0","0","0","0","0","0","0","0","0","0","0","0","0","0","0","0","0","0","0","0","0","0","0","0","0","0","0","0","0","0","0","0","0","0","0","0","0","0","0","0","0","0","0","0","0","0","0","0","0","0","0","0","0","0","0","0","0","0","0","0","0","0","0","0","0","0","0","0","0","0","0","0","0","0","0","0","0","0","0","0","0","0","0","0","0","0","0","0","0","0","0","0","0","0","0","0","0","0","0","0","0","0","0","0","0","0","0","0","0","0","0","0","0","0","0","0","0","0","0","0","0","0","0","0","0","0","0","0","0","0","0","0","0","0","0","0","0","0","0","0","0","0","0","0","0","0","0","0","0","0","0","0","0","0","0","0","0","0","0","0","0","0","0","0","0","0","0","0","0","0","0","0","0","0","0","0","0","0","0","0","0","0","0","0","0","0","0","0","0","0","0","0","0","0","0","0","0","0","0","0","0","0","0","0","1.21456823230162","0","0","0","0","0","0","0","0","0","0","0","0","0","0","0","0","0","0","0","0","0","0","0","0","0","0","0","0","0","0","0","0","0","0","2.22437823726029","0","0","0","0","0","0","0","0","0","0","0","0","0","0","0","0","0","0","0","0","0","0","0","0","0","1.18361724316958","0","0","0","0","0","0","0","0","1.25459488107872","0","0","0","0","0","0","0","0","0","0","0","0","0","0","0","0","0","0","0","0","0","0","0","0","0","1.23311676580095","0","0","0","0","0","0","0","0","0","0","0","0","0","0","0","0","0","0","0","0","0","0","0","0","0","0","0","0","0","0","0","0","0","0","0","0","0","0","0","0","0","0","0.570391869857093","0","0","0","0","0","0","0","0","0","0","0","0","1.86958719155305","0","0","0","0","0","1.61007901076269","0","1.58898115245855","0","0","1.62010386238077","0","0","0","0","0","0","0","0","0","0","0","0","0","0","0","0","0","0","0","0","0","0","0","0","0","0","0","0","0","0","0","0","0","0","0","0","0","0","0","0","0","0","0","0","0","0","0","0","0","0","0","0","0","0","0","0","0","0","0","0","0","0","0","0","0","0","0","0","0","0","0","0","0","0","0","1.37402909381587","0","0","0","0","0","0","0","0","0","0","0","0","0"
"SV2A__Olig","0","0","0","0","0","0","0","0","0","0","0","0","0","0","0","0","0","0","0","0","0","0","0","0","0","0","0","0","0","0","0","0","0","0","0","0","0","0","0","0","0","0","0","0","0","0","0","0","0","0","0","0","0","0","0","0","0","0","0","0","0","0","0","0","0","0","0","0","0","0","0","0","0","0","0","0","0","0","0","0","0","0","0","0","0","0","0","0","0","0","0","0","0","0","0","0","0","0","0","0","0","0","0","0","0","0","0","0","0","0","0","0","0","0","0","0","0","0","0","0","0","0","0","0","0","0","0","0","0","0","0","0","0","0","0","0","0","0","0","0","0","0","0","0","0","0","0","0","0","0","0","0","0","0","0","0","0","0","0","0","0","0","0","0","0","0","0","0","0","0","0","0","0","0","0","0","0","0","0","0","0","0","0","0","0","0","0","0","0","0","0","0","0","0","0","0","0","0","0","0","0","0","0","0","0","0","0","0","0","0","0","0","0","0","0","0","0","0","0","0","0","0","0","0","0","0","0","0","0","0","0","0","0","0","0","0","0","0","0","0","0","0","0","0","0","0","0","0","0","0","0","0","0","0","0","0","0","0","0","0","0","0","0","0","0","0","0","0","0","0","1.57583014478049","0","0","0","0","0","0","0","0","0","0","0","0","0","0","0","0","0","0","0","0","0","0","0","0","0","0","0","0","0","0","0","0","0","0","2.22437823726029","0","0","0","0","0","0","0","0","0","0","0","0","0","0","0","0","0","0","0","0","0","0","0","0","0","1.82493548266242","0","0","0","0","0","0","0","0","1.25459488107872","0","0","0","0","0","0","0","0","0","0","0","0","0","0","0","0","0","0","0","0","0","0","0","0","0","2.33691995466517","0","0","0","0","0","0","0","0","0","0","0","0","0","0","0","0","0","0","0","0","0","0","0","0","0","0","0","0","0","0","0","0","0","0","0","0","0","0","0","0","0","0","1.77594993132682","0","0","0","0","0","0","0","0","0","0","0","0","2.93276043416173","0","0","0","0","0","3.20331744255555","0","1.58898115245855","0","0","2.62875706634739","0","0","0","0","0","0","0","0","0","0","0","0","0","0","0","0","0","0","0","0","0","0","0","0","0","0","0","0","0","0","0","0","0","0","0","0","0","0","0","0","0","0","0","0","0","0","0","0","0","0","0","0","0","1.9759915777817","0","1.79246629620522","0","0","0","0","0","0","0","0","0","0","0","0","0","0","0","0","0","0","0","1.76039184516602","0","0","0","0","0","0","0","0","0","0","0","0","0"
"SLC17A7__Olig","0","0","0","0","0","0","0","0","0","0","0","0","0","0","0","0","0","0","0","0","0","0","0","0","0","0","0","0","0","0","0","0","0","0","0","0","0","0","0","0","0","0","0","0","0","0","0","0","0","0","0","0","0","0","0","0","0","0","0","0","0","0","0","0","0","0","0","0","0","0","0","0","0","0","0","0","0","0","0","0","0","0","0","0","0","0","0","0","0","0","0","0","0","0","0","0","0","0","0","0","0","0","0","0","0","0","0","0","0","0","0","0","0","0","0","0","0","0","0","0","0","0","0","0","0","0","0","0","0","0","0","0","0","0","0","0","0","0","0","0","0","0","0","0","0","0","0","0","0","0","0","0","0","0","0","0","0","0","0","0","0","0","0","0","0","0","0","0","0","0","0","0","0","0","0","0","0","0","0","0","0","0","0","0","0","0","0","0","0","0","0","0","0","0","0","0","0","0","0","0","0","0","0","0","0","0","0","0","0","0","0","0","0","0","0","0","0","0","0","0","0","0","0","0","0","0","0","0","0","0","0","0","0","0","0","0","0","0","0","0","0","0","0","0","0","0","0","0","0","0","0","0","0","0","0","0","0","0","0","0","0","0","0","0","0","0","0","0","0","0","2.79560266836868","0","0","0","0","0","0","0","0","0","0","0","0","0","0","0","0","0","0","0","0","0","0","0","0","0","0","0","0","0","0","0","0","0","0","3.34805341074248","0","0","0","0","0","0","0","0","0","0","0","0","0","0","0","0","0","0","0","0","0","0","0","0","0","1.18361724316958","0","0","0","0","0","0","0","0","1.9153307362339","0","0","0","0","0","0","0","0","0","0","0","0","0","0","0","0","0","0","0","0","0","0","0","0","0","3.56144140920707","0","0","0","0","0","0","0","0","0","0","0","0","0","0","0","0","0","0","0","0","0","0","0","0","0","0","0","0","0","0","0","0","0","0","0","0","0","0","0","0","0","0","2.96143367200643","0","0","0","0","0","0","0","0","0","0","0","0","0","0","0","0","0","0","2.35201585831053","0","1.58898115245855","0","0","2.36399616685453","0","0","0","0","0","0","0","0","0","0","0","0","0","0","3.86387127177662","0","0","0","1.76941410463827","0","0","0","0","0","0","0","0","0","0","0","0","0","0","0","0","0","0","0","0","0","0","0","0","0","0","0","0","0","0","0","0","0","0","0","0","0","0","0","0","0","0","0","0","0","0","0","0","0","0","0","0","0","0","0","0","3.02922385637798","0","0","0","0","0","0","0","0","0","0","0","0","0"
"GLG1__Olig","0","0","0","0","0","0","0","0","0","0","0","0","0","0","0","0","0","0","0","0","0","0","0","0","0","0","0","0","0","0","0","0","0","0","0","0","0","0","0","0","0","0","0","0","0","0","0","0","0","0","0","0","0","0","0","0","0","0","0","0","0","0","0","0","0","0","0","0","0","0","0","0","0","0","0","0","0","0","0","0","0","0","0","0","0","0","0","0","0","0","0","0","0","0","0","0","0","0","0","0","0","0","0","0","0","0","0","0","0","0","0","0","0","0","0","0","0","0","0","0","0","0","0","0","0","0","0","0","0","0","0","0","0","0","0","0","0","0","0","0","0","0","0","0","0","0","0","0","0","0","0","0","0","0","0","0","0","0","0","0","0","0","0","0","0","0","0","0","0","0","0","0","0","0","0","0","0","0","0","0","0","0","0","0","0","0","0","0","0","0","0","0","0","0","0","0","0","0","0","0","0","0","0","0","0","0","0","0","0","0","0","0","0","0","0","0","0","0","0","0","0","0","0","0","0","0","0","0","0","0","0","0","0","0","0","0","0","0","0","0","0","0","0","0","0","0","0","0","0","0","0","0","0","0","0","0","0","0","0","0","0","0","0","0","0","0","0","0","0","0","1.21456823230162","0","0","0","0","0","0","0","0","0","0","0","0","0","0","0","0","0","0","0","0","0","0","0","0","0","0","0","0","0","0","0","0","0","0","1.50413591691073","0","0","0","0","0","0","0","0","0","0","0","0","0","0","0","0","0","0","0","0","0","0","0","0","0","1.82493548266242","0","0","0","0","0","0","0","0","1.25459488107872","0","0","0","0","0","0","0","0","0","0","0","0","0","0","0","0","0","0","0","0","0","0","0","0","0","2.33691995466517","0","0","0","0","0","0","0","0","0","0","0","0","0","0","0","0","0","0","0","0","0","0","0","0","0","0","0","0","0","0","0","0","0","0","0","0","0","0","0","0","0","0","0.978088495513975","0","0","0","0","0","0","0","0","0","0","0","0","1.21855801365499","0","0","0","0","0","2.61629040553173","0","1.00301503775543","0","0","1.62010386238077","0","0","0","0","0","0","0","0","0","0","0","0","0","0","3.86387127177662","0","0","0","2.54060006035039","0","0","0","0","0","0","0","0","0","0","0","0","0","0","0","0","0","0","0","0","0","0","0","0","0","0","0","0","0","0","0","0","0","0","0","0","2.56757743015364","0","0","0","0","0","0","0","0","0","0","0","0","0","0","0","0","0","0","0","1.76039184516602","0","0","0","0","0","0","0","0","0","0","0","0","0"
"MGRN1__Olig","0","0","0","0","0","0","0","0","0","0","0","0","0","0","0","0","0","0","0","0","0","0","0","0","0","0","0","0","0","0","0","0","0","0","0","0","0","0","0","0","0","0","0","0","0","0","0","0","0","0","0","0","0","0","0","0","0","0","0","0","0","0","0","0","0","0","0","0","0","0","0","0","0","0","0","0","0","0","0","0","0","0","0","0","0","0","0","0","0","0","0","0","0","0","0","0","0","0","0","0","0","0","0","0","0","0","0","0","0","0","0","0","0","0","0","0","0","0","0","0","0","0","0","0","0","0","0","0","0","0","0","0","0","0","0","0","0","0","0","0","0","0","0","0","0","0","0","0","0","0","0","0","0","0","0","0","0","0","0","0","0","0","0","0","0","0","0","0","0","0","0","0","0","0","0","0","0","0","0","0","0","0","0","0","0","0","0","0","0","0","0","0","0","0","0","0","0","0","0","0","0","0","0","0","0","0","0","0","0","0","0","0","0","0","0","0","0","0","0","0","0","0","0","0","0","0","0","0","0","0","0","0","0","0","0","0","0","0","0","0","0","0","0","0","0","0","0","0","0","0","0","0","0","0","0","0","0","0","0","0","0","0","0","0","0","0","0","0","0","0","2.10493473852411","0","0","0","0","0","0","0","0","0","0","0","0","0","0","0","0","0","0","0","0","0","0","0","0","0","0","0","0","0","0","0","0","0","0","0","0","0","0","0","0","0","0","0","0","0","0","0","0","0","0","0","0","0","0","0","0","0","0","0","0","1.82493548266242","0","0","0","0","0","0","0","0","1.9153307362339","0","0","0","0","0","0","0","0","0","0","0","0","0","0","0","0","0","0","0","0","0","0","0","0","0","1.88810450069273","0","0","0","0","0","0","0","0","0","0","0","0","0","0","0","0","0","0","0","0","0","0","0","0","0","0","0","0","0","0","0","0","0","0","0","0","0","0","0","0","0","0","1.55567257888757","0","0","0","0","0","0","0","0","0","0","0","0","0","0","0","0","0","0","0","0","2.00452019703738","0","0","1.62010386238077","0","0","0","0","0","0","0","0","0","0","0","0","0","0","3.86387127177662","0","0","0","1.14050212522802","0","0","0","0","0","0","0","0","0","0","0","0","0","0","0","0","0","0","0","0","0","0","0","0","0","0","0","0","0","0","0","0","0","0","1.9759915777817","0","0","0","0","0","0","0","0","0","0","0","0","0","0","0","0","0","0","0","0","0","1.37402909381587","0","0","0","0","0","0","0","0","0","0","0","0","0"
"NTSR2__Olig","0","0","0","0","0","0","0","0","0","0","0","0","0","0","0","0","0","0","0","0","0","0","0","0","0","0","0","0","0","0","0","0","0","0","0","0","0","0","0","0","0","0","0","0","0","0","0","0","0","0","0","0","0","0","0","0","0","0","0","0","0","0","0","0","0","0","0","0","0","0","0","0","0","0","0","0","0","0","0","0","0","0","0","0","0","0","0","0","0","0","0","0","0","0","0","0","0","0","0","0","0","0","0","0","0","0","0","0","0","0","0","0","0","0","0","0","0","0","0","0","0","0","0","0","0","0","0","0","0","0","0","0","0","0","0","0","0","0","0","0","0","0","0","0","0","0","0","0","0","0","0","0","0","0","0","0","0","0","0","0","0","0","0","0","0","0","0","0","0","0","0","0","0","0","0","0","0","0","0","0","0","0","0","0","0","0","0","0","0","0","0","0","0","0","0","0","0","0","0","0","0","0","0","0","0","0","0","0","0","0","0","0","0","0","0","0","0","0","0","0","0","0","0","0","0","0","0","0","0","0","0","0","0","0","0","0","0","0","0","0","0","0","0","0","0","0","0","0","0","0","0","0","0","0","0","0","0","0","0","0","0","0","0","0","0","0","0","0","0","0","1.86450367410222","0","0","0","0","0","0","0","0","0","0","0","0","0","0","0","0","0","0","0","0","0","0","0","0","0","0","0","0","0","0","0","0","0","0","2.22437823726029","0","0","0","0","0","0","0","0","0","0","0","0","0","0","0","0","0","0","0","0","0","0","0","0","0","1.82493548266242","0","0","0","0","0","0","0","0","1.9153307362339","0","0","0","0","0","0","0","0","0","0","0","0","0","0","0","0","0","0","0","0","0","0","0","0","0","0","0","0","0","0","0","0","0","0","0","0","0","0","0","0","0","0","0","0","0","0","0","0","0","0","0","0","0","0","0","0","0","0","0","0","0","0","0","0","0","0","0","0","2.28670814850287","0","0","0","0","0","0","0","0","0","0","0","0","0","0","0","0","0","0","0","0","3.32735063431269","0","0","1.62010386238077","0","0","0","0","0","0","0","0","0","0","0","0","0","0","2.95970729405197","0","0","0","1.76941410463827","0","0","0","0","0","0","0","0","0","0","0","0","0","0","0","0","0","0","0","0","0","0","0","0","0","0","0","0","0","0","0","0","0","0","2.77988387618465","0","1.79246629620522","0","0","0","0","0","0","0","0","0","0","0","0","0","0","0","0","0","0","0","1.37402909381587","0","0","0","0","0","0","0","0","0","0","0","0","0"
"EPHB1__Olig","0","0","0","0","0","0","0","0","0","0","0","0","0","0","0","0","0","0","0","0","0","0","0","0","0","0","0","0","0","0","0","0","0","0","0","0","0","0","0","0","0","0","0","0","0","0","0","0","0","0","0","0","0","0","0","0","0","0","0","0","0","0","0","0","0","0","0","0","0","0","0","0","0","0","0","0","0","0","0","0","0","0","0","0","0","0","0","0","0","0","0","0","0","0","0","0","0","0","0","0","0","0","0","0","0","0","0","0","0","0","0","0","0","0","0","0","0","0","0","0","0","0","0","0","0","0","0","0","0","0","0","0","0","0","0","0","0","0","0","0","0","0","0","0","0","0","0","0","0","0","0","0","0","0","0","0","0","0","0","0","0","0","0","0","0","0","0","0","0","0","0","0","0","0","0","0","0","0","0","0","0","0","0","0","0","0","0","0","0","0","0","0","0","0","0","0","0","0","0","0","0","0","0","0","0","0","0","0","0","0","0","0","0","0","0","0","0","0","0","0","0","0","0","0","0","0","0","0","0","0","0","0","0","0","0","0","0","0","0","0","0","0","0","0","0","0","0","0","0","0","0","0","0","0","0","0","0","0","0","0","0","0","0","0","0","0","0","0","0","0","1.21456823230162","0","0","0","0","0","0","0","0","0","0","0","0","0","0","0","0","0","0","0","0","0","0","0","0","0","0","0","0","0","0","0","0","0","0","2.22437823726029","0","0","0","0","0","0","0","0","0","0","0","0","0","0","0","0","0","0","0","0","0","0","0","0","0","1.18361724316958","0","0","0","0","0","0","0","0","0","0","0","0","0","0","0","0","0","0","0","0","0","0","0","0","0","0","0","0","0","0","0","0","0","0","1.88810450069273","0","0","0","0","0","0","0","0","0","0","0","0","0","0","0","0","0","0","0","0","0","0","0","0","0","0","0","0","0","0","0","0","0","0","0","0","0","0","0","0","0","0","1.77594993132682","0","0","0","0","0","0","0","0","0","0","0","0","3.16395595544748","0","0","0","0","0","1.61007901076269","0","3.00527218821463","0","0","2.03947445131223","0","0","0","0","0","0","0","0","0","0","0","0","0","0","0","0","0","0","1.76941410463827","0","0","0","0","0","0","0","0","0","0","0","0","0","0","0","0","0","0","0","0","0","0","0","0","0","0","0","0","0","0","0","0","0","0","1.9759915777817","0","2.56757743015364","0","0","0","0","0","0","0","0","0","0","0","0","0","0","0","0","0","0","0","2.3160980862567","0","0","0","0","0","0","0","0","0","0","0","0","0"
"LRP4__Olig","0","0","0","0","0","0","0","0","0","0","0","0","0","0","0","0","0","0","0","0","0","0","0","0","0","0","0","0","0","0","0","0","0","0","0","0","0","0","0","0","0","0","0","0","0","0","0","0","0","0","0","0","0","0","0","0","0","0","0","0","0","0","0","0","0","0","0","0","0","0","0","0","0","0","0","0","0","0","0","0","0","0","0","0","0","0","0","0","0","0","0","0","0","0","0","0","0","0","0","0","0","0","0","0","0","0","0","0","0","0","0","0","0","0","0","0","0","0","0","0","0","0","0","0","0","0","0","0","0","0","0","0","0","0","0","0","0","0","0","0","0","0","0","0","0","0","0","0","0","0","0","0","0","0","0","0","0","0","0","0","0","0","0","0","0","0","0","0","0","0","0","0","0","0","0","0","0","0","0","0","0","0","0","0","0","0","0","0","0","0","0","0","0","0","0","0","0","0","0","0","0","0","0","0","0","0","0","0","0","0","0","0","0","0","0","0","0","0","0","0","0","0","0","0","0","0","0","0","0","0","0","0","0","0","0","0","0","0","0","0","0","0","0","0","0","0","0","0","0","0","0","0","0","0","0","0","0","0","0","0","0","0","0","0","0","0","0","0","0","0","2.65141976613063","0","0","0","0","0","0","0","0","0","0","0","0","0","0","0","0","0","0","0","0","0","0","0","0","0","0","0","0","0","0","0","0","0","0","0","0","0","0","0","0","0","0","0","0","0","0","0","0","0","0","0","0","0","0","0","0","0","0","0","0","0","0","0","0","0","0","0","0","0","1.9153307362339","0","0","0","0","0","0","0","0","0","0","0","0","0","0","0","0","0","0","0","0","0","0","0","0","0","0","0","0","0","0","0","0","0","0","0","0","0","0","0","0","0","0","0","0","0","0","0","0","0","0","0","0","0","0","0","0","0","0","0","0","0","0","0","0","0","0","0","0","0.978088495513975","0","0","0","0","0","0","0","0","0","0","0","0","1.86958719155305","0","0","0","0","0","0","0","2.00452019703738","0","0","0","0","0","0","0","0","0","0","0","0","0","0","0","0","0","2.95970729405197","0","0","0","1.76941410463827","0","0","0","0","0","0","0","0","0","0","0","0","0","0","0","0","0","0","0","0","0","0","0","0","0","0","0","0","0","0","0","0","0","0","1.9759915777817","0","0","0","0","0","0","0","0","0","0","0","0","0","0","0","0","0","0","0","0","0","0.844760921870089","0","0","0","0","0","0","0","0","0","0","0","0","0"
"ERBB4__Olig","0","0","0","0","0","0","0","0","0","0","0","0","0","0","0","0","0","0","0","0","0","0","0","0","0","0","0","0","0","0","0","0","0","0","0","0","0","0","0","0","0","0","0","0","0","0","0","0","0","0","0","0","0","0","0","0","0","0","0","0","0","0","0","0","0","0","0","0","0","0","0","0","0","0","0","0","0","0","0","0","0","0","0","0","0","0","0","0","0","0","0","0","0","0","0","0","0","0","0","0","0","0","0","0","0","0","0","0","0","0","0","0","0","0","0","0","0","0","0","0","0","0","0","0","0","0","0","0","0","0","0","0","0","0","0","0","0","0","0","0","0","0","0","0","0","0","0","0","0","0","0","0","0","0","0","0","0","0","0","0","0","0","0","0","0","0","0","0","0","0","0","0","0","0","0","0","0","0","0","0","0","0","0","0","0","0","0","0","0","0","0","0","0","0","0","0","0","0","0","0","0","0","0","0","0","0","0","0","0","0","0","0","0","0","0","0","0","0","0","0","0","0","0","0","0","0","0","0","0","0","0","0","0","0","0","0","0","0","0","0","0","0","0","0","0","0","0","0","0","0","0","0","0","0","0","0","0","0","0","0","0","0","0","0","0","0","0","0","0","0","0.731493120529801","0","0","0","0","0","0","0","0","0","0","0","0","0","0","0","0","0","0","0","0","0","0","0","0","0","0","0","0","0","0","0","0","0","0","1.50413591691073","0","0","0","0","0","0","0","0","0","0","0","0","0","0","0","0","0","0","0","0","0","0","0","0","0","1.18361724316958","0","0","0","0","0","0","0","0","0","0","0","0","0","0","0","0","0","0","0","0","0","0","0","0","0","0","0","0","0","0","0","0","0","0","2.67874161874008","0","0","0","0","0","0","0","0","0","0","0","0","0","0","0","0","0","0","0","0","0","0","0","0","0","0","0","0","0","0","0","0","0","0","0","0","0","0","0","0","0","0","0.978088495513975","0","0","0","0","0","0","0","0","0","0","0","0","0","0","0","0","0","0","0","0","2.00452019703738","0","0","1.02643594292201","0","0","0","0","0","0","0","0","0","0","0","0","0","0","0","0","0","0","1.76941410463827","0","0","0","0","0","0","0","0","0","0","0","0","0","0","0","0","0","0","0","0","0","0","0","0","0","0","0","0","0","0","0","0","0","0","2.77988387618465","0","0","0","0","0","0","0","0","0","0","0","0","0","0","0","0","0","0","0","0","0","1.76039184516602","0","0","0","0","0","0","0","0","0","0","0","0","0"
"MAG__Olig","0","0","0","0","0","0","0","0","0","0","0","0","0","0","0","0","0","0","0","0","0","0","0","0","0","0","0","0","0","0","0","0","0","0","0","0","0","0","0","0","0","0","0","0","0","0","0","0","0","0","0","0","0","0","0","0","0","0","0","0","0","0","0","0","0","0","0","0","0","0","0","0","0","0","0","0","0","0","0","0","0","0","0","0","0","0","0","0","0","0","0","0","0","0","0","0","0","0","0","0","0","0","0","0","0","0","0","0","0","0","0","0","0","0","0","0","0","0","0","0","0","0","0","0","0","0","0","0","0","0","0","0","0","0","0","0","0","0","0","0","0","0","0","0","0","0","0","0","0","0","0","0","0","0","0","0","0","0","0","0","0","0","0","0","0","0","0","0","0","0","0","0","0","0","0","0","0","0","0","0","0","0","0","0","0","0","0","0","0","0","0","0","0","0","0","0","0","0","0","0","0","0","0","0","0","0","0","0","0","0","0","0","0","0","0","0","0","0","0","0","0","0","0","0","0","0","0","0","0","0","0","0","0","0","0","0","0","0","0","0","0","0","0","0","0","0","0","0","0","0","0","0","0","0","0","0","0","0","0","0","0","0","0","0","0","0","0","0","0","0","5.85276461499227","0","0","0","0","0","0","0","0","0","0","0","0","0","0","0","0","0","0","0","0","0","0","0","0","0","0","0","0","0","0","0","0","0","0","6.06857843566153","0","0","0","0","0","0","0","0","0","0","0","0","0","0","0","0","0","0","0","0","0","0","0","0","0","5.76556509329935","0","0","0","0","0","0","0","0","5.45831778777087","0","0","0","0","0","0","0","0","0","0","0","0","0","0","0","0","0","0","0","0","0","0","0","0","0","5.22766632619832","0","0","0","0","0","0","0","0","0","0","0","0","0","0","0","0","0","0","0","0","0","0","0","0","0","0","0","0","0","0","0","0","0","0","0","0","0","0","0","0","0","0","4.79030168470717","0","0","0","0","0","0","0","0","0","0","0","0","5.75717264443175","0","0","0","0","0","6.16626660333562","0","6.21539591814079","0","0","6.05159195141476","0","0","0","0","0","0","0","0","0","0","0","0","0","0","2.95970729405197","0","0","0","5.78675271684606","0","0","0","0","0","0","0","0","0","0","0","0","0","0","0","0","0","0","0","0","0","0","0","0","0","0","0","0","0","0","0","0","0","0","6.29921921634934","0","5.42253971044995","0","0","0","0","0","0","0","0","0","0","0","0","0","0","0","0","0","0","0","6.13440861146308","0","0","0","0","0","0","0","0","0","0","0","0","0"
"LDLR__Olig","0","0","0","0","0","0","0","0","0","0","0","0","0","0","0","0","0","0","0","0","0","0","0","0","0","0","0","0","0","0","0","0","0","0","0","0","0","0","0","0","0","0","0","0","0","0","0","0","0","0","0","0","0","0","0","0","0","0","0","0","0","0","0","0","0","0","0","0","0","0","0","0","0","0","0","0","0","0","0","0","0","0","0","0","0","0","0","0","0","0","0","0","0","0","0","0","0","0","0","0","0","0","0","0","0","0","0","0","0","0","0","0","0","0","0","0","0","0","0","0","0","0","0","0","0","0","0","0","0","0","0","0","0","0","0","0","0","0","0","0","0","0","0","0","0","0","0","0","0","0","0","0","0","0","0","0","0","0","0","0","0","0","0","0","0","0","0","0","0","0","0","0","0","0","0","0","0","0","0","0","0","0","0","0","0","0","0","0","0","0","0","0","0","0","0","0","0","0","0","0","0","0","0","0","0","0","0","0","0","0","0","0","0","0","0","0","0","0","0","0","0","0","0","0","0","0","0","0","0","0","0","0","0","0","0","0","0","0","0","0","0","0","0","0","0","0","0","0","0","0","0","0","0","0","0","0","0","0","0","0","0","0","0","0","0","0","0","0","0","0","0","0","0","0","0","0","0","0","0","0","0","0","0","0","0","0","0","0","0","0","0","0","0","0","0","0","0","0","0","0","0","0","0","0","0","2.22437823726029","0","0","0","0","0","0","0","0","0","0","0","0","0","0","0","0","0","0","0","0","0","0","0","0","0","2.60545243858478","0","0","0","0","0","0","0","0","2.36681293612239","0","0","0","0","0","0","0","0","0","0","0","0","0","0","0","0","0","0","0","0","0","0","0","0","0","1.88810450069273","0","0","0","0","0","0","0","0","0","0","0","0","0","0","0","0","0","0","0","0","0","0","0","0","0","0","0","0","0","0","0","0","0","0","0","0","0","0","0","0","0","0","2.13569508671374","0","0","0","0","0","0","0","0","0","0","0","0","1.21855801365499","0","0","0","0","0","2.61629040553173","0","1.58898115245855","0","0","1.62010386238077","0","0","0","0","0","0","0","0","0","0","0","0","0","0","0","0","0","0","0","0","0","0","0","0","0","0","0","0","0","0","0","0","0","0","0","0","0","0","0","0","0","0","0","0","0","0","0","0","0","0","0","0","0","0","0","1.79246629620522","0","0","0","0","0","0","0","0","0","0","0","0","0","0","0","0","0","0","0","1.76039184516602","0","0","0","0","0","0","0","0","0","0","0","0","0"
"PTPRD__Olig","0","0","0","0","0","0","0","0","0","0","0","0","0","0","0","0","0","0","0","0","0","0","0","0","0","0","0","0","0","0","0","0","0","0","0","0","0","0","0","0","0","0","0","0","0","0","0","0","0","0","0","0","0","0","0","0","0","0","0","0","0","0","0","0","0","0","0","0","0","0","0","0","0","0","0","0","0","0","0","0","0","0","0","0","0","0","0","0","0","0","0","0","0","0","0","0","0","0","0","0","0","0","0","0","0","0","0","0","0","0","0","0","0","0","0","0","0","0","0","0","0","0","0","0","0","0","0","0","0","0","0","0","0","0","0","0","0","0","0","0","0","0","0","0","0","0","0","0","0","0","0","0","0","0","0","0","0","0","0","0","0","0","0","0","0","0","0","0","0","0","0","0","0","0","0","0","0","0","0","0","0","0","0","0","0","0","0","0","0","0","0","0","0","0","0","0","0","0","0","0","0","0","0","0","0","0","0","0","0","0","0","0","0","0","0","0","0","0","0","0","0","0","0","0","0","0","0","0","0","0","0","0","0","0","0","0","0","0","0","0","0","0","0","0","0","0","0","0","0","0","0","0","0","0","0","0","0","0","0","0","0","0","0","0","0","0","0","0","0","0","2.10493473852411","0","0","0","0","0","0","0","0","0","0","0","0","0","0","0","0","0","0","0","0","0","0","0","0","0","0","0","0","0","0","0","0","0","0","1.50413591691073","0","0","0","0","0","0","0","0","0","0","0","0","0","0","0","0","0","0","0","0","0","0","0","0","0","1.82493548266242","0","0","0","0","0","0","0","0","3.21971192738246","0","0","0","0","0","0","0","0","0","0","0","0","0","0","0","0","0","0","0","0","0","0","0","0","0","2.33691995466517","0","0","0","0","0","0","0","0","0","0","0","0","0","0","0","0","0","0","0","0","0","0","0","0","0","0","0","0","0","0","0","0","0","0","0","0","0","0","0","0","0","0","1.55567257888757","0","0","0","0","0","0","0","0","0","0","0","0","1.21855801365499","0","0","0","0","0","0","0","1.58898115245855","0","0","2.03947445131223","0","0","0","0","0","0","0","0","0","0","0","0","0","0","0","0","0","0","1.76941410463827","0","0","0","0","0","0","0","0","0","0","0","0","0","0","0","0","0","0","0","0","0","0","0","0","0","0","0","0","0","0","0","0","0","0","0","0","0","0","0","0","0","0","0","0","0","0","0","0","0","0","0","0","0","0","0","0","2.06483747359725","0","0","0","0","0","0","0","0","0","0","0","0","0"
"GPR37L1__Olig","0","0","0","0","0","0","0","0","0","0","0","0","0","0","0","0","0","0","0","0","0","0","0","0","0","0","0","0","0","0","0","0","0","0","0","0","0","0","0","0","0","0","0","0","0","0","0","0","0","0","0","0","0","0","0","0","0","0","0","0","0","0","0","0","0","0","0","0","0","0","0","0","0","0","0","0","0","0","0","0","0","0","0","0","0","0","0","0","0","0","0","0","0","0","0","0","0","0","0","0","0","0","0","0","0","0","0","0","0","0","0","0","0","0","0","0","0","0","0","0","0","0","0","0","0","0","0","0","0","0","0","0","0","0","0","0","0","0","0","0","0","0","0","0","0","0","0","0","0","0","0","0","0","0","0","0","0","0","0","0","0","0","0","0","0","0","0","0","0","0","0","0","0","0","0","0","0","0","0","0","0","0","0","0","0","0","0","0","0","0","0","0","0","0","0","0","0","0","0","0","0","0","0","0","0","0","0","0","0","0","0","0","0","0","0","0","0","0","0","0","0","0","0","0","0","0","0","0","0","0","0","0","0","0","0","0","0","0","0","0","0","0","0","0","0","0","0","0","0","0","0","0","0","0","0","0","0","0","0","0","0","0","0","0","0","0","0","0","0","0","1.57583014478049","0","0","0","0","0","0","0","0","0","0","0","0","0","0","0","0","0","0","0","0","0","0","0","0","0","0","0","0","0","0","0","0","0","0","3.06111761930814","0","0","0","0","0","0","0","0","0","0","0","0","0","0","0","0","0","0","0","0","0","0","0","0","0","0","0","0","0","0","0","0","0","0","1.9153307362339","0","0","0","0","0","0","0","0","0","0","0","0","0","0","0","0","0","0","0","0","0","0","0","0","0","0","0","0","0","0","0","0","0","0","0","0","0","0","0","0","0","0","0","0","0","0","0","0","0","0","0","0","0","0","0","0","0","0","0","0","0","0","0","0","0","0","0","0","1.29559406981101","0","0","0","0","0","0","0","0","0","0","0","0","1.21855801365499","0","0","0","0","0","2.02822555024921","0","0","0","0","0","0","0","0","0","0","0","0","0","0","0","0","0","0","0","0","0","0","0","1.14050212522802","0","0","0","0","0","0","0","0","0","0","0","0","0","0","0","0","0","0","0","0","0","0","0","0","0","0","0","0","0","0","0","0","0","0","1.30275342616461","0","1.79246629620522","0","0","0","0","0","0","0","0","0","0","0","0","0","0","0","0","0","0","0","0","0","0","0","0","0","0","0","0","0","0","0","0","0"
"PLXNB3__Olig","0","0","0","0","0","0","0","0","0","0","0","0","0","0","0","0","0","0","0","0","0","0","0","0","0","0","0","0","0","0","0","0","0","0","0","0","0","0","0","0","0","0","0","0","0","0","0","0","0","0","0","0","0","0","0","0","0","0","0","0","0","0","0","0","0","0","0","0","0","0","0","0","0","0","0","0","0","0","0","0","0","0","0","0","0","0","0","0","0","0","0","0","0","0","0","0","0","0","0","0","0","0","0","0","0","0","0","0","0","0","0","0","0","0","0","0","0","0","0","0","0","0","0","0","0","0","0","0","0","0","0","0","0","0","0","0","0","0","0","0","0","0","0","0","0","0","0","0","0","0","0","0","0","0","0","0","0","0","0","0","0","0","0","0","0","0","0","0","0","0","0","0","0","0","0","0","0","0","0","0","0","0","0","0","0","0","0","0","0","0","0","0","0","0","0","0","0","0","0","0","0","0","0","0","0","0","0","0","0","0","0","0","0","0","0","0","0","0","0","0","0","0","0","0","0","0","0","0","0","0","0","0","0","0","0","0","0","0","0","0","0","0","0","0","0","0","0","0","0","0","0","0","0","0","0","0","0","0","0","0","0","0","0","0","0","0","0","0","0","0","1.21456823230162","0","0","0","0","0","0","0","0","0","0","0","0","0","0","0","0","0","0","0","0","0","0","0","0","0","0","0","0","0","0","0","0","0","0","0","0","0","0","0","0","0","0","0","0","0","0","0","0","0","0","0","0","0","0","0","0","0","0","0","0","2.26734625795629","0","0","0","0","0","0","0","0","1.25459488107872","0","0","0","0","0","0","0","0","0","0","0","0","0","0","0","0","0","0","0","0","0","0","0","0","0","2.33691995466517","0","0","0","0","0","0","0","0","0","0","0","0","0","0","0","0","0","0","0","0","0","0","0","0","0","0","0","0","0","0","0","0","0","0","0","0","0","0","0","0","0","0","1.55567257888757","0","0","0","0","0","0","0","0","0","0","0","0","0","0","0","0","0","0","1.01887825698895","0","1.00301503775543","0","0","0","0","0","0","0","0","0","0","0","0","0","0","0","0","0","0","0","0","0","1.14050212522802","0","0","0","0","0","0","0","0","0","0","0","0","0","0","0","0","0","0","0","0","0","0","0","0","0","0","0","0","0","0","0","0","0","0","1.9759915777817","0","0","0","0","0","0","0","0","0","0","0","0","0","0","0","0","0","0","0","0","0","1.37402909381587","0","0","0","0","0","0","0","0","0","0","0","0","0"
"CD82__Olig","0","0","0","0","0","0","0","0","0","0","0","0","0","0","0","0","0","0","0","0","0","0","0","0","0","0","0","0","0","0","0","0","0","0","0","0","0","0","0","0","0","0","0","0","0","0","0","0","0","0","0","0","0","0","0","0","0","0","0","0","0","0","0","0","0","0","0","0","0","0","0","0","0","0","0","0","0","0","0","0","0","0","0","0","0","0","0","0","0","0","0","0","0","0","0","0","0","0","0","0","0","0","0","0","0","0","0","0","0","0","0","0","0","0","0","0","0","0","0","0","0","0","0","0","0","0","0","0","0","0","0","0","0","0","0","0","0","0","0","0","0","0","0","0","0","0","0","0","0","0","0","0","0","0","0","0","0","0","0","0","0","0","0","0","0","0","0","0","0","0","0","0","0","0","0","0","0","0","0","0","0","0","0","0","0","0","0","0","0","0","0","0","0","0","0","0","0","0","0","0","0","0","0","0","0","0","0","0","0","0","0","0","0","0","0","0","0","0","0","0","0","0","0","0","0","0","0","0","0","0","0","0","0","0","0","0","0","0","0","0","0","0","0","0","0","0","0","0","0","0","0","0","0","0","0","0","0","0","0","0","0","0","0","0","0","0","0","0","0","0","1.86450367410222","0","0","0","0","0","0","0","0","0","0","0","0","0","0","0","0","0","0","0","0","0","0","0","0","0","0","0","0","0","0","0","0","0","0","0","0","0","0","0","0","0","0","0","0","0","0","0","0","0","0","0","0","0","0","0","0","0","0","0","0","1.82493548266242","0","0","0","0","0","0","0","0","1.25459488107872","0","0","0","0","0","0","0","0","0","0","0","0","0","0","0","0","0","0","0","0","0","0","0","0","0","2.33691995466517","0","0","0","0","0","0","0","0","0","0","0","0","0","0","0","0","0","0","0","0","0","0","0","0","0","0","0","0","0","0","0","0","0","0","0","0","0","0","0","0","0","0","1.96700667020353","0","0","0","0","0","0","0","0","0","0","0","0","1.86958719155305","0","0","0","0","0","2.02822555024921","0","1.58898115245855","0","0","1.62010386238077","0","0","0","0","0","0","0","0","0","0","0","0","0","0","0","0","0","0","0","0","0","0","0","0","0","0","0","0","0","0","0","0","0","0","0","0","0","0","0","0","0","0","0","0","0","0","0","0","0","0","0","0","0","2.77988387618465","0","1.79246629620522","0","0","0","0","0","0","0","0","0","0","0","0","0","0","0","0","0","0","0","1.37402909381587","0","0","0","0","0","0","0","0","0","0","0","0","0"
"S1PR5__Olig","0","0","0","0","0","0","0","0","0","0","0","0","0","0","0","0","0","0","0","0","0","0","0","0","0","0","0","0","0","0","0","0","0","0","0","0","0","0","0","0","0","0","0","0","0","0","0","0","0","0","0","0","0","0","0","0","0","0","0","0","0","0","0","0","0","0","0","0","0","0","0","0","0","0","0","0","0","0","0","0","0","0","0","0","0","0","0","0","0","0","0","0","0","0","0","0","0","0","0","0","0","0","0","0","0","0","0","0","0","0","0","0","0","0","0","0","0","0","0","0","0","0","0","0","0","0","0","0","0","0","0","0","0","0","0","0","0","0","0","0","0","0","0","0","0","0","0","0","0","0","0","0","0","0","0","0","0","0","0","0","0","0","0","0","0","0","0","0","0","0","0","0","0","0","0","0","0","0","0","0","0","0","0","0","0","0","0","0","0","0","0","0","0","0","0","0","0","0","0","0","0","0","0","0","0","0","0","0","0","0","0","0","0","0","0","0","0","0","0","0","0","0","0","0","0","0","0","0","0","0","0","0","0","0","0","0","0","0","0","0","0","0","0","0","0","0","0","0","0","0","0","0","0","0","0","0","0","0","0","0","0","0","0","0","0","0","0","0","0","0","2.65141976613063","0","0","0","0","0","0","0","0","0","0","0","0","0","0","0","0","0","0","0","0","0","0","0","0","0","0","0","0","0","0","0","0","0","0","1.50413591691073","0","0","0","0","0","0","0","0","0","0","0","0","0","0","0","0","0","0","0","0","0","0","0","0","0","2.60545243858478","0","0","0","0","0","0","0","0","1.25459488107872","0","0","0","0","0","0","0","0","0","0","0","0","0","0","0","0","0","0","0","0","0","0","0","0","0","2.33691995466517","0","0","0","0","0","0","0","0","0","0","0","0","0","0","0","0","0","0","0","0","0","0","0","0","0","0","0","0","0","0","0","0","0","0","0","0","0","0","0","0","0","0","1.55567257888757","0","0","0","0","0","0","0","0","0","0","0","0","1.21855801365499","0","0","0","0","0","2.35201585831053","0","2.32674913543348","0","0","1.62010386238077","0","0","0","0","0","0","0","0","0","0","0","0","0","0","0","0","0","0","1.76941410463827","0","0","0","0","0","0","0","0","0","0","0","0","0","0","0","0","0","0","0","0","0","0","0","0","0","0","0","0","0","0","0","0","0","0","1.9759915777817","0","0","0","0","0","0","0","0","0","0","0","0","0","0","0","0","0","0","0","0","0","3.39939058560933","0","0","0","0","0","0","0","0","0","0","0","0","0"
"FGFR2__Olig","0","0","0","0","0","0","0","0","0","0","0","0","0","0","0","0","0","0","0","0","0","0","0","0","0","0","0","0","0","0","0","0","0","0","0","0","0","0","0","0","0","0","0","0","0","0","0","0","0","0","0","0","0","0","0","0","0","0","0","0","0","0","0","0","0","0","0","0","0","0","0","0","0","0","0","0","0","0","0","0","0","0","0","0","0","0","0","0","0","0","0","0","0","0","0","0","0","0","0","0","0","0","0","0","0","0","0","0","0","0","0","0","0","0","0","0","0","0","0","0","0","0","0","0","0","0","0","0","0","0","0","0","0","0","0","0","0","0","0","0","0","0","0","0","0","0","0","0","0","0","0","0","0","0","0","0","0","0","0","0","0","0","0","0","0","0","0","0","0","0","0","0","0","0","0","0","0","0","0","0","0","0","0","0","0","0","0","0","0","0","0","0","0","0","0","0","0","0","0","0","0","0","0","0","0","0","0","0","0","0","0","0","0","0","0","0","0","0","0","0","0","0","0","0","0","0","0","0","0","0","0","0","0","0","0","0","0","0","0","0","0","0","0","0","0","0","0","0","0","0","0","0","0","0","0","0","0","0","0","0","0","0","0","0","0","0","0","0","0","0","1.21456823230162","0","0","0","0","0","0","0","0","0","0","0","0","0","0","0","0","0","0","0","0","0","0","0","0","0","0","0","0","0","0","0","0","0","0","1.50413591691073","0","0","0","0","0","0","0","0","0","0","0","0","0","0","0","0","0","0","0","0","0","0","0","0","0","2.87917231832007","0","0","0","0","0","0","0","0","0","0","0","0","0","0","0","0","0","0","0","0","0","0","0","0","0","0","0","0","0","0","0","0","0","0","1.23311676580095","0","0","0","0","0","0","0","0","0","0","0","0","0","0","0","0","0","0","0","0","0","0","0","0","0","0","0","0","0","0","0","0","0","0","0","0","0","0","0","0","0","0","0.978088495513975","0","0","0","0","0","0","0","0","0","0","0","0","2.65731074350557","0","0","0","0","0","2.02822555024921","0","2.81251970695628","0","0","1.02643594292201","0","0","0","0","0","0","0","0","0","0","0","0","0","0","0","0","0","0","2.205934260958","0","0","0","0","0","0","0","0","0","0","0","0","0","0","0","0","0","0","0","0","0","0","0","0","0","0","0","0","0","0","0","0","0","0","1.9759915777817","0","1.79246629620522","0","0","0","0","0","0","0","0","0","0","0","0","0","0","0","0","0","0","0","0.844760921870089","0","0","0","0","0","0","0","0","0","0","0","0","0"
"LPAR1__Olig","0","0","0","0","0","0","0","0","0","0","0","0","0","0","0","0","0","0","0","0","0","0","0","0","0","0","0","0","0","0","0","0","0","0","0","0","0","0","0","0","0","0","0","0","0","0","0","0","0","0","0","0","0","0","0","0","0","0","0","0","0","0","0","0","0","0","0","0","0","0","0","0","0","0","0","0","0","0","0","0","0","0","0","0","0","0","0","0","0","0","0","0","0","0","0","0","0","0","0","0","0","0","0","0","0","0","0","0","0","0","0","0","0","0","0","0","0","0","0","0","0","0","0","0","0","0","0","0","0","0","0","0","0","0","0","0","0","0","0","0","0","0","0","0","0","0","0","0","0","0","0","0","0","0","0","0","0","0","0","0","0","0","0","0","0","0","0","0","0","0","0","0","0","0","0","0","0","0","0","0","0","0","0","0","0","0","0","0","0","0","0","0","0","0","0","0","0","0","0","0","0","0","0","0","0","0","0","0","0","0","0","0","0","0","0","0","0","0","0","0","0","0","0","0","0","0","0","0","0","0","0","0","0","0","0","0","0","0","0","0","0","0","0","0","0","0","0","0","0","0","0","0","0","0","0","0","0","0","0","0","0","0","0","0","0","0","0","0","0","0","1.86450367410222","0","0","0","0","0","0","0","0","0","0","0","0","0","0","0","0","0","0","0","0","0","0","0","0","0","0","0","0","0","0","0","0","0","0","2.7025781759781","0","0","0","0","0","0","0","0","0","0","0","0","0","0","0","0","0","0","0","0","0","0","0","0","0","1.18361724316958","0","0","0","0","0","0","0","0","2.71017397051467","0","0","0","0","0","0","0","0","0","0","0","0","0","0","0","0","0","0","0","0","0","0","0","0","0","1.23311676580095","0","0","0","0","0","0","0","0","0","0","0","0","0","0","0","0","0","0","0","0","0","0","0","0","0","0","0","0","0","0","0","0","0","0","0","0","0","0","0","0","0","0","0.570391869857093","0","0","0","0","0","0","0","0","0","0","0","0","1.86958719155305","0","0","0","0","0","1.61007901076269","0","3.32735063431269","0","0","1.02643594292201","0","0","0","0","0","0","0","0","0","0","0","0","0","0","3.86387127177662","0","0","0","2.205934260958","0","0","0","0","0","0","0","0","0","0","0","0","0","0","0","0","0","0","0","0","0","0","0","0","0","0","0","0","0","0","0","0","0","0","1.9759915777817","0","0","0","0","0","0","0","0","0","0","0","0","0","0","0","0","0","0","0","0","0","2.7162819236505","0","0","0","0","0","0","0","0","0","0","0","0","0"
