ligand,receptor,combo,mean_score,median_score,max_score,sum_score,sd_score,ligand_mean_expr,receptor_mean_expr
SHANK1__L6-eNeuron,SLC17A7__L5-eNeuron,SHANK1__L6-eNeuron|SLC17A7__L5-eNeuron,0.1896025432298429,0,2.8466758178500355,99.16213010920784,0.5441078167513255,0.7727932024111565,0.5596530152433024
SHANK1__L2-L3-eNeuron,SLC17A7__L4-eNeuron,SHANK1__L2-L3-eNeuron|SLC17A7__L4-eNeuron,0.1414578971876706,0,1.9176975613343816,73.98248022915172,0.3342684962464269,0.44957163021274477,0.7292354660852439
RPH3A__L6-eNeuron,SLC17A7__L5-eNeuron,RPH3A__L6-eNeuron|SLC17A7__L5-eNeuron,0.13198964683404485,0,2.040642448715604,69.03058529420547,0.3802725784762753,0.5447522573247061,0.5596530152433024
SHANK1__L2-L3-eNeuron,LINGO1__L4-eNeuron,SHANK1__L2-L3-eNeuron|LINGO1__L4-eNeuron,0.1287253680853792,0,1.9474315775447155,67.32336750865333,0.3070982441246729,0.44957163021274477,0.6574118282225528
SHANK1__L6-eNeuron,LINGO1__L5-eNeuron,SHANK1__L6-eNeuron|LINGO1__L5-eNeuron,0.12593373656091292,0,2.4194015872311203,65.86334422135745,0.38331742521207357,0.7727932024111565,0.36461878018984895
LRRC4B__L6-eNeuron,SLC17A7__L5-eNeuron,LRRC4B__L6-eNeuron|SLC17A7__L5-eNeuron,0.11889259842984365,0,1.7613183167107713,62.18082897880823,0.341773353482863,0.4862618643532333,0.5596530152433024
PLTP__endothelial,SLC17A7__L6-eNeuron,PLTP__endothelial|SLC17A7__L6-eNeuron,0.1171267663343667,0,0.7756722947693035,61.257298792873776,0.21715342794715806,0.31446316841872984,1.0728652594377934
CADM3__L6-eNeuron,SLC17A7__L5-eNeuron,CADM3__L6-eNeuron|SLC17A7__L5-eNeuron,0.11391423119950558,0,1.7796920838466939,59.57714291734142,0.32919001947714943,0.44966801887672064,0.5596530152433024
CADM3__L2-L3-eNeuron,SLC17A7__L4-eNeuron,CADM3__L2-L3-eNeuron|SLC17A7__L4-eNeuron,0.10728783054801738,0,1.4240533308038859,56.11153537661309,0.2526089169507677,0.34098034399401916,0.7292354660852439
ICAM5__L6-eNeuron,SLC17A7__L5-eNeuron,ICAM5__L6-eNeuron|SLC17A7__L5-eNeuron,0.10386006215875214,0,1.772275206587375,54.31881250902737,0.3039747210014983,0.4240622749626807,0.5596530152433024
SHANK1__L6-eNeuron,SV2A__L5-eNeuron,SHANK1__L6-eNeuron|SV2A__L5-eNeuron,0.10252872122936724,0,1.792088202076279,53.622521202959064,0.30540287112915937,0.7727932024111565,0.29998636318015154
CADM3__L2-L3-eNeuron,LINGO1__L4-eNeuron,CADM3__L2-L3-eNeuron|LINGO1__L4-eNeuron,0.09761392337761302,0,1.4189290475413256,51.05208192649161,0.23184204317877716,0.34098034399401916,0.6574118282225528
SHANK1__L6-eNeuron,ADCY1__L5-eNeuron,SHANK1__L6-eNeuron|ADCY1__L5-eNeuron,0.09663554786522432,0,1.7113933825125365,50.54039153351232,0.28892649615563426,0.7727932024111565,0.27935017401198253
SHANK1__L6-eNeuron,SLC17A7__L4-eNeuron,SHANK1__L6-eNeuron|SLC17A7__L4-eNeuron,0.09659102190658536,0,1.6397518613921453,50.51710445714414,0.23275914268198086,0.7727932024111565,0.7292354660852439
SHANK1__L6-eNeuron,STX1A__L5-eNeuron,SHANK1__L6-eNeuron|STX1A__L5-eNeuron,0.09524907357102569,0,1.696912255530551,49.81526547764644,0.2855749624208487,0.7727932024111565,0.28314044074738187
PLTP__endothelial,SLC17A7__L4-eNeuron,PLTP__endothelial|SLC17A7__L4-eNeuron,0.0936282430910256,0,0.8593708699461993,48.96757113660639,0.2059737863070849,0.31446316841872984,0.7292354660852439
SHANK1__L6-eNeuron,EPHB6__L5-eNeuron,SHANK1__L6-eNeuron|EPHB6__L5-eNeuron,0.09269087307452684,0,1.5067068201743277,48.47732661797754,0.2741466060065233,0.7727932024111565,0.2786430177151399
SHANK1__L6-eNeuron,KCNJ4__L5-eNeuron,SHANK1__L6-eNeuron|KCNJ4__L5-eNeuron,0.09217831156920112,0,1.696912255530551,48.20925695069218,0.28532720415598106,0.7727932024111565,0.2678047139671424
GLG1__L6-eNeuron,SLC17A7__L5-eNeuron,GLG1__L6-eNeuron|SLC17A7__L5-eNeuron,0.08959020811910688,0,1.392655005404316,46.855678846292896,0.2612290739303245,0.36564936254692953,0.5596530152433024
SHANK1__L6-eNeuron,CADM3__L5-eNeuron,SHANK1__L6-eNeuron|CADM3__L5-eNeuron,0.08939444988177664,0,1.808205932111968,46.75329728816918,0.2767641535030471,0.7727932024111565,0.2665144424286553
RPH3A__L6-eNeuron,LINGO1__L5-eNeuron,RPH3A__L6-eNeuron|LINGO1__L5-eNeuron,0.08777964259625662,0,1.7063236485896383,45.908753077842206,0.2687006415116412,0.5447522573247061,0.36461878018984895
SHANK1__L6-eNeuron,GABBR2__L5-eNeuron,SHANK1__L6-eNeuron|GABBR2__L5-eNeuron,0.08662327088476982,0,1.5680585262466789,45.303970672734614,0.2607324402020761,0.7727932024111565,0.2547477510376151
SHANK1__L6-eNeuron,LINGO1__L4-eNeuron,SHANK1__L6-eNeuron|LINGO1__L4-eNeuron,0.08502392709563625,0,1.1654671978283548,44.46751387101776,0.19347792282500664,0.7727932024111565,0.6574118282225528
PLTP__endothelial,LINGO1__L4-eNeuron,PLTP__endothelial|LINGO1__L4-eNeuron,0.08445073282733405,0,0.7909362956792002,44.167733268695706,0.18557343922201,0.31446316841872984,0.6574118282225528
SHANK1__L2-L3-eNeuron,RTN4R__L4-eNeuron,SHANK1__L2-L3-eNeuron|RTN4R__L4-eNeuron,0.0822184415300056,0,1.5553323433956159,43.00024492019293,0.21190184603834492,0.44957163021274477,0.4120197332316754
NTRK3__L6-eNeuron,SLC17A7__L5-eNeuron,NTRK3__L6-eNeuron|SLC17A7__L5-eNeuron,0.08059229411225648,0,1.1688090720209843,42.14976982071014,0.23389160075874002,0.32544040186973866,0.5596530152433024
IGFBP4__L2-L3-eNeuron,SLC17A7__L4-eNeuron,IGFBP4__L2-L3-eNeuron|SLC17A7__L4-eNeuron,0.08038526756058481,0,1.1144445356610635,42.041494934185856,0.19030412805816588,0.2626207734087404,0.7292354660852439
LRRC4B__L6-eNeuron,LINGO1__L5-eNeuron,LRRC4B__L6-eNeuron|LINGO1__L5-eNeuron,0.07902427240502463,0,1.501898311646021,41.329694467827885,0.2410554348806705,0.4862618643532333,0.36461878018984895
BAG6__L2-L3-eNeuron,SLC17A7__L4-eNeuron,BAG6__L2-L3-eNeuron|SLC17A7__L4-eNeuron,0.07728633381937808,0,1.1171534153361664,40.420752587534736,0.18414609195798162,0.24385038571843584,0.7292354660852439
CADM3__L6-eNeuron,LINGO1__L5-eNeuron,CADM3__L6-eNeuron|LINGO1__L5-eNeuron,0.07603085565035006,0,1.5125676852425431,39.76413750513308,0.23435761652673925,0.44966801887672064,0.36461878018984895
SHANK1__L6-eNeuron,CNTNAP1__L5-eNeuron,SHANK1__L6-eNeuron|CNTNAP1__L5-eNeuron,0.07378519847329411,0,1.3606554603654073,38.58965880153281,0.22784571080379784,0.7727932024111565,0.2355598605035041
IGFBP4__L2-L3-eNeuron,LINGO1__L4-eNeuron,IGFBP4__L2-L3-eNeuron|LINGO1__L4-eNeuron,0.07327516328026029,0,1.166186994368337,38.32291039557613,0.1755070131935225,0.2626207734087404,0.6574118282225528
SHANK1__L2-L3-eNeuron,KCNJ4__L4-eNeuron,SHANK1__L2-L3-eNeuron|KCNJ4__L4-eNeuron,0.07274287112387955,0,1.0631471532354586,38.044521597789,0.18952317936659954,0.44957163021274477,0.3655650268913883
PLTP__endothelial,ADCY1__L6-eNeuron,PLTP__endothelial|ADCY1__L6-eNeuron,0.0719158422138579,0,0.5651173102068966,37.611985477847675,0.13924321055809505,0.31446316841872984,0.6587429882082205
RPH3A__L6-eNeuron,SV2A__L5-eNeuron,RPH3A__L6-eNeuron|SV2A__L5-eNeuron,0.07146563236298302,0,1.2963104700635237,37.37652572584012,0.21375185790563522,0.5447522573247061,0.29998636318015154
BAG6__L2-L3-eNeuron,LINGO1__L4-eNeuron,BAG6__L2-L3-eNeuron|LINGO1__L4-eNeuron,0.07039165747243499,0,1.1308567125596993,36.814836858083495,0.16957007982989716,0.24385038571843584,0.6574118282225528
SHANK1__L6-eNeuron,GLG1__L5-eNeuron,SHANK1__L6-eNeuron|GLG1__L5-eNeuron,0.07022617091975145,0,1.3237969552958802,36.72828739103,0.21164323193608456,0.7727932024111565,0.2052005292300512
GAS6__L5-eNeuron,SLC17A7__L6-eNeuron,GAS6__L5-eNeuron|SLC17A7__L6-eNeuron,0.07011645977124355,0,0.6263690593643259,36.67090846036037,0.13687288082804963,0.16598702132559418,1.0728652594377934
ICAM5__L2-L3-eNeuron,SLC17A7__L4-eNeuron,ICAM5__L2-L3-eNeuron|SLC17A7__L4-eNeuron,0.06990714456237197,0,1.009201293026624,36.561436606120544,0.1652540749945684,0.23411522682010927,0.7292354660852439
ICAM5__L6-eNeuron,LINGO1__L5-eNeuron,ICAM5__L6-eNeuron|LINGO1__L5-eNeuron,0.06956326045776222,0,1.5062640504903968,36.38158521940964,0.2182158529205473,0.4240622749626807,0.36461878018984895
RPH3A__L6-eNeuron,ADCY1__L5-eNeuron,RPH3A__L6-eNeuron|ADCY1__L5-eNeuron,0.06721227882039328,0,1.156353941185907,35.15202182306569,0.20118562419833683,0.5447522573247061,0.27935017401198253
RPH3A__L6-eNeuron,SLC17A7__L4-eNeuron,RPH3A__L6-eNeuron|SLC17A7__L4-eNeuron,0.06718073852160103,0,1.1540916098507545,35.13552624679734,0.16111047794257774,0.5447522573247061,0.7292354660852439
RPH3A__L6-eNeuron,STX1A__L5-eNeuron,RPH3A__L6-eNeuron|STX1A__L5-eNeuron,0.06630402655309864,0,1.2913764591632442,34.67700588727059,0.1998793062946353,0.5447522573247061,0.28314044074738187
CADM3__L4-eNeuron,CADM3__L2-L3-eNeuron,CADM3__L4-eNeuron|CADM3__L2-L3-eNeuron,0.06613108014003098,0,0.9455961425548475,34.586554913236206,0.18232231238781757,0.44649721429188405,0.34098034399401916
NLGN2__L6-eNeuron,SLC17A7__L5-eNeuron,NLGN2__L6-eNeuron|SLC17A7__L5-eNeuron,0.06572275892126701,0,0.977755447436766,34.373002915822646,0.1884355616932582,0.27035183276356134,0.5596530152433024
PLTP__endothelial,SLC17A7__L5-eNeuron,PLTP__endothelial|SLC17A7__L5-eNeuron,0.06569168754851604,0,0.8903103958206848,34.35675258787389,0.1811985252894338,0.31446316841872984,0.5596530152433024
PLTP__endothelial,EPHB6__L6-eNeuron,PLTP__endothelial|EPHB6__L6-eNeuron,0.06526988697480515,0,0.5375898758318092,34.13615088782309,0.12798974621421638,0.31446316841872984,0.5921332020387052
RPH3A__L6-eNeuron,EPHB6__L5-eNeuron,RPH3A__L6-eNeuron|EPHB6__L5-eNeuron,0.06445721149979197,0,1.0901740583929191,33.7111216143912,0.1912039020209849,0.5447522573247061,0.2786430177151399
LRRC4B__L6-eNeuron,SV2A__L5-eNeuron,LRRC4B__L6-eNeuron|SV2A__L5-eNeuron,0.064330573891014,0,1.1535605802760351,33.64489014500032,0.1919841246186033,0.4862618643532333,0.29998636318015154
RPH3A__L6-eNeuron,KCNJ4__L5-eNeuron,RPH3A__L6-eNeuron|KCNJ4__L5-eNeuron,0.06414450656943768,0,1.2913764591632442,33.54757693581591,0.19957874608691503,0.5447522573247061,0.2678047139671424
ICAM5__L2-L3-eNeuron,LINGO1__L4-eNeuron,ICAM5__L2-L3-eNeuron|LINGO1__L4-eNeuron,0.06357616971305746,0,1.0358517282678446,33.25033675992905,0.15190315807365984,0.23411522682010927,0.6574118282225528
SHANK1__L6-eNeuron,FLOT1__L5-eNeuron,SHANK1__L6-eNeuron|FLOT1__L5-eNeuron,0.06354024084757737,0,1.0481841323569383,33.23154596328296,0.19349453161440344,0.7727932024111565,0.19707164922212148
SHANK1__L6-eNeuron,RTN4R__L5-eNeuron,SHANK1__L6-eNeuron|RTN4R__L5-eNeuron,0.06352820822755124,0,1.1707599859533366,33.225252903009306,0.193417724174044,0.7727932024111565,0.1934280467030893
CADM3__L2-L3-eNeuron,RTN4R__L4-eNeuron,CADM3__L2-L3-eNeuron|RTN4R__L4-eNeuron,0.06231457765840159,0,1.1332394247231958,32.59052411534403,0.1596104846607215,0.34098034399401916,0.4120197332316754
SHANK1__L6-eNeuron,ADORA1__L5-eNeuron,SHANK1__L6-eNeuron|ADORA1__L5-eNeuron,0.0621477529525485,0,1.450583807478809,32.503274794182865,0.19577327401147912,0.7727932024111565,0.18719942949081278
RPH3A__L6-eNeuron,CADM3__L5-eNeuron,RPH3A__L6-eNeuron|CADM3__L5-eNeuron,0.06211879285975845,0,1.3760726675396953,32.48812866565367,0.19321571334933127,0.5447522573247061,0.2665144424286553
SHANK1__L2-L3-eNeuron,SLC17A7__L6-eNeuron,SHANK1__L2-L3-eNeuron|SLC17A7__L6-eNeuron,0.06202290344419476,0,0.44533071297893684,32.43797850131386,0.11533611011404513,0.44957163021274477,1.0728652594377934
SLITRK1__L2-L3-eNeuron,SLC17A7__L4-eNeuron,SLITRK1__L2-L3-eNeuron|SLC17A7__L4-eNeuron,0.062007550380733675,0,0.8537301112573304,32.42994884912371,0.14584921120136518,0.20475633323023734,0.7292354660852439
CADM3__L6-eNeuron,SV2A__L5-eNeuron,CADM3__L6-eNeuron|SV2A__L5-eNeuron,0.06147634750597355,0,1.1489453995885277,32.152129745624165,0.1836509133237414,0.44966801887672064,0.29998636318015154
PLTP__endothelial,LINGO1__L6-eNeuron,PLTP__endothelial|LINGO1__L6-eNeuron,0.06129473461758388,0,0.5690132319430914,32.05714620499637,0.121313371387214,0.31446316841872984,0.555464403891699
LRRC4B__L6-eNeuron,SLC17A7__L4-eNeuron,LRRC4B__L6-eNeuron|SLC17A7__L4-eNeuron,0.06071412396362251,0,1.0405862264226449,31.753486832974573,0.14618021368958717,0.4862618643532333,0.7292354660852439
LRRC4B__L6-eNeuron,ADCY1__L5-eNeuron,LRRC4B__L6-eNeuron|ADCY1__L5-eNeuron,0.06049369556398393,0,1.0283257137155182,31.638202779963596,0.1805838745610503,0.4862618643532333,0.27935017401198253
RPH3A__L6-eNeuron,GABBR2__L5-eNeuron,RPH3A__L6-eNeuron|GABBR2__L5-eNeuron,0.0603947331656673,0,1.1933167792179424,31.586445445643996,0.18289698048962474,0.5447522573247061,0.2547477510376151
PLTP__endothelial,SV2A__L6-eNeuron,PLTP__endothelial|SV2A__L6-eNeuron,0.05995009323958136,0,0.5346583616880317,31.35389876430105,0.12026684906256031,0.31446316841872984,0.5439393284610851
LRRC4B__L6-eNeuron,STX1A__L5-eNeuron,LRRC4B__L6-eNeuron|STX1A__L5-eNeuron,0.059777559946978434,0,1.1146122206391054,31.263663852269723,0.1797542262476869,0.4862618643532333,0.28314044074738187
GLG1__L6-eNeuron,LINGO1__L5-eNeuron,GLG1__L6-eNeuron|LINGO1__L5-eNeuron,0.059596629060434496,0,1.183623266623073,31.169036998607243,0.18448685771924142,0.36564936254692953,0.36461878018984895
RPH3A__L6-eNeuron,LINGO1__L4-eNeuron,RPH3A__L6-eNeuron|LINGO1__L4-eNeuron,0.059173449503937554,0,0.820280157162331,30.94771409055934,0.13421487686815572,0.5447522573247061,0.6574118282225528
LRRC4B__L6-eNeuron,EPHB6__L5-eNeuron,LRRC4B__L6-eNeuron|EPHB6__L5-eNeuron,0.05809990405397509,0,0.9823122644109636,30.38624982022897,0.1721117387419708,0.4862618643532333,0.2786430177151399
LRRC4B__L6-eNeuron,KCNJ4__L5-eNeuron,LRRC4B__L6-eNeuron|KCNJ4__L5-eNeuron,0.05779752593087787,0,1.1146122206391054,30.228106061849125,0.17940398836492136,0.4862618643532333,0.2678047139671424
CADM3__L6-eNeuron,ADCY1__L5-eNeuron,CADM3__L6-eNeuron|ADCY1__L5-eNeuron,0.057697140952607424,0,0.8873422231228242,30.175604718213684,0.17192512559284615,0.44966801887672064,0.27935017401198253
CADM3__L6-eNeuron,STX1A__L5-eNeuron,CADM3__L6-eNeuron|STX1A__L5-eNeuron,0.057420930329356724,0,1.0640938319272735,30.031146562253568,0.17374165461540989,0.44966801887672064,0.28314044074738187
CADM3__L6-eNeuron,SLC17A7__L4-eNeuron,CADM3__L6-eNeuron|SLC17A7__L4-eNeuron,0.057022204517169175,0,1.0223197735064933,29.82261296247948,0.13861532578647504,0.44966801887672064,0.7292354660852439
SHANK1__L6-eNeuron,NLGN2__L5-eNeuron,SHANK1__L6-eNeuron|NLGN2__L5-eNeuron,0.05652533976682708,0,1.450583807478809,29.562752698050566,0.18370734974802252,0.7727932024111565,0.16593279742957304
SLITRK1__L2-L3-eNeuron,LINGO1__L4-eNeuron,SLITRK1__L2-L3-eNeuron|LINGO1__L4-eNeuron,0.05646001717233828,0,0.8513845405470019,29.528588981132916,0.1341866122974167,0.20475633323023734,0.6574118282225528
ICAM5__L6-eNeuron,SV2A__L5-eNeuron,ICAM5__L6-eNeuron|SV2A__L5-eNeuron,0.056109841036219445,0,1.1222950368531417,29.345446861942772,0.16976718956656592,0.4240622749626807,0.29998636318015154
LRRC4B__L6-eNeuron,CADM3__L5-eNeuron,LRRC4B__L6-eNeuron|CADM3__L5-eNeuron,0.05596199433021069,0,1.187715170772917,29.268123034700192,0.1733467193389347,0.4862618643532333,0.2665144424286553
CADM3__L6-eNeuron,EPHB6__L5-eNeuron,CADM3__L6-eNeuron|EPHB6__L5-eNeuron,0.055752204527531525,0,0.9659813995551702,29.15840296789899,0.16569659722200214,0.44966801887672064,0.2786430177151399
CADM3__L6-eNeuron,KCNJ4__L5-eNeuron,CADM3__L6-eNeuron|KCNJ4__L5-eNeuron,0.05555429300388021,0,1.0640938319272735,29.05489524102935,0.17352577788235046,0.44966801887672064,0.2678047139671424
CADM3__L2-L3-eNeuron,KCNJ4__L4-eNeuron,CADM3__L2-L3-eNeuron|KCNJ4__L4-eNeuron,0.05519903875861249,0,0.780775174071209,28.869097270754335,0.14361882841680865,0.34098034399401916,0.3655650268913883
LRRC4B__L6-eNeuron,GABBR2__L5-eNeuron,LRRC4B__L6-eNeuron|GABBR2__L5-eNeuron,0.05438082442670333,0,1.0299749974316967,28.441171175165838,0.1642313272127718,0.4862618643532333,0.2547477510376151
CADM3__L6-eNeuron,CADM3__L5-eNeuron,CADM3__L6-eNeuron|CADM3__L5-eNeuron,0.05380610863071627,0,1.133883483334893,28.14059481386461,0.16783606407880733,0.44966801887672064,0.2665144424286553
NTRK3__L6-eNeuron,LINGO1__L5-eNeuron,NTRK3__L6-eNeuron|LINGO1__L5-eNeuron,0.05363621055362503,0,1.020066432419041,28.051738119545888,0.16525198133632163,0.32544040186973866,0.36461878018984895
LRRC4B__L6-eNeuron,LINGO1__L4-eNeuron,LRRC4B__L6-eNeuron|LINGO1__L4-eNeuron,0.053451233960074805,0,0.7396052670908048,27.954995361119124,0.12158161950790938,0.4862618643532333,0.6574118282225528
SHANK1__L6-eNeuron,HRH3__L5-eNeuron,SHANK1__L6-eNeuron|HRH3__L5-eNeuron,0.05331030731392626,0,1.131505773599755,27.881290725183433,0.17567135208095475,0.7727932024111565,0.18026221190227482
SHANK1__L6-eNeuron,CAP1__L5-eNeuron,SHANK1__L6-eNeuron|CAP1__L5-eNeuron,0.05325177743624287,0,1.268733425999658,27.85067959915502,0.1718853071420471,0.7727932024111565,0.16641347531640416
SHANK1__L6-eNeuron,RTN4R__L4-eNeuron,SHANK1__L6-eNeuron|RTN4R__L4-eNeuron,0.05317399032326433,0,0.9110852355168378,27.809996939067247,0.12810177329136904,0.7727932024111565,0.4120197332316754
PLTP__endothelial,GABBR2__L6-eNeuron,PLTP__endothelial|GABBR2__L6-eNeuron,0.05293567323915586,0,0.49483414761097255,27.685357104078513,0.10624397450266146,0.31446316841872984,0.48375974223838303
PLTP__endothelial,RTN4R__L4-eNeuron,PLTP__endothelial|RTN4R__L4-eNeuron,0.05268383850013969,0,0.657366579715507,27.55364753557306,0.12265161764851776,0.31446316841872984,0.4120197332316754
VEGFA__astrocytes,SLC17A7__L6-eNeuron,VEGFA__astrocytes|SLC17A7__L6-eNeuron,0.052602894756323765,0,0.44007788265572817,27.511313957557327,0.09936087291533219,0.11730847415846402,1.0728652594377934
ICAM5__L6-eNeuron,ADCY1__L5-eNeuron,ICAM5__L6-eNeuron|ADCY1__L5-eNeuron,0.05259685225581706,0,0.9329113487692843,27.508153729792323,0.15809868995494436,0.4240622749626807,0.27935017401198253
CADM3__L6-eNeuron,GABBR2__L5-eNeuron,CADM3__L6-eNeuron|GABBR2__L5-eNeuron,0.05233526161331113,0,0.9832926837801491,27.37134182376172,0.1592164931185345,0.44966801887672064,0.2547477510376151
ICAM5__L6-eNeuron,STX1A__L5-eNeuron,ICAM5__L6-eNeuron|STX1A__L5-eNeuron,0.05231417800526248,0,1.1187399698694833,27.360315096752277,0.160469366112851,0.4240622749626807,0.28314044074738187
ICAM5__L6-eNeuron,SLC17A7__L4-eNeuron,ICAM5__L6-eNeuron|SLC17A7__L4-eNeuron,0.05208902290277639,0,1.0010283527974222,27.242558978152047,0.12511148334110547,0.4240622749626807,0.7292354660852439
SHANK1__L6-eNeuron,SLC17A7__L2-L3-eNeuron,SHANK1__L6-eNeuron|SLC17A7__L2-L3-eNeuron,0.051314584661265435,0,1.9796607478137125,26.83752777784182,0.17206267472477715,0.7727932024111565,0.5019946783503569
PLTP__endothelial,STX1A__L6-eNeuron,PLTP__endothelial|STX1A__L6-eNeuron,0.051160209120010874,0,0.48773667614622096,26.756789369765688,0.1057431518471618,0.31446316841872984,0.465478702241694
RPH3A__L6-eNeuron,CNTNAP1__L5-eNeuron,RPH3A__L6-eNeuron|CNTNAP1__L5-eNeuron,0.05113330388978597,0,0.9591343950911944,26.742717934358062,0.15823191007454543,0.5447522573247061,0.2355598605035041
ICAM5__L6-eNeuron,EPHB6__L5-eNeuron,ICAM5__L6-eNeuron|EPHB6__L5-eNeuron,0.05080035032639662,0,0.9515534825971983,26.56858322070543,0.152733022991225,0.4240622749626807,0.2786430177151399
ICAM5__L6-eNeuron,KCNJ4__L5-eNeuron,ICAM5__L6-eNeuron|KCNJ4__L5-eNeuron,0.050737228407315725,0,1.1187399698694833,26.53557045702612,0.16095392960042013,0.4240622749626807,0.2678047139671424
CADM3__L6-eNeuron,LINGO1__L4-eNeuron,CADM3__L6-eNeuron|LINGO1__L4-eNeuron,0.05014741947937106,0,0.7266222345993054,26.227100387711065,0.1148233682322919,0.44966801887672064,0.6574118282225528
PLTP__endothelial,SLC17A7__L2-L3-eNeuron,PLTP__endothelial|SLC17A7__L2-L3-eNeuron,0.04916124670926456,0,0.6871756277473112,25.711332028945364,0.12825491879960277,0.31446316841872984,0.5019946783503569
ICAM5__L6-eNeuron,CADM3__L5-eNeuron,ICAM5__L6-eNeuron|CADM3__L5-eNeuron,0.04892232620138264,0,1.19211364253851,25.58637660332312,0.15498857225451365,0.4240622749626807,0.2665144424286553
RPH3A__L6-eNeuron,GLG1__L5-eNeuron,RPH3A__L6-eNeuron|GLG1__L5-eNeuron,0.048804714742861514,0,0.9336300607033285,25.524865810516573,0.14743232796062883,0.5447522573247061,0.2052005292300512
GLG1__L6-eNeuron,SV2A__L5-eNeuron,GLG1__L6-eNeuron|SV2A__L5-eNeuron,0.04859674780836009,0,0.8899223110984827,25.416099103772325,0.14737928542205372,0.36564936254692953,0.29998636318015154
ICAM5__L6-eNeuron,GABBR2__L5-eNeuron,ICAM5__L6-eNeuron|GABBR2__L5-eNeuron,0.04778088781575518,0,1.0337893091934316,24.98940432763996,0.14758799283746127,0.4240622749626807,0.2547477510376151
PLTP__endothelial,KCNJ4__L4-eNeuron,PLTP__endothelial|KCNJ4__L4-eNeuron,0.04756961574621669,0,0.6792802679150839,24.878909035271327,0.1161047418529823,0.31446316841872984,0.3655650268913883
SHANK1__L6-eNeuron,KCNJ4__L4-eNeuron,SHANK1__L6-eNeuron|KCNJ4__L4-eNeuron,0.047062471263373484,0,0.7962391688356385,24.613672470744334,0.11733322556398454,0.7727932024111565,0.3655650268913883
CADM3__L2-L3-eNeuron,SLC17A7__L6-eNeuron,CADM3__L2-L3-eNeuron|SLC17A7__L6-eNeuron,0.04690584928432922,0,0.31883323815867215,24.53175917570418,0.08710506180352395,0.34098034399401916,1.0728652594377934
IGFBP4__L2-L3-eNeuron,RTN4R__L4-eNeuron,IGFBP4__L2-L3-eNeuron|RTN4R__L4-eNeuron,0.04690438585240306,0,0.9313848926467599,24.5309938008068,0.12190850364289736,0.2626207734087404,0.4120197332316754
LRRC4B__L6-eNeuron,CNTNAP1__L5-eNeuron,LRRC4B__L6-eNeuron|CNTNAP1__L5-eNeuron,0.046103105465034454,0,0.8557031879079388,24.11192415821302,0.14230072853622439,0.4862618643532333,0.2355598605035041
ICAM5__L6-eNeuron,LINGO1__L4-eNeuron,ICAM5__L6-eNeuron|LINGO1__L4-eNeuron,0.0458956299544574,0,0.7114891812295605,24.00341446618122,0.10425276112765079,0.4240622749626807,0.6574118282225528
GLG1__L6-eNeuron,ADCY1__L5-eNeuron,GLG1__L6-eNeuron|ADCY1__L5-eNeuron,0.04575286827321894,0,0.8753359958053499,23.928750106893506,0.13898415550767293,0.36564936254692953,0.27935017401198253
PLTP__endothelial,CNTNAP1__L6-eNeuron,PLTP__endothelial|CNTNAP1__L6-eNeuron,0.04573079488192883,0,0.5126449917772191,23.917205723248777,0.09723485182334726,0.31446316841872984,0.4042400077265379
BAG6__L2-L3-eNeuron,RTN4R__L4-eNeuron,BAG6__L2-L3-eNeuron|RTN4R__L4-eNeuron,0.04501160321817996,0,0.9031680707404744,23.541068483108116,0.11714289221189982,0.24385038571843584,0.4120197332316754
GLG1__L6-eNeuron,STX1A__L5-eNeuron,GLG1__L6-eNeuron|STX1A__L5-eNeuron,0.04495478325821838,0,0.8743370711416131,23.511351644048215,0.13702635692311202,0.36564936254692953,0.28314044074738187
CADM3__L6-eNeuron,CNTNAP1__L5-eNeuron,CADM3__L6-eNeuron|CNTNAP1__L5-eNeuron,0.044444566612989636,0,0.8981369900441722,23.24450833859358,0.13887838119407278,0.44966801887672064,0.2355598605035041
GLG1__L6-eNeuron,SLC17A7__L4-eNeuron,GLG1__L6-eNeuron|SLC17A7__L4-eNeuron,0.04439779704252331,0,0.7587258255400197,23.22004785323969,0.10643690529207213,0.36564936254692953,0.7292354660852439
RPH3A__L6-eNeuron,RTN4R__L5-eNeuron,RPH3A__L6-eNeuron|RTN4R__L5-eNeuron,0.044059017468524794,0,0.7753331538549518,23.042866136038466,0.13402883739242677,0.5447522573247061,0.1934280467030893
RPH3A__L6-eNeuron,FLOT1__L5-eNeuron,RPH3A__L6-eNeuron|FLOT1__L5-eNeuron,0.04401890587362627,0,0.7469669230121231,23.021887771906542,0.13401525979095089,0.5447522573247061,0.19707164922212148
LRRC4B__L6-eNeuron,GLG1__L5-eNeuron,LRRC4B__L6-eNeuron|GLG1__L5-eNeuron,0.04397112608425515,0,0.8079441822564563,22.996898942065446,0.13249400837135544,0.4862618643532333,0.2052005292300512
NTRK3__L6-eNeuron,SV2A__L5-eNeuron,NTRK3__L6-eNeuron|SV2A__L5-eNeuron,0.04360981137474208,0,0.7834807567043524,22.80793134899011,0.13126248293694526,0.32544040186973866,0.29998636318015154
GLG1__L6-eNeuron,EPHB6__L5-eNeuron,GLG1__L6-eNeuron|EPHB6__L5-eNeuron,0.04352002291020915,0,0.7503531608647713,22.760971982039386,0.13042211827766376,0.36564936254692953,0.2786430177151399
GLG1__L6-eNeuron,KCNJ4__L5-eNeuron,GLG1__L6-eNeuron|KCNJ4__L5-eNeuron,0.04349200917227022,0,0.8743370711416131,22.746320797097322,0.136774661149376,0.36564936254692953,0.2678047139671424
NLGN2__L6-eNeuron,LINGO1__L5-eNeuron,NLGN2__L6-eNeuron|LINGO1__L5-eNeuron,0.0433756891603513,0,0.8309984110656489,22.68548543086373,0.13126476642500862,0.27035183276356134,0.36461878018984895
RPH3A__L6-eNeuron,ADORA1__L5-eNeuron,RPH3A__L6-eNeuron|ADORA1__L5-eNeuron,0.04315967745129097,0,1.0141801650302862,22.572511307025177,0.13603451483499832,0.5447522573247061,0.18719942949081278
PLTP__endothelial,LINGO1__L5-eNeuron,PLTP__endothelial|LINGO1__L5-eNeuron,0.04305484248801729,0,0.6741836165645292,22.517682621233043,0.12321321131471297,0.31446316841872984,0.36461878018984895
SHANK1__L6-eNeuron,LINGO1__L2-L3-eNeuron,SHANK1__L6-eNeuron|LINGO1__L2-L3-eNeuron,0.042949979055612285,0,1.5664509216273528,22.462839046085225,0.1408628256527318,0.7727932024111565,0.4236579368777018
GAS6__L5-eNeuron,ADCY1__L6-eNeuron,GAS6__L5-eNeuron|ADCY1__L6-eNeuron,0.0425325934300912,0,0.5015496393766519,22.244546363937697,0.08588016328708246,0.16598702132559418,0.6587429882082205
CADM3__L6-eNeuron,GLG1__L5-eNeuron,CADM3__L6-eNeuron|GLG1__L5-eNeuron,0.042240932031822095,0,0.8276147734095609,22.092007452642957,0.12842132662183403,0.44966801887672064,0.2052005292300512
GLG1__L6-eNeuron,CADM3__L5-eNeuron,GLG1__L6-eNeuron|CADM3__L5-eNeuron,0.042095551570055796,0,0.9316813368227834,22.01597347113918,0.13266939642006878,0.36564936254692953,0.2665144424286553
PLTP__endothelial,LINGO1__L2-L3-eNeuron,PLTP__endothelial|LINGO1__L2-L3-eNeuron,0.041626913331653456,0,0.7504601369186574,21.770875672454757,0.11205341439440487,0.31446316841872984,0.4236579368777018
SHANK1__L2-L3-eNeuron,SLC17A7__L5-eNeuron,SHANK1__L2-L3-eNeuron|SLC17A7__L5-eNeuron,0.04156850277715339,0,0.5301159537680376,21.740326952451223,0.11450324466030627,0.44957163021274477,0.5596530152433024
IGFBP4__L2-L3-eNeuron,KCNJ4__L4-eNeuron,IGFBP4__L2-L3-eNeuron|KCNJ4__L4-eNeuron,0.041345799949154154,0,0.6178338854967548,21.62385337340762,0.10804356316478878,0.2626207734087404,0.3655650268913883
NTRK3__L6-eNeuron,ADCY1__L5-eNeuron,NTRK3__L6-eNeuron|ADCY1__L5-eNeuron,0.041111062517511614,0,0.7109301467938026,21.501085696658574,0.12407334490340145,0.32544040186973866,0.27935017401198253
GLG1__L6-eNeuron,GABBR2__L5-eNeuron,GLG1__L6-eNeuron|GABBR2__L5-eNeuron,0.04091246858184059,0,0.8079449569350299,21.39722106830263,0.12512912225278858,0.36564936254692953,0.2547477510376151
ICAM5__L2-L3-eNeuron,RTN4R__L4-eNeuron,ICAM5__L2-L3-eNeuron|RTN4R__L4-eNeuron,0.04077729709226484,0,0.827291553918655,21.32652637925451,0.10581884222983695,0.23411522682010927,0.4120197332316754
NTRK3__L6-eNeuron,STX1A__L5-eNeuron,NTRK3__L6-eNeuron|STX1A__L5-eNeuron,0.040465167558457575,0,0.7309845951605938,21.16328263307331,0.12276897797429526,0.32544040186973866,0.28314044074738187
ICAM5__L6-eNeuron,CNTNAP1__L5-eNeuron,ICAM5__L6-eNeuron|CNTNAP1__L5-eNeuron,0.039922958673237474,0,0.8259648796089915,20.8797073861032,0.1252523578208282,0.4240622749626807,0.2355598605035041
NTRK3__L6-eNeuron,SLC17A7__L4-eNeuron,NTRK3__L6-eNeuron|SLC17A7__L4-eNeuron,0.03981533090171406,0,0.6983780306350875,20.823418061596453,0.09520214054811796,0.32544040186973866,0.7292354660852439
BAG6__L2-L3-eNeuron,KCNJ4__L4-eNeuron,BAG6__L2-L3-eNeuron|KCNJ4__L4-eNeuron,0.039800441734494464,0,0.6193356539575955,20.815631027140604,0.10453629359983149,0.24385038571843584,0.3655650268913883
LRRC4B__L6-eNeuron,RTN4R__L5-eNeuron,LRRC4B__L6-eNeuron|RTN4R__L5-eNeuron,0.03979404490912408,0,0.7254555274580978,20.812285487471897,0.12116466855110439,0.4862618643532333,0.1934280467030893
LRRC4B__L6-eNeuron,FLOT1__L5-eNeuron,LRRC4B__L6-eNeuron|FLOT1__L5-eNeuron,0.03975560542465717,0,0.6495020172670295,20.792181637095702,0.12103618220916455,0.4862618643532333,0.19707164922212148
RPH3A__L6-eNeuron,NLGN2__L5-eNeuron,RPH3A__L6-eNeuron|NLGN2__L5-eNeuron,0.039368030861358566,0,1.0141801650302862,20.589480140490533,0.12859492410689893,0.5447522573247061,0.16593279742957304
NTRK3__L6-eNeuron,EPHB6__L5-eNeuron,NTRK3__L6-eNeuron|EPHB6__L5-eNeuron,0.03931199540995532,0,0.6636509869216869,20.56017359940663,0.1175350861742586,0.32544040186973866,0.2786430177151399
NTRK3__L6-eNeuron,KCNJ4__L5-eNeuron,NTRK3__L6-eNeuron|KCNJ4__L5-eNeuron,0.03929389495671471,0,0.7309845951605938,20.550707062361795,0.12332192510642077,0.32544040186973866,0.2678047139671424
GLG1__L6-eNeuron,LINGO1__L4-eNeuron,GLG1__L6-eNeuron|LINGO1__L4-eNeuron,0.03910817457393392,0,0.5392706559036248,20.453575302167437,0.08867893390831447,0.36564936254692953,0.6574118282225528
LRRC4B__L6-eNeuron,ADORA1__L5-eNeuron,LRRC4B__L6-eNeuron|ADORA1__L5-eNeuron,0.03891569342820029,0,0.8871006536864168,20.352907662948752,0.12236943098695578,0.4862618643532333,0.18719942949081278
GAS6__L5-eNeuron,EPHB6__L6-eNeuron,GAS6__L5-eNeuron|EPHB6__L6-eNeuron,0.03871826577292512,0,0.3745989308173005,20.24965299923984,0.07820833151511081,0.16598702132559418,0.5921332020387052
ICAM5__L6-eNeuron,GLG1__L5-eNeuron,ICAM5__L6-eNeuron|GLG1__L5-eNeuron,0.03846369005519818,0,0.8241656839585869,20.11650989886865,0.11819648704942377,0.4240622749626807,0.2052005292300512
CADM3__L6-eNeuron,RTN4R__L5-eNeuron,CADM3__L6-eNeuron|RTN4R__L5-eNeuron,0.03814698825439415,0,0.6356228402080568,19.950874857048138,0.11650276432435171,0.44966801887672064,0.1934280467030893
SHANK1__L2-L3-eNeuron,ADCY1__L6-eNeuron,SHANK1__L2-L3-eNeuron|ADCY1__L6-eNeuron,0.03806491763355639,0,0.30695925459281215,19.907951922349994,0.07383814389103961,0.44957163021274477,0.6587429882082205
CADM3__L6-eNeuron,FLOT1__L5-eNeuron,CADM3__L6-eNeuron|FLOT1__L5-eNeuron,0.03788552738451943,0,0.647515924119868,19.814130822103664,0.11530224375164391,0.44966801887672064,0.19707164922212148
NTRK3__L6-eNeuron,CADM3__L5-eNeuron,NTRK3__L6-eNeuron|CADM3__L5-eNeuron,0.03781483324326775,0,0.778926946248373,19.777157786229033,0.11814338003955831,0.32544040186973866,0.2665144424286553
CADM3__L6-eNeuron,ADORA1__L5-eNeuron,CADM3__L6-eNeuron|ADORA1__L5-eNeuron,0.03727673019580977,0,0.8276147734095609,19.495729892408512,0.11741579026011047,0.44966801887672064,0.18719942949081278
RPH3A__L6-eNeuron,HRH3__L5-eNeuron,RPH3A__L6-eNeuron|HRH3__L5-eNeuron,0.037218519262179825,0,0.7645355966351591,19.46528557412005,0.12313753165631836,0.5447522573247061,0.18026221190227482
RPH3A__L6-eNeuron,CAP1__L5-eNeuron,RPH3A__L6-eNeuron|CAP1__L5-eNeuron,0.037039037657428546,0,0.898220424140517,19.371416694835126,0.11978111562552876,0.5447522573247061,0.16641347531640416
RPH3A__L6-eNeuron,RTN4R__L4-eNeuron,RPH3A__L6-eNeuron|RTN4R__L4-eNeuron,0.036995123769058856,0,0.6033833907051638,19.348449731217784,0.0887486618753074,0.5447522573247061,0.4120197332316754
NTRK3__L6-eNeuron,GABBR2__L5-eNeuron,NTRK3__L6-eNeuron|GABBR2__L5-eNeuron,0.03686718903614417,0,0.6754778411557706,19.2815398659034,0.11214276822919877,0.32544040186973866,0.2547477510376151
GAS6__L5-eNeuron,LINGO1__L6-eNeuron,GAS6__L5-eNeuron|LINGO1__L6-eNeuron,0.03666598804522112,0,0.43338625085819577,19.176311747650647,0.07645567142957066,0.16598702132559418,0.555464403891699
GAS6__L5-eNeuron,SLC17A7__L4-eNeuron,GAS6__L5-eNeuron|SLC17A7__L4-eNeuron,0.036484790458112065,0,0.7759313892516412,19.08154540959261,0.0916347718261385,0.16598702132559418,0.7292354660852439
SLITRK1__L2-L3-eNeuron,RTN4R__L4-eNeuron,SLITRK1__L2-L3-eNeuron|RTN4R__L4-eNeuron,0.03608867333570426,0,0.6799653080747906,18.874376154573326,0.0927003922348821,0.20475633323023734,0.4120197332316754
RPH3A__L6-eNeuron,SLC17A7__L2-L3-eNeuron,RPH3A__L6-eNeuron|SLC17A7__L2-L3-eNeuron,0.03607442856844425,0,1.4635769971112729,18.86692614129634,0.1222075521592647,0.5447522573247061,0.5019946783503569
ICAM5__L2-L3-eNeuron,KCNJ4__L4-eNeuron,ICAM5__L2-L3-eNeuron|KCNJ4__L4-eNeuron,0.03592626090020678,0,0.5594883694675131,18.789434450808148,0.09344372426046026,0.23411522682010927,0.3655650268913883
GAS6__L5-eNeuron,SV2A__L6-eNeuron,GAS6__L5-eNeuron|SV2A__L6-eNeuron,0.03589811771140108,0,0.39032881834166916,18.774715563062763,0.0756964992034007,0.16598702132559418,0.5439393284610851
NLGN2__L6-eNeuron,SV2A__L5-eNeuron,NLGN2__L6-eNeuron|SV2A__L5-eNeuron,0.035601782940136655,0,0.5987113796964348,18.619732477691468,0.1061766397261838,0.27035183276356134,0.29998636318015154
LRRC4B__L6-eNeuron,NLGN2__L5-eNeuron,LRRC4B__L6-eNeuron|NLGN2__L5-eNeuron,0.03540299475588418,0,0.8871006536864168,18.515766257327428,0.11516751129655559,0.4862618643532333,0.16593279742957304
PLTP__endothelial,SV2A__L5-eNeuron,PLTP__endothelial|SV2A__L5-eNeuron,0.03530248394590534,0,0.49613110379279773,18.463199103708497,0.09985320650107604,0.31446316841872984,0.29998636318015154
NTRK3__L6-eNeuron,LINGO1__L4-eNeuron,NTRK3__L6-eNeuron|LINGO1__L4-eNeuron,0.03508735144836645,0,0.496377961539943,18.350684807495654,0.07942277081803908,0.32544040186973866,0.6574118282225528
SHANK1__L2-L3-eNeuron,EPHB6__L6-eNeuron,SHANK1__L2-L3-eNeuron|EPHB6__L6-eNeuron,0.03453922072513827,0,0.32500455530420597,18.064012439247314,0.06792854832679403,0.44957163021274477,0.5921332020387052
ICAM5__L6-eNeuron,RTN4R__L5-eNeuron,ICAM5__L6-eNeuron|RTN4R__L5-eNeuron,0.03452661700110449,0,0.5927688545062437,18.057420691577647,0.10566221735447859,0.4240622749626807,0.1934280467030893
GLG1__L6-eNeuron,CNTNAP1__L5-eNeuron,GLG1__L6-eNeuron|CNTNAP1__L5-eNeuron,0.03433275447332341,0,0.6655921201253231,17.956030589548142,0.1068358489474567,0.36564936254692953,0.2355598605035041
SHANK1__L6-eNeuron,CADM3__L2-L3-eNeuron,SHANK1__L6-eNeuron|CADM3__L2-L3-eNeuron,0.03430743800227097,0,1.3807938887652094,17.94279007518772,0.11210537815299165,0.7727932024111565,0.34098034399401916
ICAM5__L6-eNeuron,FLOT1__L5-eNeuron,ICAM5__L6-eNeuron|FLOT1__L5-eNeuron,0.03420077898973628,0,0.6471093282012867,17.887007411632077,0.10479441132259672,0.4240622749626807,0.19707164922212148
ICAM5__L2-L3-eNeuron,SLC17A7__L6-eNeuron,ICAM5__L2-L3-eNeuron|SLC17A7__L6-eNeuron,0.034149733217238715,0,0.27757341586117784,17.86031047261585,0.06408680387586703,0.23411522682010927,1.0728652594377934
ICAM5__L6-eNeuron,ADORA1__L5-eNeuron,ICAM5__L6-eNeuron|ADORA1__L5-eNeuron,0.03389297167287752,0,0.8241656839585869,17.72602418491494,0.1075986418877397,0.4240622749626807,0.18719942949081278
NLGN2__L6-eNeuron,SLC17A7__L4-eNeuron,NLGN2__L6-eNeuron|SLC17A7__L4-eNeuron,0.03377655230317665,0,0.5826380346031425,17.66513685456139,0.08188740959467239,0.27035183276356134,0.7292354660852439
CADM3__L6-eNeuron,NLGN2__L5-eNeuron,CADM3__L6-eNeuron|NLGN2__L5-eNeuron,0.03372318613121595,0,0.8545434068852577,17.63722634662594,0.10994307589173899,0.44966801887672064,0.16593279742957304
PLTP__endothelial,CADM3__L2-L3-eNeuron,PLTP__endothelial|CADM3__L2-L3-eNeuron,0.033528267957548485,0,0.4894741638198779,17.53528414179786,0.09077121513539793,0.31446316841872984,0.34098034399401916
NLGN2__L6-eNeuron,ADCY1__L5-eNeuron,NLGN2__L6-eNeuron|ADCY1__L5-eNeuron,0.03344360638109226,0,0.5909346406283725,17.491006137311256,0.09983319618615956,0.27035183276356134,0.27935017401198253
LRRC4B__L6-eNeuron,HRH3__L5-eNeuron,LRRC4B__L6-eNeuron|HRH3__L5-eNeuron,0.033437358396910706,0,0.6798883845758205,17.487738441584302,0.1102910752626049,0.4862618643532333,0.18026221190227482
BAG6__L2-L3-eNeuron,SLC17A7__L6-eNeuron,BAG6__L2-L3-eNeuron|SLC17A7__L6-eNeuron,0.033429974410112175,0,0.23136312124327743,17.483876616488665,0.06206114328407441,0.24385038571843584,1.0728652594377934
LRRC4B__L6-eNeuron,RTN4R__L4-eNeuron,LRRC4B__L6-eNeuron|RTN4R__L4-eNeuron,0.03342902967860268,0,0.5748950351702501,17.483382521909203,0.08051164331644012,0.4862618643532333,0.4120197332316754
LRRC4B__L6-eNeuron,CAP1__L5-eNeuron,LRRC4B__L6-eNeuron|CAP1__L5-eNeuron,0.03338533859037981,0,0.8010463071740893,17.46053208276864,0.10779340176001931,0.4862618643532333,0.16641347531640416
GLG1__L6-eNeuron,GLG1__L5-eNeuron,GLG1__L6-eNeuron|GLG1__L5-eNeuron,0.03314753747269861,0,0.6476299283436435,17.336162098221372,0.10122211256500234,0.36564936254692953,0.2052005292300512
PLTP__endothelial,STX1A__L5-eNeuron,PLTP__endothelial|STX1A__L5-eNeuron,0.03299622783770994,0,0.49613110379279773,17.2570271591223,0.09426314490810735,0.31446316841872984,0.28314044074738187
NLGN2__L6-eNeuron,STX1A__L5-eNeuron,NLGN2__L6-eNeuron|STX1A__L5-eNeuron,0.032894523125192233,0,0.5804840189398621,17.20383559447554,0.09826613489254687,0.27035183276356134,0.28314044074738187
RPH3A__L6-eNeuron,KCNJ4__L4-eNeuron,RPH3A__L6-eNeuron|KCNJ4__L4-eNeuron,0.03276088808187333,0,0.5563181857318658,17.133944466819752,0.0815184417002362,0.5447522573247061,0.3655650268913883
VEGFA__astrocytes,ADCY1__L6-eNeuron,VEGFA__astrocytes|ADCY1__L6-eNeuron,0.0326447143252353,0,0.36159334543258426,17.073185592098064,0.06466169381407745,0.11730847415846402,0.6587429882082205
PLTP__endothelial,ADCY1__L5-eNeuron,PLTP__endothelial|ADCY1__L5-eNeuron,0.032542528341733455,0,0.44281376499578273,17.019742322726596,0.09278847531592418,0.31446316841872984,0.27935017401198253
PLTP__endothelial,EPHB6__L5-eNeuron,PLTP__endothelial|EPHB6__L5-eNeuron,0.03245462152502087,0,0.45451041372465406,16.973767057585917,0.09247378434562935,0.31446316841872984,0.2786430177151399
SHANK1__L2-L3-eNeuron,LINGO1__L6-eNeuron,SHANK1__L2-L3-eNeuron|LINGO1__L6-eNeuron,0.032366312174671646,0,0.32668314955226124,16.927581267353272,0.06489867933828361,0.44957163021274477,0.555464403891699
LRRC4B__L6-eNeuron,SLC17A7__L2-L3-eNeuron,LRRC4B__L6-eNeuron|SLC17A7__L2-L3-eNeuron,0.032329035834236436,0,1.2948248952580024,16.90808574130566,0.108892246556114,0.4862618643532333,0.5019946783503569
CADM3__L6-eNeuron,CAP1__L5-eNeuron,CADM3__L6-eNeuron|CAP1__L5-eNeuron,0.03211304058179358,0,0.843107140456597,16.79512022427804,0.10450627376035224,0.44966801887672064,0.16641347531640416
NLGN2__L6-eNeuron,EPHB6__L5-eNeuron,NLGN2__L6-eNeuron|EPHB6__L5-eNeuron,0.03207782423759461,0,0.5583904387346091,16.77670207626198,0.09491436756182842,0.27035183276356134,0.2786430177151399
IGFBP4__L2-L3-eNeuron,SLC17A7__L6-eNeuron,IGFBP4__L2-L3-eNeuron|SLC17A7__L6-eNeuron,0.03204992003732512,0,0.23814895023371027,16.76210817952104,0.05895963436090824,0.2626207734087404,1.0728652594377934
GAS6__L5-eNeuron,LINGO1__L4-eNeuron,GAS6__L5-eNeuron|LINGO1__L4-eNeuron,0.03202784991585014,0,0.5231222311032145,16.750565505989627,0.07552606197799341,0.16598702132559418,0.6574118282225528
SLITRK1__L2-L3-eNeuron,KCNJ4__L4-eNeuron,SLITRK1__L2-L3-eNeuron|KCNJ4__L4-eNeuron,0.031823822361333215,0,0.46787254381871735,16.643859094977273,0.0825222299744288,0.20475633323023734,0.3655650268913883
GAS6__L5-eNeuron,GABBR2__L6-eNeuron,GAS6__L5-eNeuron|GABBR2__L6-eNeuron,0.031798415447767625,0,0.37298604248698863,16.63057127918247,0.06788200662270891,0.16598702132559418,0.48375974223838303
CADM3__L6-eNeuron,HRH3__L5-eNeuron,CADM3__L6-eNeuron|HRH3__L5-eNeuron,0.03176740831153023,0,0.6155005302992114,16.614354546930308,0.10434749855391098,0.44966801887672064,0.18026221190227482
SHANK1__L2-L3-eNeuron,SV2A__L6-eNeuron,SHANK1__L2-L3-eNeuron|SV2A__L6-eNeuron,0.03172497905989819,0,0.31017215965737166,16.592164048326755,0.06357893000519894,0.44957163021274477,0.5439393284610851
NLGN2__L6-eNeuron,KCNJ4__L5-eNeuron,NLGN2__L6-eNeuron|KCNJ4__L5-eNeuron,0.03167008482622643,0,0.5804840189398621,16.56345436411642,0.09739906581325009,0.27035183276356134,0.2678047139671424
CADM3__L6-eNeuron,RTN4R__L4-eNeuron,CADM3__L6-eNeuron|RTN4R__L4-eNeuron,0.03138603136676235,0,0.5678540342817218,16.41489440481671,0.07623526701922714,0.44966801887672064,0.4120197332316754
CADM3__L2-L3-eNeuron,SLC17A7__L5-eNeuron,CADM3__L2-L3-eNeuron|SLC17A7__L5-eNeuron,0.03135390234683693,0,0.40255622030011784,16.398090927395714,0.086366485543201,0.34098034399401916,0.5596530152433024
PLTP__endothelial,KCNJ4__L5-eNeuron,PLTP__endothelial|KCNJ4__L5-eNeuron,0.031191430940009993,0,0.5616838729758844,16.313118381625227,0.09086576444413208,0.31446316841872984,0.2678047139671424
NTRK3__L6-eNeuron,CNTNAP1__L5-eNeuron,NTRK3__L6-eNeuron|CNTNAP1__L5-eNeuron,0.03106664530955229,0,0.6059205758978964,16.24785549689585,0.0966069546129143,0.32544040186973866,0.2355598605035041
PLTP__endothelial,CADM3__L5-eNeuron,PLTP__endothelial|CADM3__L5-eNeuron,0.03093925877087368,0,0.49949056064129194,16.181232337166936,0.08996674055461205,0.31446316841872984,0.2665144424286553
ICAM5__L6-eNeuron,NLGN2__L5-eNeuron,ICAM5__L6-eNeuron|NLGN2__L5-eNeuron,0.030891539408097985,0,0.8577767485567436,16.156275110435246,0.10261188902840608,0.4240622749626807,0.16593279742957304
NLGN2__L6-eNeuron,CADM3__L5-eNeuron,NLGN2__L6-eNeuron|CADM3__L5-eNeuron,0.030793096316490777,0,0.6185556401766215,16.104789373524675,0.09492526167395961,0.27035183276356134,0.2665144424286553
GAS6__L5-eNeuron,STX1A__L6-eNeuron,GAS6__L5-eNeuron|STX1A__L6-eNeuron,0.030726852365634213,0,0.4344209505294907,16.070143787226694,0.0672904273236244,0.16598702132559418,0.465478702241694
CADM3__L6-eNeuron,SLC17A7__L2-L3-eNeuron,CADM3__L6-eNeuron|SLC17A7__L2-L3-eNeuron,0.030658829631682306,0,1.2899267483918686,16.034567897369847,0.10738523904434788,0.44966801887672064,0.5019946783503569
SHANK1__L6-eNeuron,KCNJ4__L2-L3-eNeuron,SHANK1__L6-eNeuron|KCNJ4__L2-L3-eNeuron,0.03050477393545557,0,1.2338996548346481,15.953996768243263,0.10750887956797839,0.7727932024111565,0.2943142354477533
RPH3A__L6-eNeuron,LINGO1__L2-L3-eNeuron,RPH3A__L6-eNeuron|LINGO1__L2-L3-eNeuron,0.030176875040393833,0,1.0889476162113514,15.782505646125975,0.09974743348005101,0.5447522573247061,0.4236579368777018
NLGN2__L6-eNeuron,GABBR2__L5-eNeuron,NLGN2__L6-eNeuron|GABBR2__L5-eNeuron,0.030003403547340667,0,0.5364054106403982,15.691780055259168,0.09012435214916116,0.27035183276356134,0.2547477510376151
PLTP__endothelial,GABBR2__L5-eNeuron,PLTP__endothelial|GABBR2__L5-eNeuron,0.029990450825690056,0,0.42994569981704794,15.6850057818359,0.08566622651947946,0.31446316841872984,0.2547477510376151
NTRK3__L6-eNeuron,GLG1__L5-eNeuron,NTRK3__L6-eNeuron|GLG1__L5-eNeuron,0.02988273015895473,0,0.5435342799350302,15.628667873133324,0.09104597946414289,0.32544040186973866,0.2052005292300512
GLG1__L6-eNeuron,RTN4R__L5-eNeuron,GLG1__L6-eNeuron|RTN4R__L5-eNeuron,0.02981513776857466,0,0.5808280477684279,15.593317052964549,0.09161335304222584,0.36564936254692953,0.1934280467030893
GLG1__L6-eNeuron,FLOT1__L5-eNeuron,GLG1__L6-eNeuron|FLOT1__L5-eNeuron,0.02975342626855794,0,0.5200166990700258,15.561041938455801,0.09157678702773066,0.36564936254692953,0.19707164922212148
NLGN2__L6-eNeuron,LINGO1__L4-eNeuron,NLGN2__L6-eNeuron|LINGO1__L4-eNeuron,0.02970737476530605,0,0.3912014553427287,15.536957002255063,0.06787657191268372,0.27035183276356134,0.6574118282225528
LRRC4B__L6-eNeuron,KCNJ4__L4-eNeuron,LRRC4B__L6-eNeuron|KCNJ4__L4-eNeuron,0.029587304389569115,0,0.49539376601729396,15.474160195744647,0.07374531622965577,0.4862618643532333,0.3655650268913883
PLTP__endothelial,KCNJ4__L2-L3-eNeuron,PLTP__endothelial|KCNJ4__L2-L3-eNeuron,0.029362435607248407,0,0.55117604357705,15.356553822590918,0.08355968012535438,0.31446316841872984,0.2943142354477533
SHANK1__L6-eNeuron,STX1A__L2-L3-eNeuron,SHANK1__L6-eNeuron|STX1A__L2-L3-eNeuron,0.029324532165527127,0,1.2338996548346481,15.336730322570688,0.10247329158176689,0.7727932024111565,0.28620204752086803
VEGFA__astrocytes,EPHB6__L6-eNeuron,VEGFA__astrocytes|EPHB6__L6-eNeuron,0.029267725212594714,0,0.2698167511930357,15.307020286187036,0.058148941283551,0.11730847415846402,0.5921332020387052
ICAM5__L6-eNeuron,CAP1__L5-eNeuron,ICAM5__L6-eNeuron|CAP1__L5-eNeuron,0.029204126607963992,0,0.7653439946100529,15.273758215965168,0.09553297388458448,0.4240622749626807,0.16641347531640416
GLG1__L6-eNeuron,ADORA1__L5-eNeuron,GLG1__L6-eNeuron|ADORA1__L5-eNeuron,0.029193313701141404,0,0.7281524311571975,15.268103065696954,0.09318662072782459,0.36564936254692953,0.18719942949081278
CADM3__L2-L3-eNeuron,ADCY1__L6-eNeuron,CADM3__L2-L3-eNeuron|ADCY1__L6-eNeuron,0.028782781357849334,0,0.21792598759312937,15.053394650155202,0.05573202433091838,0.34098034399401916,0.6587429882082205
ICAM5__L6-eNeuron,HRH3__L5-eNeuron,ICAM5__L6-eNeuron|HRH3__L5-eNeuron,0.028757275102355966,0,0.6471093282012867,15.040054878532171,0.09506717482488171,0.4240622749626807,0.18026221190227482
PLTP__endothelial,STX1A__L2-L3-eNeuron,PLTP__endothelial|STX1A__L2-L3-eNeuron,0.028736690954560502,0,0.7086205354034387,15.029289369235142,0.08383797953757034,0.31446316841872984,0.28620204752086803
ICAM5__L6-eNeuron,RTN4R__L4-eNeuron,ICAM5__L6-eNeuron|RTN4R__L4-eNeuron,0.02870901008342911,0,0.5132426849644883,15.014812273633426,0.06905398595880949,0.4240622749626807,0.4120197332316754
ICAM5__L6-eNeuron,SLC17A7__L2-L3-eNeuron,ICAM5__L6-eNeuron|SLC17A7__L2-L3-eNeuron,0.02869830431419576,0,1.2599639532805114,15.009213156324382,0.10205923844826602,0.4240622749626807,0.5019946783503569
SLITRK1__L2-L3-eNeuron,SLC17A7__L6-eNeuron,SLITRK1__L2-L3-eNeuron|SLC17A7__L6-eNeuron,0.02843734168909664,0,0.2236422208516259,14.87272970339754,0.05300525619979615,0.20475633323023734,1.0728652594377934
SHANK1__L2-L3-eNeuron,GABBR2__L6-eNeuron,SHANK1__L2-L3-eNeuron|GABBR2__L6-eNeuron,0.02831297127691935,0,0.28409528772386883,14.80768397782882,0.05779770654224766,0.44957163021274477,0.48375974223838303
GAS6__L5-eNeuron,CNTNAP1__L6-eNeuron,GAS6__L5-eNeuron|CNTNAP1__L6-eNeuron,0.028185856226015212,0,0.42653984491488606,14.741202806205957,0.06582837013642721,0.16598702132559418,0.4042400077265379
PLTP__endothelial,CNTNAP1__L5-eNeuron,PLTP__endothelial|CNTNAP1__L5-eNeuron,0.027991266562555836,0,0.5706426599163269,14.639432412216703,0.08711400121875075,0.31446316841872984,0.2355598605035041
CADM3__L6-eNeuron,KCNJ4__L4-eNeuron,CADM3__L6-eNeuron|KCNJ4__L4-eNeuron,0.027753752370178485,0,0.4661564899337797,14.515212489603346,0.06947419907174943,0.44966801887672064,0.3655650268913883
VEGFA__astrocytes,LINGO1__L6-eNeuron,VEGFA__astrocytes|LINGO1__L6-eNeuron,0.02755570265558734,0,0.28463753824991134,14.411632488872177,0.05557778704878374,0.11730847415846402,0.555464403891699
SHANK1__L2-L3-eNeuron,LINGO1__L5-eNeuron,SHANK1__L2-L3-eNeuron|LINGO1__L5-eNeuron,0.02712855571086622,0,0.42321574945136,14.188234636783033,0.07681206632795891,0.44957163021274477,0.36461878018984895
SHANK1__L2-L3-eNeuron,STX1A__L6-eNeuron,SHANK1__L2-L3-eNeuron|STX1A__L6-eNeuron,0.027118471940348058,0,0.2568985906190748,14.182960824802034,0.05618644155607665,0.44957163021274477,0.465478702241694
LRRC4B__L6-eNeuron,LINGO1__L2-L3-eNeuron,LRRC4B__L6-eNeuron|LINGO1__L2-L3-eNeuron,0.02704956501154241,0,0.9642569063519577,14.14692250103668,0.08895699886039739,0.4862618643532333,0.4236579368777018
NTRK3__L6-eNeuron,RTN4R__L5-eNeuron,NTRK3__L6-eNeuron|RTN4R__L5-eNeuron,0.026902236032054078,0,0.49798804977622196,14.069869444764283,0.08253917736676047,0.32544040186973866,0.1934280467030893
VEGFA__astrocytes,SV2A__L6-eNeuron,VEGFA__astrocytes|SV2A__L6-eNeuron,0.026898099416533358,0,0.24982645376605844,14.067705994846946,0.05488141267670541,0.11730847415846402,0.5439393284610851
NTRK3__L6-eNeuron,FLOT1__L5-eNeuron,NTRK3__L6-eNeuron|FLOT1__L5-eNeuron,0.02679192932965632,0,0.445849856624343,14.012179039410254,0.08211811508883113,0.32544040186973866,0.19707164922212148
GLG1__L6-eNeuron,NLGN2__L5-eNeuron,GLG1__L6-eNeuron|NLGN2__L5-eNeuron,0.026721729165484074,0,0.7281524311571975,13.97546435354817,0.0884685566061987,0.36564936254692953,0.16593279742957304
NTRK3__L6-eNeuron,ADORA1__L5-eNeuron,NTRK3__L6-eNeuron|ADORA1__L5-eNeuron,0.026392741455975664,0,0.638318362530725,13.803403781475273,0.0838500288645633,0.32544040186973866,0.18719942949081278
CADM3__L2-L3-eNeuron,EPHB6__L6-eNeuron,CADM3__L2-L3-eNeuron|EPHB6__L6-eNeuron,0.026116424241808222,0,0.244292032928225,13.6588898784657,0.05129308775770202,0.34098034399401916,0.5921332020387052
CADM3__L6-eNeuron,LINGO1__L2-L3-eNeuron,CADM3__L6-eNeuron|LINGO1__L2-L3-eNeuron,0.025634813563129716,0,1.0604381591989078,13.407007493516842,0.087588502444908,0.44966801887672064,0.4236579368777018
NLGN2__L6-eNeuron,CNTNAP1__L5-eNeuron,NLGN2__L6-eNeuron|CNTNAP1__L5-eNeuron,0.025566608539991167,0,0.4546881229764741,13.37133626641538,0.07889103526810815,0.27035183276356134,0.2355598605035041
ICAM5__L6-eNeuron,KCNJ4__L4-eNeuron,ICAM5__L6-eNeuron|KCNJ4__L4-eNeuron,0.025415629874233577,0,0.4120303729163299,13.29237442422416,0.06325032170715293,0.4240622749626807,0.3655650268913883
GLG1__L6-eNeuron,HRH3__L5-eNeuron,GLG1__L6-eNeuron|HRH3__L5-eNeuron,0.024989327312546366,0,0.578737620008408,13.06941818446175,0.0835908615339225,0.36564936254692953,0.18026221190227482
GLG1__L6-eNeuron,CAP1__L5-eNeuron,GLG1__L6-eNeuron|CAP1__L5-eNeuron,0.02491111884840371,0,0.6140108056378991,13.028515157715141,0.081280360122972,0.36564936254692953,0.16641347531640416
VEGFA__astrocytes,SLC17A7__L4-eNeuron,VEGFA__astrocytes|SLC17A7__L4-eNeuron,0.024883118494162464,0,0.43057179912377763,13.013870972446968,0.05661767387997472,0.11730847415846402,0.7292354660852439
SHANK1__L2-L3-eNeuron,CNTNAP1__L6-eNeuron,SHANK1__L2-L3-eNeuron|CNTNAP1__L6-eNeuron,0.024650028984252385,0,0.2911645796218158,12.891965158763998,0.05382192392460428,0.44957163021274477,0.4042400077265379
CADM3__L2-L3-eNeuron,LINGO1__L6-eNeuron,CADM3__L2-L3-eNeuron|LINGO1__L6-eNeuron,0.024458448005708875,0,0.23276509962706712,12.791768306985741,0.04889314453795184,0.34098034399401916,0.555464403891699
GLG1__L6-eNeuron,RTN4R__L4-eNeuron,GLG1__L6-eNeuron|RTN4R__L4-eNeuron,0.024457039714031854,0,0.40351095618302246,12.79103177043866,0.058675348479951914,0.36564936254692953,0.4120197332316754
NLGN2__L6-eNeuron,GLG1__L5-eNeuron,NLGN2__L6-eNeuron|GLG1__L5-eNeuron,0.024347628734899186,0,0.4546881229764741,12.733809828352275,0.07327649989984891,0.27035183276356134,0.2052005292300512
VEGFA__astrocytes,SLC17A7__L5-eNeuron,VEGFA__astrocytes|SLC17A7__L5-eNeuron,0.02430035665152998,0,0.39911911668408817,12.70908652875018,0.06796936546493608,0.11730847415846402,0.5596530152433024
RPH3A__L6-eNeuron,CADM3__L2-L3-eNeuron,RPH3A__L6-eNeuron|CADM3__L2-L3-eNeuron,0.02411872019658974,0,1.02083055168943,12.614090662816434,0.07974460912552771,0.5447522573247061,0.34098034399401916
ICAM5__L6-eNeuron,LINGO1__L2-L3-eNeuron,ICAM5__L6-eNeuron|LINGO1__L2-L3-eNeuron,0.02397259514543284,0,0.9637889654076339,12.537667261061374,0.08284975877516094,0.4240622749626807,0.4236579368777018
CADM3__L2-L3-eNeuron,SV2A__L6-eNeuron,CADM3__L2-L3-eNeuron|SV2A__L6-eNeuron,0.023969630196545137,0,0.22380943746684878,12.536116592793107,0.0478709099287503,0.34098034399401916,0.5439393284610851
GLG1__L6-eNeuron,SLC17A7__L2-L3-eNeuron,GLG1__L6-eNeuron|SLC17A7__L2-L3-eNeuron,0.023924692080715265,0,0.9539073283942632,12.512613958214084,0.08085219531540683,0.36564936254692953,0.5019946783503569
PLTP__endothelial,GLG1__L5-eNeuron,PLTP__endothelial|GLG1__L5-eNeuron,0.02390817028641229,0,0.4510101795690538,12.503973059793628,0.06868317515568267,0.31446316841872984,0.2052005292300512
NTRK3__L6-eNeuron,NLGN2__L5-eNeuron,NTRK3__L6-eNeuron|NLGN2__L5-eNeuron,0.023900061906918242,0,0.638318362530725,12.49973237731824,0.07832255857461606,0.32544040186973866,0.16593279742957304
VEGFA__astrocytes,GABBR2__L6-eNeuron,VEGFA__astrocytes|GABBR2__L6-eNeuron,0.023669480041482147,0,0.22844342716875177,12.379138061695164,0.04819043369936763,0.11730847415846402,0.48375974223838303
VEGFA__astrocytes,STX1A__L6-eNeuron,VEGFA__astrocytes|STX1A__L6-eNeuron,0.023444825435634444,0,0.3146374596554183,12.261643702836816,0.05065057680997399,0.11730847415846402,0.465478702241694
EFNB3__Olig,EPHB6__L6-eNeuron,EFNB3__Olig|EPHB6__L6-eNeuron,0.023407359268195246,0,0.24685232024345177,12.242048897266113,0.04592145190500804,0.08007305609099347,0.5921332020387052
PLTP__endothelial,FLOT1__L5-eNeuron,PLTP__endothelial|FLOT1__L5-eNeuron,0.023153850481979498,0,0.4515861077707282,12.109463802075277,0.06908975615834682,0.31446316841872984,0.19707164922212148
NTRK3__L6-eNeuron,CAP1__L5-eNeuron,NTRK3__L6-eNeuron|CAP1__L5-eNeuron,0.022637622259359388,0,0.5776597487110355,11.83947644164496,0.0741140975563359,0.32544040186973866,0.16641347531640416
SHANK1__L6-eNeuron,ADCY1__L2-L3-eNeuron,SHANK1__L6-eNeuron|ADCY1__L2-L3-eNeuron,0.022471815474988697,0,1.3635633021792977,11.752759493419088,0.09590495021686363,0.7727932024111565,0.20592188725203672
VEGFA__astrocytes,LINGO1__L4-eNeuron,VEGFA__astrocytes|LINGO1__L4-eNeuron,0.022464359255443603,0,0.29028556303798125,11.748859890597004,0.05006731504643181,0.11730847415846402,0.6574118282225528
PLTP__endothelial,RTN4R__L5-eNeuron,PLTP__endothelial|RTN4R__L5-eNeuron,0.022452829240545355,0,0.39289850333838683,11.74282969280522,0.06698395712749597,0.31446316841872984,0.1934280467030893
ICAM5__L2-L3-eNeuron,SLC17A7__L5-eNeuron,ICAM5__L2-L3-eNeuron|SLC17A7__L5-eNeuron,0.02241955383616021,0,0.2708076574921883,11.72542665631179,0.06174072054511638,0.23411522682010927,0.5596530152433024
BAG6__L2-L3-eNeuron,SLC17A7__L5-eNeuron,BAG6__L2-L3-eNeuron|SLC17A7__L5-eNeuron,0.022308656638356704,0,0.2868417704766066,11.667427421860557,0.06144473047688996,0.24385038571843584,0.5596530152433024
NTRK3__L6-eNeuron,HRH3__L5-eNeuron,NTRK3__L6-eNeuron|HRH3__L5-eNeuron,0.022288200343575877,0,0.4700389600328587,11.656728779690184,0.0737426243644719,0.32544040186973866,0.18026221190227482
SHANK1__L2-L3-eNeuron,SV2A__L5-eNeuron,SHANK1__L2-L3-eNeuron|SV2A__L5-eNeuron,0.02215062259269279,0,0.31522886097513414,11.584775615978328,0.06236591063226385,0.44957163021274477,0.29998636318015154
NLGN2__L6-eNeuron,RTN4R__L5-eNeuron,NLGN2__L6-eNeuron|RTN4R__L5-eNeuron,0.021978260962961224,0,0.39307816898150433,11.49463048362872,0.0667880733633944,0.27035183276356134,0.1934280467030893
IGFBP4__L2-L3-eNeuron,SLC17A7__L5-eNeuron,IGFBP4__L2-L3-eNeuron|SLC17A7__L5-eNeuron,0.021966273367845228,0,0.3012952353476838,11.488360971383054,0.06088889910242536,0.2626207734087404,0.5596530152433024
NTRK3__L6-eNeuron,RTN4R__L4-eNeuron,NTRK3__L6-eNeuron|RTN4R__L4-eNeuron,0.021934523063671222,0,0.35806919410593446,11.47175556230005,0.0524781070635856,0.32544040186973866,0.4120197332316754
NLGN2__L6-eNeuron,FLOT1__L5-eNeuron,NLGN2__L6-eNeuron|FLOT1__L5-eNeuron,0.021880433005449684,0,0.351923796888933,11.443466461850184,0.06614922993812578,0.27035183276356134,0.19707164922212148
PLTP__endothelial,ADORA1__L5-eNeuron,PLTP__endothelial|ADORA1__L5-eNeuron,0.02184338011932473,0,0.408343482099261,11.424087802406834,0.06570130288622231,0.31446316841872984,0.18719942949081278
NLGN2__L6-eNeuron,ADORA1__L5-eNeuron,NLGN2__L6-eNeuron|ADORA1__L5-eNeuron,0.021704859961578064,0,0.5583904387346091,11.351641759905327,0.06918201783151626,0.27035183276356134,0.18719942949081278
GLG1__L6-eNeuron,KCNJ4__L4-eNeuron,GLG1__L6-eNeuron|KCNJ4__L4-eNeuron,0.02165656191892698,0,0.361659812622576,11.326381883598811,0.05385282393547154,0.36564936254692953,0.3655650268913883
LRRC4B__L6-eNeuron,CADM3__L2-L3-eNeuron,LRRC4B__L6-eNeuron|CADM3__L2-L3-eNeuron,0.02161989516682511,0,0.9031276214208916,11.307205172249532,0.07110611424645712,0.4862618643532333,0.34098034399401916
NTRK3__L6-eNeuron,SLC17A7__L2-L3-eNeuron,NTRK3__L6-eNeuron|SLC17A7__L2-L3-eNeuron,0.021603321656494773,0,0.8608278075632438,11.298537226346765,0.07353687319536188,0.32544040186973866,0.5019946783503569
RPH3A__L6-eNeuron,KCNJ4__L2-L3-eNeuron,RPH3A__L6-eNeuron|KCNJ4__L2-L3-eNeuron,0.021445373105384847,0,0.9025462662677417,11.215930134116276,0.07629086510398989,0.5447522573247061,0.2943142354477533
CADM3__L2-L3-eNeuron,GABBR2__L6-eNeuron,CADM3__L2-L3-eNeuron|GABBR2__L6-eNeuron,0.021401857894662583,0,0.20097804323038415,11.19317167890853,0.04357815024221115,0.34098034399401916,0.48375974223838303
SHANK1__L2-L3-eNeuron,STX1A__L5-eNeuron,SHANK1__L2-L3-eNeuron|STX1A__L5-eNeuron,0.021357063867278293,0,0.33502864902434726,11.169744402586547,0.0617916338785478,0.44957163021274477,0.28314044074738187
PLTP__endothelial,HRH3__L5-eNeuron,PLTP__endothelial|HRH3__L5-eNeuron,0.02130402552816734,0,0.4515861077707282,11.14200535123152,0.07086949039463987,0.31446316841872984,0.18026221190227482
SHANK1__L2-L3-eNeuron,EPHB6__L5-eNeuron,SHANK1__L2-L3-eNeuron|EPHB6__L5-eNeuron,0.02104174982226308,0,0.34427688749249064,11.00483515704359,0.06066683017571315,0.44957163021274477,0.2786430177151399
ICAM5__L2-L3-eNeuron,ADCY1__L6-eNeuron,ICAM5__L2-L3-eNeuron|ADCY1__L6-eNeuron,0.021005850128000228,0,0.19132686415804823,10.986059616944118,0.04119863024902036,0.23411522682010927,0.6587429882082205
RPH3A__L6-eNeuron,STX1A__L2-L3-eNeuron,RPH3A__L6-eNeuron|STX1A__L2-L3-eNeuron,0.020613989398508854,0,0.9025462662677417,10.78111645542013,0.07273667865094234,0.5447522573247061,0.28620204752086803
PLTP__endothelial,ADCY1__L2-L3-eNeuron,PLTP__endothelial|ADCY1__L2-L3-eNeuron,0.020594339044087178,0,0.4847899085383625,10.770839320057595,0.06524096358771865,0.31446316841872984,0.20592188725203672
CADM3__L2-L3-eNeuron,STX1A__L6-eNeuron,CADM3__L2-L3-eNeuron|STX1A__L6-eNeuron,0.02051500041682023,0,0.18826786782567645,10.72934521799698,0.042446196279914236,0.34098034399401916,0.465478702241694
BAG6__L2-L3-eNeuron,ADCY1__L6-eNeuron,BAG6__L2-L3-eNeuron|ADCY1__L6-eNeuron,0.020512060514295806,0,0.15947485580331378,10.727807648976707,0.039699011208469324,0.24385038571843584,0.6587429882082205
CADM3__L6-eNeuron,CADM3__L2-L3-eNeuron,CADM3__L6-eNeuron|CADM3__L2-L3-eNeuron,0.020448505331824896,0,0.8702505956749944,10.69456828854442,0.06928193205050276,0.44966801887672064,0.34098034399401916
CADM3__L2-L3-eNeuron,LINGO1__L5-eNeuron,CADM3__L2-L3-eNeuron|LINGO1__L5-eNeuron,0.020444103940628407,0,0.3019840447405863,10.692266360948658,0.05780447169583652,0.34098034399401916,0.36461878018984895
SHANK1__L2-L3-eNeuron,ADCY1__L5-eNeuron,SHANK1__L2-L3-eNeuron|ADCY1__L5-eNeuron,0.020435533519839198,0,0.28015940824098384,10.687784030875902,0.05821566776841152,0.44957163021274477,0.27935017401198253
VEGFA__astrocytes,CNTNAP1__L6-eNeuron,VEGFA__astrocytes|CNTNAP1__L6-eNeuron,0.0203163263744155,0,0.24713550455764938,10.625438693819307,0.04353174385610387,0.11730847415846402,0.4042400077265379
SHANK1__L2-L3-eNeuron,CADM3__L5-eNeuron,SHANK1__L2-L3-eNeuron|CADM3__L5-eNeuron,0.0201842440137689,0,0.2790098674768061,10.556359619201135,0.05889504869187971,0.44957163021274477,0.2665144424286553
GLG1__L6-eNeuron,LINGO1__L2-L3-eNeuron,GLG1__L6-eNeuron|LINGO1__L2-L3-eNeuron,0.020023301005744388,0,0.7841993606457546,10.472186426004315,0.06619015776668428,0.36564936254692953,0.4236579368777018
SHANK1__L2-L3-eNeuron,KCNJ4__L5-eNeuron,SHANK1__L2-L3-eNeuron|KCNJ4__L5-eNeuron,0.019996441263758255,0,0.2541121167202962,10.458138780945568,0.0574249436859235,0.44957163021274477,0.2678047139671424
PLTP__endothelial,CAP1__L5-eNeuron,PLTP__endothelial|CAP1__L5-eNeuron,0.019864602748790188,0,0.4434088254433709,10.389187237617268,0.06366485706728431,0.31446316841872984,0.16641347531640416
GAS6__L5-eNeuron,RTN4R__L4-eNeuron,GAS6__L5-eNeuron|RTN4R__L4-eNeuron,0.019827258516587235,0,0.3454553451165441,10.369656204175124,0.0487664354441761,0.16598702132559418,0.4120197332316754
LAMC1__endothelial,SV2A__L6-eNeuron,LAMC1__endothelial|SV2A__L6-eNeuron,0.01975962821081697,0,0.20273091405073207,10.334285554257274,0.040748653458392285,0.09832657426134803,0.5439393284610851
NLGN2__L6-eNeuron,NLGN2__L5-eNeuron,NLGN2__L6-eNeuron|NLGN2__L5-eNeuron,0.01962768719058778,0,0.5583904387346091,10.265280400677408,0.06413959579241123,0.27035183276356134,0.16593279742957304
IGFBP4__L2-L3-eNeuron,ADCY1__L6-eNeuron,IGFBP4__L2-L3-eNeuron|ADCY1__L6-eNeuron,0.01959046687242255,0,0.15797317988651388,10.245814174276996,0.03748303951890236,0.2626207734087404,0.6587429882082205
NTRK3__L6-eNeuron,KCNJ4__L4-eNeuron,NTRK3__L6-eNeuron|KCNJ4__L4-eNeuron,0.019432047626391665,0,0.327095887983216,10.162960908602841,0.048270346727609104,0.32544040186973866,0.3655650268913883
PLTP__endothelial,NLGN2__L5-eNeuron,PLTP__endothelial|NLGN2__L5-eNeuron,0.019303608777672777,0,0.3254056622416114,10.095787390722862,0.05873128577866069,0.31446316841872984,0.16593279742957304
LRRC4B__L6-eNeuron,KCNJ4__L2-L3-eNeuron,LRRC4B__L6-eNeuron|KCNJ4__L2-L3-eNeuron,0.019217558091758104,0,0.7984816494056858,10.050782881989488,0.06798351075780158,0.4862618643532333,0.2943142354477533
SHANK1__L2-L3-eNeuron,GABBR2__L5-eNeuron,SHANK1__L2-L3-eNeuron|GABBR2__L5-eNeuron,0.019210881472806886,0,0.291205333763742,10.047291010278002,0.055282400614237906,0.44957163021274477,0.2547477510376151
ICAM5__L6-eNeuron,CADM3__L2-L3-eNeuron,ICAM5__L6-eNeuron|CADM3__L2-L3-eNeuron,0.01914034782054781,0,0.8788124574756155,10.010401910146504,0.06602547979817398,0.4240622749626807,0.34098034399401916
ICAM5__L2-L3-eNeuron,EPHB6__L6-eNeuron,ICAM5__L2-L3-eNeuron|EPHB6__L6-eNeuron,0.019083444646390824,0,0.20663694271213062,9.980641550062401,0.038026756074916894,0.23411522682010927,0.5921332020387052
SLITRK1__L2-L3-eNeuron,SLC17A7__L5-eNeuron,SLITRK1__L2-L3-eNeuron|SLC17A7__L5-eNeuron,0.01893316753892842,0,0.2375773890448076,9.902046622859563,0.05212561574909784,0.20475633323023734,0.5596530152433024
CADM3__L2-L3-eNeuron,CNTNAP1__L6-eNeuron,CADM3__L2-L3-eNeuron|CNTNAP1__L6-eNeuron,0.018637583707997365,0,0.2284923865574729,9.747456279282622,0.04067501551091969,0.34098034399401916,0.4042400077265379
BAG6__L2-L3-eNeuron,EPHB6__L6-eNeuron,BAG6__L2-L3-eNeuron|EPHB6__L6-eNeuron,0.01860456435479508,0,0.15956584342636687,9.730187157557825,0.03648765592640633,0.24385038571843584,0.5921332020387052
NLGN2__L6-eNeuron,RTN4R__L4-eNeuron,NLGN2__L6-eNeuron|RTN4R__L4-eNeuron,0.018586721782773905,0,0.3431611016875123,9.720855492390752,0.04501776281736218,0.27035183276356134,0.4120197332316754
NLGN2__L6-eNeuron,HRH3__L5-eNeuron,NLGN2__L6-eNeuron|HRH3__L5-eNeuron,0.018562940344339068,0,0.3907026663322989,9.708417800089332,0.06127197020343585,0.27035183276356134,0.18026221190227482
LRRC4B__L6-eNeuron,STX1A__L2-L3-eNeuron,LRRC4B__L6-eNeuron|STX1A__L2-L3-eNeuron,0.018473033919480464,0,0.7984816494056858,9.661396739888282,0.06480050931744699,0.4862618643532333,0.28620204752086803
NLGN2__L6-eNeuron,CAP1__L5-eNeuron,NLGN2__L6-eNeuron|CAP1__L5-eNeuron,0.018364969860860232,0,0.4345571629540865,9.604879237229902,0.058887008814838236,0.27035183276356134,0.16641347531640416
CADM3__L4-eNeuron,CADM3__Lhx6-iNeuron,CADM3__L4-eNeuron|CADM3__Lhx6-iNeuron,0.018303260852062204,0,1.196975509140713,9.572605425628533,0.09853070205957137,0.44649721429188405,0.106190725103245
CADM3__L6-eNeuron,KCNJ4__L2-L3-eNeuron,CADM3__L6-eNeuron|KCNJ4__L2-L3-eNeuron,0.01824303803111199,0,0.835311378443747,9.541108890271571,0.06713494642575797,0.44966801887672064,0.2943142354477533
SHANK1__L2-L3-eNeuron,CNTNAP1__L5-eNeuron,SHANK1__L2-L3-eNeuron|CNTNAP1__L5-eNeuron,0.01820325895457557,0,0.2972687007084764,9.520304433243023,0.05628418412739557,0.44957163021274477,0.2355598605035041
NTRK3__L6-eNeuron,LINGO1__L2-L3-eNeuron,NTRK3__L6-eNeuron|LINGO1__L2-L3-eNeuron,0.01808178127331174,0,0.7076794529438509,9.45677160594204,0.060281893413684486,0.32544040186973866,0.4236579368777018
ICAM5__L2-L3-eNeuron,LINGO1__L6-eNeuron,ICAM5__L2-L3-eNeuron|LINGO1__L6-eNeuron,0.01783893933985422,0,0.20362071396094808,9.329765274743757,0.03624133274500358,0.23411522682010927,0.555464403891699
NLGN2__L6-eNeuron,SLC17A7__L2-L3-eNeuron,NLGN2__L6-eNeuron|SLC17A7__L2-L3-eNeuron,0.01778360305184968,0,0.6923123036752149,9.300824396117383,0.059025936249884794,0.27035183276356134,0.5019946783503569
IGFBP4__L2-L3-eNeuron,EPHB6__L6-eNeuron,IGFBP4__L2-L3-eNeuron|EPHB6__L6-eNeuron,0.017735180243445565,0,0.12884581646199958,9.27549926732203,0.034301182433439076,0.2626207734087404,0.5921332020387052
GAS6__L5-eNeuron,KCNJ4__L4-eNeuron,GAS6__L5-eNeuron|KCNJ4__L4-eNeuron,0.01768140042630346,0,0.46269173573982086,9.24737242295671,0.0464198584945946,0.16598702132559418,0.3655650268913883
CADM3__L6-eNeuron,STX1A__L2-L3-eNeuron,CADM3__L6-eNeuron|STX1A__L2-L3-eNeuron,0.017530399483061003,0,0.835311378443747,9.168398929640905,0.06409093922109187,0.44966801887672064,0.28620204752086803
ICAM5__L2-L3-eNeuron,SV2A__L6-eNeuron,ICAM5__L2-L3-eNeuron|SV2A__L6-eNeuron,0.017486717940614297,0,0.19132686415804823,9.145553482941278,0.03541217048191025,0.23411522682010927,0.5439393284610851
SLITRK1__L2-L3-eNeuron,ADCY1__L6-eNeuron,SLITRK1__L2-L3-eNeuron|ADCY1__L6-eNeuron,0.017462064226669113,0,0.15415296409467072,9.132659590547947,0.03396884698594133,0.20475633323023734,0.6587429882082205
BAG6__L2-L3-eNeuron,LINGO1__L6-eNeuron,BAG6__L2-L3-eNeuron|LINGO1__L6-eNeuron,0.01744284192038485,0,0.16972203114490877,9.122606324361275,0.03486159901861186,0.24385038571843584,0.555464403891699
BAG6__L2-L3-eNeuron,SV2A__L6-eNeuron,BAG6__L2-L3-eNeuron|SV2A__L6-eNeuron,0.017093554340701204,0,0.16227930715735964,8.93992892018673,0.03417446777745161,0.24385038571843584,0.5439393284610851
ICAM5__L6-eNeuron,KCNJ4__L2-L3-eNeuron,ICAM5__L6-eNeuron|KCNJ4__L2-L3-eNeuron,0.017074762861788228,0,0.776983898974747,8.930100976715243,0.06367325187284716,0.4240622749626807,0.2943142354477533
CADM3__L6-eNeuron,CADM3__Lhx6-iNeuron,CADM3__L6-eNeuron|CADM3__Lhx6-iNeuron,0.016961440916455742,0,0.8521518837877017,8.870833599306353,0.08795837365565852,0.44966801887672064,0.106190725103245
CADM3__L2-L3-eNeuron,SV2A__L5-eNeuron,CADM3__L2-L3-eNeuron|SV2A__L5-eNeuron,0.016713058688067207,0,0.23904861495857066,8.74092969385915,0.04707281280075274,0.34098034399401916,0.29998636318015154
IGFBP4__L2-L3-eNeuron,LINGO1__L6-eNeuron,IGFBP4__L2-L3-eNeuron|LINGO1__L6-eNeuron,0.016670263190313866,0,0.17163305433459233,8.718547648534152,0.03279087547538379,0.2626207734087404,0.555464403891699
LAMC1__mural,SV2A__L6-eNeuron,LAMC1__mural|SV2A__L6-eNeuron,0.016612372205432886,0,0.2141964700975951,8.688270663441399,0.035008588445268045,0.05919475874312258,0.5439393284610851
NLGN2__L6-eNeuron,KCNJ4__L4-eNeuron,NLGN2__L6-eNeuron|KCNJ4__L4-eNeuron,0.016436464123514814,0,0.27836576076831565,8.596270736598248,0.04107543987089113,0.27035183276356134,0.3655650268913883
ICAM5__L6-eNeuron,STX1A__L2-L3-eNeuron,ICAM5__L6-eNeuron|STX1A__L2-L3-eNeuron,0.01640031749227192,0,0.776983898974747,8.577366048458213,0.06072158301501969,0.4240622749626807,0.28620204752086803
IGFBP4__L2-L3-eNeuron,SV2A__L6-eNeuron,IGFBP4__L2-L3-eNeuron|SV2A__L6-eNeuron,0.016334197129188256,0,0.15752243684893025,8.542785098565458,0.03224484308814988,0.2626207734087404,0.5439393284610851
LGI3__Olig,STX1A__L6-eNeuron,LGI3__Olig|STX1A__L6-eNeuron,0.01632516321372666,0,0.19195015991547643,8.538060360779044,0.0339970318296031,0.06932667971348055,0.465478702241694
VEGFA__astrocytes,SLC17A7__L2-L3-eNeuron,VEGFA__astrocytes|SLC17A7__L2-L3-eNeuron,0.01631493462792588,0,0.2578628892988707,8.532710810405236,0.04304458138749153,0.11730847415846402,0.5019946783503569
CADM3__L2-L3-eNeuron,STX1A__L5-eNeuron,CADM3__L2-L3-eNeuron|STX1A__L5-eNeuron,0.016107584145379907,0,0.254548465623115,8.424266508033691,0.046610939820520614,0.34098034399401916,0.28314044074738187
VEGFA__astrocytes,LINGO1__L5-eNeuron,VEGFA__astrocytes|LINGO1__L5-eNeuron,0.01609413678321205,0,0.28341366693225384,8.417233537619902,0.047217331665794005,0.11730847415846402,0.36461878018984895
GLG1__L6-eNeuron,CADM3__L2-L3-eNeuron,GLG1__L6-eNeuron|CADM3__L2-L3-eNeuron,0.015999155274621694,0,0.6505606353054252,8.3675582086271465,0.052699712994913314,0.36564936254692953,0.34098034399401916
CADM3__L2-L3-eNeuron,EPHB6__L5-eNeuron,CADM3__L2-L3-eNeuron|EPHB6__L5-eNeuron,0.015876089147642436,0,0.26143488340724225,8.303194624216994,0.04579908499673787,0.34098034399401916,0.2786430177151399
SLITRK1__L2-L3-eNeuron,EPHB6__L6-eNeuron,SLITRK1__L2-L3-eNeuron|EPHB6__L6-eNeuron,0.01584238109442093,0,0.1426708269345276,8.285565312382147,0.03121911968624656,0.20475633323023734,0.5921332020387052
RPH3A__L6-eNeuron,ADCY1__L2-L3-eNeuron,RPH3A__L6-eNeuron|ADCY1__L2-L3-eNeuron,0.015811519765245686,0,0.9479064980336865,8.269424837223495,0.06802574224166798,0.5447522573247061,0.20592188725203672
ICAM5__L2-L3-eNeuron,GABBR2__L6-eNeuron,ICAM5__L2-L3-eNeuron|GABBR2__L6-eNeuron,0.015646525386547944,0,0.17707581611894843,8.183132777164575,0.032352397989812876,0.23411522682010927,0.48375974223838303
CADM3__L2-L3-eNeuron,ADCY1__L5-eNeuron,CADM3__L2-L3-eNeuron|ADCY1__L5-eNeuron,0.01540801679695796,0,0.21019811954273845,8.058392784809014,0.043880147805078325,0.34098034399401916,0.27935017401198253
BAG6__L2-L3-eNeuron,GABBR2__L6-eNeuron,BAG6__L2-L3-eNeuron|GABBR2__L6-eNeuron,0.015243673547821204,0,0.1475963156877754,7.97244126551049,0.031014923724181534,0.24385038571843584,0.48375974223838303
SHANK1__L2-L3-eNeuron,GLG1__L5-eNeuron,SHANK1__L2-L3-eNeuron|GLG1__L5-eNeuron,0.015225219045998935,0,0.23171221975592163,7.962789561057443,0.04381303590016604,0.44957163021274477,0.2052005292300512
CADM3__L5-eNeuron,CADM3__L2-L3-eNeuron,CADM3__L5-eNeuron|CADM3__L2-L3-eNeuron,0.015222724925651819,0,0.39995692659237203,7.961485136115901,0.04443917963133361,0.2665144424286553,0.34098034399401916
CADM3__L2-L3-eNeuron,CADM3__L5-eNeuron,CADM3__L2-L3-eNeuron|CADM3__L5-eNeuron,0.015222724925651819,0,0.21167961627417256,7.961485136115901,0.04441917640082908,0.34098034399401916,0.2665144424286553
CADM3__L2-L3-eNeuron,KCNJ4__L5-eNeuron,CADM3__L2-L3-eNeuron|KCNJ4__L5-eNeuron,0.015072482648513946,0,0.19275207152793142,7.8829084251727934,0.04325170421161946,0.34098034399401916,0.2678047139671424
ICAM5__L2-L3-eNeuron,STX1A__L6-eNeuron,ICAM5__L2-L3-eNeuron|STX1A__L6-eNeuron,0.01494073531866242,0,0.16012418916957036,7.814004571660446,0.03122458221525766,0.23411522682010927,0.465478702241694
SHANK1__L2-L3-eNeuron,FLOT1__L5-eNeuron,SHANK1__L2-L3-eNeuron|FLOT1__L5-eNeuron,0.014918371271439272,0,0.22820203157522417,7.802308174962739,0.044307274692545105,0.44957163021274477,0.19707164922212148
NLGN2__L6-eNeuron,LINGO1__L2-L3-eNeuron,NLGN2__L6-eNeuron|LINGO1__L2-L3-eNeuron,0.01488413096862266,0,0.5063613062816716,7.784400496589651,0.04828117112626305,0.27035183276356134,0.4236579368777018
SLITRK1__L2-L3-eNeuron,LINGO1__L6-eNeuron,SLITRK1__L2-L3-eNeuron|LINGO1__L6-eNeuron,0.014859784780590834,0,0.16405817733062378,7.771667440249006,0.029922592568360985,0.20475633323023734,0.555464403891699
ICAM5__L2-L3-eNeuron,LINGO1__L5-eNeuron,ICAM5__L2-L3-eNeuron|LINGO1__L5-eNeuron,0.014681905084988294,0,0.2637512695191653,7.678636359448878,0.04180833650083793,0.23411522682010927,0.36461878018984895
SHANK1__L2-L3-eNeuron,RTN4R__L5-eNeuron,SHANK1__L2-L3-eNeuron|RTN4R__L5-eNeuron,0.014642519122614203,0,0.2612842134907296,7.658037501127228,0.04434171732891629,0.44957163021274477,0.1934280467030893
BAG6__L2-L3-eNeuron,STX1A__L6-eNeuron,BAG6__L2-L3-eNeuron|STX1A__L6-eNeuron,0.014608080331695032,0,0.13446704287234595,7.6400260134765015,0.030193368114318123,0.24385038571843584,0.465478702241694
SLITRK1__L2-L3-eNeuron,SV2A__L6-eNeuron,SLITRK1__L2-L3-eNeuron|SV2A__L6-eNeuron,0.014566291523179934,0,0.15415296409467072,7.618170466623105,0.029349700878641274,0.20475633323023734,0.5439393284610851
BAG6__L2-L3-eNeuron,LINGO1__L5-eNeuron,BAG6__L2-L3-eNeuron|LINGO1__L5-eNeuron,0.014555698482725692,0,0.22040124683879916,7.612630306465537,0.04117970082774062,0.24385038571843584,0.36461878018984895
IGFBP4__L2-L3-eNeuron,GABBR2__L6-eNeuron,IGFBP4__L2-L3-eNeuron|GABBR2__L6-eNeuron,0.014523867027269412,0,0.12008418621807478,7.595982455261902,0.02912589964174496,0.2626207734087404,0.48375974223838303
CADM3__L2-L3-eNeuron,GABBR2__L5-eNeuron,CADM3__L2-L3-eNeuron|GABBR2__L5-eNeuron,0.014486634598210696,0,0.22083076876092883,7.576509894864194,0.041687189944532535,0.34098034399401916,0.2547477510376151
LAMB2__endothelial,SV2A__L4-eNeuron,LAMB2__endothelial|SV2A__L4-eNeuron,0.014473273387980037,0,0.16175325411339317,7.569521981913559,0.03449382701656414,0.07417873334812321,0.37624313370662155
NTRK3__L6-eNeuron,CADM3__L2-L3-eNeuron,NTRK3__L6-eNeuron|CADM3__L2-L3-eNeuron,0.014410707117965878,0,0.5540004570459701,7.536799822696155,0.047363233887152974,0.32544040186973866,0.34098034399401916
GAS6__L5-eNeuron,SLC17A7__L2-L3-eNeuron,GAS6__L5-eNeuron|SLC17A7__L2-L3-eNeuron,0.014248117430543826,0,0.3641084717855765,7.451765416174421,0.040142713393929205,0.16598702132559418,0.5019946783503569
IGFBP4__L2-L3-eNeuron,LINGO1__L5-eNeuron,IGFBP4__L2-L3-eNeuron|LINGO1__L5-eNeuron,0.014237648324453981,0,0.19359541222965623,7.446290073689432,0.04020054683915562,0.2626207734087404,0.36461878018984895
GLG1__L6-eNeuron,KCNJ4__L2-L3-eNeuron,GLG1__L6-eNeuron|KCNJ4__L2-L3-eNeuron,0.014231492410545804,0,0.6177169722094484,7.443070530715455,0.05067851202384013,0.36564936254692953,0.2943142354477533
LRRC4B__L6-eNeuron,ADCY1__L2-L3-eNeuron,LRRC4B__L6-eNeuron|ADCY1__L2-L3-eNeuron,0.014156038170245897,0,0.8393658002438563,7.4036079630386045,0.06050091136825066,0.4862618643532333,0.20592188725203672
SHANK1__L2-L3-eNeuron,HRH3__L5-eNeuron,SHANK1__L2-L3-eNeuron|HRH3__L5-eNeuron,0.014144649603765243,0,0.2612842134907296,7.397651742769222,0.04732430360324197,0.44957163021274477,0.18026221190227482
IGFBP4__L2-L3-eNeuron,STX1A__L6-eNeuron,IGFBP4__L2-L3-eNeuron|STX1A__L6-eNeuron,0.01400337338584731,0,0.14119021546145913,7.323764280798143,0.028726083787690437,0.2626207734087404,0.465478702241694
VEGFA__astrocytes,RTN4R__L4-eNeuron,VEGFA__astrocytes|RTN4R__L4-eNeuron,0.01393841794013769,0,0.166765937687533,7.289792582692011,0.032357344011444994,0.11730847415846402,0.4120197332316754
CADM3__L5-eNeuron,CADM3__Lhx6-iNeuron,CADM3__L5-eNeuron|CADM3__Lhx6-iNeuron,0.013903956722888912,0,0.6293574530345297,7.271769366070901,0.06995875448323255,0.2665144424286553,0.106190725103245
SHANK1__L2-L3-eNeuron,ADORA1__L5-eNeuron,SHANK1__L2-L3-eNeuron|ADORA1__L5-eNeuron,0.01386283549373933,0,0.2621335182635264,7.250262963225669,0.0416916861220082,0.44957163021274477,0.18719942949081278
CADM3__L2-L3-eNeuron,CNTNAP1__L5-eNeuron,CADM3__L2-L3-eNeuron|CNTNAP1__L5-eNeuron,0.013732099628551446,0,0.22548095340224272,7.181888105732407,0.04247825838937739,0.34098034399401916,0.2355598605035041
GLG1__L6-eNeuron,STX1A__L2-L3-eNeuron,GLG1__L6-eNeuron|STX1A__L2-L3-eNeuron,0.013703066219903949,0,0.6177169722094484,7.166703633009765,0.04864037603661698,0.36564936254692953,0.28620204752086803
COL4A2__endothelial,SDC4__astrocytes,COL4A2__endothelial|SDC4__astrocytes,0.013653875823799847,0,0.5048418235612927,7.14097705584732,0.06161572531653888,0.22508635828548024,0.16816517778470347
ICAM5__L2-L3-eNeuron,CNTNAP1__L6-eNeuron,ICAM5__L2-L3-eNeuron|CNTNAP1__L6-eNeuron,0.013646210055251014,0,0.17272375696603218,7.136967858896281,0.03003176343826062,0.23411522682010927,0.4042400077265379
CADM3__L6-eNeuron,ADCY1__L2-L3-eNeuron,CADM3__L6-eNeuron|ADCY1__L2-L3-eNeuron,0.013536379938131919,0,0.9230896022021591,7.0795267076429935,0.06100932318867869,0.44966801887672064,0.20592188725203672
VEGFA__astrocytes,LINGO1__L2-L3-eNeuron,VEGFA__astrocytes|LINGO1__L2-L3-eNeuron,0.013525536400533611,0,0.17208526473699817,7.073855537479079,0.035773945310899516,0.11730847415846402,0.4236579368777018
VEGFA__astrocytes,SV2A__L5-eNeuron,VEGFA__astrocytes|SV2A__L5-eNeuron,0.013305996844254512,0,0.2605723926859649,6.9590363495451095,0.03915167020959513,0.11730847415846402,0.29998636318015154
BAG6__L2-L3-eNeuron,CNTNAP1__L6-eNeuron,BAG6__L2-L3-eNeuron|CNTNAP1__L6-eNeuron,0.01327514759619922,0,0.16371481343581368,6.942902192812191,0.028958668913166858,0.24385038571843584,0.4042400077265379
LAMC1__endothelial,SV2A__L4-eNeuron,LAMC1__endothelial|SV2A__L4-eNeuron,0.013218892486242624,0,0.19546601148907042,6.913480770304893,0.03193527876517451,0.09832657426134803,0.37624313370662155
CADM3__Adarb2-iNeuron,CADM3__L2-L3-eNeuron,CADM3__Adarb2-iNeuron|CADM3__L2-L3-eNeuron,0.013056715445251253,0,0.1892440811353865,6.828662177866405,0.03581785961578311,0.06653994962603846,0.34098034399401916
CADM3__L2-L3-eNeuron,CADM3__Adarb2-iNeuron,CADM3__L2-L3-eNeuron|CADM3__Adarb2-iNeuron,0.01305671544525125,0,0.8883012215366771,6.828662177866404,0.08528588321126943,0.34098034399401916,0.06653994962603846
SLITRK1__L2-L3-eNeuron,GABBR2__L6-eNeuron,SLITRK1__L2-L3-eNeuron|GABBR2__L6-eNeuron,0.01298666108504027,0,0.1426708269345276,6.792023747476061,0.02659980098380483,0.20475633323023734,0.48375974223838303
NTRK3__L6-eNeuron,KCNJ4__L2-L3-eNeuron,NTRK3__L6-eNeuron|KCNJ4__L2-L3-eNeuron,0.01284380135054062,0,0.5574419349275466,6.7173081063327436,0.045916296101640455,0.32544040186973866,0.2943142354477533
SHANK1__L2-L3-eNeuron,CAP1__L5-eNeuron,SHANK1__L2-L3-eNeuron|CAP1__L5-eNeuron,0.012712068675482701,0,0.2254850277052843,6.648411917277453,0.0406735103682259,0.44957163021274477,0.16641347531640416
ICAM5__L6-eNeuron,ADCY1__L2-L3-eNeuron,ICAM5__L6-eNeuron|ADCY1__L2-L3-eNeuron,0.012680494311521295,0,0.8389584672783241,6.631898524925638,0.057640774847693296,0.4240622749626807,0.20592188725203672
LAMC1__astrocytes,SV2A__L6-eNeuron,LAMC1__astrocytes|SV2A__L6-eNeuron,0.012647355745107421,0,0.17573171652351205,6.6145670546911814,0.026263900288691612,0.06319537961714203,0.5439393284610851
IGFBP4__L2-L3-eNeuron,CNTNAP1__L6-eNeuron,IGFBP4__L2-L3-eNeuron|CNTNAP1__L6-eNeuron,0.012593246750925218,0,0.16164193025917287,6.5862680507338895,0.027263832641982712,0.2626207734087404,0.4042400077265379
VEGFA__astrocytes,KCNJ4__L4-eNeuron,VEGFA__astrocytes|KCNJ4__L4-eNeuron,0.012554040625358557,0,0.2567520992923625,6.565763247062526,0.03213453937839597,0.11730847415846402,0.3655650268913883
SLITRK1__L2-L3-eNeuron,STX1A__L6-eNeuron,SLITRK1__L2-L3-eNeuron|STX1A__L6-eNeuron,0.012420841602896837,0,0.12901282050676788,6.496100158315046,0.025767121394475297,0.20475633323023734,0.465478702241694
SLITRK1__L2-L3-eNeuron,LINGO1__L5-eNeuron,SLITRK1__L2-L3-eNeuron|LINGO1__L5-eNeuron,0.01238130384201749,0,0.2105100575832207,6.4754219093751475,0.03514814297438731,0.20475633323023734,0.36461878018984895
NTRK3__L6-eNeuron,STX1A__L2-L3-eNeuron,NTRK3__L6-eNeuron|STX1A__L2-L3-eNeuron,0.012330713864381055,0,0.5574419349275466,6.448963351071292,0.04356453705356191,0.32544040186973866,0.28620204752086803
SHANK1__L2-L3-eNeuron,NLGN2__L5-eNeuron,SHANK1__L2-L3-eNeuron|NLGN2__L5-eNeuron,0.01230506834927978,0,0.22202009498661565,6.435550746673324,0.037679328985734756,0.44957163021274477,0.16593279742957304
VEGFA__astrocytes,STX1A__L5-eNeuron,VEGFA__astrocytes|STX1A__L5-eNeuron,0.012094552788082831,0,0.22077241980446077,6.325451108167321,0.034986410357168714,0.11730847415846402,0.28314044074738187
VEGFA__astrocytes,ADCY1__L5-eNeuron,VEGFA__astrocytes|ADCY1__L5-eNeuron,0.012094332155323144,0,0.17884682364041823,6.325335717234005,0.034994898889699866,0.11730847415846402,0.27935017401198253
VEGFA__astrocytes,EPHB6__L5-eNeuron,VEGFA__astrocytes|EPHB6__L5-eNeuron,0.012074516045070895,0,0.21668229185113833,6.314971891572078,0.03507490621097502,0.11730847415846402,0.2786430177151399
LAMB2__astrocytes,SV2A__L6-eNeuron,LAMB2__astrocytes|SV2A__L6-eNeuron,0.01206225343987476,0,0.14817243473190594,6.3085585490545,0.025335309360494676,0.059929780850451086,0.5439393284610851
GAS6__L5-eNeuron,LINGO1__L2-L3-eNeuron,GAS6__L5-eNeuron|LINGO1__L2-L3-eNeuron,0.0120289763334951,0,0.2993305767559182,6.291154622417937,0.034169470036129024,0.16598702132559418,0.4236579368777018
ICAM5__L2-L3-eNeuron,SV2A__L5-eNeuron,ICAM5__L2-L3-eNeuron|SV2A__L5-eNeuron,0.01192446859538502,0,0.1613225898724707,6.236497075386365,0.033490553584691524,0.23411522682010927,0.29998636318015154
BAG6__L2-L3-eNeuron,SV2A__L5-eNeuron,BAG6__L2-L3-eNeuron|SV2A__L5-eNeuron,0.011896204641095157,0,0.17100571960013894,6.221715027292767,0.03351224808423775,0.24385038571843584,0.29998636318015154
NLGN2__L6-eNeuron,CADM3__L2-L3-eNeuron,NLGN2__L6-eNeuron|CADM3__L2-L3-eNeuron,0.011895327892862531,0,0.4828810184206649,6.221256487967104,0.03857148482044134,0.27035183276356134,0.34098034399401916
IGFBP4__L2-L3-eNeuron,SV2A__L5-eNeuron,IGFBP4__L2-L3-eNeuron|SV2A__L5-eNeuron,0.011747492114970514,0,0.17964493419077543,6.1439383761295785,0.033379644389314914,0.2626207734087404,0.29998636318015154
VEGFA__astrocytes,KCNJ4__L5-eNeuron,VEGFA__astrocytes|KCNJ4__L5-eNeuron,0.011742755566838903,0,0.2831836169939063,6.141461161456746,0.03540976019691453,0.11730847415846402,0.2678047139671424
CADM3__L2-L3-eNeuron,CADM3__Lhx6-iNeuron,CADM3__L2-L3-eNeuron|CADM3__Lhx6-iNeuron,0.011707794307465637,0,1.0718444076057838,6.123176422804528,0.07393665471904315,0.34098034399401916,0.106190725103245
CADM3__Lhx6-iNeuron,CADM3__L2-L3-eNeuron,CADM3__Lhx6-iNeuron|CADM3__L2-L3-eNeuron,0.011707794307465637,0,0.22719535396272397,6.123176422804528,0.03254309402389487,0.106190725103245,0.34098034399401916
ICAM5__L2-L3-eNeuron,STX1A__L5-eNeuron,ICAM5__L2-L3-eNeuron|STX1A__L5-eNeuron,0.01153247665435723,0,0.17119828268725318,6.031485290228831,0.0333657759861845,0.23411522682010927,0.28314044074738187
CADM3__L2-L3-eNeuron,GLG1__L5-eNeuron,CADM3__L2-L3-eNeuron|GLG1__L5-eNeuron,0.011479615638971036,0,0.1759562124461346,6.003838979181852,0.03302084115078457,0.34098034399401916,0.2052005292300512
BAG6__L2-L3-eNeuron,STX1A__L5-eNeuron,BAG6__L2-L3-eNeuron|STX1A__L5-eNeuron,0.011455042578856177,0,0.18104754285989805,5.9909872687417804,0.033129092828606044,0.24385038571843584,0.28314044074738187
VEGFA__astrocytes,CADM3__L5-eNeuron,VEGFA__astrocytes|CADM3__L5-eNeuron,0.011396955792140003,0,0.19897063937455187,5.960607879289221,0.03351068394144333,0.11730847415846402,0.2665144424286553
ICAM5__L2-L3-eNeuron,EPHB6__L5-eNeuron,ICAM5__L2-L3-eNeuron|EPHB6__L5-eNeuron,0.011346165375675921,0,0.18094252436638075,5.934044491478507,0.0326860693070032,0.23411522682010927,0.2786430177151399
SLITRK1__L2-L3-eNeuron,CNTNAP1__L6-eNeuron,SLITRK1__L2-L3-eNeuron|CNTNAP1__L6-eNeuron,0.011309142190523914,0,0.1346446803261126,5.9146813656440065,0.024722555479699693,0.20475633323023734,0.4042400077265379
BAG6__L2-L3-eNeuron,EPHB6__L5-eNeuron,BAG6__L2-L3-eNeuron|EPHB6__L5-eNeuron,0.011286193098645324,0,0.18628564418895563,5.902678990591505,0.032523734432741216,0.24385038571843584,0.2786430177151399
IGFBP4__L2-L3-eNeuron,STX1A__L5-eNeuron,IGFBP4__L2-L3-eNeuron|STX1A__L5-eNeuron,0.011256684465183244,0,0.19046280692933965,5.887245975290837,0.03278132243829088,0.2626207734087404,0.28314044074738187
CADM3__L2-L3-eNeuron,FLOT1__L5-eNeuron,CADM3__L2-L3-eNeuron|FLOT1__L5-eNeuron,0.011253803456977025,0,0.17302750669029898,5.885739207998984,0.033422975141881375,0.34098034399401916,0.19707164922212148
IGFBP4__L2-L3-eNeuron,EPHB6__L5-eNeuron,IGFBP4__L2-L3-eNeuron|EPHB6__L5-eNeuron,0.011124697350211538,0,0.19567225831352106,5.818216714160635,0.03233951697972344,0.2626207734087404,0.2786430177151399
VEGFA__astrocytes,GABBR2__L5-eNeuron,VEGFA__astrocytes|GABBR2__L5-eNeuron,0.01109229442891334,0,0.23213902391588184,5.801269986321676,0.03233359170774523,0.11730847415846402,0.2547477510376151
LAMB2__endothelial,SV2A__L6-eNeuron,LAMB2__endothelial|SV2A__L6-eNeuron,0.011075403517643757,0,0.11813343242493084,5.7924360397276855,0.023100467652319157,0.07417873334812321,0.5439393284610851
ICAM5__L2-L3-eNeuron,ADCY1__L5-eNeuron,ICAM5__L2-L3-eNeuron|ADCY1__L5-eNeuron,0.01104936478017359,0,0.17599500899979226,5.778817780030788,0.03156057089972353,0.23411522682010927,0.27935017401198253
CADM3__L2-L3-eNeuron,RTN4R__L5-eNeuron,CADM3__L2-L3-eNeuron|RTN4R__L5-eNeuron,0.011047529664113615,0,0.19851883064117967,5.777858014331421,0.0334759088701307,0.34098034399401916,0.1934280467030893
BAG6__L2-L3-eNeuron,ADCY1__L5-eNeuron,BAG6__L2-L3-eNeuron|ADCY1__L5-eNeuron,0.010959550143540492,0,0.14784591885549256,5.731844725071677,0.031188034770748982,0.24385038571843584,0.27935017401198253
ICAM5__L2-L3-eNeuron,CADM3__L5-eNeuron,ICAM5__L2-L3-eNeuron|CADM3__L5-eNeuron,0.010895555468302004,0,0.1517252453234598,5.698375509921949,0.031801230164961204,0.23411522682010927,0.2665144424286553
VEGFA__astrocytes,CADM3__L2-L3-eNeuron,VEGFA__astrocytes|CADM3__L2-L3-eNeuron,0.010853180709210297,0,0.15493675833572887,5.676213510916986,0.029198331008666586,0.11730847415846402,0.34098034399401916
BAG6__L2-L3-eNeuron,CADM3__L5-eNeuron,BAG6__L2-L3-eNeuron|CADM3__L5-eNeuron,0.010827757053369661,0,0.15014453484120963,5.662916938912333,0.031593428237974334,0.24385038571843584,0.2665144424286553
ICAM5__L2-L3-eNeuron,KCNJ4__L5-eNeuron,ICAM5__L2-L3-eNeuron|KCNJ4__L5-eNeuron,0.010825090640915778,0,0.14926299046160763,5.661522405198952,0.031225388663387168,0.23411522682010927,0.2678047139671424
IGFBP4__L2-L3-eNeuron,ADCY1__L5-eNeuron,IGFBP4__L2-L3-eNeuron|ADCY1__L5-eNeuron,0.010758450127483747,0,0.15531509954915043,5.626669416674,0.03075359760733637,0.2626207734087404,0.27935017401198253
BAG6__L2-L3-eNeuron,KCNJ4__L5-eNeuron,BAG6__L2-L3-eNeuron|KCNJ4__L5-eNeuron,0.010723076061498001,0,0.13734564930802828,5.608168780163455,0.030767310790462424,0.24385038571843584,0.2678047139671424
CADM3__L2-L3-eNeuron,HRH3__L5-eNeuron,CADM3__L2-L3-eNeuron|HRH3__L5-eNeuron,0.010689000761197538,0,0.19851883064117967,5.590347398106312,0.035809472514486,0.34098034399401916,0.18026221190227482
IGFBP4__L2-L3-eNeuron,CADM3__L5-eNeuron,IGFBP4__L2-L3-eNeuron|CADM3__L5-eNeuron,0.010644105742675387,0,0.15524069514205513,5.566867303419228,0.031233735248681716,0.2626207734087404,0.2665144424286553
NLGN2__L6-eNeuron,KCNJ4__L2-L3-eNeuron,NLGN2__L6-eNeuron|KCNJ4__L2-L3-eNeuron,0.010562602045009957,0,0.42692928763335747,5.524240869540208,0.03675350224666444,0.27035183276356134,0.2943142354477533
GLG1__L6-eNeuron,ADCY1__L2-L3-eNeuron,GLG1__L6-eNeuron|ADCY1__L2-L3-eNeuron,0.01051832249082607,0,0.6826294108583627,5.501082662702036,0.04580721034613451,0.36564936254692953,0.20592188725203672
IGFBP4__L2-L3-eNeuron,KCNJ4__L5-eNeuron,IGFBP4__L2-L3-eNeuron|KCNJ4__L5-eNeuron,0.010493960685894256,0,0.14426626102427337,5.4883414387226965,0.030127321416247802,0.2626207734087404,0.2678047139671424
CADM3__L2-L3-eNeuron,ADORA1__L5-eNeuron,CADM3__L2-L3-eNeuron|ADORA1__L5-eNeuron,0.010463558857233143,0,0.19856331103302205,5.472441282332934,0.03148905970567736,0.34098034399401916,0.18719942949081278
CADM3__L4-eNeuron,CADM3__Adarb2-iNeuron,CADM3__L4-eNeuron|CADM3__Adarb2-iNeuron,0.01045992352273064,0,0.6714615341599091,5.470540002388124,0.06424665936083984,0.44649721429188405,0.06653994962603846
VEGFA__astrocytes,CNTNAP1__L5-eNeuron,VEGFA__astrocytes|CNTNAP1__L5-eNeuron,0.01038880330249263,0,0.2296755000238531,5.433344127203646,0.0332790251448718,0.11730847415846402,0.2355598605035041
LGI3__Olig,FLOT1__L6-eNeuron,LGI3__Olig|FLOT1__L6-eNeuron,0.010379412944948735,0,0.18434800034648427,5.428432970208188,0.026073700424960485,0.06932667971348055,0.2767356659932428
ICAM5__L2-L3-eNeuron,GABBR2__L5-eNeuron,ICAM5__L2-L3-eNeuron|GABBR2__L5-eNeuron,0.010379361775297387,0,0.14902822819624317,5.428406208480534,0.02987556593445399,0.23411522682010927,0.2547477510376151
BAG6__L2-L3-eNeuron,GABBR2__L5-eNeuron,BAG6__L2-L3-eNeuron|GABBR2__L5-eNeuron,0.010305751523222204,0,0.1579734085820127,5.389908046645212,0.029653343205798804,0.24385038571843584,0.2547477510376151
NFASC__OPC,CNTNAP1__L6-eNeuron,NFASC__OPC|CNTNAP1__L6-eNeuron,0.01017279169905232,0,0.14528382741045567,5.320370058604363,0.0230764792156082,0.06602594379449012,0.4042400077265379
NLGN2__L6-eNeuron,STX1A__L2-L3-eNeuron,NLGN2__L6-eNeuron|STX1A__L2-L3-eNeuron,0.01014131762661628,0,0.42692928763335747,5.3039091187203145,0.034808717618692184,0.27035183276356134,0.28620204752086803
IGFBP4__L2-L3-eNeuron,GABBR2__L5-eNeuron,IGFBP4__L2-L3-eNeuron|GABBR2__L5-eNeuron,0.010114395642864015,0,0.1659542303904617,5.289828921217881,0.029275135462287334,0.2626207734087404,0.2547477510376151
PDGFB__endothelial,LRP1__L6-eNeuron,PDGFB__endothelial|LRP1__L6-eNeuron,0.010103983335473202,0,0.13894723493029565,5.284383284452485,0.022935487606534643,0.08656802834794222,0.33432590976842586
SLITRK1__L2-L3-eNeuron,SV2A__L5-eNeuron,SLITRK1__L2-L3-eNeuron|SV2A__L5-eNeuron,0.010087130259707373,0,0.14192027333956206,5.275569125826957,0.02837603523137283,0.20475633323023734,0.29998636318015154
BAG6__L2-L3-eNeuron,CNTNAP1__L5-eNeuron,BAG6__L2-L3-eNeuron|CNTNAP1__L5-eNeuron,0.00976966228498054,0,0.16145959156287715,5.109533375044823,0.03023738441216226,0.24385038571843584,0.2355598605035041
ICAM5__L2-L3-eNeuron,CNTNAP1__L5-eNeuron,ICAM5__L2-L3-eNeuron|CNTNAP1__L5-eNeuron,0.009769062669247075,0,0.15136108333610698,5.10921977601622,0.030109978807957443,0.23411522682010927,0.2355598605035041
NFASC__Olig,CNTNAP1__L6-eNeuron,NFASC__Olig|CNTNAP1__L6-eNeuron,0.009739315858737267,0,0.12159961933026096,5.093662194119591,0.020538161388908474,0.050703191335338356,0.4042400077265379
SLITRK1__L2-L3-eNeuron,STX1A__L5-eNeuron,SLITRK1__L2-L3-eNeuron|STX1A__L5-eNeuron,0.009725259749877212,0,0.1500558003590155,5.086310849185782,0.02810724847850036,0.20475633323023734,0.28314044074738187
IGFBP4__L2-L3-eNeuron,CNTNAP1__L5-eNeuron,IGFBP4__L2-L3-eNeuron|CNTNAP1__L5-eNeuron,0.009688058619992095,0,0.17025928239858237,5.066854658255866,0.03027050243811982,0.2626207734087404,0.2355598605035041
GAS6__L5-eNeuron,CADM3__L2-L3-eNeuron,GAS6__L5-eNeuron|CADM3__L2-L3-eNeuron,0.00960377791398723,0,0.20517932611564774,5.022775849015321,0.026986971450609847,0.16598702132559418,0.34098034399401916
AGRN__L4-eNeuron,DAG1__astrocytes,AGRN__L4-eNeuron|DAG1__astrocytes,0.009594291533491957,0,0.8065786907234642,5.017814472016293,0.0607463069445321,0.18630774076564927,0.15176237872374412
CADM3__L2-L3-eNeuron,CAP1__L5-eNeuron,CADM3__L2-L3-eNeuron|CAP1__L5-eNeuron,0.00959061711700404,0,0.17099285706296743,5.015892752193113,0.030700049875211244,0.34098034399401916,0.16641347531640416
SLITRK1__L2-L3-eNeuron,EPHB6__L5-eNeuron,SLITRK1__L2-L3-eNeuron|EPHB6__L5-eNeuron,0.009571661097466528,0,0.15429153463041925,5.005978753974994,0.027533950929228918,0.20475633323023734,0.2786430177151399
NTRK3__L6-eNeuron,ADCY1__L2-L3-eNeuron,NTRK3__L6-eNeuron|ADCY1__L2-L3-eNeuron,0.009485703461135236,0,0.6160204053747651,4.961022910173728,0.041252959041841064,0.32544040186973866,0.20592188725203672
VEGFA__astrocytes,KCNJ4__L2-L3-eNeuron,VEGFA__astrocytes|KCNJ4__L2-L3-eNeuron,0.009389291086011348,0,0.1374149000140453,4.910599237983935,0.026305445638360896,0.11730847415846402,0.2943142354477533
SLITRK1__L2-L3-eNeuron,ADCY1__L5-eNeuron,SLITRK1__L2-L3-eNeuron|ADCY1__L5-eNeuron,0.009310991532173843,0,0.12269959896764278,4.86964857132692,0.026507195359695555,0.20475633323023734,0.27935017401198253
CADM3__L2-L3-eNeuron,NLGN2__L5-eNeuron,CADM3__L2-L3-eNeuron|NLGN2__L5-eNeuron,0.009277042994928757,0,0.1584216239227009,4.85189348634774,0.028380885431033072,0.34098034399401916,0.16593279742957304
FN1__endothelial,SDC4__astrocytes,FN1__endothelial|SDC4__astrocytes,0.009232414211210854,0,0.3595580488928059,4.828552632463277,0.04316984623529769,0.14499800768343676,0.16816517778470347
SLITRK1__L2-L3-eNeuron,CADM3__L5-eNeuron,SLITRK1__L2-L3-eNeuron|CADM3__L5-eNeuron,0.009192588358014923,0,0.12577958825454122,4.807723711241804,0.026816856929804133,0.20475633323023734,0.2665144424286553
VEGFA__astrocytes,STX1A__L2-L3-eNeuron,VEGFA__astrocytes|STX1A__L2-L3-eNeuron,0.009170124993925848,0,0.13698413758494432,4.795975371823219,0.02550914739123648,0.11730847415846402,0.28620204752086803
SLITRK1__L2-L3-eNeuron,KCNJ4__L5-eNeuron,SLITRK1__L2-L3-eNeuron|KCNJ4__L5-eNeuron,0.009117412300577303,0,0.11913254777654647,4.76840663320193,0.026209286002500647,0.20475633323023734,0.2678047139671424
OMG__Olig,LINGO1__L6-eNeuron,OMG__Olig|LINGO1__L6-eNeuron,0.008983535716660381,0,0.11538003955477262,4.698389179813379,0.018963234509752142,0.03097342484953857,0.555464403891699
SEMA6B__L6-eNeuron,PLXNA4__L4-eNeuron,SEMA6B__L6-eNeuron|PLXNA4__L4-eNeuron,0.008966203741442729,0,0.14509030706805193,4.689324556774547,0.024827611527999373,0.26693221774626674,0.20337893248854275
VEGFA__astrocytes,GLG1__L5-eNeuron,VEGFA__astrocytes|GLG1__L5-eNeuron,0.00886088803842169,0,0.15757792925206768,4.634244444094544,0.025837345440604738,0.11730847415846402,0.2052005292300512
SLITRK1__L2-L3-eNeuron,GABBR2__L5-eNeuron,SLITRK1__L2-L3-eNeuron|GABBR2__L5-eNeuron,0.008752799618443313,0,0.13110455824966072,4.577714200445853,0.02517715346044522,0.20475633323023734,0.2547477510376151
LAMC1__endothelial,SV2A__L2-L3-eNeuron,LAMC1__endothelial|SV2A__L2-L3-eNeuron,0.008732349049930345,0,0.2288082277816642,4.56701855311357,0.028538544746016893,0.09832657426134803,0.23807850857332827
PDGFB__endothelial,LRP1__L4-eNeuron,PDGFB__endothelial|LRP1__L4-eNeuron,0.008656463586027893,0,0.1542269669014342,4.527330455492588,0.022565549892852477,0.08656802834794222,0.26494259660097313
VEGFA__astrocytes,FLOT1__L5-eNeuron,VEGFA__astrocytes|FLOT1__L5-eNeuron,0.008537464697313583,0,0.1580993266162681,4.465094036695004,0.025969176498767642,0.11730847415846402,0.19707164922212148
GAS6__L5-eNeuron,KCNJ4__L2-L3-eNeuron,GAS6__L5-eNeuron|KCNJ4__L2-L3-eNeuron,0.008460985848666079,0,0.23578389226320606,4.4250955988523595,0.025303029757433624,0.16598702132559418,0.2943142354477533
SLITRK1__L2-L3-eNeuron,CNTNAP1__L5-eNeuron,SLITRK1__L2-L3-eNeuron|CNTNAP1__L5-eNeuron,0.008277737173351132,0,0.13374370791003104,4.329256541662642,0.025575185364303053,0.20475633323023734,0.2355598605035041
ICAM5__L2-L3-eNeuron,GLG1__L5-eNeuron,ICAM5__L2-L3-eNeuron|GLG1__L5-eNeuron,0.008228685774709355,0,0.11836927939707606,4.303602660172993,0.023719578825185283,0.23411522682010927,0.2052005292300512
VEGFA__astrocytes,ADORA1__L5-eNeuron,VEGFA__astrocytes|ADORA1__L5-eNeuron,0.008227628465952114,0,0.2413274965621238,4.3030496876929565,0.02611911840020149,0.11730847415846402,0.18719942949081278
VEGFA__astrocytes,RTN4R__L5-eNeuron,VEGFA__astrocytes|RTN4R__L5-eNeuron,0.008213291690022889,0,0.17738302101615072,4.295551553881971,0.02503514949321771,0.11730847415846402,0.1934280467030893
BAG6__L2-L3-eNeuron,GLG1__L5-eNeuron,BAG6__L2-L3-eNeuron|GLG1__L5-eNeuron,0.008166460916810557,0,0.1253777459128046,4.271059059491921,0.02348889102276437,0.24385038571843584,0.2052005292300512
GAS6__L5-eNeuron,STX1A__L2-L3-eNeuron,GAS6__L5-eNeuron|STX1A__L2-L3-eNeuron,0.008146511680496194,0,0.23578389226320606,4.26062560889951,0.02413443879109441,0.16598702132559418,0.28620204752086803
SEMA6B__L5-eNeuron,PLXNA4__L4-eNeuron,SEMA6B__L5-eNeuron|PLXNA4__L4-eNeuron,0.008058241243611163,0,0.11646488094972139,4.214460170408639,0.022436429322183055,0.1429533641081941,0.20337893248854275
LAMC1__OPC,SV2A__L6-eNeuron,LAMC1__OPC|SV2A__L6-eNeuron,0.008045769529763484,0,0.10151625994369266,4.207937464066303,0.017406201133697303,0.0361013691041095,0.5439393284610851
ICAM5__L2-L3-eNeuron,FLOT1__L5-eNeuron,ICAM5__L2-L3-eNeuron|FLOT1__L5-eNeuron,0.008015921993222515,0,0.11814281369117291,4.192327202455376,0.023769846926400495,0.23411522682010927,0.19707164922212148
IGFBP4__L2-L3-eNeuron,GLG1__L5-eNeuron,IGFBP4__L2-L3-eNeuron|GLG1__L5-eNeuron,0.008015048442974737,0,0.13169531550231933,4.191870335675787,0.02313894583901875,0.2626207734087404,0.2052005292300512
BAG6__L2-L3-eNeuron,FLOT1__L5-eNeuron,BAG6__L2-L3-eNeuron|FLOT1__L5-eNeuron,0.008009149595867036,0,0.12347215779350985,4.18878523863846,0.023799352334694858,0.24385038571843584,0.19707164922212148
LAMB2__mural,SV2A__L6-eNeuron,LAMB2__mural|SV2A__L6-eNeuron,0.007939005924563255,0,0.13289537594195847,4.152100098546582,0.01789615301683527,0.030709043258153768,0.5439393284610851
IGFBP4__L2-L3-eNeuron,FLOT1__L5-eNeuron,IGFBP4__L2-L3-eNeuron|FLOT1__L5-eNeuron,0.0079281659394795,0,0.12870397996889912,4.1464307863477785,0.023730873349802204,0.2626207734087404,0.19707164922212148
ICAM5__L2-L3-eNeuron,RTN4R__L5-eNeuron,ICAM5__L2-L3-eNeuron|RTN4R__L5-eNeuron,0.007881871468743622,0,0.13351517481614475,4.122218778152915,0.02377896500091225,0.23411522682010927,0.1934280467030893
BAG6__L2-L3-eNeuron,RTN4R__L5-eNeuron,BAG6__L2-L3-eNeuron|RTN4R__L5-eNeuron,0.007856252250812962,0,0.1411964767142641,4.108819927175179,0.023799274291497186,0.24385038571843584,0.1934280467030893
IGFBP4__L2-L3-eNeuron,RTN4R__L5-eNeuron,IGFBP4__L2-L3-eNeuron|RTN4R__L5-eNeuron,0.007761124195578341,0,0.14853931104904602,4.059067954287473,0.02377314497641694,0.2626207734087404,0.1934280467030893
NLGN2__L6-eNeuron,ADCY1__L2-L3-eNeuron,NLGN2__L6-eNeuron|ADCY1__L2-L3-eNeuron,0.0077484431800292014,0,0.4221771427905,4.052435783155272,0.032236054492914966,0.27035183276356134,0.20592188725203672
LAMC1__astrocytes,SV2A__L4-eNeuron,LAMC1__astrocytes|SV2A__L4-eNeuron,0.007719753978378341,0,0.11929390281666141,4.037431330691873,0.01835389811399877,0.06319537961714203,0.37624313370662155
VEGFA__astrocytes,HRH3__L5-eNeuron,VEGFA__astrocytes|HRH3__L5-eNeuron,0.007693161639846684,0,0.18761397025598822,4.023523537639815,0.02607377163345518,0.11730847415846402,0.18026221190227482
IGFBP4__L2-L3-eNeuron,HRH3__L5-eNeuron,IGFBP4__L2-L3-eNeuron|HRH3__L5-eNeuron,0.007665357796276874,0,0.14853931104904602,4.008982127452805,0.026110736941526155,0.2626207734087404,0.18026221190227482
BAG6__L2-L3-eNeuron,HRH3__L5-eNeuron,BAG6__L2-L3-eNeuron|HRH3__L5-eNeuron,0.007614789728063395,0,0.1411964767142641,3.9825350277771556,0.025528928533571898,0.24385038571843584,0.18026221190227482
CADM3__L4-eNeuron,CADM3__OPC,CADM3__L4-eNeuron|CADM3__OPC,0.007584605144562805,0,1.066728878229771,3.9667484906063466,0.07058125753351199,0.44649721429188405,0.04368243726771885
ICAM5__L2-L3-eNeuron,HRH3__L5-eNeuron,ICAM5__L2-L3-eNeuron|HRH3__L5-eNeuron,0.007509849679764977,0,0.13351517481614475,3.927651382517083,0.024873781534284968,0.23411522682010927,0.18026221190227482
ICAM5__L2-L3-eNeuron,ADORA1__L5-eNeuron,ICAM5__L2-L3-eNeuron|ADORA1__L5-eNeuron,0.007464030452921363,0,0.13639005392945167,3.903687926877873,0.022411421429279637,0.23411522682010927,0.18719942949081278
BAG6__L2-L3-eNeuron,ADORA1__L5-eNeuron,BAG6__L2-L3-eNeuron|ADORA1__L5-eNeuron,0.007436939612556432,0,0.14168996835010017,3.889519417367014,0.02236377898408036,0.24385038571843584,0.18719942949081278
IGFBP4__L2-L3-eNeuron,ADORA1__L5-eNeuron,IGFBP4__L2-L3-eNeuron|ADORA1__L5-eNeuron,0.00735562878761782,0,0.14661705946914194,3.84699385592412,0.02230061976142495,0.2626207734087404,0.18719942949081278
VEGFA__astrocytes,CAP1__L5-eNeuron,VEGFA__astrocytes|CAP1__L5-eNeuron,0.007256255172165536,0,0.2081064459792712,3.7950214550425754,0.02382356724243389,0.11730847415846402,0.16641347531640416
VEGFA__astrocytes,NLGN2__L5-eNeuron,VEGFA__astrocytes|NLGN2__L5-eNeuron,0.007241068468114587,0,0.14329987252233417,3.787078808823929,0.022658689451910942,0.11730847415846402,0.16593279742957304
OMG__microglia,LINGO1__L6-eNeuron,OMG__microglia|LINGO1__L6-eNeuron,0.007142894714463588,0,0.11696800175170756,3.7357339356644563,0.01599662137635139,0.03393403873595421,0.555464403891699
LGI4__astrocytes,ADAM11__L6-eNeuron,LGI4__astrocytes|ADAM11__L6-eNeuron,0.0070999297432577406,0,0.09875258260199046,3.7132632557237986,0.0170160130803951,0.06631194897674031,0.2701982466874011
AGRN__endothelial,DAG1__astrocytes,AGRN__endothelial|DAG1__astrocytes,0.007020851075173081,0,0.2705461231081475,3.6719051123155215,0.032822370813659685,0.13305999776293637,0.15176237872374412
SLITRK1__L2-L3-eNeuron,GLG1__L5-eNeuron,SLITRK1__L2-L3-eNeuron|GLG1__L5-eNeuron,0.006938055912152451,0,0.10384442080661573,3.628603242055732,0.019969454038079034,0.20475633323023734,0.2052005292300512
LAMB2__astrocytes,SV2A__L4-eNeuron,LAMB2__astrocytes|SV2A__L4-eNeuron,0.006848291148720436,0,0.09209539747832793,3.581656270780788,0.01618490084462619,0.059929780850451086,0.37624313370662155
BAG6__L2-L3-eNeuron,CAP1__L5-eNeuron,BAG6__L2-L3-eNeuron|CAP1__L5-eNeuron,0.006825678406663348,0,0.12232138041713456,3.5698298066849308,0.021862421555851597,0.24385038571843584,0.16641347531640416
ICAM5__L2-L3-eNeuron,CAP1__L5-eNeuron,ICAM5__L2-L3-eNeuron|CAP1__L5-eNeuron,0.0068240685698088225,0,0.11539498171061079,3.568987862010014,0.02173653733349871,0.23411522682010927,0.16641347531640416
VEGFA__astrocytes,ADCY1__L2-L3-eNeuron,VEGFA__astrocytes|ADCY1__L2-L3-eNeuron,0.006811662079469431,0,0.15665148378337632,3.562499267562512,0.021404013543337524,0.11730847415846402,0.20592188725203672
LAMB2__endothelial,SV2A__L2-L3-eNeuron,LAMB2__endothelial|SV2A__L2-L3-eNeuron,0.0068085968371803,0,0.17542302295356252,3.5608961458452972,0.021448373725803254,0.07417873334812321,0.23807850857332827
SLITRK1__L2-L3-eNeuron,FLOT1__L5-eNeuron,SLITRK1__L2-L3-eNeuron|FLOT1__L5-eNeuron,0.006789440095927916,0,0.10278979218484859,3.5508771701703,0.02016362425275606,0.20475633323023734,0.19707164922212148
IGFBP4__L2-L3-eNeuron,CAP1__L5-eNeuron,IGFBP4__L2-L3-eNeuron|CAP1__L5-eNeuron,0.00676539225117651,0,0.12850106058758454,3.5383001473653146,0.02191452449420482,0.2626207734087404,0.16641347531640416
SLITRK1__L2-L3-eNeuron,RTN4R__L5-eNeuron,SLITRK1__L2-L3-eNeuron|RTN4R__L5-eNeuron,0.006661092095626719,0,0.11702644502404339,3.483751166012774,0.020135689114425644,0.20475633323023734,0.1934280467030893
ICAM5__L2-L3-eNeuron,NLGN2__L5-eNeuron,ICAM5__L2-L3-eNeuron|NLGN2__L5-eNeuron,0.006650471077329785,0,0.13836460951039253,3.478196373443477,0.020422290374627356,0.23411522682010927,0.16593279742957304
BAG6__L2-L3-eNeuron,NLGN2__L5-eNeuron,BAG6__L2-L3-eNeuron|NLGN2__L5-eNeuron,0.006601250847323939,0,0.11562307362557787,3.45245419315042,0.020207746242856768,0.24385038571843584,0.16593279742957304
IGFBP4__L2-L3-eNeuron,NLGN2__L5-eNeuron,IGFBP4__L2-L3-eNeuron|NLGN2__L5-eNeuron,0.006477553090871319,0,0.11020548513870124,3.3877602665257,0.019889423214938952,0.2626207734087404,0.16593279742957304
SLITRK1__L2-L3-eNeuron,HRH3__L5-eNeuron,SLITRK1__L2-L3-eNeuron|HRH3__L5-eNeuron,0.006419816407658904,0,0.11702644502404339,3.357563981205607,0.02142652144846085,0.20475633323023734,0.18026221190227482
AGRN__L5-eNeuron,DAG1__astrocytes,AGRN__L5-eNeuron|DAG1__astrocytes,0.0064195057907963544,0,0.3201086693557063,3.3574015285864935,0.03487330466312922,0.12792651554855491,0.15176237872374412
CADM3__L6-eNeuron,CADM3__Adarb2-iNeuron,CADM3__L6-eNeuron|CADM3__Adarb2-iNeuron,0.0064190168036365545,0,0.6176707327898731,3.357145788301918,0.048362090906332277,0.44966801887672064,0.06653994962603846
AGRN__L4-eNeuron,LRP4__astrocytes,AGRN__L4-eNeuron|LRP4__astrocytes,0.00638401849172734,0,0.5106960239163139,3.338841671173399,0.03726864584851882,0.18630774076564927,0.12554803625276598
SLITRK1__L2-L3-eNeuron,ADORA1__L5-eNeuron,SLITRK1__L2-L3-eNeuron|ADORA1__L5-eNeuron,0.006301875083176544,0,0.11839495600828341,3.2958806685013324,0.01891648469530688,0.20475633323023734,0.18719942949081278
PDGFB__endothelial,S1PR1__astrocytes,PDGFB__endothelial|S1PR1__astrocytes,0.0061460819047788025,0,0.23403104404007424,3.2144008361993137,0.026167858282660824,0.08656802834794222,0.20122491837783657
LAMC1__endothelial,SV2A__Lhx6-iNeuron,LAMC1__endothelial|SV2A__Lhx6-iNeuron,0.006104232149275619,0,0.20981607332591834,3.192513414071149,0.027205272754343073,0.09832657426134803,0.16668961089672304
LAMC1__mural,SV2A__L4-eNeuron,LAMC1__mural|SV2A__L4-eNeuron,0.006093820119331168,0,0.08749423626429724,3.1870679224102005,0.014869505492516564,0.05919475874312258,0.37624313370662155
GAS6__L5-eNeuron,ADCY1__L2-L3-eNeuron,GAS6__L5-eNeuron|ADCY1__L2-L3-eNeuron,0.006035770695486017,0,0.2605611092242256,3.156708073739187,0.02100226254548326,0.16598702132559418,0.20592188725203672
SEMA7A__L6-eNeuron,ITGB1__mural,SEMA7A__L6-eNeuron|ITGB1__mural,0.0058337047950811636,0,0.6407832457347493,3.0510276078274483,0.0561451897084329,0.29226631844251916,0.032241176696711685
SLITRK1__L2-L3-eNeuron,CAP1__L5-eNeuron,SLITRK1__L2-L3-eNeuron|CAP1__L5-eNeuron,0.005783276458154673,0,0.10151639246140272,3.024653587614894,0.0184850274073415,0.20475633323023734,0.16641347531640416
GAS6__L6-eNeuron,AXL__mural,GAS6__L6-eNeuron|AXL__mural,0.005709501240893848,0,0.7802774625922931,2.9860691489874824,0.05195429458137594,0.25776169238803354,0.037383242066333346
AGRN__endothelial,LRP4__astrocytes,AGRN__endothelial|LRP4__astrocytes,0.005641990996207746,0,0.2233033048017918,2.950761291016651,0.027806262432979265,0.13305999776293637,0.12554803625276598
SLITRK1__L2-L3-eNeuron,NLGN2__L5-eNeuron,SLITRK1__L2-L3-eNeuron|NLGN2__L5-eNeuron,0.0056082634440922825,0,0.11043412973371897,2.933121781260264,0.017199536392392384,0.20475633323023734,0.16593279742957304
LGI2__Lhx6-iNeuron,ADAM11__L6-eNeuron,LGI2__Lhx6-iNeuron|ADAM11__L6-eNeuron,0.0056010740285339,0,0.08932541596438368,2.9293617169232298,0.013935897339532275,0.055868053232683755,0.2701982466874011
HSPG2__endothelial,DAG1__astrocytes,HSPG2__endothelial|DAG1__astrocytes,0.005514352920306399,0,0.21003014008049303,2.8840065773202466,0.026026730591020307,0.09218977040074161,0.15176237872374412
CADM3__L2-L3-eNeuron,CADM3__OPC,CADM3__L2-L3-eNeuron|CADM3__OPC,0.005471033697388014,0,0.7960012971716871,2.861350623733931,0.05373269866580722,0.34098034399401916,0.04368243726771885
CADM3__OPC,CADM3__L2-L3-eNeuron,CADM3__OPC|CADM3__L2-L3-eNeuron,0.005471033697388013,0,0.08172300187523925,2.861350623733931,0.014974110719169813,0.04368243726771885,0.34098034399401916
LAMC1__endothelial,DAG1__astrocytes,LAMC1__endothelial|DAG1__astrocytes,0.005294565767835468,0,0.19642812825792055,2.76905789657795,0.0241671375995035,0.09832657426134803,0.15176237872374412
PDGFB__endothelial,LRP1__L2-L3-eNeuron,PDGFB__endothelial|LRP1__L2-L3-eNeuron,0.005218732908353703,0,0.12833421063469264,2.7293973110689866,0.017127160520446365,0.08656802834794222,0.17703008591109343
OMG__microglia,LINGO1__L4-eNeuron,OMG__microglia|LINGO1__L4-eNeuron,0.005213186305462875,0,0.07809766150050913,2.726496437757084,0.011816134207373631,0.03393403873595421,0.6574118282225528
AGRN__L4-eNeuron,LRP4__endothelial,AGRN__L4-eNeuron|LRP4__endothelial,0.005153296438097103,0,0.7128805450361411,2.6951740371247848,0.04391502895380904,0.18630774076564927,0.07240228046014217
OMG__microglia,LINGO1__L2-L3-eNeuron,OMG__microglia|LINGO1__L2-L3-eNeuron,0.005113886542702201,0,0.10394086925860614,2.674562661833251,0.014460016504077692,0.03393403873595421,0.4236579368777018
LGI4__astrocytes,ADAM11__L4-eNeuron,LGI4__astrocytes|ADAM11__L4-eNeuron,0.0050759458946455244,0,0.11875508560563969,2.6547197028996097,0.013169300674707878,0.06631194897674031,0.27165756342641223
LGI2__Lhx6-iNeuron,ADAM11__L4-eNeuron,LGI2__Lhx6-iNeuron|ADAM11__L4-eNeuron,0.0048772470176862235,0,0.0560389303863931,2.5508001902498947,0.011970999825716708,0.055868053232683755,0.27165756342641223
GDF10__astrocytes,ACVR1B__L4-eNeuron,GDF10__astrocytes|ACVR1B__L4-eNeuron,0.004862160820872242,0,0.1350368902070125,2.5429101093161823,0.014577219285325998,0.06449220748535356,0.18935099758235185
AGRN__L5-eNeuron,LRP4__astrocytes,AGRN__L5-eNeuron|LRP4__astrocytes,0.0048378538676091525,0,0.2742652502022503,2.5301975727595867,0.026267914294427645,0.12792651554855491,0.12554803625276598
SEMA6B__Lhx6-iNeuron,PLXNA4__L4-eNeuron,SEMA6B__Lhx6-iNeuron|PLXNA4__L4-eNeuron,0.0047918259751871485,0,0.06584647393238603,2.506124985022879,0.013046437940420383,0.05986680074279457,0.20337893248854275
CADM3__L6-eNeuron,CADM3__OPC,CADM3__L6-eNeuron|CADM3__OPC,0.004783646576783548,0,0.43059710238464566,2.5018471596577956,0.0378738635380114,0.44966801887672064,0.04368243726771885
LAMB2__astrocytes,SV2A__L2-L3-eNeuron,LAMB2__astrocytes|SV2A__L2-L3-eNeuron,0.004732713380242919,0,0.08267132159771215,2.475209097867047,0.014233660812850008,0.059929780850451086,0.23807850857332827
LAMB2__endothelial,SV2A__Lhx6-iNeuron,LAMB2__endothelial|SV2A__Lhx6-iNeuron,0.00457286152419813,0,0.16644995235140267,2.3916065771556223,0.020268316571043558,0.07417873334812321,0.16668961089672304
SEMA5A__L6-eNeuron,PLXNB3__OPC,SEMA5A__L6-eNeuron|PLXNB3__OPC,0.004486071722854868,0,0.4169302166710502,2.3462155110530962,0.035016485525354336,0.2747213963949243,0.05009663149814138
LAMB2__endothelial,DAG1__astrocytes,LAMB2__endothelial|DAG1__astrocytes,0.004430612279910666,0,0.19002308815435712,2.3172102223932782,0.021814778868867252,0.07417873334812321,0.15176237872374412
SEMA5A__L6-eNeuron,PLXNB3__Olig,SEMA5A__L6-eNeuron|PLXNB3__Olig,0.004414743489719324,0,0.40273958376681857,2.308910845123206,0.03430633188021985,0.2747213963949243,0.028951277239884016
PDGFB__microglia,LRP1__L6-eNeuron,PDGFB__microglia|LRP1__L6-eNeuron,0.004285606799177646,0,0.1458848982305446,2.241372355969909,0.01118634102428209,0.024751942520444034,0.33432590976842586
AGRN__L4-eNeuron,DAG1__endothelial,AGRN__L4-eNeuron|DAG1__endothelial,0.004166870555428451,0,0.4467278354756202,2.1792733004890796,0.030846091256447893,0.18630774076564927,0.07209717192044283
SELPLG__microglia,ESAM__endothelial,SELPLG__microglia|ESAM__endothelial,0.004070663843066759,0,0.2355256864405887,2.128957189923915,0.020065116319812323,0.08395473378171808,0.1539503318042128
VEGFA__astrocytes,FLT1__endothelial,VEGFA__astrocytes|FLT1__endothelial,0.004008373947583237,0,0.20154061838798926,2.0963795745860327,0.022165861397494626,0.11730847415846402,0.09739754095015113
COL4A2__mural,SDC4__astrocytes,COL4A2__mural|SDC4__astrocytes,0.003983103411818624,0,0.21431236046620428,2.0831630843811406,0.01930738904267251,0.0691437383144397,0.16816517778470347
LAMC1__astrocytes,SV2A__L2-L3-eNeuron,LAMC1__astrocytes|SV2A__L2-L3-eNeuron,0.003884717962743725,0,0.09792135448553377,2.031707494514968,0.011934695850195364,0.06319537961714203,0.23807850857332827
SEMA6B__Adarb2-iNeuron,PLXNA4__L4-eNeuron,SEMA6B__Adarb2-iNeuron|PLXNA4__L4-eNeuron,0.003819100723669368,0,0.07324023867606573,1.9973896784790794,0.01089184166529046,0.049977347894907306,0.20337893248854275
EFNB3__Olig,EPHB6__L4-eNeuron,EFNB3__Olig|EPHB6__L4-eNeuron,0.0037167544207996916,0,0.10949310074564579,1.9438625620782388,0.011058781264485937,0.08007305609099347,0.26987467676835175
VTN__mural,ITGB5__astrocytes,VTN__mural|ITGB5__astrocytes,0.003656640113667869,0,0.2681791231329297,1.9124227794482955,0.020989862417657476,0.0947392490565925,0.10834652326930778
AGRN__L5-eNeuron,DAG1__endothelial,AGRN__L5-eNeuron|DAG1__endothelial,0.0035773994294482623,0,0.3201628021149372,1.8709799016014412,0.02519995083672048,0.12792651554855491,0.07209717192044283
LAMC1__mural,SV2A__Lhx6-iNeuron,LAMC1__mural|SV2A__Lhx6-iNeuron,0.0035545536759100937,0,0.12370532057808786,1.859031572500979,0.016135173448464716,0.05919475874312258,0.16668961089672304
OMG__microglia,RTN4R__L2-L3-eNeuron,OMG__microglia|RTN4R__L2-L3-eNeuron,0.0034772368147177697,0,0.08003789908467526,1.8185948540973935,0.010778689626855919,0.03393403873595421,0.2774939405530031
CADM3__L5-eNeuron,CADM3__Adarb2-iNeuron,CADM3__L5-eNeuron|CADM3__Adarb2-iNeuron,0.0034351042251187136,0,0.25186219571245366,1.7965595097370872,0.02120989180984184,0.2665144424286553,0.06653994962603846
AGRN__L4-eNeuron,DAG1__OPC,AGRN__L4-eNeuron|DAG1__OPC,0.003404076160823794,0,0.34110141773724084,1.7803318321108443,0.025135499442001434,0.18630774076564927,0.0690621755123883
DLL4__endothelial,NOTCH1__astrocytes,DLL4__endothelial|NOTCH1__astrocytes,0.0033964007416773944,0,0.11820767975728866,1.7763175878972772,0.01539250336470655,0.07468395629088113,0.12967864814432478
LGI2__Lhx6-iNeuron,ADAM11__L2-L3-eNeuron,LGI2__Lhx6-iNeuron|ADAM11__L2-L3-eNeuron,0.003377455385691168,0,0.07112280963999107,1.766409166716481,0.011436402494614636,0.055868053232683755,0.16233391028950042
OMG__microglia,RTN4R__L4-eNeuron,OMG__microglia|RTN4R__L4-eNeuron,0.0033438328574013788,0,0.06681285251486642,1.748824584420921,0.008285170694467948,0.03393403873595421,0.4120197332316754
LAMC1__astrocytes,SV2A__Lhx6-iNeuron,LAMC1__astrocytes|SV2A__Lhx6-iNeuron,0.0032456262926041962,0,0.14861018701227074,1.6974625510319945,0.014532978333166375,0.06319537961714203,0.16668961089672304
LAMC1__endothelial,SV2A__Adarb2-iNeuron,LAMC1__endothelial|SV2A__Adarb2-iNeuron,0.003223817994606867,0,0.2453240734181354,1.6860568111793914,0.018799792919354442,0.09832657426134803,0.09516484752145447
SEMA7A__L6-eNeuron,ITGA1__mural,SEMA7A__L6-eNeuron|ITGA1__mural,0.0032113602298451368,0,0.8447750160925427,1.6795414002090066,0.04669243018293053,0.29226631844251916,0.020824483272737074
NFASC__OPC,CNTNAP1__L4-eNeuron,NFASC__OPC|CNTNAP1__L4-eNeuron,0.0031441874083494624,0,0.0599029406713022,1.6444100145667688,0.00831182481230599,0.06602594379449012,0.27582017283207955
LAMC1__mural,SV2A__L2-L3-eNeuron,LAMC1__mural|SV2A__L2-L3-eNeuron,0.0030409951630763214,0,0.13250242702449846,1.590440470288916,0.010699023329536598,0.05919475874312258,0.23807850857332827
LAMB2__astrocytes,SV2A__Lhx6-iNeuron,LAMB2__astrocytes|SV2A__Lhx6-iNeuron,0.0030214942839384305,0,0.12147290586665807,1.580241510499799,0.013336543192069889,0.059929780850451086,0.16668961089672304
PDGFB__endothelial,LRP1__astrocytes,PDGFB__endothelial|LRP1__astrocytes,0.0030141185386440275,0,0.18706183367292162,1.5763839957108265,0.016551033054819534,0.08656802834794222,0.0934583332260092
CADM3__L5-eNeuron,CADM3__OPC,CADM3__L5-eNeuron|CADM3__OPC,0.0029838800179033576,0,0.3276159645618898,1.560569249363456,0.02380849519586635,0.2665144424286553,0.04368243726771885
LAMC1__mural,DAG1__astrocytes,LAMC1__mural|DAG1__astrocytes,0.002950322733828129,0,0.14931045847064014,1.5430187897921113,0.014235028146593567,0.05919475874312258,0.15176237872374412
COL4A2__endothelial,SDC4__OPC,COL4A2__endothelial|SDC4__OPC,0.0029339365008848295,0,0.32633427356724565,1.534448789962766,0.022729367123354157,0.22508635828548024,0.03882422476379818
GRN__L6-eNeuron,TNFRSF1B__microglia,GRN__L6-eNeuron|TNFRSF1B__microglia,0.0028831305498761687,0,0.5357949774814459,1.5078772775852363,0.03508751623101755,0.25065391781736424,0.027194910114958757
LGI4__astrocytes,ADAM11__L2-L3-eNeuron,LGI4__astrocytes|ADAM11__L2-L3-eNeuron,0.0028376252384006095,0,0.06832810594175356,1.4840779996835187,0.009925618779158641,0.06631194897674031,0.16233391028950042
TNR__OPC,SDC4__astrocytes,TNR__OPC|SDC4__astrocytes,0.0027943774232717378,0,0.20660707278822085,1.461459392371119,0.01493678400864604,0.04334139521695786,0.16816517778470347
GAS6__L5-eNeuron,AXL__mural,GAS6__L5-eNeuron|AXL__mural,0.002788049289858625,0,0.2676230944167938,1.4581497785960609,0.023796327798685762,0.16598702132559418,0.037383242066333346
AGRN__endothelial,DAG1__OPC,AGRN__endothelial|DAG1__OPC,0.0027875433420394115,0,0.19002170368738797,1.457885167886612,0.01736888767891064,0.13305999776293637,0.0690621755123883
TGFB1__microglia,ENG__endothelial,TGFB1__microglia|ENG__endothelial,0.002766204032066717,0,0.10649399552022278,1.4467247087708928,0.01244141833551375,0.045507406641285046,0.20806275533645224
SEMA6B__OPC,PLXNA4__L4-eNeuron,SEMA6B__OPC|PLXNA4__L4-eNeuron,0.0027406072623540547,0,0.053256179797205754,1.4333375982111705,0.0077954138086574,0.037504927181024134,0.20337893248854275
LAMB2__mural,SV2A__L4-eNeuron,LAMB2__mural|SV2A__L4-eNeuron,0.002740562769740803,0,0.034615824251308866,1.4333143285744399,0.006443151696476825,0.030709043258153768,0.37624313370662155
OMG__Olig,LINGO1__L4-eNeuron,OMG__Olig|LINGO1__L4-eNeuron,0.0027170307742873222,0,0.03663478670258662,1.4210070949522695,0.006033650876626923,0.03097342484953857,0.6574118282225528
COL4A2__endothelial,ITGB1__mural,COL4A2__endothelial|ITGB1__mural,0.0027045100236821077,0,0.36993614121877544,1.4144587423857424,0.026137359675206567,0.22508635828548024,0.032241176696711685
AGRN__L5-eNeuron,LRP4__endothelial,AGRN__L5-eNeuron|LRP4__endothelial,0.002697340546945747,0,0.24223738022080835,1.4107091060526256,0.018671486027905308,0.12792651554855491,0.07240228046014217
SEMA7A__L5-eNeuron,ITGB1__mural,SEMA7A__L5-eNeuron|ITGB1__mural,0.0026922833684785777,0,0.3535476023493598,1.4080642017142961,0.026372086585101828,0.164733910096037,0.032241176696711685
LAMB2__endothelial,SV2A__Adarb2-iNeuron,LAMB2__endothelial|SV2A__Adarb2-iNeuron,0.0026835455973599253,0,0.20269618221742092,1.403494347419241,0.015950806149013137,0.07417873334812321,0.09516484752145447
FNDC5__Lhx6-iNeuron,ITGB5__astrocytes,FNDC5__Lhx6-iNeuron|ITGB5__astrocytes,0.0026549864935298557,0,0.12304730567120485,1.3885579361161144,0.013882637898147497,0.07618563732374461,0.10834652326930778
COL4A2__Olig,SDC4__astrocytes,COL4A2__Olig|SDC4__astrocytes,0.0024967341178377804,0,0.22668487018305944,1.3057919436291592,0.014746561203786361,0.03465064728677131,0.16816517778470347
AGRN__mural,DAG1__astrocytes,AGRN__mural|DAG1__astrocytes,0.0024273740536986696,0,0.11730189753442942,1.269516630084404,0.011549922104158216,0.04904071635851046,0.15176237872374412
LAMC1__OPC,SV2A__L4-eNeuron,LAMC1__OPC|SV2A__L4-eNeuron,0.0023902073667335993,0,0.0257543798431249,1.2500784528016724,0.005568004122936518,0.0361013691041095,0.37624313370662155
FN1__astrocytes,SDC4__endothelial,FN1__astrocytes|SDC4__endothelial,0.0023530343142956034,0,0.17334363293520105,1.2306369463766005,0.014953955547048113,0.08539746009433168,0.07802043766073159
NFASC__Olig,CNTNAP1__L4-eNeuron,NFASC__Olig|CNTNAP1__L4-eNeuron,0.002332044809140737,0,0.05116222295002972,1.2196594351806056,0.006398746204690386,0.050703191335338356,0.27582017283207955
ESAM__endothelial,ESAM__mural,ESAM__endothelial|ESAM__mural,0.0023145545331153105,0,0.24023638504724204,1.2105120208193072,0.02028523427320122,0.1539503318042128,0.03765782939444981
ESAM__mural,ESAM__endothelial,ESAM__mural|ESAM__endothelial,0.00231455453311531,0,0.20630399759346443,1.2105120208193072,0.013123979796281564,0.03765782939444981,0.1539503318042128
AGRN__Olig,LRP4__astrocytes,AGRN__Olig|LRP4__astrocytes,0.0023032136872657913,0,0.35690773403310705,1.2045807584400088,0.01899722406003217,0.03428672004223021,0.12554803625276598
AGRN__Olig,DAG1__astrocytes,AGRN__Olig|DAG1__astrocytes,0.002302526501619607,0,0.2115308198164138,1.2042213603470544,0.014873287392709166,0.03428672004223021,0.15176237872374412
FN1__mural,SDC4__astrocytes,FN1__mural|SDC4__astrocytes,0.002254970887299523,0,0.14272766551237034,1.1793497740576506,0.011429546020391961,0.03783615386653702,0.16816517778470347
HSPG2__endothelial,DAG1__OPC,HSPG2__endothelial|DAG1__OPC,0.0022382575769003647,0,0.15432690567559063,1.1706087127188907,0.01406270388483995,0.09218977040074161,0.0690621755123883
AGRN__L4-eNeuron,LRP4__OPC,AGRN__L4-eNeuron|LRP4__OPC,0.0022319971682677794,0,0.34110141773724084,1.1673345190040485,0.01995867938913504,0.18630774076564927,0.045777983370056445
LAMC1__OPC,DAG1__astrocytes,LAMC1__OPC|DAG1__astrocytes,0.0021861309794081163,0,0.18039522075701317,1.143346502230445,0.013052902984271588,0.0361013691041095,0.15176237872374412
FN1__endothelial,ITGB1__mural,FN1__endothelial|ITGB1__mural,0.0021781344624053796,0,0.39819336014571816,1.1391643238380136,0.022693526257159004,0.14499800768343676,0.032241176696711685
LGI3__Olig,FLOT1__L4-eNeuron,LGI3__Olig|FLOT1__L4-eNeuron,0.0021438331880965127,0,0.06328989671546431,1.121224757374476,0.0069134030625219965,0.06932667971348055,0.18569380129434276
LAMC1__endothelial,SV2A__astrocytes,LAMC1__endothelial|SV2A__astrocytes,0.002079432866151323,0,0.12054528609805132,1.087543388997142,0.012425724883576047,0.09832657426134803,0.06470173905237504
TGFB1__microglia,ACVR1B__L4-eNeuron,TGFB1__microglia|ACVR1B__L4-eNeuron,0.0020703855267272695,0,0.058164237740602136,1.082811630478362,0.0061665210806001,0.045507406641285046,0.18935099758235185
CADM3__Adarb2-iNeuron,CADM3__Lhx6-iNeuron,CADM3__Adarb2-iNeuron|CADM3__Lhx6-iNeuron,0.002049095533739959,0,0.15954206542355312,1.0716769641459984,0.011375817166681977,0.06653994962603846,0.106190725103245
CADM3__Lhx6-iNeuron,CADM3__Adarb2-iNeuron,CADM3__Lhx6-iNeuron|CADM3__Adarb2-iNeuron,0.002049095533739959,0,0.12382171226365843,1.0716769641459984,0.011963213030790329,0.106190725103245,0.06653994962603846
LAMB2__astrocytes,SV2A__Adarb2-iNeuron,LAMB2__astrocytes|SV2A__Adarb2-iNeuron,0.002020894838979013,0,0.1171028915088288,1.0569280007860238,0.011523058951980643,0.059929780850451086,0.09516484752145447
AGRN__L5-eNeuron,DAG1__OPC,AGRN__L5-eNeuron|DAG1__OPC,0.002014333351704026,0,0.1516644242210644,1.0534963429412054,0.012801463491542629,0.12792651554855491,0.0690621755123883
BGN__mural,FGFR3__astrocytes,BGN__mural|FGFR3__astrocytes,0.0020082937905516345,0,0.11682702264605065,1.0503376524585049,0.010139264811020189,0.03682960316599874,0.1626617945846356
LAMC1__endothelial,DAG1__OPC,LAMC1__endothelial|DAG1__OPC,0.0020074112021365035,0,0.10287387426917896,1.0498760587173914,0.012223294483865695,0.09832657426134803,0.0690621755123883
AGRN__L4-eNeuron,DAG1__mural,AGRN__L4-eNeuron|DAG1__mural,0.001988073766924358,0,0.47187377849123396,1.0397625801014394,0.023968612885654984,0.18630774076564927,0.031376537322690766
AGRN__mural,LRP4__astrocytes,AGRN__mural|LRP4__astrocytes,0.0019799130730103857,0,0.1376637694144261,1.0354945371844317,0.010581730329458385,0.04904071635851046,0.12554803625276598
LAMB2__mural,SV2A__Lhx6-iNeuron,LAMB2__mural|SV2A__Lhx6-iNeuron,0.0019599503322295657,0,0.08294337818667757,1.0250540237560628,0.008977727772132954,0.030709043258153768,0.16668961089672304
NFASC__OPC,CNTNAP1__L2-L3-eNeuron,NFASC__OPC|CNTNAP1__L2-L3-eNeuron,0.001944361976954244,0,0.05128490779795307,1.0169013139470697,0.0068750822878323615,0.06602594379449012,0.14466101551415447
COL4A2__endothelial,ITGA1__mural,COL4A2__endothelial|ITGA1__mural,0.0019321389229508157,0,0.36993614121877544,1.0105086567032766,0.023343095871542322,0.22508635828548024,0.020824483272737074
LAMB2__mural,SV2A__L2-L3-eNeuron,LAMB2__mural|SV2A__L2-L3-eNeuron,0.0019270837347563228,0,0.04759750858952493,1.0078647932775568,0.006123176880503114,0.030709043258153768,0.23807850857332827
SEMA7A__endothelial,ITGB1__mural,SEMA7A__endothelial|ITGB1__mural,0.0019206709136719922,0,0.28330344259272433,1.0045108878504518,0.01895953358871289,0.1371256363473395,0.032241176696711685
NFASC__OPC,CNTNAP1__Lhx6-iNeuron,NFASC__OPC|CNTNAP1__Lhx6-iNeuron,0.001919247075767514,0,0.06579118748053682,1.0037662206264097,0.00845426029166406,0.06602594379449012,0.12806498048321238
PDGFB__endothelial,PDGFRB__mural,PDGFB__endothelial|PDGFRB__mural,0.0018940813113244887,0,0.13568715696150302,0.9906045258227076,0.014666443429340594,0.08656802834794222,0.06722893050201185
EFNB3__Olig,EPHB6__L2-L3-eNeuron,EFNB3__Olig|EPHB6__L2-L3-eNeuron,0.0018937009715058418,0,0.07618220167209194,0.9904056080975553,0.006812304970260228,0.08007305609099347,0.19726821115525497
NFASC__Olig,CNTNAP1__Lhx6-iNeuron,NFASC__Olig|CNTNAP1__Lhx6-iNeuron,0.00185456570734932,0,0.0763728719708278,0.9699378649436944,0.008805100321416112,0.050703191335338356,0.12806498048321238
LAMC1__astrocytes,SV2A__Adarb2-iNeuron,LAMC1__astrocytes|SV2A__Adarb2-iNeuron,0.0018389244295478374,0,0.10482219392056409,0.9617574766535191,0.010527699839641315,0.06319537961714203,0.09516484752145447
FN1__endothelial,SDC4__OPC,FN1__endothelial|SDC4__OPC,0.001814998652790884,0,0.18295317478645087,0.9492442954096323,0.013808939737195774,0.14499800768343676,0.03882422476379818
LAMC1__astrocytes,DAG1__OPC,LAMC1__astrocytes|DAG1__OPC,0.0018129326711883058,0,0.1667186404942589,0.948163787031484,0.012218441407770257,0.06319537961714203,0.0690621755123883
LAMC1__astrocytes,DAG1__endothelial,LAMC1__astrocytes|DAG1__endothelial,0.001811153644775775,0,0.1429441586270707,0.9472333562177302,0.012147263665191482,0.06319537961714203,0.07209717192044283
PDGFB__microglia,S1PR1__astrocytes,PDGFB__microglia|S1PR1__astrocytes,0.0017959185596596121,0,0.07680312386364739,0.9392654067019771,0.008546087445393582,0.024751942520444034,0.20122491837783657
AGRN__astrocytes,DAG1__OPC,AGRN__astrocytes|DAG1__OPC,0.0017811541051007305,0,0.11374631990071439,0.9315435969676821,0.011531827149230123,0.060404878563473326,0.0690621755123883
VTN__mural,ITGB5__endothelial,VTN__mural|ITGB5__endothelial,0.0017689487421771778,0,0.1219209537594083,0.925160192158664,0.011695713044255752,0.0947392490565925,0.06480449186748427
LGI3__Olig,FLOT1__astrocytes,LGI3__Olig|FLOT1__astrocytes,0.0017659698531763963,0,0.14941619548826027,0.9236022332112553,0.013292114345012008,0.06932667971348055,0.05936923380543145
AGRN__endothelial,LRP4__OPC,AGRN__endothelial|LRP4__OPC,0.0017547873040349813,0,0.11833064102264501,0.9177537600102952,0.012136650345807427,0.13305999776293637,0.045777983370056445
AGRN__endothelial,DAG1__mural,AGRN__endothelial|DAG1__mural,0.001726793409472619,0,0.24423528695741623,0.9031129531541797,0.016926078920648468,0.13305999776293637,0.031376537322690766
FNDC5__Lhx6-iNeuron,ITGB5__endothelial,FNDC5__Lhx6-iNeuron|ITGB5__endothelial,0.0017249664737631807,0,0.12521665817269595,0.9021574657781435,0.011638837490100437,0.07618563732374461,0.06480449186748427
LAMB2__astrocytes,DAG1__endothelial,LAMB2__astrocytes|DAG1__endothelial,0.0017133967586801242,0,0.1477995501770745,0.896106504789705,0.011823259835260959,0.059929780850451086,0.07209717192044283
OMG__Olig,RTN4R__L4-eNeuron,OMG__Olig|RTN4R__L4-eNeuron,0.0017003799565480818,0,0.026427016441547678,0.8892987172746467,0.003993801212692284,0.03097342484953857,0.4120197332316754
LAMB2__endothelial,SV2A__astrocytes,LAMB2__endothelial|SV2A__astrocytes,0.0016859937207421678,0,0.13603479855019748,0.8817747159481538,0.01080586690164645,0.07417873334812321,0.06470173905237504
EFNB3__Olig,EPHB4__endothelial,EFNB3__Olig|EPHB4__endothelial,0.0016826257214109042,0,0.1408529822659939,0.880013252297903,0.011885792640989948,0.08007305609099347,0.06549728472657487
EFNB3__Olig,EPHB6__Lhx6-iNeuron,EFNB3__Olig|EPHB6__Lhx6-iNeuron,0.0016814707638146908,0,0.08165198084557457,0.8794092094750833,0.009225439955582735,0.08007305609099347,0.06954768137559725
LAMC1__endothelial,SV2A__Olig,LAMC1__endothelial|SV2A__Olig,0.001668119808366291,0,0.1280186119365974,0.8724266597755702,0.011188304848094882,0.09832657426134803,0.05138675802380511
LAMC1__OPC,SV2A__L2-L3-eNeuron,LAMC1__OPC|SV2A__L2-L3-eNeuron,0.0016572971954530575,0,0.035532255087537136,0.866766433221949,0.005145356916168794,0.0361013691041095,0.23807850857332827
AGRN__astrocytes,DAG1__endothelial,AGRN__astrocytes|DAG1__endothelial,0.0016558235704487243,0,0.12865656701538097,0.8659957273446828,0.010963516868020317,0.060404878563473326,0.07209717192044283
COL4A2__mural,SDC4__endothelial,COL4A2__mural|SDC4__endothelial,0.0016434326337533,0,0.11319584338481277,0.8595152674529759,0.01022103169290422,0.0691437383144397,0.07802043766073159
TGFB1__mural,ENG__endothelial,TGFB1__mural|ENG__endothelial,0.0016336558549638232,0,0.07210413974156955,0.8544020121460795,0.007957247891250806,0.0213634741136487,0.20806275533645224
LAMB2__endothelial,DAG1__OPC,LAMB2__endothelial|DAG1__OPC,0.0016291688010099188,0,0.08715503883908099,0.8520552829281876,0.010115550674096913,0.07417873334812321,0.0690621755123883
VEGFA__astrocytes,ITGB1__mural,VEGFA__astrocytes|ITGB1__mural,0.0016289258854076147,0,0.236764309282142,0.8519282380681825,0.016159948896406314,0.11730847415846402,0.032241176696711685
NID1__endothelial,ITGB1__mural,NID1__endothelial|ITGB1__mural,0.0016218541607970294,0,0.2888838252372948,0.8482297260968463,0.016751829693785716,0.09742035715688568,0.032241176696711685
LAMB2__mural,DAG1__astrocytes,LAMB2__mural|DAG1__astrocytes,0.0016164698401218954,0,0.08745206372488412,0.8454137263837512,0.007860736681006534,0.030709043258153768,0.15176237872374412
GAS6__L4-eNeuron,AXL__mural,GAS6__L4-eNeuron|AXL__mural,0.0016020121007598164,0,0.21751979889292278,0.837852328697384,0.014292359324722595,0.20815087268512866,0.037383242066333346
GAS6__endothelial,AXL__mural,GAS6__endothelial|AXL__mural,0.0015834273646966755,0,0.19057363423987908,0.8281325117363613,0.013854061148836647,0.11102851803794472,0.037383242066333346
COL4A2__endothelial,SDC4__mural,COL4A2__endothelial|SDC4__mural,0.001576565417916128,0,0.29338249076620565,0.824543713570135,0.01862297491419155,0.22508635828548024,0.022395351935831587
AGRN__L5-eNeuron,LRP4__Olig,AGRN__L5-eNeuron|LRP4__Olig,0.0015359478292243732,0,0.22481838705901577,0.8033007146843472,0.013530910687103038,0.12792651554855491,0.032445163068472206
LAMB2__astrocytes,DAG1__OPC,LAMB2__astrocytes|DAG1__OPC,0.0015290837681525419,0,0.16449156988799246,0.7997108107437794,0.010450435676992845,0.059929780850451086,0.0690621755123883
DLK2__Olig,NOTCH1__astrocytes,DLK2__Olig|NOTCH1__astrocytes,0.0015210569505163854,0,0.09298990379859032,0.7955127851200696,0.008598804835101332,0.029412035796496885,0.12967864814432478
LAMC1__astrocytes,SV2A__Olig,LAMC1__astrocytes|SV2A__Olig,0.0015144143802071099,0,0.10095667087696421,0.7920387208483185,0.010145162618899953,0.06319537961714203,0.05138675802380511
OMG__Olig,LINGO1__L2-L3-eNeuron,OMG__Olig|LINGO1__L2-L3-eNeuron,0.0015124905157432554,0,0.07667262400108261,0.7910325397337227,0.005227418801592916,0.03097342484953857,0.4236579368777018
LAMC1__mural,SV2A__Adarb2-iNeuron,LAMC1__mural|SV2A__Adarb2-iNeuron,0.0014744514047691972,0,0.09544112818885638,0.7711380846942901,0.008667060066244564,0.05919475874312258,0.09516484752145447
SEMA7A__L5-eNeuron,ITGA1__mural,SEMA7A__L5-eNeuron|ITGA1__mural,0.0014404299275276404,0,0.3455850646639661,0.7533448520969559,0.018701326619922857,0.164733910096037,0.020824483272737074
LAMC1__OPC,SV2A__Lhx6-iNeuron,LAMC1__OPC|SV2A__Lhx6-iNeuron,0.001428030447403942,0,0.04797798476513549,0.7468599239922616,0.0063429716295090605,0.0361013691041095,0.16668961089672304
GRN__L2-L3-eNeuron,TNFRSF1B__microglia,GRN__L2-L3-eNeuron|TNFRSF1B__microglia,0.0014208964092326335,0,0.32750208304431705,0.7431288220286674,0.018996362818769437,0.16875298731007551,0.027194910114958757
LAMC1__mural,SV2A__astrocytes,LAMC1__mural|SV2A__astrocytes,0.00142056590810945,0,0.12494319244723065,0.7429559699412424,0.00921021414720595,0.05919475874312258,0.06470173905237504
LAMC1__mural,DAG1__endothelial,LAMC1__mural|DAG1__endothelial,0.0014185871834695607,0,0.07833983107029768,0.7419210969545802,0.008972283284523526,0.05919475874312258,0.07209717192044283
SELPLG__microglia,ESAM__mural,SELPLG__microglia|ESAM__mural,0.001413045385021608,0,0.16380875663722472,0.739022736366301,0.013537697660546326,0.08395473378171808,0.03765782939444981
AGRN__astrocytes,LRP4__endothelial,AGRN__astrocytes|LRP4__endothelial,0.0014122296144322868,0,0.09125305892107954,0.7385960883480861,0.009028184392438757,0.060404878563473326,0.07240228046014217
VEGFA__astrocytes,EGFR__Adarb2-iNeuron,VEGFA__astrocytes|EGFR__Adarb2-iNeuron,0.0014094572682525422,0,0.1094446911992069,0.7371461512960795,0.010364618596385369,0.11730847415846402,0.037824096955401856
LAMC1__endothelial,ITGB1__mural,LAMC1__endothelial|ITGB1__mural,0.0014051261049662952,0,0.2341700796924432,0.7348809528973724,0.014387476368685804,0.09832657426134803,0.032241176696711685
CADM3__Lhx6-iNeuron,CADM3__OPC,CADM3__Lhx6-iNeuron|CADM3__OPC,0.0013962922219403963,0,0.11724577222805542,0.7302608320748273,0.010973520027103997,0.106190725103245,0.04368243726771885
CADM3__OPC,CADM3__Lhx6-iNeuron,CADM3__OPC|CADM3__Lhx6-iNeuron,0.0013962922219403963,0,0.05680886476083794,0.7302608320748273,0.006678909680974815,0.04368243726771885,0.106190725103245
AGRN__L5-eNeuron,LRP4__OPC,AGRN__L5-eNeuron|LRP4__OPC,0.00139087285123576,0,0.09826411132496568,0.7274265011963025,0.009602450806601059,0.12792651554855491,0.045777983370056445
AGRN__L5-eNeuron,DAG1__mural,AGRN__L5-eNeuron|DAG1__mural,0.0013884434577678777,0,0.17227712646427526,0.7261559284126,0.013734134100357072,0.12792651554855491,0.031376537322690766
VCAN__OPC,EGFR__astrocytes,VCAN__OPC|EGFR__astrocytes,0.0013858997400733291,0,0.1436406530701669,0.7248255640583512,0.009353964714508755,0.050193755828582313,0.07310283447111787
TNXB__mural,SDC4__astrocytes,TNXB__mural|SDC4__astrocytes,0.0013767486216737512,0,0.08850628918337104,0.720039529135372,0.00699504482943686,0.022872691659412487,0.16816517778470347
LAMB2__astrocytes,SV2A__Olig,LAMB2__astrocytes|SV2A__Olig,0.001373253269030152,0,0.11241105442822433,0.7182114597027696,0.009644565928265686,0.059929780850451086,0.05138675802380511
FN1__astrocytes,SDC4__OPC,FN1__astrocytes|SDC4__OPC,0.0013723880408213877,0,0.13786358392262377,0.7177589453495857,0.01078188883935992,0.08539746009433168,0.03882422476379818
GAS6__Lhx6-iNeuron,AXL__mural,GAS6__Lhx6-iNeuron|AXL__mural,0.0013568078518960789,0,0.16057443278855066,0.7096105065416493,0.0118341658503072,0.10200584962820014,0.037383242066333346
SEMA7A__endothelial,ITGA1__mural,SEMA7A__endothelial|ITGA1__mural,0.0013310045884438097,0,0.28330344259272433,0.6961153997561125,0.016584607620881597,0.1371256363473395,0.020824483272737074
LAMC1__endothelial,DAG1__mural,LAMC1__endothelial|DAG1__mural,0.0012408329105805416,0,0.2341700796924432,0.6489556122336232,0.013125801703280555,0.09832657426134803,0.031376537322690766
AGRN__endothelial,LRP4__Olig,AGRN__endothelial|LRP4__Olig,0.0012369898811196024,0,0.1222502468872699,0.646945707825552,0.010068119232527853,0.13305999776293637,0.032445163068472206
AGRN__Olig,DAG1__OPC,AGRN__Olig|DAG1__OPC,0.0012346429239774093,0,0.12864902864546104,0.6457182492401851,0.009857988589035412,0.03428672004223021,0.0690621755123883
AGRN__mural,DAG1__endothelial,AGRN__mural|DAG1__endothelial,0.0011955434200536168,0,0.06934416079107082,0.6252692086880415,0.007533907641899948,0.04904071635851046,0.07209717192044283
AGRN__astrocytes,LRP4__OPC,AGRN__astrocytes|LRP4__OPC,0.0011868641642313,0,0.11374631990071439,0.6207299578929699,0.00897000840981615,0.060404878563473326,0.045777983370056445
LAMC1__mural,DAG1__OPC,LAMC1__mural|DAG1__OPC,0.0011702018768931517,0,0.08462608241645606,0.6120155816151184,0.0071934082284879925,0.05919475874312258,0.0690621755123883
TGFA__Olig,EGFR__astrocytes,TGFA__Olig|EGFR__astrocytes,0.0011634771672877392,0,0.15261807638334185,0.6084985584914877,0.009403911143645183,0.03428915666103576,0.07310283447111787
AGRN__mural,LRP4__endothelial,AGRN__mural|LRP4__endothelial,0.0011544962638160208,0,0.07345214261729843,0.6038015459757788,0.0074784561532111864,0.04904071635851046,0.07240228046014217
LAMC1__OPC,SV2A__Olig,LAMC1__OPC|SV2A__Olig,0.0011516408633702171,0,0.11511380516764794,0.6023081715426236,0.00871331464115854,0.0361013691041095,0.05138675802380511
AGRN__Olig,LRP4__endothelial,AGRN__Olig|LRP4__endothelial,0.0011218381248429895,0,0.18907647333102653,0.5867213392928834,0.010305151540021398,0.03428672004223021,0.07240228046014217
GRN__L5-eNeuron,TNFRSF1B__microglia,GRN__L5-eNeuron|TNFRSF1B__microglia,0.0011157659721903824,0,0.1875112164971088,0.58354560345557,0.012344254851633898,0.1535912398199671,0.027194910114958757
TNR__OPC,SDC4__endothelial,TNR__OPC|SDC4__endothelial,0.0011031415132278179,0,0.08043157326865585,0.5769430114181487,0.006909530651115401,0.04334139521695786,0.07802043766073159
LAMC1__mural,SV2A__Olig,LAMC1__mural|SV2A__Olig,0.0011012048516852667,0,0.06580431202627218,0.5759301374313944,0.007139767656096746,0.05919475874312258,0.05138675802380511
FN1__astrocytes,ITGB1__mural,FN1__astrocytes|ITGB1__mural,0.0010913431680547696,0,0.145405659520181,0.5707724768926445,0.010567248004428351,0.08539746009433168,0.032241176696711685
VEGFA__astrocytes,FLT1__mural,VEGFA__astrocytes|FLT1__mural,0.0010841976390242448,0,0.18407527834745507,0.56703536520968,0.012804438148469356,0.11730847415846402,0.02250185561368648
LAMC1__OPC,SV2A__astrocytes,LAMC1__OPC|SV2A__astrocytes,0.0010790805940797757,0,0.11385132846970977,0.5643591507037227,0.008256667046834936,0.0361013691041095,0.06470173905237504
SEMA7A__L4-eNeuron,ITGB1__mural,SEMA7A__L4-eNeuron|ITGB1__mural,0.0010654633854222486,0,0.15306678118176167,0.557237350575836,0.010488455660701319,0.1900636964226536,0.032241176696711685
PDGFB__microglia,LRP1__L4-eNeuron,PDGFB__microglia|LRP1__L4-eNeuron,0.0010611157650613102,0,0.014096549007687975,0.5549635451270651,0.0026746787977582026,0.024751942520444034,0.26494259660097313
NFASC__OPC,CNTNAP1__Adarb2-iNeuron,NFASC__OPC|CNTNAP1__Adarb2-iNeuron,0.0010594500752379122,0,0.11911846911928259,0.5540923893494282,0.007690622824192485,0.06602594379449012,0.054647585228238295
FN1__endothelial,SDC4__mural,FN1__endothelial|SDC4__mural,0.0010572888714349507,0,0.16335972039310573,0.5529620797604792,0.01226521989503448,0.14499800768343676,0.022395351935831587
LAMC1__astrocytes,SV2A__OPC,LAMC1__astrocytes|SV2A__OPC,0.0010433582592411059,0,0.12203657990204185,0.5456763695830984,0.009095688382909714,0.06319537961714203,0.03707461013933868
DLL4__endothelial,NOTCH3__mural,DLL4__endothelial|NOTCH3__mural,0.0010294116796410711,0,0.11582395030269022,0.5383823084522802,0.008697800787278928,0.07468395629088113,0.04016953023873166
LAMC1__endothelial,ITGA1__mural,LAMC1__endothelial|ITGA1__mural,0.0010223997485888008,0,0.2341700796924432,0.5347150685119428,0.01308126729862192,0.09832657426134803,0.020824483272737074
HSPG2__endothelial,DAG1__mural,HSPG2__endothelial|DAG1__mural,0.0010216382183835745,0,0.14587019988243832,0.5343167882146095,0.009918758806886535,0.09218977040074161,0.031376537322690766
LAMB2__endothelial,SV2A__Olig,LAMB2__endothelial|SV2A__Olig,0.0010142026064594127,0,0.06817710675531734,0.5304279631782728,0.006716173358272004,0.07417873334812321,0.05138675802380511
LGI3__Olig,FLOT1__OPC,LGI3__Olig|FLOT1__OPC,0.0010132725041773643,0,0.12906004228553414,0.5299415196847616,0.009812663201299168,0.06932667971348055,0.036723259402678926
AGRN__mural,DAG1__OPC,AGRN__mural|DAG1__OPC,0.0010097258507147872,0,0.08085201899879381,0.5280866199238337,0.0063117773376541635,0.04904071635851046,0.0690621755123883
NFASC__Olig,CNTNAP1__L2-L3-eNeuron,NFASC__Olig|CNTNAP1__L2-L3-eNeuron,0.0010076875029567016,0,0.072204943332534,0.5270205640463549,0.0045677963145945265,0.050703191335338356,0.14466101551415447
CADM3__Adarb2-iNeuron,CADM3__OPC,CADM3__Adarb2-iNeuron|CADM3__OPC,9.984656888858703e-4,0,0.14923983961096887,0.52219755528731,0.00939077099128593,0.06653994962603846,0.04368243726771885
CADM3__OPC,CADM3__Adarb2-iNeuron,CADM3__OPC|CADM3__Adarb2-iNeuron,9.984656888858703e-4,0,0.07472967588252075,0.5221975552873102,0.006068291890778679,0.04368243726771885,0.06653994962603846
GRN__astrocytes,TNFRSF1B__microglia,GRN__astrocytes|TNFRSF1B__microglia,9.784634021344622e-4,0,0.1591821319630963,0.5117363593163237,0.010460563067672396,0.09926391378174447,0.027194910114958757
SEMA5A__Olig,PLXNB3__OPC,SEMA5A__Olig|PLXNB3__OPC,9.514337777731292e-4,0,0.1385549917300291,0.4975998657753466,0.008868210926043844,0.03396648829274159,0.05009663149814138
LAMB2__mural,SV2A__Adarb2-iNeuron,LAMB2__mural|SV2A__Adarb2-iNeuron,9.460966955103124e-4,0,0.05161757075970185,0.4948085717518934,0.005502619779197397,0.030709043258153768,0.09516484752145447
FNDC5__Lhx6-iNeuron,ITGB5__mural,FNDC5__Lhx6-iNeuron|ITGB5__mural,9.419462403945089e-4,0,0.10296839336053115,0.49263788372632816,0.008934143099074159,0.07618563732374461,0.03319016313423788
LAMC1__endothelial,SV2A__OPC,LAMC1__endothelial|SV2A__OPC,9.404489435318264e-4,0,0.07687510384010736,0.4918547974671452,0.007666094609959787,0.09832657426134803,0.03707461013933868
AGRN__Olig,LRP4__OPC,AGRN__Olig|LRP4__OPC,9.232274561267018e-4,0,0.09510408515995333,0.48284795955426507,0.008007717994835895,0.03428672004223021,0.045777983370056445
OMG__Olig,RTN4R__L2-L3-eNeuron,OMG__Olig|RTN4R__L2-L3-eNeuron,9.192558300956654e-4,0,0.023203567498155143,0.480770799140033,0.002765251698561481,0.03097342484953857,0.2774939405530031
TGFB1__mural,ACVR1B__L4-eNeuron,TGFB1__mural|ACVR1B__L4-eNeuron,9.161135023581189e-4,0,0.021083853163653653,0.4791273617332962,0.0026212927576693772,0.0213634741136487,0.18935099758235185
SEMA7A__L4-eNeuron,ITGA1__mural,SEMA7A__L4-eNeuron|ITGA1__mural,9.059479280733483e-4,0,0.17203425651503287,0.47381076638236114,0.010775891631565145,0.1900636964226536,0.020824483272737074
PDGFB__microglia,LRP1__L2-L3-eNeuron,PDGFB__microglia|LRP1__L2-L3-eNeuron,8.842447018965713e-4,0,0.018528682419822296,0.46245997909190684,0.0028391272238800533,0.024751942520444034,0.17703008591109343
MFNG__mural,NOTCH1__astrocytes,MFNG__mural|NOTCH1__astrocytes,8.798806546058701e-4,0,0.03549008454206039,0.4601775823588701,0.004058983384574763,0.021077335661038584,0.12967864814432478
AGRN__astrocytes,DAG1__mural,AGRN__astrocytes|DAG1__mural,8.790715761156914e-4,0,0.15274708575890084,0.4597544343085066,0.009347238254346465,0.060404878563473326,0.031376537322690766
MFNG__microglia,NOTCH1__astrocytes,MFNG__microglia|NOTCH1__astrocytes,8.733524483809427e-4,0,0.06292588518391111,0.45676333050323303,0.004433734429873855,0.021111953301753958,0.12967864814432478
LAMC1__OPC,SV2A__Adarb2-iNeuron,LAMC1__OPC|SV2A__Adarb2-iNeuron,8.653611163457058e-4,0,0.0623232088925038,0.4525838638488041,0.005421674688830943,0.0361013691041095,0.09516484752145447
COL4A2__Olig,SDC4__endothelial,COL4A2__Olig|SDC4__endothelial,8.638327003803596e-4,0,0.08580108750879893,0.4517845022989281,0.006006553650577975,0.03465064728677131,0.07802043766073159
FN1__mural,SDC4__endothelial,FN1__mural|SDC4__endothelial,8.580792000662529e-4,0,0.059603130030365555,0.4487754216346503,0.005445719069194637,0.03783615386653702,0.07802043766073159
HSPG2__endothelial,ITGB1__mural,HSPG2__endothelial|ITGB1__mural,8.498955739042794e-4,0,0.0799739079362454,0.4444953851519381,0.007917927131608903,0.09218977040074161,0.032241176696711685
LAMB2__mural,DAG1__endothelial,LAMB2__mural|DAG1__endothelial,8.497385160539743e-4,0,0.07267840437630588,0.44441324389622855,0.00573284764866352,0.030709043258153768,0.07209717192044283
AGRN__astrocytes,LRP4__Olig,AGRN__astrocytes|LRP4__Olig,8.471727186735047e-4,0,0.07383208099817681,0.443071331866243,0.006846327511304816,0.060404878563473326,0.032445163068472206
LAMB2__astrocytes,SV2A__OPC,LAMB2__astrocytes|SV2A__OPC,8.428777069907815e-4,0,0.12040638378729797,0.44082504075617873,0.007523988928414473,0.059929780850451086,0.03707461013933868
GAS6__L2-L3-eNeuron,AXL__mural,GAS6__L2-L3-eNeuron|AXL__mural,8.428202736625364e-4,0,0.08044283846282942,0.4407950031255065,0.007085230847793313,0.16649832910929935,0.037383242066333346
AGRN__Olig,DAG1__endothelial,AGRN__Olig|DAG1__endothelial,8.360809583725067e-4,0,0.08013821243069677,0.43727034122882097,0.005993921722371892,0.03428672004223021,0.07209717192044283
GAS6__microglia,AXL__mural,GAS6__microglia|AXL__mural,8.31196130195078e-4,0,0.12465843220208983,0.4347155760920258,0.007973606078721465,0.04601604737318434,0.037383242066333346
AGRN__L4-eNeuron,LRP4__Olig,AGRN__L4-eNeuron|LRP4__Olig,8.275597491747259e-4,0,0.10847247051284639,0.43281374881838164,0.007011596312421245,0.18630774076564927,0.032445163068472206
PDGFB__microglia,PDGFRB__mural,PDGFB__microglia|PDGFRB__mural,8.041780486652511e-4,0,0.08064128849295539,0.42058511945192634,0.00691661951703937,0.024751942520444034,0.06722893050201185
COL4A2__mural,SDC4__OPC,COL4A2__mural|SDC4__OPC,8.041271678232485e-4,0,0.08842345222452798,0.420558508771559,0.006360499462385534,0.0691437383144397,0.03882422476379818
LAMB2__endothelial,DAG1__mural,LAMB2__endothelial|DAG1__mural,7.851495234021623e-4,0,0.10673456643699511,0.41063320073933085,0.00767647242803184,0.07417873334812321,0.031376537322690766
GRN__endothelial,TNFRSF1B__microglia,GRN__endothelial|TNFRSF1B__microglia,7.745099618405028e-4,0,0.08981605497318734,0.40506871004258294,0.007920582017943987,0.09892288300382548,0.027194910114958757
TGFB1__microglia,ENG__mural,TGFB1__microglia|ENG__mural,7.736789130143337e-4,0,0.10669115645609586,0.4046340715064965,0.007330239932598101,0.045507406641285046,0.04762826545272476
SEMA7A__L2-L3-eNeuron,ITGA1__mural,SEMA7A__L2-L3-eNeuron|ITGA1__mural,7.711640112767271e-4,0,0.2572379784546645,0.4033187778977283,0.011830149694113572,0.14397369237591123,0.020824483272737074
LAMB2__mural,SV2A__astrocytes,LAMB2__mural|SV2A__astrocytes,7.667204260887939e-4,0,0.07376999075968346,0.40099478284443923,0.005093117282548611,0.030709043258153768,0.06470173905237504
LGI3__Olig,FLOT1__Adarb2-iNeuron,LGI3__Olig|FLOT1__Adarb2-iNeuron,7.612813208805607e-4,0,0.09374589882980508,0.39815013082053324,0.006004154801553729,0.06932667971348055,0.05424299259980291
SEMA5A__OPC,PLXNB3__Olig,SEMA5A__OPC|PLXNB3__Olig,7.611800363629003e-4,0,0.0861627229216885,0.39809715901779685,0.006491880210927526,0.053323523202372464,0.028951277239884016
PDGFB__endothelial,LRP1__mural,PDGFB__endothelial|LRP1__mural,7.579576048515298e-4,0,0.10937338821227922,0.3964118273373501,0.007399954957065288,0.08656802834794222,0.027622537892165698
COL5A3__Olig,SDC3__endothelial,COL5A3__Olig|SDC3__endothelial,7.566399959430419e-4,0,0.08037347525785869,0.39572271787821095,0.00569180585589896,0.03187694059590353,0.06845932863976063
EFNB3__Olig,EPHB6__mural,EFNB3__Olig|EPHB6__mural,7.563922064899171e-4,0,0.15708156242077576,0.39559312399422664,0.009384719559197747,0.08007305609099347,0.022065799710231933
LAMC1__mural,SV2A__OPC,LAMC1__mural|SV2A__OPC,7.52714998211648e-4,0,0.09785551407285299,0.3936699440646919,0.006546895875963282,0.05919475874312258,0.03707461013933868
LAMB2__endothelial,SV2A__OPC,LAMB2__endothelial|SV2A__OPC,7.403502142711339e-4,0,0.06512880659487594,0.387203162063803,0.0060913509330785525,0.07417873334812321,0.03707461013933868
PDGFB__microglia,LRP1__astrocytes,PDGFB__microglia|LRP1__astrocytes,7.368713958769907e-4,0,0.038313096962528936,0.38538374004366616,0.004060396552051459,0.024751942520444034,0.0934583332260092
LAMB2__astrocytes,ITGB1__mural,LAMB2__astrocytes|ITGB1__mural,7.306107383316666e-4,0,0.1221131359019321,0.38210941614746163,0.00747059818203209,0.059929780850451086,0.032241176696711685
DLK2__Olig,NOTCH1__endothelial,DLK2__Olig|NOTCH1__endothelial,7.28344321604461e-4,0,0.04837559065483066,0.3809240801991331,0.00430719592053772,0.029412035796496885,0.07931366318449841
LAMB2__mural,DAG1__OPC,LAMB2__mural|DAG1__OPC,7.218355186902687e-4,0,0.09179554430713929,0.3775199762750105,0.005253501073334699,0.030709043258153768,0.0690621755123883
LAMC1__OPC,DAG1__endothelial,LAMC1__OPC|DAG1__endothelial,7.213802517928972e-4,0,0.06233522334905979,0.37728187168768523,0.004712871789847212,0.0361013691041095,0.07209717192044283
WNT6__Olig,LRP5__astrocytes,WNT6__Olig|LRP5__astrocytes,6.99935883885272e-4,0,0.06592916467689841,0.36606646727199726,0.005207029550826544,0.0350975150868882,0.06365845782838563
DLL4__endothelial,NOTCH1__mural,DLL4__endothelial|NOTCH1__mural,6.935828919837696e-4,0,0.07817737705799431,0.3627438525075115,0.006623161116019094,0.07468395629088113,0.03157653946774826
COL4A2__Olig,SDC4__OPC,COL4A2__Olig|SDC4__OPC,6.935190815189462e-4,0,0.07442334846967988,0.36271047963440883,0.005973760646663352,0.03465064728677131,0.03882422476379818
VCAN__OPC,EGFR__Adarb2-iNeuron,VCAN__OPC|EGFR__Adarb2-iNeuron,6.901276270270992e-4,0,0.08739840202937335,0.36093674893517286,0.005491906804331079,0.050193755828582313,0.037824096955401856
ADAM15__L2-L3-eNeuron,ITGB1__mural,ADAM15__L2-L3-eNeuron|ITGB1__mural,6.875717631233877e-4,0,0.09057844555259012,0.3596000321135318,0.006663256434116676,0.14730345487267374,0.032241176696711685
LAMB2__astrocytes,DAG1__mural,LAMB2__astrocytes|DAG1__mural,6.754355021697969e-4,0,0.1221131359019321,0.3532527676348038,0.007048159793437604,0.059929780850451086,0.031376537322690766
FN1__astrocytes,SDC4__mural,FN1__astrocytes|SDC4__mural,6.726305424847706e-4,0,0.1273826588348653,0.351785773719535,0.00817812559554849,0.08539746009433168,0.022395351935831587
OMG__microglia,LINGO1__astrocytes,OMG__microglia|LINGO1__astrocytes,6.706001563229712e-4,0,0.05994958101737247,0.35072388175691394,0.004452741975061206,0.03393403873595421,0.06736227755749705
LGI4__astrocytes,ADAM11__Adarb2-iNeuron,LGI4__astrocytes|ADAM11__Adarb2-iNeuron,6.653142624134586e-4,0,0.05425338530122186,0.34795935924223886,0.0046060157340315835,0.06631194897674031,0.035411105478363375
LGI2__Lhx6-iNeuron,ADAM11__Adarb2-iNeuron,LGI2__Lhx6-iNeuron|ADAM11__Adarb2-iNeuron,6.650631137573601e-4,0,0.06285552119595009,0.3478280084950993,0.0048407103645279614,0.055868053232683755,0.035411105478363375
TGFA__Olig,ERBB4__Lhx6-iNeuron,TGFA__Olig|ERBB4__Lhx6-iNeuron,6.471586075498412e-4,0,0.048537527628039805,0.3384639517485669,0.004045088531337329,0.03428915666103576,0.05822096300879939
AGRN__mural,LRP4__Olig,AGRN__mural|LRP4__Olig,6.467646800006559e-4,0,0.07672589311087483,0.338257927640343,0.005557854103951047,0.04904071635851046,0.032445163068472206
LAMC1__astrocytes,ITGB1__mural,LAMC1__astrocytes|ITGB1__mural,6.44636359214011e-4,0,0.06851336348849141,0.33714481586892775,0.0060789948200182424,0.06319537961714203,0.032241176696711685
SEMA4D__Adarb2-iNeuron,PLXNB3__OPC,SEMA4D__Adarb2-iNeuron|PLXNB3__OPC,6.361861380257466e-4,0,0.07021972502508655,0.33272535018746546,0.005189707853980913,0.037350688913590495,0.05009663149814138
PDGFB__endothelial,S1PR1__mural,PDGFB__endothelial|S1PR1__mural,6.332775880698686e-4,0,0.10937338821227922,0.3312041785605413,0.007015919669787682,0.08656802834794222,0.021865594372861834
AGRN__mural,LRP4__OPC,AGRN__mural|LRP4__OPC,6.291749553438276e-4,0,0.04125860298906897,0.32905850164482187,0.0042758715579325635,0.04904071635851046,0.045777983370056445
LAMB2__endothelial,ITGB1__mural,LAMB2__endothelial|ITGB1__mural,6.230397769530414e-4,0,0.06673326241044666,0.32584980334644065,0.00587629079901101,0.07417873334812321,0.032241176696711685
OMG__Olig,LINGO1__astrocytes,OMG__Olig|LINGO1__astrocytes,6.195087517588178e-4,0,0.05171911543998484,0.3240030771698617,0.0043120246032883275,0.03097342484953857,0.06736227755749705
GAS6__astrocytes,AXL__mural,GAS6__astrocytes|AXL__mural,5.94942437883303e-4,0,0.05979145589337012,0.31115489501296745,0.0050200304717892994,0.06691039452760979,0.037383242066333346
LAMC1__astrocytes,DAG1__mural,LAMC1__astrocytes|DAG1__mural,5.785278941171792e-4,0,0.06312084487142686,0.3025700886232847,0.005444924206304961,0.06319537961714203,0.031376537322690766
LAMB2__astrocytes,ITGA1__mural,LAMB2__astrocytes|ITGA1__mural,5.578243096397488e-4,0,0.1221131359019321,0.2917421139415886,0.007166058492107208,0.059929780850451086,0.020824483272737074
TNXB__mural,SDC4__endothelial,TNXB__mural|SDC4__endothelial,5.53776746576781e-4,0,0.05034182112946537,0.2896252384596565,0.003576426545015718,0.022872691659412487,0.07802043766073159
COL5A3__Olig,SDC3__L2-L3-eNeuron,COL5A3__Olig|SDC3__L2-L3-eNeuron,5.53298054132236e-4,0,0.022133000806269593,0.28937488231115943,0.002046332816708097,0.03187694059590353,0.14257988431391647
MFNG__mural,NOTCH1__endothelial,MFNG__mural|NOTCH1__endothelial,5.511319193247356e-4,0,0.038325187386639356,0.2882419938068368,0.0031685332422875597,0.021077335661038584,0.07931366318449841
SEMA7A__L2-L3-eNeuron,ITGB1__mural,SEMA7A__L2-L3-eNeuron|ITGB1__mural,5.419489884694108e-4,0,0.06347116259661914,0.28343932096950186,0.005157987741159307,0.14397369237591123,0.032241176696711685
PDGFB__microglia,S1PR1__endothelial,PDGFB__microglia|S1PR1__endothelial,5.401568364573272e-4,0,0.03784802185685783,0.2825020254671821,0.003361128265572364,0.024751942520444034,0.07979767773927315
CD14__microglia,ITGB1__mural,CD14__microglia|ITGB1__mural,5.387157606685615e-4,0,0.09800803774656976,0.28174834282965766,0.00617645406656311,0.02549013014999413,0.032241176696711685
LAMB2__mural,SV2A__Olig,LAMB2__mural|SV2A__Olig,5.2019405939488e-4,0,0.04019516263298299,0.27206149306352223,0.0034633504524093995,0.030709043258153768,0.05138675802380511
OMG__microglia,LINGO1__OPC,OMG__microglia|LINGO1__OPC,5.176153351208467e-4,0,0.08780473676783108,0.27071282026820276,0.004897249567894521,0.03393403873595421,0.04278334831283874
SEMA7A__Olig,ITGB1__mural,SEMA7A__Olig|ITGB1__mural,5.160279461540929e-4,0,0.05833064832922231,0.2698826158385906,0.004892865143096326,0.035372199651526104,0.032241176696711685
NFASC__Olig,CNTNAP1__Adarb2-iNeuron,NFASC__Olig|CNTNAP1__Adarb2-iNeuron,5.126084816527139e-4,0,0.05117143599573437,0.26809423590436937,0.004017033374852304,0.050703191335338356,0.054647585228238295
OMG__Olig,LINGO1__OPC,OMG__Olig|LINGO1__OPC,5.08033292405182e-4,0,0.09493598813229208,0.26570141192791014,0.005591608520473269,0.03097342484953857,0.04278334831283874
LAMB2__endothelial,ITGA1__mural,LAMB2__endothelial|ITGA1__mural,4.720582522199042e-4,0,0.08602308805426538,0.2468864659110099,0.005540569205280961,0.07417873334812321,0.020824483272737074
VCAN__OPC,ITGB1__mural,VCAN__OPC|ITGB1__mural,4.608096083862754e-4,0,0.04923700056900491,0.24100342518602202,0.004320428239916652,0.050193755828582313,0.032241176696711685
FN1__mural,SDC4__OPC,FN1__mural|SDC4__OPC,4.587088616201866e-4,0,0.049838913295911454,0.2399047346273576,0.0036772407430062815,0.03783615386653702,0.03882422476379818
COL4A2__Olig,ITGB1__mural,COL4A2__Olig|ITGB1__mural,4.5863433899958147e-4,0,0.04714320119444904,0.2398657592967811,0.004303061816749267,0.03465064728677131,0.032241176696711685
GRN__OPC,TNFRSF1B__microglia,GRN__OPC|TNFRSF1B__microglia,4.571428463783136e-4,0,0.0746020357909247,0.23908570865585801,0.004867579389536123,0.0504301399277821,0.027194910114958757
TGFB1__microglia,CAV1__OPC,TGFB1__microglia|CAV1__OPC,4.570824170130905e-4,0,0.03846508118049403,0.23905410409784633,0.0034223749467709,0.045507406641285046,0.03822206664533369
LAMC1__astrocytes,ITGA1__mural,LAMC1__astrocytes|ITGA1__mural,4.4454564410639774e-4,0,0.0910383285448554,0.23249737186764602,0.005431367657092705,0.06319537961714203,0.020824483272737074
TNR__OPC,ITGB1__mural,TNR__OPC|ITGB1__mural,4.430616341410097e-4,0,0.05010668476206707,0.23172123465574807,0.004202824616903456,0.04334139521695786,0.032241176696711685
COL5A3__Olig,SDC3__OPC,COL5A3__Olig|SDC3__OPC,4.4197825290300327e-4,0,0.07211048062010392,0.2311546262682707,0.004236146305038743,0.03187694059590353,0.03995588596983543
MFNG__microglia,NOTCH1__endothelial,MFNG__microglia|NOTCH1__endothelial,4.408847964455413e-4,0,0.02679664805069168,0.23058274854101812,0.002466667593701317,0.021111953301753958,0.07931366318449841
CSPG4__OPC,ITGB1__mural,CSPG4__OPC|ITGB1__mural,4.175149098111459e-4,0,0.04362519889716546,0.21836029783122934,0.003899568642024525,0.05504815308002954,0.032241176696711685
GRN__Adarb2-iNeuron,TNFRSF1B__microglia,GRN__Adarb2-iNeuron|TNFRSF1B__microglia,4.0169470340203624e-4,0,0.09116493734104668,0.21008632987926495,0.005027838580433586,0.044814803400208506,0.027194910114958757
LAMC1__OPC,ITGB1__mural,LAMC1__OPC|ITGB1__mural,3.9259982461371486e-4,0,0.04378458206424494,0.20532970827297287,0.003727215458668823,0.0361013691041095,0.032241176696711685
LAMB2__mural,SV2A__OPC,LAMB2__mural|SV2A__OPC,3.865620233483233e-4,0,0.06859654164677188,0.2021719382111731,0.0037497562264047013,0.030709043258153768,0.03707461013933868
GRN__Lhx6-iNeuron,TNFRSF1B__microglia,GRN__Lhx6-iNeuron|TNFRSF1B__microglia,3.6400812364689115e-4,0,0.048744571762261726,0.19037624866732406,0.003806871214164575,0.06162595199187922,0.027194910114958757
PDGFB__microglia,LRP1__mural,PDGFB__microglia|LRP1__mural,3.5959681782385194e-4,0,0.08064128849295539,0.1880691357218746,0.00416236928309106,0.024751942520444034,0.027622537892165698
LAMC1__OPC,DAG1__mural,LAMC1__OPC|DAG1__mural,3.50895931602914e-4,0,0.04378458206424494,0.18351857222832402,0.003453482624277156,0.0361013691041095,0.031376537322690766
AGRN__Olig,DAG1__mural,AGRN__Olig|DAG1__mural,3.410819750903147e-4,0,0.04720199004979834,0.1783858729722346,0.003572539040134793,0.03428672004223021,0.031376537322690766
OMG__Olig,TNFRSF1B__microglia,OMG__Olig|TNFRSF1B__microglia,3.3540317999314616e-4,0,0.06425688627186911,0.17541586313641544,0.0041025655990203445,0.03097342484953857,0.027194910114958757
DLK2__Olig,NOTCH1__mural,DLK2__Olig|NOTCH1__mural,2.986116796993985e-4,0,0.04076466082501841,0.1561739084827854,0.0030134913811907947,0.029412035796496885,0.03157653946774826
ADAM15__Adarb2-iNeuron,ITGB1__mural,ADAM15__Adarb2-iNeuron|ITGB1__mural,2.942477296326945e-4,0,0.030564269634742115,0.15389156259789924,0.002760873881144986,0.04600514870643287,0.032241176696711685
SEMA4D__Adarb2-iNeuron,PLXNB3__Olig,SEMA4D__Adarb2-iNeuron|PLXNB3__Olig,2.894053632197103e-4,0,0.03651849103050598,0.15135900496390847,0.0025219510123784174,0.037350688913590495,0.028951277239884016
TNR__OPC,SDC4__mural,TNR__OPC|SDC4__mural,2.849398470847085e-4,0,0.05010668476206707,0.14902354002530252,0.003364202356448248,0.04334139521695786,0.022395351935831587
SEMA7A__Olig,ITGA1__mural,SEMA7A__Olig|ITGA1__mural,2.842020735335864e-4,0,0.07750786790261972,0.1486376844580657,0.004034061848374032,0.035372199651526104,0.020824483272737074
ADAM15__microglia,ITGB1__mural,ADAM15__microglia|ITGB1__mural,2.831794158915611e-4,0,0.052249963746969635,0.14810283451128645,0.002979368307179757,0.02283110653950352,0.032241176696711685
COL5A3__Olig,SDC3__mural,COL5A3__Olig|SDC3__mural,2.82840381909187e-4,0,0.0632446614763046,0.14792551973850482,0.003585855495986903,0.03187694059590353,0.024632991111815314
TGFA__Olig,ERBB4__Adarb2-iNeuron,TGFA__Olig|ERBB4__Adarb2-iNeuron,2.8152516282224427e-4,0,0.02634764633572787,0.14723766015603373,0.002131205021161945,0.03428915666103576,0.0398349908581893
TNXB__mural,SDC4__OPC,TNXB__mural|SDC4__OPC,2.699682183951328e-4,0,0.03326265764759468,0.14119337822065445,0.002200123915677549,0.022872691659412487,0.03882422476379818
GRN__Olig,TNFRSF1B__microglia,GRN__Olig|TNFRSF1B__microglia,2.69780348344509e-4,0,0.04522998530007673,0.14109512218417822,0.003095944055072012,0.03336411079442786,0.027194910114958757
GAS6__Adarb2-iNeuron,AXL__mural,GAS6__Adarb2-iNeuron|AXL__mural,2.509405529493992e-4,0,0.023126203809753696,0.13124190919253578,0.0020676235151621566,0.04170785874758782,0.037383242066333346
GRN__mural,TNFRSF1B__microglia,GRN__mural|TNFRSF1B__microglia,2.436648495848931e-4,0,0.04643619681842823,0.12743671633289907,0.0029487959252301934,0.020333531170475486,0.027194910114958757
TGFB1__mural,TGFBR2__microglia,TGFB1__mural|TGFBR2__microglia,2.4194297646471308e-4,0,0.04542484500314204,0.12653617669104494,0.003087917924914418,0.0213634741136487,0.021574716618335908
MFNG__microglia,NOTCH1__mural,MFNG__microglia|NOTCH1__mural,2.3765733028029514e-4,0,0.03773762791531166,0.12429478373659436,0.0025221403792362413,0.021111953301753958,0.03157653946774826
TGFB1__mural,CAV1__OPC,TGFB1__mural|CAV1__OPC,2.2108503438060366e-4,0,0.020399441406715686,0.11562747298105572,0.0017252239357310973,0.0213634741136487,0.03822206664533369
COL4A2__Olig,SDC4__mural,COL4A2__Olig|SDC4__mural,2.1871374907076821e-4,0,0.04432181587804294,0.11438729076401177,0.0027032506044684383,0.03465064728677131,0.022395351935831587
LAMC1__OPC,ITGA1__mural,LAMC1__OPC|ITGA1__mural,2.1719744715934704e-4,0,0.04089566203714686,0.11359426486433849,0.0026505887022556522,0.0361013691041095,0.020824483272737074
COL4A2__Olig,ITGA1__mural,COL4A2__Olig|ITGA1__mural,2.1622900219722124e-4,0,0.048735424270025245,0.1130877681491467,0.0028242748196249537,0.03465064728677131,0.020824483272737074
TGFA__Olig,EGFR__Adarb2-iNeuron,TGFA__Olig|EGFR__Adarb2-iNeuron,2.0383337277079099e-4,0,0.028969459258511826,0.10660485395912368,0.0016865771967916367,0.03428915666103576,0.037824096955401856
PDGFB__microglia,S1PR1__mural,PDGFB__microglia|S1PR1__mural,1.5556198552253077e-4,0,0.029802388017492198,0.08135891842828359,0.0017883630485281319,0.024751942520444034,0.021865594372861834
